2026-02-25T04:18:14Z | block=42601872 | kind=Triangular | hops=V3CL→V2→V3CL | token=WETH | idx=1115 | profit=0.001331207586104136 WETH | amount_in=0.507 | p1=0x3f02…014a | p2=0xb909…8b4a | p3=0x22ae…91d5
2026-02-25T04:18:16Z | block=42601873 | kind=Triangular | hops=V3CL→V2→V3CL | token=WETH | idx=1115 | profit=0.001307356937305349 WETH | amount_in=0.503 | p1=0x3f02…014a | p2=0xb909…8b4a | p3=0x22ae…91d5
2026-02-25T04:18:18Z | block=42601874 | kind=Triangular | hops=V3CL→V2→V3CL | token=WETH | idx=1115 | profit=0.001303880396684187 WETH | amount_in=0.502 | p1=0x3f02…014a | p2=0xb909…8b4a | p3=0x22ae…91d5
2026-02-25T04:18:20Z | block=42601875 | kind=Triangular | hops=V3CL→V2→V3CL | token=WETH | idx=1115 | profit=0.001411039249296881 WETH | amount_in=0.519 | p1=0x3f02…014a | p2=0xb909…8b4a | p3=0x22ae…91d5
2026-02-25T04:18:20Z | block=42601875 | kind=Triangular | hops=V3CL→V2→V3CL | token=WETH | idx=1114 | profit=0.001300904633744473 WETH | amount_in=0.502 | p1=0x3f02…014a | p2=0xb909…8b4a | p3=0x70ac…bae1
2026-02-25T04:18:22Z | block=42601876 | kind=Triangular | hops=V3CL→V2→V3CL | token=WETH | idx=1115 | profit=0.001589239649659333 WETH | amount_in=0.555 | p1=0x3f02…014a | p2=0xb909…8b4a | p3=0x22ae…91d5
2026-02-25T04:18:22Z | block=42601876 | kind=Triangular | hops=V3CL→V2→V3CL | token=WETH | idx=1114 | profit=0.001473962363305964 WETH | amount_in=0.536 | p1=0x3f02…014a | p2=0xb909…8b4a | p3=0x70ac…bae1
2026-02-25T04:18:22Z | block=42601876 | kind=Triangular | hops=V3CL→V2→V3CL | token=WETH | idx=1116 | profit=0.001441798725865682 WETH | amount_in=0.528 | p1=0x3f02…014a | p2=0xb909…8b4a | p3=0x7aea…abd1
2026-02-25T04:18:22Z | block=42601876 | kind=Triangular | hops=V3CL→V2→V3CL | token=WETH | idx=2089 | profit=0.001439530824325673 WETH | amount_in=0.511 | p1=0x9c08…b903 | p2=0xb909…8b4a | p3=0x22ae…91d5
2026-02-25T04:18:24Z | block=42601877 | kind=Triangular | hops=V3CL→V2→V3CL | token=WETH | idx=1114 | profit=0.001473974791891504 WETH | amount_in=0.536 | p1=0x3f02…014a | p2=0xb909…8b4a | p3=0x70ac…bae1
2026-02-25T04:18:26Z | block=42601878 | kind=Triangular | hops=V3CL→V2→V3CL | token=WETH | idx=1115 | profit=0.001546875182809638 WETH | amount_in=0.542 | p1=0x3f02…014a | p2=0xb909…8b4a | p3=0x22ae…91d5
2026-02-25T04:18:26Z | block=42601878 | kind=Triangular | hops=V3CL→V2→V3CL | token=WETH | idx=1114 | profit=0.001432126585419532 WETH | amount_in=0.525 | p1=0x3f02…014a | p2=0xb909…8b4a | p3=0x70ac…bae1
2026-02-25T04:18:26Z | block=42601878 | kind=Triangular | hops=V3CL→V2→V3CL | token=WETH | idx=1116 | profit=0.001400983649738641 WETH | amount_in=0.517 | p1=0x3f02…014a | p2=0xb909…8b4a | p3=0x7aea…abd1
2026-02-25T04:18:26Z | block=42601878 | kind=Triangular | hops=V3CL→V2→V3CL | token=WETH | idx=2089 | profit=0.001401056563726173 WETH | amount_in=0.503 | p1=0x9c08…b903 | p2=0xb909…8b4a | p3=0x22ae…91d5
2026-02-25T04:18:28Z | block=42601879 | kind=Triangular | hops=V3CL→V2→V3CL | token=WETH | idx=1115 | profit=0.001543789198416527 WETH | amount_in=0.542 | p1=0x3f02…014a | p2=0xb909…8b4a | p3=0x22ae…91d5
2026-02-25T04:18:28Z | block=42601879 | kind=Triangular | hops=V3CL→V2→V3CL | token=WETH | idx=1114 | profit=0.001429574354704082 WETH | amount_in=0.524 | p1=0x3f02…014a | p2=0xb909…8b4a | p3=0x70ac…bae1
2026-02-25T04:18:28Z | block=42601879 | kind=Triangular | hops=V3CL→V2→V3CL | token=WETH | idx=1116 | profit=0.001396891658414465 WETH | amount_in=0.519 | p1=0x3f02…014a | p2=0xb909…8b4a | p3=0x7aea…abd1
2026-02-25T04:18:30Z | block=42601880 | kind=Triangular | hops=V3CL→V2→V3CL | token=WETH | idx=1115 | profit=0.001567119427861214 WETH | amount_in=0.551 | p1=0x3f02…014a | p2=0xb909…8b4a | p3=0x22ae…91d5
2026-02-25T04:18:30Z | block=42601880 | kind=Triangular | hops=V3CL→V2→V3CL | token=WETH | idx=1114 | profit=0.001449553120442233 WETH | amount_in=0.538 | p1=0x3f02…014a | p2=0xb909…8b4a | p3=0x70ac…bae1
2026-02-25T04:18:30Z | block=42601880 | kind=Triangular | hops=V3CL→V2→V3CL | token=WETH | idx=1116 | profit=0.001419797593166247 WETH | amount_in=0.526 | p1=0x3f02…014a | p2=0xb909…8b4a | p3=0x7aea…abd1
2026-02-25T04:18:32Z | block=42601881 | kind=Triangular | hops=V3CL→V2→V3CL | token=WETH | idx=1114 | profit=0.001449543773798989 WETH | amount_in=0.538 | p1=0x3f02…014a | p2=0xb909…8b4a | p3=0x70ac…bae1
2026-02-25T04:18:40Z | block=42601885 | kind=Triangular | hops=V3CL→V2→V3CL | token=WETH | idx=1115 | profit=0.001567052857905403 WETH | amount_in=0.549 | p1=0x3f02…014a | p2=0xb909…8b4a | p3=0x22ae…91d5
2026-02-25T04:18:40Z | block=42601885 | kind=Triangular | hops=V3CL→V2→V3CL | token=WETH | idx=1114 | profit=0.001449734214698904 WETH | amount_in=0.536 | p1=0x3f02…014a | p2=0xb909…8b4a | p3=0x70ac…bae1
2026-02-25T04:18:40Z | block=42601885 | kind=Triangular | hops=V3CL→V2→V3CL | token=WETH | idx=1116 | profit=0.001419278318852126 WETH | amount_in=0.525 | p1=0x3f02…014a | p2=0xb909…8b4a | p3=0x7aea…abd1
2026-02-25T04:18:40Z | block=42601885 | kind=Triangular | hops=V3CL→V2→V3CL | token=WETH | idx=2089 | profit=0.001393323337201821 WETH | amount_in=0.499 | p1=0x9c08…b903 | p2=0xb909…8b4a | p3=0x22ae…91d5
2026-02-25T04:19:29Z | block=42601909 | kind=Cross-dex | hops=V3CL→V2 | token=WETH | idx=2602 | profit=0.00050122968971981 WETH | amount_in=1.428 | p1=0xdbc6…30f1 | p2=0xcdac…5c43 | p3=0xdbc6…30f1
2026-02-25T04:19:30Z | block=42601909 | kind=Triangular | hops=V3CL→V2→V3CL | token=USDC | idx=4317 | profit=0.526997 USDC | amount_in=475.108 | p1=0x529d…017c | p2=0xb909…8b4a | p3=0x4e96…e778
2026-02-25T04:19:30Z | block=42601909 | kind=Triangular | hops=V3CL→V2→V3CL | token=USDC | idx=4318 | profit=0.514391 USDC | amount_in=461.86 | p1=0x529d…017c | p2=0xb909…8b4a | p3=0x3e66…a9fb
2026-02-25T04:19:52Z | block=42601921 | kind=Triangular | hops=V3CL→V2→V3CL | token=WETH | idx=1114 | profit=0.001341429269908089 WETH | amount_in=0.51 | p1=0x3f02…014a | p2=0xb909…8b4a | p3=0x70ac…bae1
2026-02-25T04:19:52Z | block=42601921 | kind=Triangular | hops=V3CL→V2→V3CL | token=WETH | idx=1115 | profit=0.001331474848726409 WETH | amount_in=0.503 | p1=0x3f02…014a | p2=0xb909…8b4a | p3=0x22ae…91d5
2026-02-25T04:19:56Z | block=42601923 | kind=Triangular | hops=V3CL→V2→V3CL | token=WETH | idx=1114 | profit=0.001340549556516675 WETH | amount_in=0.51 | p1=0x3f02…014a | p2=0xb909…8b4a | p3=0x70ac…bae1
2026-02-25T04:19:58Z | block=42601924 | kind=Triangular | hops=V3CL→V2→V3CL | token=WETH | idx=1114 | profit=0.001332093093900178 WETH | amount_in=0.508 | p1=0x3f02…014a | p2=0xb909…8b4a | p3=0x70ac…bae1
2026-02-25T04:20:00Z | block=42601925 | kind=Triangular | hops=V3CL→V2→V3CL | token=WETH | idx=1114 | profit=0.001331254344065179 WETH | amount_in=0.508 | p1=0x3f02…014a | p2=0xb909…8b4a | p3=0x70ac…bae1
2026-02-25T04:20:02Z | block=42601926 | kind=Triangular | hops=V3CL→V2→V3CL | token=WETH | idx=1114 | profit=0.001293561889949023 WETH | amount_in=0.505 | p1=0x3f02…014a | p2=0xb909…8b4a | p3=0x70ac…bae1
2026-02-25T04:20:02Z | block=42601926 | kind=Triangular | hops=V3CL→V2→V3CL | token=WETH | idx=1115 | profit=0.001301983708583065 WETH | amount_in=0.503 | p1=0x3f02…014a | p2=0xb909…8b4a | p3=0x22ae…91d5
2026-02-25T04:20:08Z | block=42601929 | kind=Triangular | hops=V3CL→V2→V3CL | token=WETH | idx=1114 | profit=0.001281974343357003 WETH | amount_in=0.498 | p1=0x3f02…014a | p2=0xb909…8b4a | p3=0x70ac…bae1
2026-02-25T04:20:10Z | block=42601930 | kind=Triangular | hops=V3CL→V2→V3CL | token=WETH | idx=1114 | profit=0.001281974861146728 WETH | amount_in=0.498 | p1=0x3f02…014a | p2=0xb909…8b4a | p3=0x70ac…bae1
2026-02-25T04:20:10Z | block=42601930 | kind=Triangular | hops=V3CL→V2→V3CL | token=WETH | idx=1115 | profit=0.001299160788448494 WETH | amount_in=0.499 | p1=0x3f02…014a | p2=0xb909…8b4a | p3=0x22ae…91d5
2026-02-25T04:20:12Z | block=42601931 | kind=Triangular | hops=V3CL→V2→V3CL | token=WETH | idx=1115 | profit=0.001393513337395989 WETH | amount_in=0.515 | p1=0x3f02…014a | p2=0xb909…8b4a | p3=0x22ae…91d5
2026-02-25T04:20:12Z | block=42601931 | kind=Triangular | hops=V3CL→V2→V3CL | token=WETH | idx=1114 | profit=0.001357928078500323 WETH | amount_in=0.515 | p1=0x3f02…014a | p2=0xb909…8b4a | p3=0x70ac…bae1
2026-02-25T04:20:14Z | block=42601932 | kind=Triangular | hops=V3CL→V2→V3CL | token=WETH | idx=1115 | profit=0.001518837690607971 WETH | amount_in=0.538 | p1=0x3f02…014a | p2=0xb909…8b4a | p3=0x22ae…91d5
2026-02-25T04:20:14Z | block=42601932 | kind=Triangular | hops=V3CL→V2→V3CL | token=WETH | idx=1114 | profit=0.001406747029226231 WETH | amount_in=0.521 | p1=0x3f02…014a | p2=0xb909…8b4a | p3=0x70ac…bae1
2026-02-25T04:20:14Z | block=42601932 | kind=Triangular | hops=V3CL→V2→V3CL | token=WETH | idx=2089 | profit=0.001392934314037491 WETH | amount_in=0.502 | p1=0x9c08…b903 | p2=0xb909…8b4a | p3=0x22ae…91d5
2026-02-25T04:20:20Z | block=42601935 | kind=Triangular | hops=V3CL→V2→V3CL | token=WETH | idx=1115 | profit=0.001982635299069932 WETH | amount_in=0.615 | p1=0x3f02…014a | p2=0xb909…8b4a | p3=0x22ae…91d5
2026-02-25T04:20:20Z | block=42601935 | kind=Triangular | hops=V3CL→V2→V3CL | token=WETH | idx=1114 | profit=0.001858362183084344 WETH | amount_in=0.597 | p1=0x3f02…014a | p2=0xb909…8b4a | p3=0x70ac…bae1
2026-02-25T04:20:20Z | block=42601935 | kind=Triangular | hops=V3CL→V2→V3CL | token=WETH | idx=2089 | profit=0.001837896370588469 WETH | amount_in=0.567 | p1=0x9c08…b903 | p2=0xb909…8b4a | p3=0x22ae…91d5
2026-02-25T04:20:20Z | block=42601935 | kind=Triangular | hops=V3CL→V2→V3CL | token=WETH | idx=2088 | profit=0.001717306812135462 WETH | amount_in=0.556 | p1=0x9c08…b903 | p2=0xb909…8b4a | p3=0x70ac…bae1
2026-02-25T04:20:20Z | block=42601935 | kind=Triangular | hops=V3CL→V2→V3CL | token=WETH | idx=1116 | profit=0.001545815070567967 WETH | amount_in=0.55 | p1=0x3f02…014a | p2=0xb909…8b4a | p3=0x7aea…abd1
2026-02-25T04:20:20Z | block=42601935 | kind=Triangular | hops=V3CL→V2→V3CL | token=WETH | idx=2090 | profit=0.001430199044937441 WETH | amount_in=0.511 | p1=0x9c08…b903 | p2=0xb909…8b4a | p3=0x7aea…abd1
2026-02-25T04:20:22Z | block=42601936 | kind=Triangular | hops=V3CL→V2→V3CL | token=WETH | idx=1115 | profit=0.001961036931780902 WETH | amount_in=0.611 | p1=0x3f02…014a | p2=0xb909…8b4a | p3=0x22ae…91d5
2026-02-25T04:20:22Z | block=42601936 | kind=Triangular | hops=V3CL→V2→V3CL | token=WETH | idx=2089 | profit=0.001818134252767932 WETH | amount_in=0.563 | p1=0x9c08…b903 | p2=0xb909…8b4a | p3=0x22ae…91d5
2026-02-25T04:20:24Z | block=42601937 | kind=Triangular | hops=V3CL→V2→V3CL | token=WETH | idx=1115 | profit=0.001926010458801945 WETH | amount_in=0.607 | p1=0x3f02…014a | p2=0xb909…8b4a | p3=0x22ae…91d5
2026-02-25T04:20:24Z | block=42601937 | kind=Triangular | hops=V3CL→V2→V3CL | token=WETH | idx=1114 | profit=0.001869653765363067 WETH | amount_in=0.604 | p1=0x3f02…014a | p2=0xb909…8b4a | p3=0x70ac…bae1
2026-02-25T04:20:24Z | block=42601937 | kind=Triangular | hops=V3CL→V2→V3CL | token=WETH | idx=2089 | profit=0.001769393754616383 WETH | amount_in=0.563 | p1=0x9c08…b903 | p2=0xb909…8b4a | p3=0x22ae…91d5
2026-02-25T04:20:24Z | block=42601937 | kind=Triangular | hops=V3CL→V2→V3CL | token=WETH | idx=1116 | profit=0.001559904514622641 WETH | amount_in=0.55 | p1=0x3f02…014a | p2=0xb909…8b4a | p3=0x7aea…abd1
2026-02-25T04:20:26Z | block=42601938 | kind=Triangular | hops=V3CL→V2→V3CL | token=WETH | idx=1115 | profit=0.002029614330538657 WETH | amount_in=0.622 | p1=0x3f02…014a | p2=0xb909…8b4a | p3=0x22ae…91d5
2026-02-25T04:20:27Z | block=42601938 | kind=Triangular | hops=V3CL→V2→V3CL | token=WETH | idx=1114 | profit=0.001938805099283795 WETH | amount_in=0.612 | p1=0x3f02…014a | p2=0xb909…8b4a | p3=0x70ac…bae1
2026-02-25T04:20:27Z | block=42601938 | kind=Triangular | hops=V3CL→V2→V3CL | token=WETH | idx=2089 | profit=0.001833209629373888 WETH | amount_in=0.567 | p1=0x9c08…b903 | p2=0xb909…8b4a | p3=0x22ae…91d5
2026-02-25T04:20:27Z | block=42601938 | kind=Triangular | hops=V3CL→V2→V3CL | token=WETH | idx=2088 | profit=0.001746312070155442 WETH | amount_in=0.559 | p1=0x9c08…b903 | p2=0xb909…8b4a | p3=0x70ac…bae1
2026-02-25T04:20:27Z | block=42601938 | kind=Triangular | hops=V3CL→V2→V3CL | token=WETH | idx=1116 | profit=0.001619883874470172 WETH | amount_in=0.562 | p1=0x3f02…014a | p2=0xb909…8b4a | p3=0x7aea…abd1
2026-02-25T04:20:27Z | block=42601938 | kind=Triangular | hops=V3CL→V2→V3CL | token=WETH | idx=2090 | profit=0.001456055553737371 WETH | amount_in=0.515 | p1=0x9c08…b903 | p2=0xb909…8b4a | p3=0x7aea…abd1
2026-02-25T04:20:28Z | block=42601939 | kind=Triangular | hops=V3CL→V2→V3CL | token=WETH | idx=1115 | profit=0.002058427455028358 WETH | amount_in=0.622 | p1=0x3f02…014a | p2=0xb909…8b4a | p3=0x22ae…91d5
2026-02-25T04:20:28Z | block=42601939 | kind=Triangular | hops=V3CL→V2→V3CL | token=WETH | idx=1114 | profit=0.001938792954749278 WETH | amount_in=0.612 | p1=0x3f02…014a | p2=0xb909…8b4a | p3=0x70ac…bae1
2026-02-25T04:20:28Z | block=42601939 | kind=Triangular | hops=V3CL→V2→V3CL | token=WETH | idx=2089 | profit=0.001855541176022844 WETH | amount_in=0.575 | p1=0x9c08…b903 | p2=0xb909…8b4a | p3=0x22ae…91d5
2026-02-25T04:20:28Z | block=42601939 | kind=Triangular | hops=V3CL→V2→V3CL | token=WETH | idx=2088 | profit=0.001746301327357387 WETH | amount_in=0.559 | p1=0x9c08…b903 | p2=0xb909…8b4a | p3=0x70ac…bae1
2026-02-25T04:20:30Z | block=42601940 | kind=Triangular | hops=V3CL→V2→V3CL | token=WETH | idx=2089 | profit=0.001860761989904464 WETH | amount_in=0.578 | p1=0x9c08…b903 | p2=0xb909…8b4a | p3=0x22ae…91d5
2026-02-25T04:20:30Z | block=42601940 | kind=Triangular | hops=V3CL→V2→V3CL | token=WETH | idx=2088 | profit=0.001752644671193265 WETH | amount_in=0.56 | p1=0x9c08…b903 | p2=0xb909…8b4a | p3=0x70ac…bae1
2026-02-25T04:20:30Z | block=42601940 | kind=Triangular | hops=V3CL→V2→V3CL | token=WETH | idx=2090 | profit=0.001462235528509922 WETH | amount_in=0.515 | p1=0x9c08…b903 | p2=0xb909…8b4a | p3=0x7aea…abd1
2026-02-25T04:20:32Z | block=42601941 | kind=Triangular | hops=V3CL→V2→V3CL | token=WETH | idx=2089 | profit=0.001840676758803465 WETH | amount_in=0.571 | p1=0x9c08…b903 | p2=0xb909…8b4a | p3=0x22ae…91d5
2026-02-25T04:20:32Z | block=42601941 | kind=Triangular | hops=V3CL→V2→V3CL | token=WETH | idx=2088 | profit=0.001729817781886328 WETH | amount_in=0.559 | p1=0x9c08…b903 | p2=0xb909…8b4a | p3=0x70ac…bae1
2026-02-25T04:20:32Z | block=42601941 | kind=Triangular | hops=V3CL→V2→V3CL | token=WETH | idx=2090 | profit=0.001441935124450896 WETH | amount_in=0.513 | p1=0x9c08…b903 | p2=0xb909…8b4a | p3=0x7aea…abd1
2026-02-25T04:20:34Z | block=42601942 | kind=Triangular | hops=V3CL→V2→V3CL | token=WETH | idx=1114 | profit=0.001938809036394609 WETH | amount_in=0.612 | p1=0x3f02…014a | p2=0xb909…8b4a | p3=0x70ac…bae1
2026-02-25T04:20:34Z | block=42601942 | kind=Triangular | hops=V3CL→V2→V3CL | token=WETH | idx=2089 | profit=0.001846561150848142 WETH | amount_in=0.573 | p1=0x9c08…b903 | p2=0xb909…8b4a | p3=0x22ae…91d5
2026-02-25T04:20:34Z | block=42601942 | kind=Triangular | hops=V3CL→V2→V3CL | token=WETH | idx=2088 | profit=0.001736697545052151 WETH | amount_in=0.559 | p1=0x9c08…b903 | p2=0xb909…8b4a | p3=0x70ac…bae1
2026-02-25T04:20:34Z | block=42601942 | kind=Triangular | hops=V3CL→V2→V3CL | token=WETH | idx=2090 | profit=0.001447132450147882 WETH | amount_in=0.515 | p1=0x9c08…b903 | p2=0xb909…8b4a | p3=0x7aea…abd1
2026-02-25T04:20:38Z | block=42601944 | kind=Triangular | hops=V3CL→V2→V3CL | token=WETH | idx=1115 | profit=0.002026729055947602 WETH | amount_in=0.622 | p1=0x3f02…014a | p2=0xb909…8b4a | p3=0x22ae…91d5
2026-02-25T04:20:38Z | block=42601944 | kind=Triangular | hops=V3CL→V2→V3CL | token=WETH | idx=2089 | profit=0.001821304581816578 WETH | amount_in=0.566 | p1=0x9c08…b903 | p2=0xb909…8b4a | p3=0x22ae…91d5
2026-02-25T04:20:40Z | block=42601945 | kind=Triangular | hops=V3CL→V2→V3CL | token=WETH | idx=2089 | profit=0.001802820297566691 WETH | amount_in=0.563 | p1=0x9c08…b903 | p2=0xb909…8b4a | p3=0x22ae…91d5
2026-02-25T04:20:40Z | block=42601945 | kind=Triangular | hops=V3CL→V2→V3CL | token=WETH | idx=2088 | profit=0.001721474209099004 WETH | amount_in=0.55 | p1=0x9c08…b903 | p2=0xb909…8b4a | p3=0x70ac…bae1
2026-02-25T04:20:40Z | block=42601945 | kind=Triangular | hops=V3CL→V2→V3CL | token=WETH | idx=2090 | profit=0.00143025345750337 WETH | amount_in=0.513 | p1=0x9c08…b903 | p2=0xb909…8b4a | p3=0x7aea…abd1
2026-02-25T04:20:42Z | block=42601946 | kind=Triangular | hops=V3CL→V2→V3CL | token=WETH | idx=1114 | profit=0.001938821822970962 WETH | amount_in=0.612 | p1=0x3f02…014a | p2=0xb909…8b4a | p3=0x70ac…bae1
2026-02-25T04:20:42Z | block=42601946 | kind=Triangular | hops=V3CL→V2→V3CL | token=WETH | idx=2089 | profit=0.001801800111359162 WETH | amount_in=0.563 | p1=0x9c08…b903 | p2=0xb909…8b4a | p3=0x22ae…91d5
2026-02-25T04:20:42Z | block=42601946 | kind=Triangular | hops=V3CL→V2→V3CL | token=WETH | idx=2088 | profit=0.001720458386353712 WETH | amount_in=0.55 | p1=0x9c08…b903 | p2=0xb909…8b4a | p3=0x70ac…bae1
2026-02-25T04:20:42Z | block=42601946 | kind=Triangular | hops=V3CL→V2→V3CL | token=WETH | idx=2090 | profit=0.001432823264475133 WETH | amount_in=0.506 | p1=0x9c08…b903 | p2=0xb909…8b4a | p3=0x7aea…abd1
2026-02-25T04:20:46Z | block=42601948 | kind=Triangular | hops=V3CL→V2→V3CL | token=WETH | idx=1114 | profit=0.001938991504644344 WETH | amount_in=0.612 | p1=0x3f02…014a | p2=0xb909…8b4a | p3=0x70ac…bae1
2026-02-25T04:20:46Z | block=42601948 | kind=Triangular | hops=V3CL→V2→V3CL | token=WETH | idx=2088 | profit=0.001720593645830986 WETH | amount_in=0.55 | p1=0x9c08…b903 | p2=0xb909…8b4a | p3=0x70ac…bae1
2026-02-25T04:20:48Z | block=42601949 | kind=Triangular | hops=V3CL→V2→V3CL | token=WETH | idx=1115 | profit=0.002008601480285365 WETH | amount_in=0.622 | p1=0x3f02…014a | p2=0xb909…8b4a | p3=0x22ae…91d5
2026-02-25T04:20:48Z | block=42601949 | kind=Triangular | hops=V3CL→V2→V3CL | token=WETH | idx=2089 | profit=0.001787331517524197 WETH | amount_in=0.559 | p1=0x9c08…b903 | p2=0xb909…8b4a | p3=0x22ae…91d5
2026-02-25T04:20:50Z | block=42601950 | kind=Triangular | hops=V3CL→V2→V3CL | token=WETH | idx=1115 | profit=0.002049096649234407 WETH | amount_in=0.622 | p1=0x3f02…014a | p2=0xb909…8b4a | p3=0x22ae…91d5
2026-02-25T04:20:50Z | block=42601950 | kind=Triangular | hops=V3CL→V2→V3CL | token=WETH | idx=2089 | profit=0.001822062694132924 WETH | amount_in=0.563 | p1=0x9c08…b903 | p2=0xb909…8b4a | p3=0x22ae…91d5
2026-02-25T04:20:52Z | block=42601951 | kind=Triangular | hops=V3CL→V2→V3CL | token=WETH | idx=1115 | profit=0.002035758635249083 WETH | amount_in=0.622 | p1=0x3f02…014a | p2=0xb909…8b4a | p3=0x22ae…91d5
2026-02-25T04:20:52Z | block=42601951 | kind=Triangular | hops=V3CL→V2→V3CL | token=WETH | idx=1114 | profit=0.001925277284405227 WETH | amount_in=0.608 | p1=0x3f02…014a | p2=0xb909…8b4a | p3=0x70ac…bae1
2026-02-25T04:20:52Z | block=42601951 | kind=Triangular | hops=V3CL→V2→V3CL | token=WETH | idx=2089 | profit=0.001822299905859455 WETH | amount_in=0.567 | p1=0x9c08…b903 | p2=0xb909…8b4a | p3=0x22ae…91d5
2026-02-25T04:20:52Z | block=42601951 | kind=Triangular | hops=V3CL→V2→V3CL | token=WETH | idx=1116 | profit=0.001606804172100207 WETH | amount_in=0.56 | p1=0x3f02…014a | p2=0xb909…8b4a | p3=0x7aea…abd1
2026-02-25T04:20:54Z | block=42601952 | kind=Triangular | hops=V3CL→V2→V3CL | token=WETH | idx=1115 | profit=0.002108803643600745 WETH | amount_in=0.631 | p1=0x3f02…014a | p2=0xb909…8b4a | p3=0x22ae…91d5
2026-02-25T04:20:54Z | block=42601952 | kind=Triangular | hops=V3CL→V2→V3CL | token=WETH | idx=1114 | profit=0.001925263554264757 WETH | amount_in=0.608 | p1=0x3f02…014a | p2=0xb909…8b4a | p3=0x70ac…bae1
2026-02-25T04:20:54Z | block=42601952 | kind=Triangular | hops=V3CL→V2→V3CL | token=WETH | idx=2089 | profit=0.001887213644608105 WETH | amount_in=0.578 | p1=0x9c08…b903 | p2=0xb909…8b4a | p3=0x22ae…91d5
2026-02-25T04:20:54Z | block=42601952 | kind=Triangular | hops=V3CL→V2→V3CL | token=WETH | idx=1116 | profit=0.001655466691151759 WETH | amount_in=0.567 | p1=0x3f02…014a | p2=0xb909…8b4a | p3=0x7aea…abd1
2026-02-25T04:20:54Z | block=42601952 | kind=Triangular | hops=V3CL→V2→V3CL | token=WETH | idx=2088 | profit=0.001720581192484022 WETH | amount_in=0.55 | p1=0x9c08…b903 | p2=0xb909…8b4a | p3=0x70ac…bae1
2026-02-25T04:20:54Z | block=42601952 | kind=Triangular | hops=V3CL→V2→V3CL | token=WETH | idx=2090 | profit=0.001475722083704285 WETH | amount_in=0.515 | p1=0x9c08…b903 | p2=0xb909…8b4a | p3=0x7aea…abd1
2026-02-25T04:20:56Z | block=42601953 | kind=Triangular | hops=V3CL→V2→V3CL | token=WETH | idx=1115 | profit=0.002124541827916977 WETH | amount_in=0.636 | p1=0x3f02…014a | p2=0xb909…8b4a | p3=0x22ae…91d5
2026-02-25T04:20:56Z | block=42601953 | kind=Triangular | hops=V3CL→V2→V3CL | token=WETH | idx=1114 | profit=0.00194188958206466 WETH | amount_in=0.609 | p1=0x3f02…014a | p2=0xb909…8b4a | p3=0x70ac…bae1
2026-02-25T04:20:56Z | block=42601953 | kind=Triangular | hops=V3CL→V2→V3CL | token=WETH | idx=2089 | profit=0.001927578934297167 WETH | amount_in=0.587 | p1=0x9c08…b903 | p2=0xb909…8b4a | p3=0x22ae…91d5
2026-02-25T04:20:56Z | block=42601953 | kind=Triangular | hops=V3CL→V2→V3CL | token=WETH | idx=1116 | profit=0.001672757714609787 WETH | amount_in=0.565 | p1=0x3f02…014a | p2=0xb909…8b4a | p3=0x7aea…abd1
2026-02-25T04:20:56Z | block=42601953 | kind=Triangular | hops=V3CL→V2→V3CL | token=WETH | idx=2088 | profit=0.001758853448836196 WETH | amount_in=0.559 | p1=0x9c08…b903 | p2=0xb909…8b4a | p3=0x70ac…bae1
2026-02-25T04:20:57Z | block=42601953 | kind=Triangular | hops=V3CL→V2→V3CL | token=WETH | idx=2090 | profit=0.001513626919363447 WETH | amount_in=0.519 | p1=0x9c08…b903 | p2=0xb909…8b4a | p3=0x7aea…abd1
2026-02-25T04:20:58Z | block=42601954 | kind=Triangular | hops=V3CL→V2→V3CL | token=WETH | idx=1115 | profit=0.002109983803091429 WETH | amount_in=0.631 | p1=0x3f02…014a | p2=0xb909…8b4a | p3=0x22ae…91d5
2026-02-25T04:20:58Z | block=42601954 | kind=Triangular | hops=V3CL→V2→V3CL | token=WETH | idx=1114 | profit=0.001920738522397343 WETH | amount_in=0.612 | p1=0x3f02…014a | p2=0xb909…8b4a | p3=0x70ac…bae1
2026-02-25T04:20:58Z | block=42601954 | kind=Triangular | hops=V3CL→V2→V3CL | token=WETH | idx=2089 | profit=0.001932752656337216 WETH | amount_in=0.583 | p1=0x9c08…b903 | p2=0xb909…8b4a | p3=0x22ae…91d5
2026-02-25T04:20:58Z | block=42601954 | kind=Triangular | hops=V3CL→V2→V3CL | token=WETH | idx=1116 | profit=0.001658669555014485 WETH | amount_in=0.563 | p1=0x3f02…014a | p2=0xb909…8b4a | p3=0x7aea…abd1
2026-02-25T04:20:58Z | block=42601954 | kind=Triangular | hops=V3CL→V2→V3CL | token=WETH | idx=2090 | profit=0.001514765035521153 WETH | amount_in=0.523 | p1=0x9c08…b903 | p2=0xb909…8b4a | p3=0x7aea…abd1
2026-02-25T04:21:02Z | block=42601956 | kind=Triangular | hops=V3CL→V2→V3CL | token=WETH | idx=1114 | profit=0.001920907589850509 WETH | amount_in=0.612 | p1=0x3f02…014a | p2=0xb909…8b4a | p3=0x70ac…bae1
2026-02-25T04:21:02Z | block=42601956 | kind=Triangular | hops=V3CL→V2→V3CL | token=WETH | idx=2088 | profit=0.001758993634325811 WETH | amount_in=0.559 | p1=0x9c08…b903 | p2=0xb909…8b4a | p3=0x70ac…bae1
2026-02-25T04:21:04Z | block=42601957 | kind=Triangular | hops=V3CL→V2→V3CL | token=WETH | idx=1115 | profit=0.001626486600369529 WETH | amount_in=0.553 | p1=0x3f02…014a | p2=0xb909…8b4a | p3=0x22ae…91d5
2026-02-25T04:21:04Z | block=42601957 | kind=Triangular | hops=V3CL→V2→V3CL | token=WETH | idx=1114 | profit=0.00146174244694658 WETH | amount_in=0.527 | p1=0x3f02…014a | p2=0xb909…8b4a | p3=0x70ac…bae1
2026-02-25T04:21:04Z | block=42601957 | kind=Triangular | hops=V3CL→V2→V3CL | token=WETH | idx=2089 | profit=0.001504409019450397 WETH | amount_in=0.518 | p1=0x9c08…b903 | p2=0xb909…8b4a | p3=0x22ae…91d5
2026-02-25T04:21:08Z | block=42601959 | kind=Triangular | hops=V3CL→V2→V3CL | token=WETH | idx=1114 | profit=0.001461832853892532 WETH | amount_in=0.527 | p1=0x3f02…014a | p2=0xb909…8b4a | p3=0x70ac…bae1
2026-02-25T04:21:10Z | block=42601960 | kind=Triangular | hops=V3CL→V2→V3CL | token=WETH | idx=1115 | profit=0.001628797712242053 WETH | amount_in=0.553 | p1=0x3f02…014a | p2=0xb909…8b4a | p3=0x22ae…91d5
2026-02-25T04:21:10Z | block=42601960 | kind=Triangular | hops=V3CL→V2→V3CL | token=WETH | idx=2089 | profit=0.001506578306466009 WETH | amount_in=0.518 | p1=0x9c08…b903 | p2=0xb909…8b4a | p3=0x22ae…91d5
2026-02-25T04:21:16Z | block=42601963 | kind=Triangular | hops=V3CL→V2→V3CL | token=WETH | idx=1114 | profit=0.001460827943388441 WETH | amount_in=0.527 | p1=0x3f02…014a | p2=0xb909…8b4a | p3=0x70ac…bae1
2026-02-25T04:21:18Z | block=42601964 | kind=Triangular | hops=V3CL→V2→V3CL | token=WETH | idx=1115 | profit=0.001548116932611432 WETH | amount_in=0.543 | p1=0x3f02…014a | p2=0xb909…8b4a | p3=0x22ae…91d5
2026-02-25T04:21:18Z | block=42601964 | kind=Triangular | hops=V3CL→V2→V3CL | token=WETH | idx=1114 | profit=0.001365095396433447 WETH | amount_in=0.517 | p1=0x3f02…014a | p2=0xb909…8b4a | p3=0x70ac…bae1
2026-02-25T04:21:18Z | block=42601964 | kind=Triangular | hops=V3CL→V2→V3CL | token=WETH | idx=2089 | profit=0.001445063425818786 WETH | amount_in=0.511 | p1=0x9c08…b903 | p2=0xb909…8b4a | p3=0x22ae…91d5
2026-02-25T04:21:20Z | block=42601965 | kind=Triangular | hops=V3CL→V2→V3CL | token=WETH | idx=1115 | profit=0.001498227434904818 WETH | amount_in=0.539 | p1=0x3f02…014a | p2=0xb909…8b4a | p3=0x22ae…91d5
2026-02-25T04:21:20Z | block=42601965 | kind=Triangular | hops=V3CL→V2→V3CL | token=WETH | idx=1114 | profit=0.001322549788351676 WETH | amount_in=0.504 | p1=0x3f02…014a | p2=0xb909…8b4a | p3=0x70ac…bae1
2026-02-25T04:21:22Z | block=42601966 | kind=Triangular | hops=V3CL→V2→V3CL | token=WETH | idx=1115 | profit=0.001375698551009173 WETH | amount_in=0.511 | p1=0x3f02…014a | p2=0xb909…8b4a | p3=0x22ae…91d5
2026-02-25T04:21:26Z | block=42601968 | kind=Triangular | hops=V3CL→V2→V3CL | token=WETH | idx=1115 | profit=0.001351211283056012 WETH | amount_in=0.511 | p1=0x3f02…014a | p2=0xb909…8b4a | p3=0x22ae…91d5
2026-02-25T04:21:30Z | block=42601970 | kind=Triangular | hops=V3CL→V2→V3CL | token=WETH | idx=1115 | profit=0.001315267351943436 WETH | amount_in=0.503 | p1=0x3f02…014a | p2=0xb909…8b4a | p3=0x22ae…91d5
2026-02-25T04:22:06Z | block=42601988 | kind=Triangular | hops=V3CL→V2→V3CL | token=WETH | idx=1115 | profit=0.001358879786737981 WETH | amount_in=0.511 | p1=0x3f02…014a | p2=0xb909…8b4a | p3=0x22ae…91d5
2026-02-25T04:22:08Z | block=42601989 | kind=Triangular | hops=V3CL→V2→V3CL | token=WETH | idx=1115 | profit=0.001411523763175504 WETH | amount_in=0.523 | p1=0x3f02…014a | p2=0xb909…8b4a | p3=0x22ae…91d5
2026-02-25T04:22:12Z | block=42601991 | kind=Triangular | hops=V3CL→V2→V3CL | token=WETH | idx=1115 | profit=0.001418123566579252 WETH | amount_in=0.523 | p1=0x3f02…014a | p2=0xb909…8b4a | p3=0x22ae…91d5
2026-02-25T04:22:14Z | block=42601992 | kind=Triangular | hops=V3CL→V2→V3CL | token=WETH | idx=1115 | profit=0.001436873512241221 WETH | amount_in=0.523 | p1=0x3f02…014a | p2=0xb909…8b4a | p3=0x22ae…91d5
2026-02-25T04:22:20Z | block=42601995 | kind=Triangular | hops=V3CL→V2→V3CL | token=WETH | idx=1115 | profit=0.001436814972198848 WETH | amount_in=0.523 | p1=0x3f02…014a | p2=0xb909…8b4a | p3=0x22ae…91d5
2026-02-25T04:22:22Z | block=42601996 | kind=Triangular | hops=V3CL→V2→V3CL | token=WETH | idx=1115 | profit=0.001425118797336883 WETH | amount_in=0.523 | p1=0x3f02…014a | p2=0xb909…8b4a | p3=0x22ae…91d5
2026-02-25T04:22:24Z | block=42601997 | kind=Triangular | hops=V3CL→V2→V3CL | token=WETH | idx=1115 | profit=0.001422233077374181 WETH | amount_in=0.523 | p1=0x3f02…014a | p2=0xb909…8b4a | p3=0x22ae…91d5
2026-02-25T04:22:28Z | block=42601999 | kind=Triangular | hops=V3CL→V2→V3CL | token=USDC | idx=4317 | profit=0.554418 USDC | amount_in=478.732 | p1=0x529d…017c | p2=0xb909…8b4a | p3=0x4e96…e778
2026-02-25T04:22:28Z | block=42601999 | kind=Triangular | hops=V3CL→V2→V3CL | token=USDC | idx=4318 | profit=0.544514 USDC | amount_in=479.285 | p1=0x529d…017c | p2=0xb909…8b4a | p3=0x3e66…a9fb
2026-02-25T04:22:30Z | block=42602000 | kind=Triangular | hops=V3CL→V2→V3CL | token=WETH | idx=1115 | profit=0.001413275292856468 WETH | amount_in=0.523 | p1=0x3f02…014a | p2=0xb909…8b4a | p3=0x22ae…91d5
2026-02-25T04:22:34Z | block=42602002 | kind=Triangular | hops=V3CL→V2→V3CL | token=USDC | idx=4317 | profit=0.642227 USDC | amount_in=504.494 | p1=0x529d…017c | p2=0xb909…8b4a | p3=0x4e96…e778
2026-02-25T04:22:34Z | block=42602002 | kind=Triangular | hops=V3CL→V2→V3CL | token=USDC | idx=4321 | profit=0.531185 USDC | amount_in=468.171 | p1=0x529d…017c | p2=0xb909…8b4a | p3=0xfbb6…43ef
2026-02-25T04:22:34Z | block=42602002 | kind=Triangular | hops=V3CL→V2→V3CL | token=USDC | idx=4318 | profit=0.559707 USDC | amount_in=479.285 | p1=0x529d…017c | p2=0xb909…8b4a | p3=0x3e66…a9fb
2026-02-25T04:22:36Z | block=42602003 | kind=Triangular | hops=V3CL→V2→V3CL | token=WETH | idx=1115 | profit=0.001340855665628619 WETH | amount_in=0.507 | p1=0x3f02…014a | p2=0xb909…8b4a | p3=0x22ae…91d5
2026-02-25T04:22:36Z | block=42602003 | kind=Triangular | hops=V3CL→V2→V3CL | token=USDC | idx=4318 | profit=0.626218 USDC | amount_in=495.3 | p1=0x529d…017c | p2=0xb909…8b4a | p3=0x3e66…a9fb
2026-02-25T04:22:38Z | block=42602004 | kind=Triangular | hops=V3CL→V2→V3CL | token=USDC | idx=4318 | profit=0.737448 USDC | amount_in=533.399 | p1=0x529d…017c | p2=0xb909…8b4a | p3=0x3e66…a9fb
2026-02-25T04:22:38Z | block=42602004 | kind=Triangular | hops=V3CL→V2→V3CL | token=USDC | idx=4317 | profit=0.734821 USDC | amount_in=539.921 | p1=0x529d…017c | p2=0xb909…8b4a | p3=0x4e96…e778
2026-02-25T04:22:38Z | block=42602004 | kind=Triangular | hops=V3CL→V2→V3CL | token=USDC | idx=4321 | profit=0.613443 USDC | amount_in=495.3 | p1=0x529d…017c | p2=0xb909…8b4a | p3=0xfbb6…43ef
2026-02-25T04:22:39Z | block=42602004 | kind=Triangular | hops=V3CL→V2→V3CL | token=USDC | idx=4319 | profit=0.612094 USDC | amount_in=478.732 | p1=0x529d…017c | p2=0xb909…8b4a | p3=0xfcda…2278
2026-02-25T04:22:40Z | block=42602005 | kind=Triangular | hops=V3CL→V2→V3CL | token=USDC | idx=4319 | profit=0.624687 USDC | amount_in=479.209 | p1=0x529d…017c | p2=0xb909…8b4a | p3=0xfcda…2278
2026-02-25T04:22:42Z | block=42602006 | kind=Triangular | hops=V3CL→V2→V3CL | token=USDC | idx=4318 | profit=0.626753 USDC | amount_in=501.289 | p1=0x529d…017c | p2=0xb909…8b4a | p3=0x3e66…a9fb
2026-02-25T04:22:42Z | block=42602006 | kind=Triangular | hops=V3CL→V2→V3CL | token=USDC | idx=4317 | profit=0.625591 USDC | amount_in=503.829 | p1=0x529d…017c | p2=0xb909…8b4a | p3=0x4e96…e778
2026-02-25T04:22:43Z | block=42602006 | kind=Triangular | hops=V3CL→V2→V3CL | token=USDC | idx=4321 | profit=0.515701 USDC | amount_in=456.409 | p1=0x529d…017c | p2=0xb909…8b4a | p3=0xfbb6…43ef
2026-02-25T04:22:43Z | block=42602006 | kind=Triangular | hops=V3CL→V2→V3CL | token=USDC | idx=4319 | profit=0.524205 USDC | amount_in=451.623 | p1=0x529d…017c | p2=0xb909…8b4a | p3=0xfcda…2278
2026-02-25T04:22:47Z | block=42602008 | kind=Triangular | hops=V3CL→V2→V3CL | token=USDC | idx=4319 | profit=0.542653 USDC | amount_in=453.632 | p1=0x529d…017c | p2=0xb909…8b4a | p3=0xfcda…2278
2026-02-25T04:22:51Z | block=42602010 | kind=Cross-dex | hops=V3CL→V2 | token=WETH | idx=2593 | profit=0.002684355481171616 WETH | amount_in=3.622 | p1=0xb2cc…dc59 | p2=0xcdac…5c43 | p3=0xb2cc…dc59
2026-02-25T04:22:51Z | block=42602010 | kind=Cross-dex | hops=V3CL→V2 | token=WETH | idx=2647 | profit=0.001993555350550085 WETH | amount_in=3.013 | p1=0xd0b5…f224 | p2=0xcdac…5c43 | p3=0xd0b5…f224
2026-02-25T04:22:51Z | block=42602010 | kind=Cross-dex | hops=V3CL→V2 | token=WETH | idx=2602 | profit=0.001540616924735927 WETH | amount_in=1.916 | p1=0xdbc6…30f1 | p2=0xcdac…5c43 | p3=0xdbc6…30f1
2026-02-25T04:22:51Z | block=42602010 | kind=Triangular | hops=V3CL→V3CL→V2 | token=WETH | idx=980 | profit=0.001120818060057429 WETH | amount_in=2.651 | p1=0x70ac…bae1 | p2=0x4e96…e778 | p3=0xcdac…5c43
2026-02-25T04:22:51Z | block=42602010 | kind=Triangular | hops=V3CL→V3CL→V2 | token=WETH | idx=999 | profit=0.000923120516013703 WETH | amount_in=2.218 | p1=0x70ac…bae1 | p2=0x3e66…a9fb | p3=0xcdac…5c43
2026-02-25T04:22:51Z | block=42602010 | kind=Triangular | hops=V3CL→V3CL→V2 | token=WETH | idx=1364 | profit=0.000876093296973571 WETH | amount_in=2.096 | p1=0x22ae…91d5 | p2=0x4e96…e778 | p3=0xcdac…5c43
2026-02-25T04:22:51Z | block=42602010 | kind=Triangular | hops=V3CL→V3CL→V2 | token=WETH | idx=1383 | profit=0.000758196063193531 WETH | amount_in=1.803 | p1=0x22ae…91d5 | p2=0x3e66…a9fb | p3=0xcdac…5c43
2026-02-25T04:22:51Z | block=42602010 | kind=Triangular | hops=V3CL→V3CL→V2 | token=WETH | idx=1040 | profit=0.000586691098204815 WETH | amount_in=2.04 | p1=0x70ac…bae1 | p2=0xfbb6…43ef | p3=0xcdac…5c43
2026-02-25T04:22:51Z | block=42602010 | kind=Triangular | hops=V3CL→V3CL→V2 | token=WETH | idx=1924 | profit=0.00047589184481113 WETH | amount_in=1.894 | p1=0x7aea…abd1 | p2=0x4e96…e778 | p3=0xcdac…5c43
2026-02-25T04:22:51Z | block=42602010 | kind=Triangular | hops=V3CL→V3CL→V2 | token=WETH | idx=1424 | profit=0.000471242404436922 WETH | amount_in=1.64 | p1=0x22ae…91d5 | p2=0xfbb6…43ef | p3=0xcdac…5c43
2026-02-25T04:22:52Z | block=42602010 | kind=Triangular | hops=V3CL→V3CL→V2 | token=WETH | idx=1943 | profit=0.000402612976973789 WETH | amount_in=1.615 | p1=0x7aea…abd1 | p2=0x3e66…a9fb | p3=0xcdac…5c43
2026-02-25T04:22:52Z | block=42602010 | kind=Triangular | hops=V3CL→V3CL→V2 | token=WETH | idx=1015 | profit=0.000387648036093567 WETH | amount_in=1.072 | p1=0x70ac…bae1 | p2=0xfcda…2278 | p3=0xcdac…5c43
2026-02-25T04:22:52Z | block=42602010 | kind=Triangular | hops=V3CL→V3CL→V2 | token=WETH | idx=1399 | profit=0.000349999767033489 WETH | amount_in=0.961 | p1=0x22ae…91d5 | p2=0xfcda…2278 | p3=0xcdac…5c43
2026-02-25T04:22:52Z | block=42602010 | kind=Triangular | hops=V3CL→V3CL→V2 | token=WETH | idx=1050 | profit=0.000327008254772892 WETH | amount_in=0.919 | p1=0x5d4e…52b5 | p2=0xe846…0ec7 | p3=0xcdac…5c43
2026-02-25T04:22:52Z | block=42602010 | kind=Triangular | hops=V3CL→V3CL→V2 | token=WETH | idx=1066 | profit=0.000306473181269226 WETH | amount_in=0.918 | p1=0x5d4e…52b5 | p2=0xc5e5…48c1 | p3=0xcdac…5c43
2026-02-25T04:22:52Z | block=42602010 | kind=Triangular | hops=V3CL→V3CL→V2 | token=WETH | idx=932 | profit=0.000276242311266371 WETH | amount_in=0.748 | p1=0x9785…3c1b | p2=0xa41b…fcd1 | p3=0xcdac…5c43
2026-02-25T04:22:53Z | block=42602010 | kind=Cross-dex | hops=V2→V3CL | token=USDC | idx=5094 | profit=5.12809 USDC | amount_in=6918.418 | p1=0xcdac…5c43 | p2=0xb2cc…dc59 | p3=0xcdac…5c43
2026-02-25T04:22:53Z | block=42602010 | kind=Cross-dex | hops=V2→V3CL | token=USDC | idx=5095 | profit=3.070527 USDC | amount_in=3843.842 | p1=0xcdac…5c43 | p2=0xdbc6…30f1 | p3=0xcdac…5c43
2026-02-25T04:22:54Z | block=42602010 | kind=Cross-dex | hops=V2→V3CL | token=USDC | idx=5100 | profit=3.799594 USDC | amount_in=5750.927 | p1=0xcdac…5c43 | p2=0xd0b5…f224 | p3=0xcdac…5c43
2026-02-25T04:22:54Z | block=42602010 | kind=Cross-dex | hops=V2→V3CL | token=USDC | idx=5099 | profit=1.866269 USDC | amount_in=1471.18 | p1=0xcdac…5c43 | p2=0xb4cb…00e5 | p3=0xcdac…5c43
2026-02-25T04:22:55Z | block=42602010 | kind=Triangular | hops=V2→V3CL→V3CL | token=USDC | idx=2749 | profit=0.74332 USDC | amount_in=1591.217 | p1=0xcdac…5c43 | p2=0x9785…3c1b | p3=0xa41b…fcd1
2026-02-25T04:22:55Z | block=42602010 | kind=Triangular | hops=V2→V3CL→V3CL | token=USDC | idx=2757 | profit=0.621231 USDC | amount_in=1751.601 | p1=0xcdac…5c43 | p2=0x5d4e…52b5 | p3=0xe846…0ec7
2026-02-25T04:22:55Z | block=42602010 | kind=Triangular | hops=V2→V3CL→V3CL | token=USDC | idx=2750 | profit=0.671995 USDC | amount_in=1536.005 | p1=0xcdac…5c43 | p2=0x9785…3c1b | p3=0xd56d…5da1
2026-02-25T04:22:55Z | block=42602010 | kind=Triangular | hops=V2→V3CL→V3CL | token=USDC | idx=2758 | profit=0.581196 USDC | amount_in=1751.411 | p1=0xcdac…5c43 | p2=0x5d4e…52b5 | p3=0xc5e5…48c1
2026-02-25T04:22:55Z | block=42602010 | kind=Triangular | hops=V2→V3CL→V3CL | token=USDC | idx=2771 | profit=2.202402 USDC | amount_in=4112.229 | p1=0xcdac…5c43 | p2=0x22ae…91d5 | p3=0x4e96…e778
2026-02-25T04:22:55Z | block=42602010 | kind=Triangular | hops=V2→V3CL→V3CL | token=USDC | idx=2752 | profit=1.958806 USDC | amount_in=4951.961 | p1=0xcdac…5c43 | p2=0x70ac…bae1 | p3=0x4e96…e778
2026-02-25T04:22:55Z | block=42602010 | kind=Triangular | hops=V2→V3CL→V3CL | token=USDC | idx=2753 | profit=1.607406 USDC | amount_in=4103.718 | p1=0xcdac…5c43 | p2=0x70ac…bae1 | p3=0x3e66…a9fb
2026-02-25T04:22:55Z | block=42602010 | kind=Triangular | hops=V2→V3CL→V3CL | token=USDC | idx=2772 | profit=1.900187 USDC | amount_in=3594.841 | p1=0xcdac…5c43 | p2=0x22ae…91d5 | p3=0x3e66…a9fb
2026-02-25T04:22:56Z | block=42602010 | kind=Triangular | hops=V2→V3CL→V3CL | token=USDC | idx=2773 | profit=0.937285 USDC | amount_in=1995.6 | p1=0xcdac…5c43 | p2=0x22ae…91d5 | p3=0xfcda…2278
2026-02-25T04:22:56Z | block=42602010 | kind=Triangular | hops=V2→V3CL→V3CL | token=USDC | idx=2754 | profit=0.655932 USDC | amount_in=1995.838 | p1=0xcdac…5c43 | p2=0x70ac…bae1 | p3=0xfcda…2278
2026-02-25T04:22:56Z | block=42602010 | kind=Triangular | hops=V2→V3CL→V3CL | token=USDC | idx=2756 | profit=0.884601 USDC | amount_in=3691.592 | p1=0xcdac…5c43 | p2=0x70ac…bae1 | p3=0xfbb6…43ef
2026-02-25T04:22:56Z | block=42602010 | kind=Triangular | hops=V2→V3CL→V3CL | token=USDC | idx=2775 | profit=0.765504 USDC | amount_in=3026.241 | p1=0xcdac…5c43 | p2=0x22ae…91d5 | p3=0xfbb6…43ef
2026-02-25T04:22:56Z | block=42602010 | kind=Triangular | hops=V2→V3CL→V3CL | token=USDC | idx=2792 | profit=0.918239 USDC | amount_in=3618.82 | p1=0xcdac…5c43 | p2=0x7aea…abd1 | p3=0x4e96…e778
2026-02-25T04:22:56Z | block=42602010 | kind=Triangular | hops=V2→V3CL→V3CL | token=USDC | idx=2793 | profit=0.766739 USDC | amount_in=3079.037 | p1=0xcdac…5c43 | p2=0x7aea…abd1 | p3=0x3e66…a9fb
2026-02-25T04:22:56Z | block=42602011 | kind=Cross-dex | hops=V3CL→V2 | token=WETH | idx=2647 | profit=0.001907797082804956 WETH | amount_in=2.966 | p1=0xd0b5…f224 | p2=0xcdac…5c43 | p3=0xd0b5…f224
2026-02-25T04:22:56Z | block=42602011 | kind=Cross-dex | hops=V3CL→V2 | token=WETH | idx=2602 | profit=0.001644713862094326 WETH | amount_in=2.555 | p1=0xdbc6…30f1 | p2=0xcdac…5c43 | p3=0xdbc6…30f1
2026-02-25T04:22:57Z | block=42602011 | kind=Triangular | hops=V3CL→V3CL→V2 | token=WETH | idx=980 | profit=0.000957912100419131 WETH | amount_in=2.551 | p1=0x70ac…bae1 | p2=0x4e96…e778 | p3=0xcdac…5c43
2026-02-25T04:22:57Z | block=42602011 | kind=Triangular | hops=V3CL→V3CL→V2 | token=WETH | idx=1364 | profit=0.00079718581399505 WETH | amount_in=2.029 | p1=0x22ae…91d5 | p2=0x4e96…e778 | p3=0xcdac…5c43
2026-02-25T04:22:57Z | block=42602011 | kind=Triangular | hops=V3CL→V3CL→V2 | token=WETH | idx=999 | profit=0.000788520238671125 WETH | amount_in=2.11 | p1=0x70ac…bae1 | p2=0x3e66…a9fb | p3=0xcdac…5c43
2026-02-25T04:22:57Z | block=42602011 | kind=Triangular | hops=V3CL→V3CL→V2 | token=WETH | idx=1383 | profit=0.000681233322131391 WETH | amount_in=1.747 | p1=0x22ae…91d5 | p2=0x3e66…a9fb | p3=0xcdac…5c43
2026-02-25T04:22:57Z | block=42602011 | kind=Triangular | hops=V3CL→V3CL→V2 | token=WETH | idx=1040 | profit=0.000446734790987543 WETH | amount_in=1.97 | p1=0x70ac…bae1 | p2=0xfbb6…43ef | p3=0xcdac…5c43
2026-02-25T04:22:57Z | block=42602011 | kind=Triangular | hops=V3CL→V3CL→V2 | token=WETH | idx=1424 | profit=0.000395157159539229 WETH | amount_in=1.601 | p1=0x22ae…91d5 | p2=0xfbb6…43ef | p3=0xcdac…5c43
2026-02-25T04:22:57Z | block=42602011 | kind=Triangular | hops=V3CL→V3CL→V2 | token=WETH | idx=1015 | profit=0.000322908924180474 WETH | amount_in=1.019 | p1=0x70ac…bae1 | p2=0xfcda…2278 | p3=0xcdac…5c43
2026-02-25T04:22:57Z | block=42602011 | kind=Triangular | hops=V3CL→V3CL→V2 | token=WETH | idx=1399 | profit=0.000309178334485663 WETH | amount_in=0.931 | p1=0x22ae…91d5 | p2=0xfcda…2278 | p3=0xcdac…5c43
2026-02-25T04:22:58Z | block=42602011 | kind=Cross-dex | hops=V2→V3CL | token=USDC | idx=5100 | profit=3.554402 USDC | amount_in=5614.938 | p1=0xcdac…5c43 | p2=0xd0b5…f224 | p3=0xcdac…5c43
2026-02-25T04:22:58Z | block=42602011 | kind=Cross-dex | hops=V2→V3CL | token=USDC | idx=5099 | profit=1.454417 USDC | amount_in=1495.031 | p1=0xcdac…5c43 | p2=0xb4cb…00e5 | p3=0xcdac…5c43
2026-02-25T04:22:58Z | block=42602011 | kind=Cross-dex | hops=V2→V3CL | token=USDC | idx=5095 | profit=3.089601 USDC | amount_in=4851.808 | p1=0xcdac…5c43 | p2=0xdbc6…30f1 | p3=0xcdac…5c43
2026-02-25T04:22:58Z | block=42602011 | kind=Triangular | hops=V2→V3CL→V3CL | token=USDC | idx=2752 | profit=1.817282 USDC | amount_in=4888.867 | p1=0xcdac…5c43 | p2=0x70ac…bae1 | p3=0x4e96…e778
2026-02-25T04:22:58Z | block=42602011 | kind=Triangular | hops=V2→V3CL→V3CL | token=USDC | idx=2771 | profit=1.528042 USDC | amount_in=3854.726 | p1=0xcdac…5c43 | p2=0x22ae…91d5 | p3=0x4e96…e778
2026-02-25T04:22:58Z | block=42602011 | kind=Triangular | hops=V2→V3CL→V3CL | token=USDC | idx=2772 | profit=1.310769 USDC | amount_in=3307.132 | p1=0xcdac…5c43 | p2=0x22ae…91d5 | p3=0x3e66…a9fb
2026-02-25T04:22:58Z | block=42602011 | kind=Triangular | hops=V2→V3CL→V3CL | token=USDC | idx=2753 | profit=1.496022 USDC | amount_in=4040.639 | p1=0xcdac…5c43 | p2=0x70ac…bae1 | p3=0x3e66…a9fb
2026-02-25T04:22:59Z | block=42602011 | kind=Triangular | hops=V2→V3CL→V3CL | token=USDC | idx=2773 | profit=0.581667 USDC | amount_in=1785.718 | p1=0xcdac…5c43 | p2=0x22ae…91d5 | p3=0xfcda…2278
2026-02-25T04:22:59Z | block=42602011 | kind=Triangular | hops=V2→V3CL→V3CL | token=USDC | idx=2754 | profit=0.607267 USDC | amount_in=1954.853 | p1=0xcdac…5c43 | p2=0x70ac…bae1 | p3=0xfcda…2278
2026-02-25T04:22:59Z | block=42602011 | kind=Triangular | hops=V2→V3CL→V3CL | token=USDC | idx=2775 | profit=0.765677 USDC | amount_in=3026.241 | p1=0xcdac…5c43 | p2=0x22ae…91d5 | p3=0xfbb6…43ef
2026-02-25T04:22:59Z | block=42602011 | kind=Triangular | hops=V2→V3CL→V3CL | token=USDC | idx=2756 | profit=0.884774 USDC | amount_in=3691.592 | p1=0xcdac…5c43 | p2=0x70ac…bae1 | p3=0xfbb6…43ef
2026-02-25T04:22:59Z | block=42602012 | kind=Cross-dex | hops=V3CL→V2 | token=WETH | idx=2602 | profit=0.001618891509457641 WETH | amount_in=2.542 | p1=0xdbc6…30f1 | p2=0xcdac…5c43 | p3=0xdbc6…30f1
2026-02-25T04:22:59Z | block=42602012 | kind=Triangular | hops=V3CL→V3CL→V2 | token=WETH | idx=1364 | profit=0.000797180377893971 WETH | amount_in=2.029 | p1=0x22ae…91d5 | p2=0x4e96…e778 | p3=0xcdac…5c43
2026-02-25T04:22:59Z | block=42602012 | kind=Triangular | hops=V3CL→V3CL→V2 | token=WETH | idx=1383 | profit=0.000681227886030312 WETH | amount_in=1.747 | p1=0x22ae…91d5 | p2=0x3e66…a9fb | p3=0xcdac…5c43
2026-02-25T04:22:59Z | block=42602012 | kind=Triangular | hops=V3CL→V3CL→V2 | token=WETH | idx=1424 | profit=0.00039515172343815 WETH | amount_in=1.601 | p1=0x22ae…91d5 | p2=0xfbb6…43ef | p3=0xcdac…5c43
2026-02-25T04:22:59Z | block=42602012 | kind=Triangular | hops=V3CL→V3CL→V2 | token=WETH | idx=932 | profit=0.000407538389607781 WETH | amount_in=0.845 | p1=0x9785…3c1b | p2=0xa41b…fcd1 | p3=0xcdac…5c43
2026-02-25T04:23:00Z | block=42602012 | kind=Triangular | hops=V3CL→V3CL→V2 | token=WETH | idx=1399 | profit=0.000309172898384584 WETH | amount_in=0.931 | p1=0x22ae…91d5 | p2=0xfcda…2278 | p3=0xcdac…5c43
2026-02-25T04:23:00Z | block=42602012 | kind=Triangular | hops=V3CL→V3CL→V2 | token=WETH | idx=942 | profit=0.000369451102958751 WETH | amount_in=0.816 | p1=0x9785…3c1b | p2=0xd56d…5da1 | p3=0xcdac…5c43
2026-02-25T04:23:00Z | block=42602012 | kind=Cross-dex | hops=V2→V3CL | token=USDC | idx=5095 | profit=2.498616 USDC | amount_in=4503.29 | p1=0xcdac…5c43 | p2=0xdbc6…30f1 | p3=0xcdac…5c43
2026-02-25T04:23:00Z | block=42602012 | kind=Cross-dex | hops=V2→V3CL | token=USDC | idx=5099 | profit=1.422447 USDC | amount_in=1469.75 | p1=0xcdac…5c43 | p2=0xb4cb…00e5 | p3=0xcdac…5c43
2026-02-25T04:23:00Z | block=42602012 | kind=Triangular | hops=V2→V3CL→V3CL | token=USDC | idx=2749 | profit=0.774294 USDC | amount_in=1611.594 | p1=0xcdac…5c43 | p2=0x9785…3c1b | p3=0xa41b…fcd1
2026-02-25T04:23:00Z | block=42602012 | kind=Triangular | hops=V2→V3CL→V3CL | token=USDC | idx=2750 | profit=0.701532 USDC | amount_in=1556.435 | p1=0xcdac…5c43 | p2=0x9785…3c1b | p3=0xd56d…5da1
2026-02-25T04:23:01Z | block=42602012 | kind=Triangular | hops=V2→V3CL→V3CL | token=USDC | idx=2771 | profit=1.528011 USDC | amount_in=3854.726 | p1=0xcdac…5c43 | p2=0x22ae…91d5 | p3=0x4e96…e778
2026-02-25T04:23:01Z | block=42602012 | kind=Triangular | hops=V2→V3CL→V3CL | token=USDC | idx=2772 | profit=1.310738 USDC | amount_in=3307.132 | p1=0xcdac…5c43 | p2=0x22ae…91d5 | p3=0x3e66…a9fb
2026-02-25T04:23:01Z | block=42602012 | kind=Triangular | hops=V2→V3CL→V3CL | token=USDC | idx=2773 | profit=0.581636 USDC | amount_in=1785.718 | p1=0xcdac…5c43 | p2=0x22ae…91d5 | p3=0xfcda…2278
2026-02-25T04:23:01Z | block=42602012 | kind=Triangular | hops=V2→V3CL→V3CL | token=USDC | idx=2775 | profit=0.765646 USDC | amount_in=3026.241 | p1=0xcdac…5c43 | p2=0x22ae…91d5 | p3=0xfbb6…43ef
2026-02-25T04:23:01Z | block=42602013 | kind=Cross-dex | hops=V3CL→V2 | token=WETH | idx=2593 | profit=0.00180319124226728 WETH | amount_in=3.138 | p1=0xb2cc…dc59 | p2=0xcdac…5c43 | p3=0xb2cc…dc59
2026-02-25T04:23:01Z | block=42602013 | kind=Cross-dex | hops=V3CL→V2 | token=WETH | idx=2647 | profit=0.001505307262246928 WETH | amount_in=2.729 | p1=0xd0b5…f224 | p2=0xcdac…5c43 | p3=0xd0b5…f224
2026-02-25T04:23:01Z | block=42602013 | kind=Cross-dex | hops=V3CL→V2 | token=WETH | idx=2602 | profit=0.001309500982615405 WETH | amount_in=2.36 | p1=0xdbc6…30f1 | p2=0xcdac…5c43 | p3=0xdbc6…30f1
2026-02-25T04:23:01Z | block=42602013 | kind=Triangular | hops=V3CL→V3CL→V2 | token=WETH | idx=980 | profit=0.000966414270688252 WETH | amount_in=2.534 | p1=0x70ac…bae1 | p2=0x4e96…e778 | p3=0xcdac…5c43
2026-02-25T04:23:02Z | block=42602013 | kind=Triangular | hops=V3CL→V3CL→V2 | token=WETH | idx=1364 | profit=0.000797199842642995 WETH | amount_in=2.029 | p1=0x22ae…91d5 | p2=0x4e96…e778 | p3=0xcdac…5c43
2026-02-25T04:23:02Z | block=42602013 | kind=Triangular | hops=V3CL→V3CL→V2 | token=WETH | idx=999 | profit=0.000789160051793653 WETH | amount_in=2.109 | p1=0x70ac…bae1 | p2=0x3e66…a9fb | p3=0xcdac…5c43
2026-02-25T04:23:02Z | block=42602013 | kind=Triangular | hops=V3CL→V3CL→V2 | token=WETH | idx=1383 | profit=0.000681247350779336 WETH | amount_in=1.747 | p1=0x22ae…91d5 | p2=0x3e66…a9fb | p3=0xcdac…5c43
2026-02-25T04:23:02Z | block=42602013 | kind=Triangular | hops=V3CL→V3CL→V2 | token=WETH | idx=1040 | profit=0.000453537380259114 WETH | amount_in=1.957 | p1=0x70ac…bae1 | p2=0xfbb6…43ef | p3=0xcdac…5c43
2026-02-25T04:23:02Z | block=42602013 | kind=Triangular | hops=V3CL→V3CL→V2 | token=WETH | idx=1424 | profit=0.000383786813302222 WETH | amount_in=1.592 | p1=0x22ae…91d5 | p2=0xfbb6…43ef | p3=0xcdac…5c43
2026-02-25T04:23:02Z | block=42602013 | kind=Triangular | hops=V3CL→V3CL→V2 | token=WETH | idx=1015 | profit=0.000319931884741734 WETH | amount_in=1.025 | p1=0x70ac…bae1 | p2=0xfcda…2278 | p3=0xcdac…5c43
2026-02-25T04:23:02Z | block=42602013 | kind=Triangular | hops=V3CL→V3CL→V2 | token=WETH | idx=932 | profit=0.000407557854356805 WETH | amount_in=0.845 | p1=0x9785…3c1b | p2=0xa41b…fcd1 | p3=0xcdac…5c43
2026-02-25T04:23:02Z | block=42602013 | kind=Triangular | hops=V3CL→V3CL→V2 | token=WETH | idx=1399 | profit=0.000299919850984515 WETH | amount_in=0.931 | p1=0x22ae…91d5 | p2=0xfcda…2278 | p3=0xcdac…5c43
2026-02-25T04:23:02Z | block=42602013 | kind=Triangular | hops=V3CL→V3CL→V2 | token=WETH | idx=942 | profit=0.000369470567707775 WETH | amount_in=0.816 | p1=0x9785…3c1b | p2=0xd56d…5da1 | p3=0xcdac…5c43
2026-02-25T04:23:03Z | block=42602013 | kind=Cross-dex | hops=V2→V3CL | token=USDC | idx=5099 | profit=1.253014 USDC | amount_in=1450.408 | p1=0xcdac…5c43 | p2=0xb4cb…00e5 | p3=0xcdac…5c43
2026-02-25T04:23:03Z | block=42602013 | kind=Cross-dex | hops=V2→V3CL | token=USDC | idx=5094 | profit=3.443769 USDC | amount_in=5990.597 | p1=0xcdac…5c43 | p2=0xb2cc…dc59 | p3=0xcdac…5c43
2026-02-25T04:23:03Z | block=42602013 | kind=Cross-dex | hops=V2→V3CL | token=USDC | idx=5095 | profit=2.498727 USDC | amount_in=4503.29 | p1=0xcdac…5c43 | p2=0xdbc6…30f1 | p3=0xcdac…5c43
2026-02-25T04:23:03Z | block=42602013 | kind=Cross-dex | hops=V2→V3CL | token=USDC | idx=5100 | profit=2.87276 USDC | amount_in=5210.197 | p1=0xcdac…5c43 | p2=0xd0b5…f224 | p3=0xcdac…5c43
2026-02-25T04:23:03Z | block=42602013 | kind=Triangular | hops=V2→V3CL→V3CL | token=USDC | idx=2749 | profit=0.774405 USDC | amount_in=1611.594 | p1=0xcdac…5c43 | p2=0x9785…3c1b | p3=0xa41b…fcd1
2026-02-25T04:23:03Z | block=42602013 | kind=Triangular | hops=V2→V3CL→V3CL | token=USDC | idx=2750 | profit=0.701643 USDC | amount_in=1556.435 | p1=0xcdac…5c43 | p2=0x9785…3c1b | p3=0xd56d…5da1
2026-02-25T04:23:04Z | block=42602013 | kind=Triangular | hops=V2→V3CL→V3CL | token=USDC | idx=2752 | profit=1.842761 USDC | amount_in=4910.188 | p1=0xcdac…5c43 | p2=0x70ac…bae1 | p3=0x4e96…e778
2026-02-25T04:23:04Z | block=42602013 | kind=Triangular | hops=V2→V3CL→V3CL | token=USDC | idx=2771 | profit=1.482988 USDC | amount_in=3867.235 | p1=0xcdac…5c43 | p2=0x22ae…91d5 | p3=0x4e96…e778
2026-02-25T04:23:04Z | block=42602013 | kind=Triangular | hops=V2→V3CL→V3CL | token=USDC | idx=2772 | profit=1.272064 USDC | amount_in=3318.435 | p1=0xcdac…5c43 | p2=0x22ae…91d5 | p3=0x3e66…a9fb
2026-02-25T04:23:04Z | block=42602013 | kind=Triangular | hops=V2→V3CL→V3CL | token=USDC | idx=2753 | profit=1.505021 USDC | amount_in=4071.79 | p1=0xcdac…5c43 | p2=0x70ac…bae1 | p3=0x3e66…a9fb
2026-02-25T04:23:04Z | block=42602013 | kind=Triangular | hops=V2→V3CL→V3CL | token=USDC | idx=2754 | profit=0.600953 USDC | amount_in=1978.637 | p1=0xcdac…5c43 | p2=0x70ac…bae1 | p3=0xfcda…2278
2026-02-25T04:23:04Z | block=42602013 | kind=Triangular | hops=V2→V3CL→V3CL | token=USDC | idx=2773 | profit=0.575351 USDC | amount_in=1763.52 | p1=0xcdac…5c43 | p2=0x22ae…91d5 | p3=0xfcda…2278
2026-02-25T04:23:04Z | block=42602013 | kind=Triangular | hops=V2→V3CL→V3CL | token=USDC | idx=2756 | profit=0.890783 USDC | amount_in=3721.826 | p1=0xcdac…5c43 | p2=0x70ac…bae1 | p3=0xfbb6…43ef
2026-02-25T04:23:04Z | block=42602013 | kind=Triangular | hops=V2→V3CL→V3CL | token=USDC | idx=2775 | profit=0.753126 USDC | amount_in=2990.905 | p1=0xcdac…5c43 | p2=0x22ae…91d5 | p3=0xfbb6…43ef
2026-02-25T04:23:05Z | block=42602014 | kind=Cross-dex | hops=V3CL→V2 | token=WETH | idx=2602 | profit=0.001678930522075647 WETH | amount_in=2.575 | p1=0xdbc6…30f1 | p2=0xcdac…5c43 | p3=0xdbc6…30f1
2026-02-25T04:23:05Z | block=42602014 | kind=Cross-dex | hops=V3CL→V2 | token=WETH | idx=2593 | profit=0.001865637628081133 WETH | amount_in=3.246 | p1=0xb2cc…dc59 | p2=0xcdac…5c43 | p3=0xb2cc…dc59
2026-02-25T04:23:05Z | block=42602014 | kind=Cross-dex | hops=V3CL→V2 | token=WETH | idx=2647 | profit=0.001505313399780404 WETH | amount_in=2.729 | p1=0xd0b5…f224 | p2=0xcdac…5c43 | p3=0xd0b5…f224
2026-02-25T04:23:05Z | block=42602014 | kind=Cross-dex | hops=V2→V3CL | token=USDC | idx=5095 | profit=3.203951 USDC | amount_in=4915.816 | p1=0xcdac…5c43 | p2=0xdbc6…30f1 | p3=0xcdac…5c43
2026-02-25T04:23:06Z | block=42602014 | kind=Cross-dex | hops=V2→V3CL | token=USDC | idx=5099 | profit=1.406703 USDC | amount_in=1457.098 | p1=0xcdac…5c43 | p2=0xb4cb…00e5 | p3=0xcdac…5c43
2026-02-25T04:23:06Z | block=42602014 | kind=Cross-dex | hops=V2→V3CL | token=USDC | idx=5094 | profit=3.57483 USDC | amount_in=6218.408 | p1=0xcdac…5c43 | p2=0xb2cc…dc59 | p3=0xcdac…5c43
2026-02-25T04:23:06Z | block=42602014 | kind=Cross-dex | hops=V2→V3CL | token=USDC | idx=5100 | profit=2.872795 USDC | amount_in=5210.197 | p1=0xcdac…5c43 | p2=0xd0b5…f224 | p3=0xcdac…5c43
2026-02-25T04:23:06Z | block=42602015 | kind=Cross-dex | hops=V3CL→V2 | token=WETH | idx=2602 | profit=0.001930543181387292 WETH | amount_in=2.71 | p1=0xdbc6…30f1 | p2=0xcdac…5c43 | p3=0xdbc6…30f1
2026-02-25T04:23:06Z | block=42602015 | kind=Cross-dex | hops=V3CL→V2 | token=WETH | idx=2593 | profit=0.00187212723691975 WETH | amount_in=3.256 | p1=0xb2cc…dc59 | p2=0xcdac…5c43 | p3=0xb2cc…dc59
2026-02-25T04:23:06Z | block=42602015 | kind=Cross-dex | hops=V3CL→V2 | token=WETH | idx=2647 | profit=0.001505303755084942 WETH | amount_in=2.729 | p1=0xd0b5…f224 | p2=0xcdac…5c43 | p3=0xd0b5…f224
2026-02-25T04:23:07Z | block=42602015 | kind=Triangular | hops=V3CL→V3CL→V2 | token=WETH | idx=980 | profit=0.001062288070819485 WETH | amount_in=2.664 | p1=0x70ac…bae1 | p2=0x4e96…e778 | p3=0xcdac…5c43
2026-02-25T04:23:07Z | block=42602015 | kind=Triangular | hops=V3CL→V3CL→V2 | token=WETH | idx=999 | profit=0.000952125969330781 WETH | amount_in=2.264 | p1=0x70ac…bae1 | p2=0x3e66…a9fb | p3=0xcdac…5c43
2026-02-25T04:23:07Z | block=42602015 | kind=Triangular | hops=V3CL→V3CL→V2 | token=WETH | idx=1040 | profit=0.000586478735680711 WETH | amount_in=2.086 | p1=0x70ac…bae1 | p2=0xfbb6…43ef | p3=0xcdac…5c43
2026-02-25T04:23:07Z | block=42602015 | kind=Triangular | hops=V3CL→V3CL→V2 | token=WETH | idx=1015 | profit=0.000322400313857853 WETH | amount_in=1.026 | p1=0x70ac…bae1 | p2=0xfcda…2278 | p3=0xcdac…5c43
2026-02-25T04:23:07Z | block=42602015 | kind=Cross-dex | hops=V2→V3CL | token=USDC | idx=5095 | profit=3.68503 USDC | amount_in=5173.509 | p1=0xcdac…5c43 | p2=0xdbc6…30f1 | p3=0xcdac…5c43
2026-02-25T04:23:07Z | block=42602015 | kind=Cross-dex | hops=V2→V3CL | token=USDC | idx=5099 | profit=1.462194 USDC | amount_in=1389.648 | p1=0xcdac…5c43 | p2=0xb4cb…00e5 | p3=0xcdac…5c43
2026-02-25T04:23:07Z | block=42602015 | kind=Cross-dex | hops=V2→V3CL | token=USDC | idx=5094 | profit=3.574775 USDC | amount_in=6218.408 | p1=0xcdac…5c43 | p2=0xb2cc…dc59 | p3=0xcdac…5c43
2026-02-25T04:23:08Z | block=42602015 | kind=Cross-dex | hops=V2→V3CL | token=USDC | idx=5100 | profit=2.87274 USDC | amount_in=5210.197 | p1=0xcdac…5c43 | p2=0xd0b5…f224 | p3=0xcdac…5c43
2026-02-25T04:23:08Z | block=42602015 | kind=Triangular | hops=V2→V3CL→V3CL | token=USDC | idx=2753 | profit=1.815252 USDC | amount_in=4321.697 | p1=0xcdac…5c43 | p2=0x70ac…bae1 | p3=0x3e66…a9fb
2026-02-25T04:23:08Z | block=42602015 | kind=Triangular | hops=V2→V3CL→V3CL | token=USDC | idx=2752 | profit=2.102862 USDC | amount_in=5103.591 | p1=0xcdac…5c43 | p2=0x70ac…bae1 | p3=0x4e96…e778
2026-02-25T04:23:08Z | block=42602015 | kind=Triangular | hops=V2→V3CL→V3CL | token=USDC | idx=2756 | profit=1.108454 USDC | amount_in=3998.258 | p1=0xcdac…5c43 | p2=0x70ac…bae1 | p3=0xfbb6…43ef
2026-02-25T04:23:08Z | block=42602015 | kind=Triangular | hops=V2→V3CL→V3CL | token=USDC | idx=2754 | profit=0.600943 USDC | amount_in=1978.673 | p1=0xcdac…5c43 | p2=0x70ac…bae1 | p3=0xfcda…2278
2026-02-25T04:23:08Z | block=42602016 | kind=Triangular | hops=V3CL→V3CL→V2 | token=WETH | idx=980 | profit=0.001087235040205404 WETH | amount_in=2.703 | p1=0x70ac…bae1 | p2=0x4e96…e778 | p3=0xcdac…5c43
2026-02-25T04:23:09Z | block=42602016 | kind=Triangular | hops=V3CL→V3CL→V2 | token=WETH | idx=999 | profit=0.00094957563715519 WETH | amount_in=2.269 | p1=0x70ac…bae1 | p2=0x3e66…a9fb | p3=0xcdac…5c43
2026-02-25T04:23:09Z | block=42602016 | kind=Triangular | hops=V3CL→V3CL→V2 | token=WETH | idx=1364 | profit=0.000885526482232619 WETH | amount_in=2.105 | p1=0x22ae…91d5 | p2=0x4e96…e778 | p3=0xcdac…5c43
2026-02-25T04:23:09Z | block=42602016 | kind=Triangular | hops=V3CL→V3CL→V2 | token=WETH | idx=1383 | profit=0.000804398355095355 WETH | amount_in=1.838 | p1=0x22ae…91d5 | p2=0x3e66…a9fb | p3=0xcdac…5c43
2026-02-25T04:23:09Z | block=42602016 | kind=Triangular | hops=V3CL→V3CL→V2 | token=WETH | idx=1040 | profit=0.000582666630363703 WETH | amount_in=2.093 | p1=0x70ac…bae1 | p2=0xfbb6…43ef | p3=0xcdac…5c43
2026-02-25T04:23:09Z | block=42602016 | kind=Triangular | hops=V3CL→V3CL→V2 | token=WETH | idx=1424 | profit=0.000488719012773871 WETH | amount_in=1.682 | p1=0x22ae…91d5 | p2=0xfbb6…43ef | p3=0xcdac…5c43
2026-02-25T04:23:09Z | block=42602016 | kind=Triangular | hops=V3CL→V3CL→V2 | token=WETH | idx=1015 | profit=0.000322411010701911 WETH | amount_in=1.026 | p1=0x70ac…bae1 | p2=0xfcda…2278 | p3=0xcdac…5c43
2026-02-25T04:23:09Z | block=42602016 | kind=Triangular | hops=V3CL→V3CL→V2 | token=WETH | idx=1399 | profit=0.000299927040666587 WETH | amount_in=0.931 | p1=0x22ae…91d5 | p2=0xfcda…2278 | p3=0xcdac…5c43
2026-02-25T04:23:09Z | block=42602016 | kind=Cross-dex | hops=V2→V3CL | token=USDC | idx=5099 | profit=1.554483 USDC | amount_in=1458.435 | p1=0xcdac…5c43 | p2=0xb4cb…00e5 | p3=0xcdac…5c43
2026-02-25T04:23:10Z | block=42602016 | kind=Triangular | hops=V2→V3CL→V3CL | token=USDC | idx=2772 | profit=1.537958 USDC | amount_in=3497.14 | p1=0xcdac…5c43 | p2=0x22ae…91d5 | p3=0x3e66…a9fb
2026-02-25T04:23:10Z | block=42602016 | kind=Triangular | hops=V2→V3CL→V3CL | token=USDC | idx=2753 | profit=1.815313 USDC | amount_in=4321.697 | p1=0xcdac…5c43 | p2=0x70ac…bae1 | p3=0x3e66…a9fb
2026-02-25T04:23:10Z | block=42602016 | kind=Triangular | hops=V2→V3CL→V3CL | token=USDC | idx=2752 | profit=2.102923 USDC | amount_in=5103.591 | p1=0xcdac…5c43 | p2=0x70ac…bae1 | p3=0x4e96…e778
2026-02-25T04:23:10Z | block=42602016 | kind=Triangular | hops=V2→V3CL→V3CL | token=USDC | idx=2771 | profit=1.691493 USDC | amount_in=4010.591 | p1=0xcdac…5c43 | p2=0x22ae…91d5 | p3=0x4e96…e778
2026-02-25T04:23:10Z | block=42602016 | kind=Triangular | hops=V2→V3CL→V3CL | token=USDC | idx=2775 | profit=1.02901 USDC | amount_in=3244.512 | p1=0xcdac…5c43 | p2=0x22ae…91d5 | p3=0xfbb6…43ef
2026-02-25T04:23:10Z | block=42602016 | kind=Triangular | hops=V2→V3CL→V3CL | token=USDC | idx=2756 | profit=1.122908 USDC | amount_in=3992.814 | p1=0xcdac…5c43 | p2=0x70ac…bae1 | p3=0xfbb6…43ef
2026-02-25T04:23:10Z | block=42602016 | kind=Triangular | hops=V2→V3CL→V3CL | token=USDC | idx=2773 | profit=0.6187 USDC | amount_in=1806.006 | p1=0xcdac…5c43 | p2=0x22ae…91d5 | p3=0xfcda…2278
2026-02-25T04:23:10Z | block=42602016 | kind=Triangular | hops=V2→V3CL→V3CL | token=USDC | idx=2754 | profit=0.603891 USDC | amount_in=1978.53 | p1=0xcdac…5c43 | p2=0x70ac…bae1 | p3=0xfcda…2278
2026-02-25T04:23:10Z | block=42602017 | kind=Cross-dex | hops=V3CL→V2 | token=WETH | idx=2602 | profit=0.001695620023810496 WETH | amount_in=2.584 | p1=0xdbc6…30f1 | p2=0xcdac…5c43 | p3=0xdbc6…30f1
2026-02-25T04:23:11Z | block=42602017 | kind=Triangular | hops=V3CL→V3CL→V2 | token=WETH | idx=980 | profit=0.001104034923451882 WETH | amount_in=2.69 | p1=0x70ac…bae1 | p2=0x4e96…e778 | p3=0xcdac…5c43
2026-02-25T04:23:11Z | block=42602017 | kind=Triangular | hops=V3CL→V3CL→V2 | token=WETH | idx=999 | profit=0.000956781794657058 WETH | amount_in=2.269 | p1=0x70ac…bae1 | p2=0x3e66…a9fb | p3=0xcdac…5c43
2026-02-25T04:23:11Z | block=42602017 | kind=Triangular | hops=V3CL→V3CL→V2 | token=WETH | idx=1040 | profit=0.000588843815080588 WETH | amount_in=2.093 | p1=0x70ac…bae1 | p2=0xfbb6…43ef | p3=0xcdac…5c43
2026-02-25T04:23:11Z | block=42602017 | kind=Triangular | hops=V3CL→V3CL→V2 | token=WETH | idx=1015 | profit=0.000323780112567851 WETH | amount_in=1.026 | p1=0x70ac…bae1 | p2=0xfcda…2278 | p3=0xcdac…5c43
2026-02-25T04:23:11Z | block=42602017 | kind=Cross-dex | hops=V2→V3CL | token=USDC | idx=5095 | profit=3.235771 USDC | amount_in=4933.151 | p1=0xcdac…5c43 | p2=0xdbc6…30f1 | p3=0xcdac…5c43
2026-02-25T04:23:11Z | block=42602017 | kind=Cross-dex | hops=V2→V3CL | token=USDC | idx=5099 | profit=1.402699 USDC | amount_in=1453.917 | p1=0xcdac…5c43 | p2=0xb4cb…00e5 | p3=0xcdac…5c43
2026-02-25T04:23:11Z | block=42602017 | kind=Triangular | hops=V2→V3CL→V3CL | token=USDC | idx=2753 | profit=1.823507 USDC | amount_in=4332.085 | p1=0xcdac…5c43 | p2=0x70ac…bae1 | p3=0x3e66…a9fb
2026-02-25T04:23:11Z | block=42602017 | kind=Triangular | hops=V2→V3CL→V3CL | token=USDC | idx=2752 | profit=2.091569 USDC | amount_in=5164.99 | p1=0xcdac…5c43 | p2=0x70ac…bae1 | p3=0x4e96…e778
2026-02-25T04:23:12Z | block=42602017 | kind=Triangular | hops=V2→V3CL→V3CL | token=USDC | idx=2756 | profit=1.122884 USDC | amount_in=3992.814 | p1=0xcdac…5c43 | p2=0x70ac…bae1 | p3=0xfbb6…43ef
2026-02-25T04:23:12Z | block=42602017 | kind=Triangular | hops=V2→V3CL→V3CL | token=USDC | idx=2754 | profit=0.603867 USDC | amount_in=1978.53 | p1=0xcdac…5c43 | p2=0x70ac…bae1 | p3=0xfcda…2278
2026-02-25T04:23:12Z | block=42602018 | kind=Cross-dex | hops=V3CL→V2 | token=WETH | idx=2602 | profit=0.001792426129560623 WETH | amount_in=2.637 | p1=0xdbc6…30f1 | p2=0xcdac…5c43 | p3=0xdbc6…30f1
2026-02-25T04:23:12Z | block=42602018 | kind=Triangular | hops=V3CL→V3CL→V2 | token=WETH | idx=980 | profit=0.00110403281915469 WETH | amount_in=2.69 | p1=0x70ac…bae1 | p2=0x4e96…e778 | p3=0xcdac…5c43
2026-02-25T04:23:12Z | block=42602018 | kind=Triangular | hops=V3CL→V3CL→V2 | token=WETH | idx=1364 | profit=0.001051830317636553 WETH | amount_in=2.242 | p1=0x22ae…91d5 | p2=0x4e96…e778 | p3=0xcdac…5c43
2026-02-25T04:23:12Z | block=42602018 | kind=Triangular | hops=V3CL→V3CL→V2 | token=WETH | idx=999 | profit=0.000956779690359866 WETH | amount_in=2.269 | p1=0x70ac…bae1 | p2=0x3e66…a9fb | p3=0xcdac…5c43
2026-02-25T04:23:12Z | block=42602018 | kind=Triangular | hops=V3CL→V3CL→V2 | token=WETH | idx=1383 | profit=0.000956746317720066 WETH | amount_in=1.944 | p1=0x22ae…91d5 | p2=0x3e66…a9fb | p3=0xcdac…5c43
2026-02-25T04:23:12Z | block=42602018 | kind=Triangular | hops=V3CL→V3CL→V2 | token=WETH | idx=1040 | profit=0.000588841710783396 WETH | amount_in=2.093 | p1=0x70ac…bae1 | p2=0xfbb6…43ef | p3=0xcdac…5c43
2026-02-25T04:23:12Z | block=42602018 | kind=Triangular | hops=V3CL→V3CL→V2 | token=WETH | idx=1924 | profit=0.00057593354725033 WETH | amount_in=1.985 | p1=0x7aea…abd1 | p2=0x4e96…e778 | p3=0xcdac…5c43
2026-02-25T04:23:13Z | block=42602018 | kind=Triangular | hops=V3CL→V3CL→V2 | token=WETH | idx=1424 | profit=0.000621217968934808 WETH | amount_in=1.793 | p1=0x22ae…91d5 | p2=0xfbb6…43ef | p3=0xcdac…5c43
2026-02-25T04:23:13Z | block=42602018 | kind=Triangular | hops=V3CL→V3CL→V2 | token=WETH | idx=1943 | profit=0.000517939027068416 WETH | amount_in=1.73 | p1=0x7aea…abd1 | p2=0x3e66…a9fb | p3=0xcdac…5c43
2026-02-25T04:23:13Z | block=42602018 | kind=Triangular | hops=V3CL→V3CL→V2 | token=WETH | idx=1015 | profit=0.000323778008270659 WETH | amount_in=1.026 | p1=0x70ac…bae1 | p2=0xfcda…2278 | p3=0xcdac…5c43
2026-02-25T04:23:13Z | block=42602018 | kind=Cross-dex | hops=V2→V3CL | token=USDC | idx=5095 | profit=3.420928 USDC | amount_in=5034.189 | p1=0xcdac…5c43 | p2=0xdbc6…30f1 | p3=0xcdac…5c43
2026-02-25T04:23:13Z | block=42602018 | kind=Cross-dex | hops=V2→V3CL | token=USDC | idx=5099 | profit=1.498968 USDC | amount_in=1417.228 | p1=0xcdac…5c43 | p2=0xb4cb…00e5 | p3=0xcdac…5c43
2026-02-25T04:23:14Z | block=42602018 | kind=Triangular | hops=V2→V3CL→V3CL | token=USDC | idx=2772 | profit=1.828157 USDC | amount_in=3701.67 | p1=0xcdac…5c43 | p2=0x22ae…91d5 | p3=0x3e66…a9fb
2026-02-25T04:23:14Z | block=42602018 | kind=Triangular | hops=V2→V3CL→V3CL | token=USDC | idx=2753 | profit=1.823495 USDC | amount_in=4332.085 | p1=0xcdac…5c43 | p2=0x70ac…bae1 | p3=0x3e66…a9fb
2026-02-25T04:23:14Z | block=42602018 | kind=Triangular | hops=V2→V3CL→V3CL | token=USDC | idx=2752 | profit=2.091557 USDC | amount_in=5164.99 | p1=0xcdac…5c43 | p2=0x70ac…bae1 | p3=0x4e96…e778
2026-02-25T04:23:14Z | block=42602018 | kind=Triangular | hops=V2→V3CL→V3CL | token=USDC | idx=2771 | profit=2.027797 USDC | amount_in=4235.366 | p1=0xcdac…5c43 | p2=0x22ae…91d5 | p3=0x4e96…e778
2026-02-25T04:23:14Z | block=42602018 | kind=Triangular | hops=V2→V3CL→V3CL | token=USDC | idx=2775 | profit=1.182297 USDC | amount_in=3422.749 | p1=0xcdac…5c43 | p2=0x22ae…91d5 | p3=0xfbb6…43ef
2026-02-25T04:23:14Z | block=42602018 | kind=Triangular | hops=V2→V3CL→V3CL | token=USDC | idx=2756 | profit=1.122872 USDC | amount_in=3992.814 | p1=0xcdac…5c43 | p2=0x70ac…bae1 | p3=0xfbb6…43ef
2026-02-25T04:23:15Z | block=42602018 | kind=Triangular | hops=V2→V3CL→V3CL | token=USDC | idx=2754 | profit=0.603855 USDC | amount_in=1978.53 | p1=0xcdac…5c43 | p2=0x70ac…bae1 | p3=0xfcda…2278
2026-02-25T04:23:15Z | block=42602018 | kind=Triangular | hops=V2→V3CL→V3CL | token=USDC | idx=2793 | profit=1.007913 USDC | amount_in=3256.994 | p1=0xcdac…5c43 | p2=0x7aea…abd1 | p3=0x3e66…a9fb
2026-02-25T04:23:15Z | block=42602018 | kind=Triangular | hops=V2→V3CL→V3CL | token=USDC | idx=2792 | profit=1.105952 USDC | amount_in=3771.01 | p1=0xcdac…5c43 | p2=0x7aea…abd1 | p3=0x4e96…e778
2026-02-25T04:23:15Z | block=42602019 | kind=Cross-dex | hops=V3CL→V2 | token=WETH | idx=2602 | profit=0.001765458586022832 WETH | amount_in=2.623 | p1=0xdbc6…30f1 | p2=0xcdac…5c43 | p3=0xdbc6…30f1
2026-02-25T04:23:15Z | block=42602019 | kind=Cross-dex | hops=V3CL→V2 | token=WETH | idx=2647 | profit=0.001271621696057015 WETH | amount_in=2.577 | p1=0xd0b5…f224 | p2=0xcdac…5c43 | p3=0xd0b5…f224
2026-02-25T04:23:15Z | block=42602019 | kind=Triangular | hops=V3CL→V3CL→V2 | token=WETH | idx=1364 | profit=0.001051835578379533 WETH | amount_in=2.242 | p1=0x22ae…91d5 | p2=0x4e96…e778 | p3=0xcdac…5c43
2026-02-25T04:23:15Z | block=42602019 | kind=Triangular | hops=V3CL→V3CL→V2 | token=WETH | idx=980 | profit=0.00110403807989767 WETH | amount_in=2.69 | p1=0x70ac…bae1 | p2=0x4e96…e778 | p3=0xcdac…5c43
2026-02-25T04:23:15Z | block=42602019 | kind=Triangular | hops=V3CL→V3CL→V2 | token=WETH | idx=999 | profit=0.000956784951102846 WETH | amount_in=2.269 | p1=0x70ac…bae1 | p2=0x3e66…a9fb | p3=0xcdac…5c43
2026-02-25T04:23:15Z | block=42602019 | kind=Triangular | hops=V3CL→V3CL→V2 | token=WETH | idx=1040 | profit=0.000588846971526376 WETH | amount_in=2.093 | p1=0x70ac…bae1 | p2=0xfbb6…43ef | p3=0xcdac…5c43
2026-02-25T04:23:16Z | block=42602019 | kind=Triangular | hops=V3CL→V3CL→V2 | token=WETH | idx=1924 | profit=0.00057593880799331 WETH | amount_in=1.985 | p1=0x7aea…abd1 | p2=0x4e96…e778 | p3=0xcdac…5c43
2026-02-25T04:23:16Z | block=42602019 | kind=Triangular | hops=V3CL→V3CL→V2 | token=WETH | idx=1015 | profit=0.000323783269013639 WETH | amount_in=1.026 | p1=0x70ac…bae1 | p2=0xfcda…2278 | p3=0xcdac…5c43
2026-02-25T04:23:16Z | block=42602019 | kind=Cross-dex | hops=V2→V3CL | token=USDC | idx=5095 | profit=3.44769 USDC | amount_in=5049.414 | p1=0xcdac…5c43 | p2=0xdbc6…30f1 | p3=0xcdac…5c43
2026-02-25T04:23:16Z | block=42602019 | kind=Cross-dex | hops=V2→V3CL | token=USDC | idx=5099 | profit=1.450595 USDC | amount_in=1380.861 | p1=0xcdac…5c43 | p2=0xb4cb…00e5 | p3=0xcdac…5c43
2026-02-25T04:23:16Z | block=42602019 | kind=Cross-dex | hops=V2→V3CL | token=USDC | idx=5100 | profit=2.422995 USDC | amount_in=4919.179 | p1=0xcdac…5c43 | p2=0xd0b5…f224 | p3=0xcdac…5c43
2026-02-25T04:23:17Z | block=42602019 | kind=Triangular | hops=V2→V3CL→V3CL | token=USDC | idx=2753 | profit=1.823525 USDC | amount_in=4332.085 | p1=0xcdac…5c43 | p2=0x70ac…bae1 | p3=0x3e66…a9fb
2026-02-25T04:23:17Z | block=42602019 | kind=Triangular | hops=V2→V3CL→V3CL | token=USDC | idx=2771 | profit=1.972389 USDC | amount_in=4228.062 | p1=0xcdac…5c43 | p2=0x22ae…91d5 | p3=0x4e96…e778
2026-02-25T04:23:17Z | block=42602019 | kind=Triangular | hops=V2→V3CL→V3CL | token=USDC | idx=2752 | profit=2.091587 USDC | amount_in=5164.99 | p1=0xcdac…5c43 | p2=0x70ac…bae1 | p3=0x4e96…e778
2026-02-25T04:23:17Z | block=42602019 | kind=Triangular | hops=V2→V3CL→V3CL | token=USDC | idx=2756 | profit=1.122902 USDC | amount_in=3992.814 | p1=0xcdac…5c43 | p2=0x70ac…bae1 | p3=0xfbb6…43ef
2026-02-25T04:23:17Z | block=42602019 | kind=Triangular | hops=V2→V3CL→V3CL | token=USDC | idx=2754 | profit=0.603885 USDC | amount_in=1978.53 | p1=0xcdac…5c43 | p2=0x70ac…bae1 | p3=0xfcda…2278
2026-02-25T04:23:17Z | block=42602019 | kind=Triangular | hops=V2→V3CL→V3CL | token=USDC | idx=2792 | profit=1.105982 USDC | amount_in=3771.01 | p1=0xcdac…5c43 | p2=0x7aea…abd1 | p3=0x4e96…e778
2026-02-25T04:23:17Z | block=42602020 | kind=Cross-dex | hops=V3CL→V2 | token=WETH | idx=2602 | profit=0.00180688857305638 WETH | amount_in=2.644 | p1=0xdbc6…30f1 | p2=0xcdac…5c43 | p3=0xdbc6…30f1
2026-02-25T04:23:17Z | block=42602020 | kind=Cross-dex | hops=V3CL→V2 | token=WETH | idx=2647 | profit=0.001270359135875426 WETH | amount_in=2.576 | p1=0xd0b5…f224 | p2=0xcdac…5c43 | p3=0xd0b5…f224
2026-02-25T04:23:18Z | block=42602020 | kind=Triangular | hops=V3CL→V3CL→V2 | token=WETH | idx=1364 | profit=0.001039484735116852 WETH | amount_in=2.205 | p1=0x22ae…91d5 | p2=0x4e96…e778 | p3=0xcdac…5c43
2026-02-25T04:23:18Z | block=42602020 | kind=Triangular | hops=V3CL→V3CL→V2 | token=WETH | idx=980 | profit=0.001104027207695512 WETH | amount_in=2.69 | p1=0x70ac…bae1 | p2=0x4e96…e778 | p3=0xcdac…5c43
2026-02-25T04:23:18Z | block=42602020 | kind=Triangular | hops=V3CL→V3CL→V2 | token=WETH | idx=1383 | profit=0.000941405660651975 WETH | amount_in=1.921 | p1=0x22ae…91d5 | p2=0x3e66…a9fb | p3=0xcdac…5c43
2026-02-25T04:23:18Z | block=42602020 | kind=Triangular | hops=V3CL→V3CL→V2 | token=WETH | idx=999 | profit=0.000966506387198044 WETH | amount_in=2.263 | p1=0x70ac…bae1 | p2=0x3e66…a9fb | p3=0xcdac…5c43
2026-02-25T04:23:18Z | block=42602020 | kind=Triangular | hops=V3CL→V3CL→V2 | token=WETH | idx=1424 | profit=0.000707252718209628 WETH | amount_in=1.838 | p1=0x22ae…91d5 | p2=0xfbb6…43ef | p3=0xcdac…5c43
2026-02-25T04:23:18Z | block=42602020 | kind=Triangular | hops=V3CL→V3CL→V2 | token=WETH | idx=1040 | profit=0.00059166270736847 WETH | amount_in=2.099 | p1=0x70ac…bae1 | p2=0xfbb6…43ef | p3=0xcdac…5c43
2026-02-25T04:23:18Z | block=42602020 | kind=Triangular | hops=V3CL→V3CL→V2 | token=WETH | idx=1399 | profit=0.000420355832435186 WETH | amount_in=1.018 | p1=0x22ae…91d5 | p2=0xfcda…2278 | p3=0xcdac…5c43
2026-02-25T04:23:18Z | block=42602020 | kind=Triangular | hops=V3CL→V3CL→V2 | token=WETH | idx=1015 | profit=0.000325146231434882 WETH | amount_in=1.026 | p1=0x70ac…bae1 | p2=0xfcda…2278 | p3=0xcdac…5c43
2026-02-25T04:23:19Z | block=42602020 | kind=Cross-dex | hops=V2→V3CL | token=USDC | idx=5095 | profit=3.702659 USDC | amount_in=4826.127 | p1=0xcdac…5c43 | p2=0xdbc6…30f1 | p3=0xcdac…5c43
2026-02-25T04:23:19Z | block=42602020 | kind=Cross-dex | hops=V2→V3CL | token=USDC | idx=5099 | profit=1.741356 USDC | amount_in=1390.126 | p1=0xcdac…5c43 | p2=0xb4cb…00e5 | p3=0xcdac…5c43
2026-02-25T04:23:19Z | block=42602020 | kind=Cross-dex | hops=V2→V3CL | token=USDC | idx=5100 | profit=2.422933 USDC | amount_in=4919.179 | p1=0xcdac…5c43 | p2=0xd0b5…f224 | p3=0xcdac…5c43
2026-02-25T04:23:19Z | block=42602020 | kind=Triangular | hops=V2→V3CL→V3CL | token=USDC | idx=2772 | profit=1.993882 USDC | amount_in=3820.91 | p1=0xcdac…5c43 | p2=0x22ae…91d5 | p3=0x3e66…a9fb
2026-02-25T04:23:19Z | block=42602020 | kind=Triangular | hops=V2→V3CL→V3CL | token=USDC | idx=2753 | profit=1.827895 USDC | amount_in=4348.739 | p1=0xcdac…5c43 | p2=0x70ac…bae1 | p3=0x3e66…a9fb
2026-02-25T04:23:19Z | block=42602020 | kind=Triangular | hops=V2→V3CL→V3CL | token=USDC | idx=2771 | profit=2.219452 USDC | amount_in=4368.619 | p1=0xcdac…5c43 | p2=0x22ae…91d5 | p3=0x4e96…e778
2026-02-25T04:23:19Z | block=42602020 | kind=Triangular | hops=V2→V3CL→V3CL | token=USDC | idx=2752 | profit=2.109794 USDC | amount_in=5165.015 | p1=0xcdac…5c43 | p2=0x70ac…bae1 | p3=0x4e96…e778
2026-02-25T04:23:19Z | block=42602020 | kind=Triangular | hops=V2→V3CL→V3CL | token=USDC | idx=2756 | profit=1.11332 USDC | amount_in=4033.522 | p1=0xcdac…5c43 | p2=0x70ac…bae1 | p3=0xfbb6…43ef
2026-02-25T04:23:19Z | block=42602020 | kind=Triangular | hops=V2→V3CL→V3CL | token=USDC | idx=2775 | profit=1.35104 USDC | amount_in=3499.572 | p1=0xcdac…5c43 | p2=0x22ae…91d5 | p3=0xfbb6…43ef
2026-02-25T04:23:20Z | block=42602020 | kind=Triangular | hops=V2→V3CL→V3CL | token=USDC | idx=2754 | profit=0.598456 USDC | amount_in=1994.177 | p1=0xcdac…5c43 | p2=0x70ac…bae1 | p3=0xfcda…2278
2026-02-25T04:23:20Z | block=42602020 | kind=Triangular | hops=V2→V3CL→V3CL | token=USDC | idx=2773 | profit=0.797372 USDC | amount_in=1944.851 | p1=0xcdac…5c43 | p2=0x22ae…91d5 | p3=0xfcda…2278
2026-02-25T04:23:20Z | block=42602021 | kind=Cross-dex | hops=V3CL→V2 | token=WETH | idx=2602 | profit=0.002141853573436049 WETH | amount_in=2.682 | p1=0xdbc6…30f1 | p2=0xcdac…5c43 | p3=0xdbc6…30f1
2026-02-25T04:23:20Z | block=42602021 | kind=Triangular | hops=V3CL→V3CL→V2 | token=WETH | idx=1364 | profit=0.00121880899612403 WETH | amount_in=2.215 | p1=0x22ae…91d5 | p2=0x4e96…e778 | p3=0xcdac…5c43
2026-02-25T04:23:20Z | block=42602021 | kind=Triangular | hops=V3CL→V3CL→V2 | token=WETH | idx=1383 | profit=0.001110041083903891 WETH | amount_in=1.949 | p1=0x22ae…91d5 | p2=0x3e66…a9fb | p3=0xcdac…5c43
2026-02-25T04:23:20Z | block=42602021 | kind=Triangular | hops=V3CL→V3CL→V2 | token=WETH | idx=1424 | profit=0.000769034405083656 WETH | amount_in=1.806 | p1=0x22ae…91d5 | p2=0xfbb6…43ef | p3=0xcdac…5c43
2026-02-25T04:23:20Z | block=42602021 | kind=Triangular | hops=V3CL→V3CL→V2 | token=WETH | idx=1399 | profit=0.000475072235653785 WETH | amount_in=1.024 | p1=0x22ae…91d5 | p2=0xfcda…2278 | p3=0xcdac…5c43
2026-02-25T04:23:21Z | block=42602021 | kind=Cross-dex | hops=V2→V3CL | token=USDC | idx=5099 | profit=1.978212 USDC | amount_in=1449.575 | p1=0xcdac…5c43 | p2=0xb4cb…00e5 | p3=0xcdac…5c43
2026-02-25T04:23:21Z | block=42602021 | kind=Cross-dex | hops=V2→V3CL | token=USDC | idx=5095 | profit=4.087623 USDC | amount_in=5121.857 | p1=0xcdac…5c43 | p2=0xdbc6…30f1 | p3=0xcdac…5c43
2026-02-25T04:23:21Z | block=42602021 | kind=Triangular | hops=V2→V3CL→V3CL | token=USDC | idx=2772 | profit=2.116126 USDC | amount_in=3720.031 | p1=0xcdac…5c43 | p2=0x22ae…91d5 | p3=0x3e66…a9fb
2026-02-25T04:23:21Z | block=42602021 | kind=Triangular | hops=V2→V3CL→V3CL | token=USDC | idx=2771 | profit=2.328088 USDC | amount_in=4220.8 | p1=0xcdac…5c43 | p2=0x22ae…91d5 | p3=0x4e96…e778
2026-02-25T04:23:21Z | block=42602021 | kind=Triangular | hops=V2→V3CL→V3CL | token=USDC | idx=2775 | profit=1.463809 USDC | amount_in=3449.165 | p1=0xcdac…5c43 | p2=0x22ae…91d5 | p3=0xfbb6…43ef
2026-02-25T04:23:21Z | block=42602021 | kind=Triangular | hops=V2→V3CL→V3CL | token=USDC | idx=2773 | profit=0.893444 USDC | amount_in=1973.626 | p1=0xcdac…5c43 | p2=0x22ae…91d5 | p3=0xfcda…2278
2026-02-25T04:23:22Z | block=42602022 | kind=Cross-dex | hops=V3CL→V2 | token=WETH | idx=2602 | profit=0.002141853573436049 WETH | amount_in=2.682 | p1=0xdbc6…30f1 | p2=0xcdac…5c43 | p3=0xdbc6…30f1
2026-02-25T04:23:22Z | block=42602022 | kind=Cross-dex | hops=V2→V3CL | token=USDC | idx=5099 | profit=1.978212 USDC | amount_in=1449.575 | p1=0xcdac…5c43 | p2=0xb4cb…00e5 | p3=0xcdac…5c43
2026-02-25T04:23:22Z | block=42602022 | kind=Cross-dex | hops=V2→V3CL | token=USDC | idx=5095 | profit=4.727162 USDC | amount_in=5396.336 | p1=0xcdac…5c43 | p2=0xdbc6…30f1 | p3=0xcdac…5c43
2026-02-25T04:23:22Z | block=42602023 | kind=Cross-dex | hops=V3CL→V2 | token=WETH | idx=2602 | profit=0.002476210659659497 WETH | amount_in=2.826 | p1=0xdbc6…30f1 | p2=0xcdac…5c43 | p3=0xdbc6…30f1
2026-02-25T04:23:22Z | block=42602023 | kind=Triangular | hops=V3CL→V3CL→V2 | token=WETH | idx=1364 | profit=0.001237142746387688 WETH | amount_in=2.222 | p1=0x22ae…91d5 | p2=0x4e96…e778 | p3=0xcdac…5c43
2026-02-25T04:23:23Z | block=42602023 | kind=Triangular | hops=V3CL→V3CL→V2 | token=WETH | idx=1383 | profit=0.001110037927458104 WETH | amount_in=1.949 | p1=0x22ae…91d5 | p2=0x3e66…a9fb | p3=0xcdac…5c43
2026-02-25T04:23:23Z | block=42602023 | kind=Cross-dex | hops=V3CL→V2 | token=WETH | idx=2647 | profit=0.001251266127118342 WETH | amount_in=2.563 | p1=0xd0b5…f224 | p2=0xcdac…5c43 | p3=0xd0b5…f224
2026-02-25T04:23:23Z | block=42602023 | kind=Triangular | hops=V3CL→V3CL→V2 | token=WETH | idx=1424 | profit=0.000769031248637869 WETH | amount_in=1.806 | p1=0x22ae…91d5 | p2=0xfbb6…43ef | p3=0xcdac…5c43
2026-02-25T04:23:23Z | block=42602023 | kind=Triangular | hops=V3CL→V3CL→V2 | token=WETH | idx=1399 | profit=0.000475069079207998 WETH | amount_in=1.024 | p1=0x22ae…91d5 | p2=0xfcda…2278 | p3=0xcdac…5c43
2026-02-25T04:23:23Z | block=42602023 | kind=Triangular | hops=V3CL→V3CL→V2 | token=WETH | idx=932 | profit=0.000403459845125021 WETH | amount_in=0.842 | p1=0x9785…3c1b | p2=0xa41b…fcd1 | p3=0xcdac…5c43
2026-02-25T04:23:23Z | block=42602023 | kind=Triangular | hops=V3CL→V3CL→V2 | token=WETH | idx=1066 | profit=0.000306530845983261 WETH | amount_in=0.918 | p1=0x5d4e…52b5 | p2=0xc5e5…48c1 | p3=0xcdac…5c43
2026-02-25T04:23:23Z | block=42602023 | kind=Cross-dex | hops=V2→V3CL | token=USDC | idx=5095 | profit=4.727144 USDC | amount_in=5396.336 | p1=0xcdac…5c43 | p2=0xdbc6…30f1 | p3=0xcdac…5c43
2026-02-25T04:23:24Z | block=42602023 | kind=Cross-dex | hops=V2→V3CL | token=USDC | idx=5099 | profit=2.077349 USDC | amount_in=1423.174 | p1=0xcdac…5c43 | p2=0xb4cb…00e5 | p3=0xcdac…5c43
2026-02-25T04:23:24Z | block=42602023 | kind=Cross-dex | hops=V2→V3CL | token=USDC | idx=5100 | profit=2.386964 USDC | amount_in=4893.361 | p1=0xcdac…5c43 | p2=0xd0b5…f224 | p3=0xcdac…5c43
2026-02-25T04:23:24Z | block=42602023 | kind=Triangular | hops=V2→V3CL→V3CL | token=USDC | idx=2749 | profit=0.94233 USDC | amount_in=1721.444 | p1=0xcdac…5c43 | p2=0x9785…3c1b | p3=0xa41b…fcd1
2026-02-25T04:23:24Z | block=42602023 | kind=Triangular | hops=V2→V3CL→V3CL | token=USDC | idx=2758 | profit=0.792387 USDC | amount_in=1918.182 | p1=0xcdac…5c43 | p2=0x5d4e…52b5 | p3=0xc5e5…48c1
2026-02-25T04:23:24Z | block=42602023 | kind=Triangular | hops=V2→V3CL→V3CL | token=USDC | idx=2772 | profit=2.612417 USDC | amount_in=3984.403 | p1=0xcdac…5c43 | p2=0x22ae…91d5 | p3=0x3e66…a9fb
2026-02-25T04:23:24Z | block=42602023 | kind=Triangular | hops=V2→V3CL→V3CL | token=USDC | idx=2771 | profit=2.855082 USDC | amount_in=4481.318 | p1=0xcdac…5c43 | p2=0x22ae…91d5 | p3=0x4e96…e778
2026-02-25T04:23:24Z | block=42602023 | kind=Triangular | hops=V2→V3CL→V3CL | token=USDC | idx=2775 | profit=1.910685 USDC | amount_in=3731.851 | p1=0xcdac…5c43 | p2=0x22ae…91d5 | p3=0xfbb6…43ef
2026-02-25T04:23:25Z | block=42602023 | kind=Triangular | hops=V2→V3CL→V3CL | token=USDC | idx=2773 | profit=1.05411 USDC | amount_in=2064.985 | p1=0xcdac…5c43 | p2=0x22ae…91d5 | p3=0xfcda…2278
2026-02-25T04:23:25Z | block=42602024 | kind=Cross-dex | hops=V3CL→V2 | token=WETH | idx=2602 | profit=0.002982427445315751 WETH | amount_in=2.478 | p1=0xdbc6…30f1 | p2=0xcdac…5c43 | p3=0xdbc6…30f1
2026-02-25T04:23:25Z | block=42602024 | kind=Cross-dex | hops=V3CL→V2 | token=WETH | idx=2593 | profit=0.001847673305818737 WETH | amount_in=3.163 | p1=0xb2cc…dc59 | p2=0xcdac…5c43 | p3=0xb2cc…dc59
2026-02-25T04:23:25Z | block=42602024 | kind=Triangular | hops=V3CL→V3CL→V2 | token=WETH | idx=1364 | profit=0.001508653702860061 WETH | amount_in=2.323 | p1=0x22ae…91d5 | p2=0x4e96…e778 | p3=0xcdac…5c43
2026-02-25T04:23:25Z | block=42602024 | kind=Triangular | hops=V3CL→V3CL→V2 | token=WETH | idx=1383 | profit=0.001359993340460519 WETH | amount_in=2.107 | p1=0x22ae…91d5 | p2=0x3e66…a9fb | p3=0xcdac…5c43
2026-02-25T04:23:25Z | block=42602024 | kind=Triangular | hops=V3CL→V3CL→V2 | token=WETH | idx=980 | profit=0.001342161241687901 WETH | amount_in=2.81 | p1=0x70ac…bae1 | p2=0x4e96…e778 | p3=0xcdac…5c43
2026-02-25T04:23:25Z | block=42602024 | kind=Triangular | hops=V3CL→V3CL→V2 | token=WETH | idx=999 | profit=0.001175049372011007 WETH | amount_in=2.409 | p1=0x70ac…bae1 | p2=0x3e66…a9fb | p3=0xcdac…5c43
2026-02-25T04:23:25Z | block=42602024 | kind=Triangular | hops=V3CL→V3CL→V2 | token=WETH | idx=1424 | profit=0.001005946285240036 WETH | amount_in=1.948 | p1=0x22ae…91d5 | p2=0xfbb6…43ef | p3=0xcdac…5c43
2026-02-25T04:23:25Z | block=42602024 | kind=Triangular | hops=V3CL→V3CL→V2 | token=WETH | idx=1040 | profit=0.000777130291034489 WETH | amount_in=2.257 | p1=0x70ac…bae1 | p2=0xfbb6…43ef | p3=0xcdac…5c43
2026-02-25T04:23:26Z | block=42602024 | kind=Triangular | hops=V3CL→V3CL→V2 | token=WETH | idx=1399 | profit=0.000546647024817639 WETH | amount_in=1.097 | p1=0x22ae…91d5 | p2=0xfcda…2278 | p3=0xcdac…5c43
2026-02-25T04:23:26Z | block=42602024 | kind=Triangular | hops=V3CL→V3CL→V2 | token=WETH | idx=1015 | profit=0.000367963912203343 WETH | amount_in=1.067 | p1=0x70ac…bae1 | p2=0xfcda…2278 | p3=0xcdac…5c43
2026-02-25T04:23:26Z | block=42602024 | kind=Cross-dex | hops=V2→V3CL | token=USDC | idx=5095 | profit=6.070057 USDC | amount_in=6154.226 | p1=0xcdac…5c43 | p2=0xdbc6…30f1 | p3=0xcdac…5c43
2026-02-25T04:23:26Z | block=42602024 | kind=Cross-dex | hops=V2→V3CL | token=USDC | idx=5099 | profit=2.460236 USDC | amount_in=1473.166 | p1=0xcdac…5c43 | p2=0xb4cb…00e5 | p3=0xcdac…5c43
2026-02-25T04:23:26Z | block=42602024 | kind=Cross-dex | hops=V2→V3CL | token=USDC | idx=5094 | profit=4.001234 USDC | amount_in=6318.415 | p1=0xcdac…5c43 | p2=0xb2cc…dc59 | p3=0xcdac…5c43
2026-02-25T04:23:27Z | block=42602024 | kind=Triangular | hops=V2→V3CL→V3CL | token=USDC | idx=2753 | profit=2.215805 USDC | amount_in=4620.674 | p1=0xcdac…5c43 | p2=0x70ac…bae1 | p3=0x3e66…a9fb
2026-02-25T04:23:27Z | block=42602024 | kind=Triangular | hops=V2→V3CL→V3CL | token=USDC | idx=2772 | profit=2.612451 USDC | amount_in=3984.403 | p1=0xcdac…5c43 | p2=0x22ae…91d5 | p3=0x3e66…a9fb
2026-02-25T04:23:27Z | block=42602024 | kind=Triangular | hops=V2→V3CL→V3CL | token=USDC | idx=2771 | profit=2.901505 USDC | amount_in=4527.777 | p1=0xcdac…5c43 | p2=0x22ae…91d5 | p3=0x4e96…e778
2026-02-25T04:23:27Z | block=42602024 | kind=Triangular | hops=V2→V3CL→V3CL | token=USDC | idx=2752 | profit=2.581201 USDC | amount_in=5488.315 | p1=0xcdac…5c43 | p2=0x70ac…bae1 | p3=0x4e96…e778
2026-02-25T04:23:27Z | block=42602024 | kind=Triangular | hops=V2→V3CL→V3CL | token=USDC | idx=2756 | profit=1.471752 USDC | amount_in=4302.252 | p1=0xcdac…5c43 | p2=0x70ac…bae1 | p3=0xfbb6…43ef
2026-02-25T04:23:27Z | block=42602024 | kind=Triangular | hops=V2→V3CL→V3CL | token=USDC | idx=2775 | profit=1.910719 USDC | amount_in=3731.851 | p1=0xcdac…5c43 | p2=0x22ae…91d5 | p3=0xfbb6…43ef
2026-02-25T04:23:27Z | block=42602024 | kind=Triangular | hops=V2→V3CL→V3CL | token=USDC | idx=2773 | profit=1.313722 USDC | amount_in=2232.714 | p1=0xcdac…5c43 | p2=0x22ae…91d5 | p3=0xfcda…2278
2026-02-25T04:23:27Z | block=42602024 | kind=Triangular | hops=V2→V3CL→V3CL | token=USDC | idx=2754 | profit=0.94326 USDC | amount_in=2221.307 | p1=0xcdac…5c43 | p2=0x70ac…bae1 | p3=0xfcda…2278
2026-02-25T04:23:28Z | block=42602025 | kind=Cross-dex | hops=V3CL→V2 | token=WETH | idx=2602 | profit=0.003178443676510996 WETH | amount_in=3.222 | p1=0xdbc6…30f1 | p2=0xcdac…5c43 | p3=0xdbc6…30f1
2026-02-25T04:23:28Z | block=42602025 | kind=Triangular | hops=V3CL→V3CL→V2 | token=WETH | idx=1364 | profit=0.00151786655020642 WETH | amount_in=2.378 | p1=0x22ae…91d5 | p2=0x4e96…e778 | p3=0xcdac…5c43
2026-02-25T04:23:28Z | block=42602025 | kind=Cross-dex | hops=V3CL→V2 | token=WETH | idx=2647 | profit=0.001667515823964656 WETH | amount_in=2.827 | p1=0xd0b5…f224 | p2=0xcdac…5c43 | p3=0xd0b5…f224
2026-02-25T04:23:28Z | block=42602025 | kind=Triangular | hops=V3CL→V3CL→V2 | token=WETH | idx=1383 | profit=0.001359981942184064 WETH | amount_in=2.107 | p1=0x22ae…91d5 | p2=0x3e66…a9fb | p3=0xcdac…5c43
2026-02-25T04:23:28Z | block=42602025 | kind=Triangular | hops=V3CL→V3CL→V2 | token=WETH | idx=1424 | profit=0.001005934886963581 WETH | amount_in=1.948 | p1=0x22ae…91d5 | p2=0xfbb6…43ef | p3=0xcdac…5c43
2026-02-25T04:23:28Z | block=42602025 | kind=Triangular | hops=V3CL→V3CL→V2 | token=WETH | idx=1399 | profit=0.000690804081845442 WETH | amount_in=1.169 | p1=0x22ae…91d5 | p2=0xfcda…2278 | p3=0xcdac…5c43
2026-02-25T04:23:29Z | block=42602025 | kind=Cross-dex | hops=V2→V3CL | token=USDC | idx=5095 | profit=5.433619 USDC | amount_in=5434.059 | p1=0xcdac…5c43 | p2=0xdbc6…30f1 | p3=0xcdac…5c43
2026-02-25T04:23:29Z | block=42602025 | kind=Cross-dex | hops=V2→V3CL | token=USDC | idx=5099 | profit=2.460171 USDC | amount_in=1473.166 | p1=0xcdac…5c43 | p2=0xb4cb…00e5 | p3=0xcdac…5c43
2026-02-25T04:23:29Z | block=42602025 | kind=Cross-dex | hops=V2→V3CL | token=USDC | idx=5100 | profit=3.182807 USDC | amount_in=5397.626 | p1=0xcdac…5c43 | p2=0xd0b5…f224 | p3=0xcdac…5c43
2026-02-25T04:23:29Z | block=42602025 | kind=Triangular | hops=V2→V3CL→V3CL | token=USDC | idx=2772 | profit=2.612386 USDC | amount_in=3984.403 | p1=0xcdac…5c43 | p2=0x22ae…91d5 | p3=0x3e66…a9fb
2026-02-25T04:23:29Z | block=42602025 | kind=Triangular | hops=V2→V3CL→V3CL | token=USDC | idx=2771 | profit=2.90144 USDC | amount_in=4527.777 | p1=0xcdac…5c43 | p2=0x22ae…91d5 | p3=0x4e96…e778
2026-02-25T04:23:29Z | block=42602025 | kind=Triangular | hops=V2→V3CL→V3CL | token=USDC | idx=2773 | profit=1.313657 USDC | amount_in=2232.714 | p1=0xcdac…5c43 | p2=0x22ae…91d5 | p3=0xfcda…2278
2026-02-25T04:23:29Z | block=42602025 | kind=Triangular | hops=V2→V3CL→V3CL | token=USDC | idx=2775 | profit=1.910654 USDC | amount_in=3731.851 | p1=0xcdac…5c43 | p2=0x22ae…91d5 | p3=0xfbb6…43ef
2026-02-25T04:23:30Z | block=42602026 | kind=Cross-dex | hops=V3CL→V2 | token=WETH | idx=2602 | profit=0.002845379562147275 WETH | amount_in=2.847 | p1=0xdbc6…30f1 | p2=0xcdac…5c43 | p3=0xdbc6…30f1
2026-02-25T04:23:30Z | block=42602026 | kind=Cross-dex | hops=V3CL→V2 | token=WETH | idx=2647 | profit=0.001667514070383663 WETH | amount_in=2.827 | p1=0xd0b5…f224 | p2=0xcdac…5c43 | p3=0xd0b5…f224
2026-02-25T04:23:30Z | block=42602026 | kind=Cross-dex | hops=V2→V3CL | token=USDC | idx=5099 | profit=2.311551 USDC | amount_in=1472.656 | p1=0xcdac…5c43 | p2=0xb4cb…00e5 | p3=0xcdac…5c43
2026-02-25T04:23:30Z | block=42602026 | kind=Cross-dex | hops=V2→V3CL | token=USDC | idx=5095 | profit=4.798306 USDC | amount_in=4889.014 | p1=0xcdac…5c43 | p2=0xdbc6…30f1 | p3=0xcdac…5c43
2026-02-25T04:23:30Z | block=42602026 | kind=Cross-dex | hops=V2→V3CL | token=USDC | idx=5100 | profit=3.181136 USDC | amount_in=5397.709 | p1=0xcdac…5c43 | p2=0xd0b5…f224 | p3=0xcdac…5c43
2026-02-25T04:23:31Z | block=42602027 | kind=Cross-dex | hops=V3CL→V2 | token=WETH | idx=2602 | profit=0.002513290637051682 WETH | amount_in=2.562 | p1=0xdbc6…30f1 | p2=0xcdac…5c43 | p3=0xdbc6…30f1
2026-02-25T04:23:31Z | block=42602027 | kind=Cross-dex | hops=V3CL→V2 | token=WETH | idx=2593 | profit=0.002191195795813344 WETH | amount_in=3.46 | p1=0xb2cc…dc59 | p2=0xcdac…5c43 | p3=0xb2cc…dc59
2026-02-25T04:23:31Z | block=42602027 | kind=Triangular | hops=V3CL→V3CL→V2 | token=WETH | idx=1364 | profit=0.001731430631943095 WETH | amount_in=2.478 | p1=0x22ae…91d5 | p2=0x4e96…e778 | p3=0xcdac…5c43
2026-02-25T04:23:31Z | block=42602027 | kind=Triangular | hops=V3CL→V3CL→V2 | token=WETH | idx=1383 | profit=0.00150833840729463 WETH | amount_in=2.171 | p1=0x22ae…91d5 | p2=0x3e66…a9fb | p3=0xcdac…5c43
2026-02-25T04:23:31Z | block=42602027 | kind=Cross-dex | hops=V3CL→V2 | token=WETH | idx=2647 | profit=0.00166716115071796 WETH | amount_in=2.826 | p1=0xd0b5…f224 | p2=0xcdac…5c43 | p3=0xd0b5…f224
2026-02-25T04:23:31Z | block=42602027 | kind=Triangular | hops=V3CL→V3CL→V2 | token=WETH | idx=980 | profit=0.001618048658810906 WETH | amount_in=3.054 | p1=0x70ac…bae1 | p2=0x4e96…e778 | p3=0xcdac…5c43
2026-02-25T04:23:32Z | block=42602027 | kind=Triangular | hops=V3CL→V3CL→V2 | token=WETH | idx=999 | profit=0.001340506772610332 WETH | amount_in=2.534 | p1=0x70ac…bae1 | p2=0x3e66…a9fb | p3=0xcdac…5c43
2026-02-25T04:23:32Z | block=42602027 | kind=Triangular | hops=V3CL→V3CL→V2 | token=WETH | idx=1424 | profit=0.001149926001713976 WETH | amount_in=2.051 | p1=0x22ae…91d5 | p2=0xfbb6…43ef | p3=0xcdac…5c43
2026-02-25T04:23:32Z | block=42602027 | kind=Triangular | hops=V3CL→V3CL→V2 | token=WETH | idx=1924 | profit=0.001166761861262939 WETH | amount_in=2.457 | p1=0x7aea…abd1 | p2=0x4e96…e778 | p3=0xcdac…5c43
2026-02-25T04:23:32Z | block=42602027 | kind=Triangular | hops=V3CL→V3CL→V2 | token=WETH | idx=1040 | profit=0.000971759605131669 WETH | amount_in=2.417 | p1=0x70ac…bae1 | p2=0xfbb6…43ef | p3=0xcdac…5c43
2026-02-25T04:23:32Z | block=42602027 | kind=Triangular | hops=V3CL→V3CL→V2 | token=WETH | idx=1943 | profit=0.000997505891124115 WETH | amount_in=2.085 | p1=0x7aea…abd1 | p2=0x3e66…a9fb | p3=0xcdac…5c43
2026-02-25T04:23:32Z | block=42602027 | kind=Triangular | hops=V3CL→V3CL→V2 | token=WETH | idx=1399 | profit=0.000877020207830184 WETH | amount_in=1.28 | p1=0x22ae…91d5 | p2=0xfcda…2278 | p3=0xcdac…5c43
2026-02-25T04:23:32Z | block=42602027 | kind=Triangular | hops=V3CL→V3CL→V2 | token=WETH | idx=1015 | profit=0.000601993491012401 WETH | amount_in=1.235 | p1=0x70ac…bae1 | p2=0xfcda…2278 | p3=0xcdac…5c43
2026-02-25T04:23:32Z | block=42602027 | kind=Triangular | hops=V3CL→V3CL→V2 | token=WETH | idx=1984 | profit=0.000667562782945473 WETH | amount_in=1.933 | p1=0x7aea…abd1 | p2=0xfbb6…43ef | p3=0xcdac…5c43
2026-02-25T04:23:32Z | block=42602027 | kind=Triangular | hops=V3CL→V3CL→V2 | token=WETH | idx=1050 | profit=0.000495792516426588 WETH | amount_in=1.045 | p1=0x5d4e…52b5 | p2=0xe846…0ec7 | p3=0xcdac…5c43
2026-02-25T04:23:32Z | block=42602027 | kind=Triangular | hops=V3CL→V3CL→V2 | token=WETH | idx=932 | profit=0.000495325006410844 WETH | amount_in=0.903 | p1=0x9785…3c1b | p2=0xa41b…fcd1 | p3=0xcdac…5c43
2026-02-25T04:23:32Z | block=42602027 | kind=Triangular | hops=V3CL→V3CL→V2 | token=WETH | idx=1066 | profit=0.000473654982579329 WETH | amount_in=1.048 | p1=0x5d4e…52b5 | p2=0xc5e5…48c1 | p3=0xcdac…5c43
2026-02-25T04:23:33Z | block=42602027 | kind=Triangular | hops=V3CL→V3CL→V2 | token=WETH | idx=942 | profit=0.00045766923983277 WETH | amount_in=0.877 | p1=0x9785…3c1b | p2=0xd56d…5da1 | p3=0xcdac…5c43
2026-02-25T04:23:33Z | block=42602027 | kind=Triangular | hops=V3CL→V3CL→V2 | token=WETH | idx=1959 | profit=0.000458284146545379 WETH | amount_in=1.084 | p1=0x7aea…abd1 | p2=0xfcda…2278 | p3=0xcdac…5c43
2026-02-25T04:23:33Z | block=42602027 | kind=Triangular | hops=V3CL→V3CL→V2 | token=WETH | idx=2398 | profit=0.00035341589338759 WETH | amount_in=0.772 | p1=0xfe6b…728f | p2=0x0c1a…8a3b | p3=0xcdac…5c43
2026-02-25T04:23:33Z | block=42602027 | kind=Triangular | hops=V3CL→V3CL→V2 | token=WETH | idx=2408 | profit=0.000345012433828912 WETH | amount_in=0.766 | p1=0xfe6b…728f | p2=0x0768…306d | p3=0xcdac…5c43
2026-02-25T04:23:33Z | block=42602027 | kind=Cross-dex | hops=V3CL→V2 | token=WETH | idx=2611 | profit=0.000302873704077244 WETH | amount_in=0.805 | p1=0xc758…54e0 | p2=0xcdac…5c43 | p3=0xc758…54e0
2026-02-25T04:23:34Z | block=42602027 | kind=Cross-dex | hops=V2→V3CL | token=USDC | idx=5099 | profit=2.355937 USDC | amount_in=1496.461 | p1=0xcdac…5c43 | p2=0xb4cb…00e5 | p3=0xcdac…5c43
2026-02-25T04:23:34Z | block=42602027 | kind=Cross-dex | hops=V2→V3CL | token=USDC | idx=5095 | profit=4.91587 USDC | amount_in=5344.298 | p1=0xcdac…5c43 | p2=0xdbc6…30f1 | p3=0xcdac…5c43
2026-02-25T04:23:35Z | block=42602027 | kind=Cross-dex | hops=V2→V3CL | token=USDC | idx=5094 | profit=5.179296 USDC | amount_in=7091.441 | p1=0xcdac…5c43 | p2=0xb2cc…dc59 | p3=0xcdac…5c43
2026-02-25T04:23:35Z | block=42602027 | kind=Cross-dex | hops=V2→V3CL | token=USDC | idx=5100 | profit=3.950524 USDC | amount_in=5833.024 | p1=0xcdac…5c43 | p2=0xd0b5…f224 | p3=0xcdac…5c43
2026-02-25T04:23:35Z | block=42602027 | kind=Triangular | hops=V2→V3CL→V3CL | token=USDC | idx=2749 | profit=0.942207 USDC | amount_in=1721.558 | p1=0xcdac…5c43 | p2=0x9785…3c1b | p3=0xa41b…fcd1
2026-02-25T04:23:35Z | block=42602027 | kind=Triangular | hops=V2→V3CL→V3CL | token=USDC | idx=2750 | profit=0.870726 USDC | amount_in=1671.195 | p1=0xcdac…5c43 | p2=0x9785…3c1b | p3=0xd56d…5da1
2026-02-25T04:23:35Z | block=42602027 | kind=Triangular | hops=V2→V3CL→V3CL | token=USDC | idx=2757 | profit=1.023005 USDC | amount_in=2048.988 | p1=0xcdac…5c43 | p2=0x5d4e…52b5 | p3=0xe846…0ec7
2026-02-25T04:23:35Z | block=42602027 | kind=Triangular | hops=V2→V3CL→V3CL | token=USDC | idx=2812 | profit=0.672064 USDC | amount_in=1470.274 | p1=0xcdac…5c43 | p2=0xfe6b…728f | p3=0x0c1a…8a3b
2026-02-25T04:23:35Z | block=42602027 | kind=Triangular | hops=V2→V3CL→V3CL | token=USDC | idx=2758 | profit=0.981448 USDC | amount_in=2054.2 | p1=0xcdac…5c43 | p2=0x5d4e…52b5 | p3=0xc5e5…48c1
2026-02-25T04:23:35Z | block=42602027 | kind=Triangular | hops=V2→V3CL→V3CL | token=USDC | idx=2813 | profit=0.655457 USDC | amount_in=1459.976 | p1=0xcdac…5c43 | p2=0xfe6b…728f | p3=0x0768…306d
2026-02-25T04:23:36Z | block=42602027 | kind=Cross-dex | hops=V2→V3CL | token=USDC | idx=5096 | profit=0.5749 USDC | amount_in=1534.795 | p1=0xcdac…5c43 | p2=0xc758…54e0 | p3=0xcdac…5c43
2026-02-25T04:23:36Z | block=42602027 | kind=Triangular | hops=V2→V3CL→V3CL | token=USDC | idx=2792 | profit=2.24306 USDC | amount_in=4655.38 | p1=0xcdac…5c43 | p2=0x7aea…abd1 | p3=0x4e96…e778
2026-02-25T04:23:36Z | block=42602027 | kind=Triangular | hops=V2→V3CL→V3CL | token=USDC | idx=2752 | profit=3.153938 USDC | amount_in=5860.564 | p1=0xcdac…5c43 | p2=0x70ac…bae1 | p3=0x4e96…e778
2026-02-25T04:23:36Z | block=42602027 | kind=Triangular | hops=V2→V3CL→V3CL | token=USDC | idx=2771 | profit=3.691891 USDC | amount_in=4942.858 | p1=0xcdac…5c43 | p2=0x22ae…91d5 | p3=0x4e96…e778
2026-02-25T04:23:36Z | block=42602027 | kind=Triangular | hops=V2→V3CL→V3CL | token=USDC | idx=2772 | profit=3.214033 USDC | amount_in=4333.977 | p1=0xcdac…5c43 | p2=0x22ae…91d5 | p3=0x3e66…a9fb
2026-02-25T04:23:36Z | block=42602027 | kind=Triangular | hops=V2→V3CL→V3CL | token=USDC | idx=2753 | profit=2.599166 USDC | amount_in=4885.756 | p1=0xcdac…5c43 | p2=0x70ac…bae1 | p3=0x3e66…a9fb
2026-02-25T04:23:36Z | block=42602027 | kind=Triangular | hops=V2→V3CL→V3CL | token=USDC | idx=2793 | profit=1.894985 USDC | amount_in=3992.594 | p1=0xcdac…5c43 | p2=0x7aea…abd1 | p3=0x3e66…a9fb
2026-02-25T04:23:36Z | block=42602027 | kind=Triangular | hops=V2→V3CL→V3CL | token=USDC | idx=2754 | profit=1.134333 USDC | amount_in=2380.883 | p1=0xcdac…5c43 | p2=0x70ac…bae1 | p3=0xfcda…2278
2026-02-25T04:23:36Z | block=42602027 | kind=Triangular | hops=V2→V3CL→V3CL | token=USDC | idx=2794 | profit=0.868952 USDC | amount_in=2072.019 | p1=0xcdac…5c43 | p2=0x7aea…abd1 | p3=0xfcda…2278
2026-02-25T04:23:37Z | block=42602027 | kind=Triangular | hops=V2→V3CL→V3CL | token=USDC | idx=2773 | profit=1.669853 USDC | amount_in=2443.237 | p1=0xcdac…5c43 | p2=0x22ae…91d5 | p3=0xfcda…2278
2026-02-25T04:23:37Z | block=42602027 | kind=Triangular | hops=V2→V3CL→V3CL | token=USDC | idx=2756 | profit=1.854224 USDC | amount_in=4619.347 | p1=0xcdac…5c43 | p2=0x70ac…bae1 | p3=0xfbb6…43ef
2026-02-25T04:23:37Z | block=42602027 | kind=Triangular | hops=V2→V3CL→V3CL | token=USDC | idx=2775 | profit=2.509212 USDC | amount_in=4099.298 | p1=0xcdac…5c43 | p2=0x22ae…91d5 | p3=0xfbb6…43ef
2026-02-25T04:23:37Z | block=42602027 | kind=Triangular | hops=V2→V3CL→V3CL | token=USDC | idx=2796 | profit=1.272994 USDC | amount_in=3687.054 | p1=0xcdac…5c43 | p2=0x7aea…abd1 | p3=0xfbb6…43ef
2026-02-25T04:23:37Z | block=42602028 | kind=Cross-dex | hops=V3CL→V2 | token=WETH | idx=2602 | profit=0.002575003460355899 WETH | amount_in=2.799 | p1=0xdbc6…30f1 | p2=0xcdac…5c43 | p3=0xdbc6…30f1
2026-02-25T04:23:37Z | block=42602028 | kind=Cross-dex | hops=V3CL→V2 | token=WETH | idx=2593 | profit=0.002726920655406248 WETH | amount_in=3.733 | p1=0xb2cc…dc59 | p2=0xcdac…5c43 | p3=0xb2cc…dc59
2026-02-25T04:23:37Z | block=42602028 | kind=Cross-dex | hops=V3CL→V2 | token=WETH | idx=2647 | profit=0.00206461069322784 WETH | amount_in=3.052 | p1=0xd0b5…f224 | p2=0xcdac…5c43 | p3=0xd0b5…f224
2026-02-25T04:23:38Z | block=42602028 | kind=Triangular | hops=V3CL→V3CL→V2 | token=WETH | idx=1399 | profit=0.000877032307539037 WETH | amount_in=1.28 | p1=0x22ae…91d5 | p2=0xfcda…2278 | p3=0xcdac…5c43
2026-02-25T04:23:38Z | block=42602028 | kind=Triangular | hops=V3CL→V3CL→V2 | token=WETH | idx=1015 | profit=0.000602692153001018 WETH | amount_in=1.235 | p1=0x70ac…bae1 | p2=0xfcda…2278 | p3=0xcdac…5c43
2026-02-25T04:23:38Z | block=42602028 | kind=Triangular | hops=V3CL→V3CL→V2 | token=WETH | idx=1959 | profit=0.000458296246254232 WETH | amount_in=1.084 | p1=0x7aea…abd1 | p2=0xfcda…2278 | p3=0xcdac…5c43
2026-02-25T04:23:38Z | block=42602028 | kind=Cross-dex | hops=V2→V3CL | token=USDC | idx=5099 | profit=2.356006 USDC | amount_in=1496.461 | p1=0xcdac…5c43 | p2=0xb4cb…00e5 | p3=0xcdac…5c43
2026-02-25T04:23:38Z | block=42602028 | kind=Cross-dex | hops=V2→V3CL | token=USDC | idx=5095 | profit=5.304819 USDC | amount_in=4912.406 | p1=0xcdac…5c43 | p2=0xdbc6…30f1 | p3=0xcdac…5c43
2026-02-25T04:23:38Z | block=42602028 | kind=Cross-dex | hops=V2→V3CL | token=USDC | idx=5094 | profit=5.209927 USDC | amount_in=7131.195 | p1=0xcdac…5c43 | p2=0xb2cc…dc59 | p3=0xcdac…5c43
2026-02-25T04:23:38Z | block=42602028 | kind=Cross-dex | hops=V2→V3CL | token=USDC | idx=5100 | profit=3.941532 USDC | amount_in=5828.895 | p1=0xcdac…5c43 | p2=0xd0b5…f224 | p3=0xcdac…5c43
2026-02-25T04:23:39Z | block=42602028 | kind=Triangular | hops=V2→V3CL→V3CL | token=USDC | idx=2794 | profit=0.873673 USDC | amount_in=2058.893 | p1=0xcdac…5c43 | p2=0x7aea…abd1 | p3=0xfcda…2278
2026-02-25T04:23:39Z | block=42602028 | kind=Triangular | hops=V2→V3CL→V3CL | token=USDC | idx=2773 | profit=1.669922 USDC | amount_in=2443.237 | p1=0xcdac…5c43 | p2=0x22ae…91d5 | p3=0xfcda…2278
2026-02-25T04:23:39Z | block=42602028 | kind=Triangular | hops=V2→V3CL→V3CL | token=USDC | idx=2754 | profit=1.134402 USDC | amount_in=2380.883 | p1=0xcdac…5c43 | p2=0x70ac…bae1 | p3=0xfcda…2278
2026-02-25T04:23:39Z | block=42602029 | kind=Cross-dex | hops=V3CL→V2 | token=WETH | idx=2602 | profit=0.002778527415783863 WETH | amount_in=2.574 | p1=0xdbc6…30f1 | p2=0xcdac…5c43 | p3=0xdbc6…30f1
2026-02-25T04:23:39Z | block=42602029 | kind=Triangular | hops=V3CL→V3CL→V2 | token=WETH | idx=980 | profit=0.001653885193789641 WETH | amount_in=3.065 | p1=0x70ac…bae1 | p2=0x4e96…e778 | p3=0xcdac…5c43
2026-02-25T04:23:39Z | block=42602029 | kind=Triangular | hops=V3CL→V3CL→V2 | token=WETH | idx=999 | profit=0.001370955564951697 WETH | amount_in=2.542 | p1=0x70ac…bae1 | p2=0x3e66…a9fb | p3=0xcdac…5c43
2026-02-25T04:23:39Z | block=42602029 | kind=Triangular | hops=V3CL→V3CL→V2 | token=WETH | idx=1040 | profit=0.000973834013286396 WETH | amount_in=2.417 | p1=0x70ac…bae1 | p2=0xfbb6…43ef | p3=0xcdac…5c43
2026-02-25T04:23:39Z | block=42602029 | kind=Triangular | hops=V3CL→V3CL→V2 | token=WETH | idx=1015 | profit=0.000602693731223911 WETH | amount_in=1.235 | p1=0x70ac…bae1 | p2=0xfcda…2278 | p3=0xcdac…5c43
2026-02-25T04:23:40Z | block=42602029 | kind=Cross-dex | hops=V2→V3CL | token=USDC | idx=5095 | profit=4.878721 USDC | amount_in=5244.072 | p1=0xcdac…5c43 | p2=0xdbc6…30f1 | p3=0xcdac…5c43
2026-02-25T04:23:40Z | block=42602029 | kind=Triangular | hops=V2→V3CL→V3CL | token=USDC | idx=2752 | profit=3.153399 USDC | amount_in=5931.057 | p1=0xcdac…5c43 | p2=0x70ac…bae1 | p3=0x4e96…e778
2026-02-25T04:23:40Z | block=42602029 | kind=Triangular | hops=V2→V3CL→V3CL | token=USDC | idx=2753 | profit=2.599244 USDC | amount_in=4885.756 | p1=0xcdac…5c43 | p2=0x70ac…bae1 | p3=0x3e66…a9fb
2026-02-25T04:23:40Z | block=42602029 | kind=Triangular | hops=V2→V3CL→V3CL | token=USDC | idx=2754 | profit=1.134411 USDC | amount_in=2380.883 | p1=0xcdac…5c43 | p2=0x70ac…bae1 | p3=0xfcda…2278
2026-02-25T04:23:40Z | block=42602029 | kind=Triangular | hops=V2→V3CL→V3CL | token=USDC | idx=2756 | profit=1.854302 USDC | amount_in=4619.347 | p1=0xcdac…5c43 | p2=0x70ac…bae1 | p3=0xfbb6…43ef
2026-02-25T04:23:40Z | block=42602030 | kind=Cross-dex | hops=V3CL→V2 | token=WETH | idx=2602 | profit=0.002554892587980529 WETH | amount_in=2.748 | p1=0xdbc6…30f1 | p2=0xcdac…5c43 | p3=0xdbc6…30f1
2026-02-25T04:23:41Z | block=42602030 | kind=Triangular | hops=V3CL→V3CL→V2 | token=WETH | idx=1364 | profit=0.001941960866657518 WETH | amount_in=2.6 | p1=0x22ae…91d5 | p2=0x4e96…e778 | p3=0xcdac…5c43
2026-02-25T04:23:41Z | block=42602030 | kind=Cross-dex | hops=V3CL→V2 | token=WETH | idx=2647 | profit=0.002064599470309484 WETH | amount_in=3.052 | p1=0xd0b5…f224 | p2=0xcdac…5c43 | p3=0xd0b5…f224
2026-02-25T04:23:41Z | block=42602030 | kind=Triangular | hops=V3CL→V3CL→V2 | token=WETH | idx=1383 | profit=0.001690003607503699 WETH | amount_in=2.26 | p1=0x22ae…91d5 | p2=0x3e66…a9fb | p3=0xcdac…5c43
2026-02-25T04:23:41Z | block=42602030 | kind=Triangular | hops=V3CL→V3CL→V2 | token=WETH | idx=980 | profit=0.001661178464263956 WETH | amount_in=3.087 | p1=0x70ac…bae1 | p2=0x4e96…e778 | p3=0xcdac…5c43
2026-02-25T04:23:41Z | block=42602030 | kind=Triangular | hops=V3CL→V3CL→V2 | token=WETH | idx=1424 | profit=0.00131316441596171 WETH | amount_in=2.153 | p1=0x22ae…91d5 | p2=0xfbb6…43ef | p3=0xcdac…5c43
2026-02-25T04:23:41Z | block=42602030 | kind=Triangular | hops=V3CL→V3CL→V2 | token=WETH | idx=999 | profit=0.001370942763810448 WETH | amount_in=2.542 | p1=0x70ac…bae1 | p2=0x3e66…a9fb | p3=0xcdac…5c43
2026-02-25T04:23:41Z | block=42602030 | kind=Triangular | hops=V3CL→V3CL→V2 | token=WETH | idx=1924 | profit=0.001165719988640847 WETH | amount_in=2.477 | p1=0x7aea…abd1 | p2=0x4e96…e778 | p3=0xcdac…5c43
2026-02-25T04:23:41Z | block=42602030 | kind=Triangular | hops=V3CL→V3CL→V2 | token=WETH | idx=1943 | profit=0.000997291406734382 WETH | amount_in=2.081 | p1=0x7aea…abd1 | p2=0x3e66…a9fb | p3=0xcdac…5c43
2026-02-25T04:23:41Z | block=42602030 | kind=Triangular | hops=V3CL→V3CL→V2 | token=WETH | idx=1399 | profit=0.000877021084620681 WETH | amount_in=1.28 | p1=0x22ae…91d5 | p2=0xfcda…2278 | p3=0xcdac…5c43
2026-02-25T04:23:42Z | block=42602030 | kind=Triangular | hops=V3CL→V3CL→V2 | token=WETH | idx=1040 | profit=0.000973821212145147 WETH | amount_in=2.417 | p1=0x70ac…bae1 | p2=0xfbb6…43ef | p3=0xcdac…5c43
2026-02-25T04:23:42Z | block=42602030 | kind=Triangular | hops=V3CL→V3CL→V2 | token=WETH | idx=1984 | profit=0.000668336191686682 WETH | amount_in=1.928 | p1=0x7aea…abd1 | p2=0xfbb6…43ef | p3=0xcdac…5c43
2026-02-25T04:23:42Z | block=42602030 | kind=Triangular | hops=V3CL→V3CL→V2 | token=WETH | idx=1015 | profit=0.000602680930082662 WETH | amount_in=1.235 | p1=0x70ac…bae1 | p2=0xfcda…2278 | p3=0xcdac…5c43
2026-02-25T04:23:42Z | block=42602030 | kind=Triangular | hops=V3CL→V3CL→V2 | token=WETH | idx=1959 | profit=0.000458028935672224 WETH | amount_in=1.082 | p1=0x7aea…abd1 | p2=0xfcda…2278 | p3=0xcdac…5c43
2026-02-25T04:23:42Z | block=42602030 | kind=Triangular | hops=V3CL→V3CL→V2 | token=WETH | idx=932 | profit=0.000495327980025117 WETH | amount_in=0.903 | p1=0x9785…3c1b | p2=0xa41b…fcd1 | p3=0xcdac…5c43
2026-02-25T04:23:43Z | block=42602030 | kind=Cross-dex | hops=V2→V3CL | token=USDC | idx=5095 | profit=4.562266 USDC | amount_in=5395.982 | p1=0xcdac…5c43 | p2=0xdbc6…30f1 | p3=0xcdac…5c43
2026-02-25T04:23:43Z | block=42602030 | kind=Cross-dex | hops=V2→V3CL | token=USDC | idx=5099 | profit=2.004731 USDC | amount_in=1381.313 | p1=0xcdac…5c43 | p2=0xb4cb…00e5 | p3=0xcdac…5c43
2026-02-25T04:23:43Z | block=42602030 | kind=Cross-dex | hops=V2→V3CL | token=USDC | idx=5100 | profit=3.941468 USDC | amount_in=5828.895 | p1=0xcdac…5c43 | p2=0xd0b5…f224 | p3=0xcdac…5c43
2026-02-25T04:23:43Z | block=42602030 | kind=Triangular | hops=V2→V3CL→V3CL | token=USDC | idx=2749 | profit=0.942344 USDC | amount_in=1721.3 | p1=0xcdac…5c43 | p2=0x9785…3c1b | p3=0xa41b…fcd1
2026-02-25T04:23:44Z | block=42602030 | kind=Triangular | hops=V2→V3CL→V3CL | token=USDC | idx=2771 | profit=3.091821 USDC | amount_in=4699.858 | p1=0xcdac…5c43 | p2=0x22ae…91d5 | p3=0x4e96…e778
2026-02-25T04:23:44Z | block=42602030 | kind=Triangular | hops=V2→V3CL→V3CL | token=USDC | idx=2752 | profit=3.209752 USDC | amount_in=5996.159 | p1=0xcdac…5c43 | p2=0x70ac…bae1 | p3=0x4e96…e778
2026-02-25T04:23:44Z | block=42602030 | kind=Triangular | hops=V2→V3CL→V3CL | token=USDC | idx=2792 | profit=2.264726 USDC | amount_in=4751.02 | p1=0xcdac…5c43 | p2=0x7aea…abd1 | p3=0x4e96…e778
2026-02-25T04:23:44Z | block=42602030 | kind=Triangular | hops=V2→V3CL→V3CL | token=USDC | idx=2772 | profit=2.661686 USDC | amount_in=4051.18 | p1=0xcdac…5c43 | p2=0x22ae…91d5 | p3=0x3e66…a9fb
2026-02-25T04:23:44Z | block=42602030 | kind=Triangular | hops=V2→V3CL→V3CL | token=USDC | idx=2793 | profit=1.891791 USDC | amount_in=3990.804 | p1=0xcdac…5c43 | p2=0x7aea…abd1 | p3=0x3e66…a9fb
2026-02-25T04:23:44Z | block=42602030 | kind=Triangular | hops=V2→V3CL→V3CL | token=USDC | idx=2753 | profit=2.620113 USDC | amount_in=4851.545 | p1=0xcdac…5c43 | p2=0x70ac…bae1 | p3=0x3e66…a9fb
2026-02-25T04:23:44Z | block=42602030 | kind=Triangular | hops=V2→V3CL→V3CL | token=USDC | idx=2773 | profit=1.280496 USDC | amount_in=2272.25 | p1=0xcdac…5c43 | p2=0x22ae…91d5 | p3=0xfcda…2278
2026-02-25T04:23:44Z | block=42602030 | kind=Triangular | hops=V2→V3CL→V3CL | token=USDC | idx=2754 | profit=1.143927 USDC | amount_in=2363.96 | p1=0xcdac…5c43 | p2=0x70ac…bae1 | p3=0xfcda…2278
2026-02-25T04:23:44Z | block=42602030 | kind=Triangular | hops=V2→V3CL→V3CL | token=USDC | idx=2794 | profit=0.873609 USDC | amount_in=2058.893 | p1=0xcdac…5c43 | p2=0x7aea…abd1 | p3=0xfcda…2278
2026-02-25T04:23:45Z | block=42602030 | kind=Triangular | hops=V2→V3CL→V3CL | token=USDC | idx=2775 | profit=1.919547 USDC | amount_in=3926.576 | p1=0xcdac…5c43 | p2=0x22ae…91d5 | p3=0xfbb6…43ef
2026-02-25T04:23:45Z | block=42602030 | kind=Triangular | hops=V2→V3CL→V3CL | token=USDC | idx=2796 | profit=1.26462 USDC | amount_in=3696.011 | p1=0xcdac…5c43 | p2=0x7aea…abd1 | p3=0xfbb6…43ef
2026-02-25T04:23:45Z | block=42602030 | kind=Triangular | hops=V2→V3CL→V3CL | token=USDC | idx=2756 | profit=1.851914 USDC | amount_in=4630.636 | p1=0xcdac…5c43 | p2=0x70ac…bae1 | p3=0xfbb6…43ef
2026-02-25T04:23:45Z | block=42602031 | kind=Cross-dex | hops=V3CL→V2 | token=WETH | idx=2593 | profit=0.002583152193854766 WETH | amount_in=3.636 | p1=0xb2cc…dc59 | p2=0xcdac…5c43 | p3=0xb2cc…dc59
2026-02-25T04:23:46Z | block=42602031 | kind=Cross-dex | hops=V3CL→V2 | token=WETH | idx=2602 | profit=0.001792516045091936 WETH | amount_in=2.497 | p1=0xdbc6…30f1 | p2=0xcdac…5c43 | p3=0xdbc6…30f1
2026-02-25T04:23:46Z | block=42602031 | kind=Cross-dex | hops=V3CL→V2 | token=WETH | idx=2647 | profit=0.001915173161495777 WETH | amount_in=2.969 | p1=0xd0b5…f224 | p2=0xcdac…5c43 | p3=0xd0b5…f224
2026-02-25T04:23:46Z | block=42602031 | kind=Triangular | hops=V3CL→V3CL→V2 | token=WETH | idx=1364 | profit=0.001562984028412955 WETH | amount_in=2.566 | p1=0x22ae…91d5 | p2=0x4e96…e778 | p3=0xcdac…5c43
2026-02-25T04:23:46Z | block=42602031 | kind=Triangular | hops=V3CL→V3CL→V2 | token=WETH | idx=980 | profit=0.00167876106124561 WETH | amount_in=3.105 | p1=0x70ac…bae1 | p2=0x4e96…e778 | p3=0xcdac…5c43
2026-02-25T04:23:46Z | block=42602031 | kind=Triangular | hops=V3CL→V3CL→V2 | token=WETH | idx=1383 | profit=0.001346820200398974 WETH | amount_in=2.176 | p1=0x22ae…91d5 | p2=0x3e66…a9fb | p3=0xcdac…5c43
2026-02-25T04:23:46Z | block=42602031 | kind=Triangular | hops=V3CL→V3CL→V2 | token=WETH | idx=999 | profit=0.001373006485677686 WETH | amount_in=2.542 | p1=0x70ac…bae1 | p2=0x3e66…a9fb | p3=0xcdac…5c43
2026-02-25T04:23:46Z | block=42602031 | kind=Triangular | hops=V3CL→V3CL→V2 | token=WETH | idx=1924 | profit=0.001180561962692737 WETH | amount_in=2.473 | p1=0x7aea…abd1 | p2=0x4e96…e778 | p3=0xcdac…5c43
2026-02-25T04:23:46Z | block=42602031 | kind=Triangular | hops=V3CL→V3CL→V2 | token=WETH | idx=1424 | profit=0.00099069233421033 WETH | amount_in=2.049 | p1=0x22ae…91d5 | p2=0xfbb6…43ef | p3=0xcdac…5c43
2026-02-25T04:23:46Z | block=42602031 | kind=Triangular | hops=V3CL→V3CL→V2 | token=WETH | idx=1943 | profit=0.000997295089254467 WETH | amount_in=2.081 | p1=0x7aea…abd1 | p2=0x3e66…a9fb | p3=0xcdac…5c43
2026-02-25T04:23:46Z | block=42602031 | kind=Triangular | hops=V3CL→V3CL→V2 | token=WETH | idx=1040 | profit=0.000976057102237441 WETH | amount_in=2.416 | p1=0x70ac…bae1 | p2=0xfbb6…43ef | p3=0xcdac…5c43
2026-02-25T04:23:46Z | block=42602031 | kind=Triangular | hops=V3CL→V3CL→V2 | token=WETH | idx=1984 | profit=0.000668339874206767 WETH | amount_in=1.928 | p1=0x7aea…abd1 | p2=0xfbb6…43ef | p3=0xcdac…5c43
2026-02-25T04:23:47Z | block=42602031 | kind=Triangular | hops=V3CL→V3CL→V2 | token=WETH | idx=1399 | profit=0.000668227855474924 WETH | amount_in=1.176 | p1=0x22ae…91d5 | p2=0xfcda…2278 | p3=0xcdac…5c43
2026-02-25T04:23:47Z | block=42602031 | kind=Triangular | hops=V3CL→V3CL→V2 | token=WETH | idx=1015 | profit=0.000603027893742515 WETH | amount_in=1.235 | p1=0x70ac…bae1 | p2=0xfcda…2278 | p3=0xcdac…5c43
2026-02-25T04:23:47Z | block=42602031 | kind=Triangular | hops=V3CL→V3CL→V2 | token=WETH | idx=1959 | profit=0.000458032618192309 WETH | amount_in=1.082 | p1=0x7aea…abd1 | p2=0xfcda…2278 | p3=0xcdac…5c43
2026-02-25T04:23:47Z | block=42602031 | kind=Triangular | hops=V3CL→V3CL→V2 | token=WETH | idx=1050 | profit=0.000404032106582554 WETH | amount_in=0.978 | p1=0x5d4e…52b5 | p2=0xe846…0ec7 | p3=0xcdac…5c43
2026-02-25T04:23:47Z | block=42602031 | kind=Triangular | hops=V3CL→V3CL→V2 | token=WETH | idx=1066 | profit=0.00038710835790838 WETH | amount_in=0.984 | p1=0x5d4e…52b5 | p2=0xc5e5…48c1 | p3=0xcdac…5c43
2026-02-25T04:23:47Z | block=42602031 | kind=Cross-dex | hops=V3CL→V2 | token=WETH | idx=2611 | profit=0.000302878263387826 WETH | amount_in=0.805 | p1=0xc758…54e0 | p2=0xcdac…5c43 | p3=0xc758…54e0
2026-02-25T04:23:48Z | block=42602031 | kind=Cross-dex | hops=V2→V3CL | token=USDC | idx=5095 | profit=3.907381 USDC | amount_in=4839.632 | p1=0xcdac…5c43 | p2=0xdbc6…30f1 | p3=0xcdac…5c43
2026-02-25T04:23:48Z | block=42602031 | kind=Cross-dex | hops=V2→V3CL | token=USDC | idx=5094 | profit=4.895272 USDC | amount_in=6892.423 | p1=0xcdac…5c43 | p2=0xb2cc…dc59 | p3=0xcdac…5c43
2026-02-25T04:23:48Z | block=42602031 | kind=Cross-dex | hops=V2→V3CL | token=USDC | idx=5099 | profit=2.100339 USDC | amount_in=1436.381 | p1=0xcdac…5c43 | p2=0xb4cb…00e5 | p3=0xcdac…5c43
2026-02-25T04:23:48Z | block=42602031 | kind=Cross-dex | hops=V2→V3CL | token=USDC | idx=5100 | profit=3.653683 USDC | amount_in=5670.137 | p1=0xcdac…5c43 | p2=0xd0b5…f224 | p3=0xcdac…5c43
2026-02-25T04:23:49Z | block=42602031 | kind=Triangular | hops=V2→V3CL→V3CL | token=USDC | idx=2757 | profit=0.766737 USDC | amount_in=1867.466 | p1=0xcdac…5c43 | p2=0x5d4e…52b5 | p3=0xe846…0ec7
2026-02-25T04:23:49Z | block=42602031 | kind=Triangular | hops=V2→V3CL→V3CL | token=USDC | idx=2758 | profit=0.735689 USDC | amount_in=1876.444 | p1=0xcdac…5c43 | p2=0x5d4e…52b5 | p3=0xc5e5…48c1
2026-02-25T04:23:49Z | block=42602031 | kind=Cross-dex | hops=V2→V3CL | token=USDC | idx=5096 | profit=0.574926 USDC | amount_in=1534.795 | p1=0xcdac…5c43 | p2=0xc758…54e0 | p3=0xcdac…5c43
2026-02-25T04:23:49Z | block=42602031 | kind=Triangular | hops=V2→V3CL→V3CL | token=USDC | idx=2792 | profit=2.220734 USDC | amount_in=4695.346 | p1=0xcdac…5c43 | p2=0x7aea…abd1 | p3=0x4e96…e778
2026-02-25T04:23:49Z | block=42602031 | kind=Triangular | hops=V2→V3CL→V3CL | token=USDC | idx=2771 | profit=3.252173 USDC | amount_in=4735.527 | p1=0xcdac…5c43 | p2=0x22ae…91d5 | p3=0x4e96…e778
2026-02-25T04:23:49Z | block=42602031 | kind=Triangular | hops=V2→V3CL→V3CL | token=USDC | idx=2752 | profit=3.155179 USDC | amount_in=5882.332 | p1=0xcdac…5c43 | p2=0x70ac…bae1 | p3=0x4e96…e778
2026-02-25T04:23:49Z | block=42602031 | kind=Triangular | hops=V2→V3CL→V3CL | token=USDC | idx=2772 | profit=2.844958 USDC | amount_in=4117.981 | p1=0xcdac…5c43 | p2=0x22ae…91d5 | p3=0x3e66…a9fb
2026-02-25T04:23:49Z | block=42602031 | kind=Triangular | hops=V2→V3CL→V3CL | token=USDC | idx=2753 | profit=2.617568 USDC | amount_in=4851.503 | p1=0xcdac…5c43 | p2=0x70ac…bae1 | p3=0x3e66…a9fb
2026-02-25T04:23:50Z | block=42602031 | kind=Triangular | hops=V2→V3CL→V3CL | token=USDC | idx=2793 | profit=1.891812 USDC | amount_in=3990.804 | p1=0xcdac…5c43 | p2=0x7aea…abd1 | p3=0x3e66…a9fb
2026-02-25T04:23:50Z | block=42602031 | kind=Triangular | hops=V2→V3CL→V3CL | token=USDC | idx=2794 | profit=0.87363 USDC | amount_in=2058.893 | p1=0xcdac…5c43 | p2=0x7aea…abd1 | p3=0xfcda…2278
2026-02-25T04:23:50Z | block=42602031 | kind=Triangular | hops=V2→V3CL→V3CL | token=USDC | idx=2754 | profit=1.143988 USDC | amount_in=2363.884 | p1=0xcdac…5c43 | p2=0x70ac…bae1 | p3=0xfcda…2278
2026-02-25T04:23:50Z | block=42602031 | kind=Triangular | hops=V2→V3CL→V3CL | token=USDC | idx=2773 | profit=1.470556 USDC | amount_in=2307.657 | p1=0xcdac…5c43 | p2=0x22ae…91d5 | p3=0xfcda…2278
2026-02-25T04:23:50Z | block=42602031 | kind=Triangular | hops=V2→V3CL→V3CL | token=USDC | idx=2775 | profit=2.162716 USDC | amount_in=3888.762 | p1=0xcdac…5c43 | p2=0x22ae…91d5 | p3=0xfbb6…43ef
2026-02-25T04:23:50Z | block=42602031 | kind=Triangular | hops=V2→V3CL→V3CL | token=USDC | idx=2796 | profit=1.264641 USDC | amount_in=3696.011 | p1=0xcdac…5c43 | p2=0x7aea…abd1 | p3=0xfbb6…43ef
2026-02-25T04:23:50Z | block=42602031 | kind=Triangular | hops=V2→V3CL→V3CL | token=USDC | idx=2756 | profit=1.86268 USDC | amount_in=4610.353 | p1=0xcdac…5c43 | p2=0x70ac…bae1 | p3=0xfbb6…43ef
2026-02-25T04:23:51Z | block=42602032 | kind=Cross-dex | hops=V3CL→V2 | token=WETH | idx=2602 | profit=0.002030815554831634 WETH | amount_in=2.519 | p1=0xdbc6…30f1 | p2=0xcdac…5c43 | p3=0xdbc6…30f1
2026-02-25T04:23:51Z | block=42602032 | kind=Triangular | hops=V3CL→V3CL→V2 | token=WETH | idx=1050 | profit=0.000404039471622725 WETH | amount_in=0.978 | p1=0x5d4e…52b5 | p2=0xe846…0ec7 | p3=0xcdac…5c43
2026-02-25T04:23:51Z | block=42602032 | kind=Triangular | hops=V3CL→V3CL→V2 | token=WETH | idx=1066 | profit=0.000387115722948551 WETH | amount_in=0.984 | p1=0x5d4e…52b5 | p2=0xc5e5…48c1 | p3=0xcdac…5c43
2026-02-25T04:23:51Z | block=42602032 | kind=Cross-dex | hops=V2→V3CL | token=USDC | idx=5095 | profit=3.874963 USDC | amount_in=4810.391 | p1=0xcdac…5c43 | p2=0xdbc6…30f1 | p3=0xcdac…5c43
2026-02-25T04:23:51Z | block=42602032 | kind=Triangular | hops=V2→V3CL→V3CL | token=USDC | idx=2757 | profit=0.766779 USDC | amount_in=1867.466 | p1=0xcdac…5c43 | p2=0x5d4e…52b5 | p3=0xe846…0ec7
2026-02-25T04:23:51Z | block=42602032 | kind=Triangular | hops=V2→V3CL→V3CL | token=USDC | idx=2758 | profit=0.735731 USDC | amount_in=1876.444 | p1=0xcdac…5c43 | p2=0x5d4e…52b5 | p3=0xc5e5…48c1
2026-02-25T04:23:52Z | block=42602033 | kind=Cross-dex | hops=V3CL→V2 | token=WETH | idx=2647 | profit=0.00191450504747431 WETH | amount_in=2.969 | p1=0xd0b5…f224 | p2=0xcdac…5c43 | p3=0xd0b5…f224
2026-02-25T04:23:52Z | block=42602033 | kind=Triangular | hops=V3CL→V3CL→V2 | token=WETH | idx=980 | profit=0.001651019404702841 WETH | amount_in=3.088 | p1=0x70ac…bae1 | p2=0x4e96…e778 | p3=0xcdac…5c43
2026-02-25T04:23:52Z | block=42602033 | kind=Triangular | hops=V3CL→V3CL→V2 | token=WETH | idx=999 | profit=0.001372697555723313 WETH | amount_in=2.543 | p1=0x70ac…bae1 | p2=0x3e66…a9fb | p3=0xcdac…5c43
2026-02-25T04:23:52Z | block=42602033 | kind=Triangular | hops=V3CL→V3CL→V2 | token=WETH | idx=1040 | profit=0.000971748863871289 WETH | amount_in=2.425 | p1=0x70ac…bae1 | p2=0xfbb6…43ef | p3=0xcdac…5c43
2026-02-25T04:23:52Z | block=42602033 | kind=Triangular | hops=V3CL→V3CL→V2 | token=WETH | idx=1015 | profit=0.00060366634956668 WETH | amount_in=1.234 | p1=0x70ac…bae1 | p2=0xfcda…2278 | p3=0xcdac…5c43
2026-02-25T04:23:52Z | block=42602033 | kind=Cross-dex | hops=V2→V3CL | token=USDC | idx=5100 | profit=3.655025 USDC | amount_in=5669.188 | p1=0xcdac…5c43 | p2=0xd0b5…f224 | p3=0xcdac…5c43
2026-02-25T04:23:53Z | block=42602033 | kind=Triangular | hops=V2→V3CL→V3CL | token=USDC | idx=2752 | profit=3.146745 USDC | amount_in=5907.714 | p1=0xcdac…5c43 | p2=0x70ac…bae1 | p3=0x4e96…e778
2026-02-25T04:23:53Z | block=42602033 | kind=Triangular | hops=V2→V3CL→V3CL | token=USDC | idx=2753 | profit=2.597964 USDC | amount_in=4896.205 | p1=0xcdac…5c43 | p2=0x70ac…bae1 | p3=0x3e66…a9fb
2026-02-25T04:23:53Z | block=42602033 | kind=Triangular | hops=V2→V3CL→V3CL | token=USDC | idx=2754 | profit=1.14405 USDC | amount_in=2363.884 | p1=0xcdac…5c43 | p2=0x70ac…bae1 | p3=0xfcda…2278
2026-02-25T04:23:53Z | block=42602033 | kind=Triangular | hops=V2→V3CL→V3CL | token=USDC | idx=2756 | profit=1.862742 USDC | amount_in=4610.353 | p1=0xcdac…5c43 | p2=0x70ac…bae1 | p3=0xfbb6…43ef
2026-02-25T04:23:53Z | block=42602034 | kind=Cross-dex | hops=V3CL→V2 | token=WETH | idx=2602 | profit=0.002146289336525219 WETH | amount_in=2.626 | p1=0xdbc6…30f1 | p2=0xcdac…5c43 | p3=0xdbc6…30f1
2026-02-25T04:23:53Z | block=42602034 | kind=Triangular | hops=V3CL→V3CL→V2 | token=WETH | idx=1924 | profit=0.001173993436253014 WETH | amount_in=2.44 | p1=0x7aea…abd1 | p2=0x4e96…e778 | p3=0xcdac…5c43
2026-02-25T04:23:53Z | block=42602034 | kind=Triangular | hops=V3CL→V3CL→V2 | token=WETH | idx=1943 | profit=0.000997287899572395 WETH | amount_in=2.081 | p1=0x7aea…abd1 | p2=0x3e66…a9fb | p3=0xcdac…5c43
2026-02-25T04:23:53Z | block=42602034 | kind=Triangular | hops=V3CL→V3CL→V2 | token=WETH | idx=1984 | profit=0.000668332684524695 WETH | amount_in=1.928 | p1=0x7aea…abd1 | p2=0xfbb6…43ef | p3=0xcdac…5c43
2026-02-25T04:23:53Z | block=42602034 | kind=Triangular | hops=V3CL→V3CL→V2 | token=WETH | idx=1959 | profit=0.000458025428510237 WETH | amount_in=1.082 | p1=0x7aea…abd1 | p2=0xfcda…2278 | p3=0xcdac…5c43
2026-02-25T04:23:54Z | block=42602034 | kind=Triangular | hops=V3CL→V3CL→V2 | token=WETH | idx=932 | profit=0.000495326569686905 WETH | amount_in=0.903 | p1=0x9785…3c1b | p2=0xa41b…fcd1 | p3=0xcdac…5c43
2026-02-25T04:23:54Z | block=42602034 | kind=Cross-dex | hops=V2→V3CL | token=USDC | idx=5095 | profit=4.063541 USDC | amount_in=4982.448 | p1=0xcdac…5c43 | p2=0xdbc6…30f1 | p3=0xcdac…5c43
2026-02-25T04:23:54Z | block=42602034 | kind=Triangular | hops=V2→V3CL→V3CL | token=USDC | idx=2749 | profit=0.942373 USDC | amount_in=1721.211 | p1=0xcdac…5c43 | p2=0x9785…3c1b | p3=0xa41b…fcd1
2026-02-25T04:23:54Z | block=42602034 | kind=Triangular | hops=V2→V3CL→V3CL | token=USDC | idx=2792 | profit=2.220693 USDC | amount_in=4695.346 | p1=0xcdac…5c43 | p2=0x7aea…abd1 | p3=0x4e96…e778
2026-02-25T04:23:54Z | block=42602034 | kind=Triangular | hops=V2→V3CL→V3CL | token=USDC | idx=2793 | profit=1.891771 USDC | amount_in=3990.804 | p1=0xcdac…5c43 | p2=0x7aea…abd1 | p3=0x3e66…a9fb
2026-02-25T04:23:54Z | block=42602034 | kind=Triangular | hops=V2→V3CL→V3CL | token=USDC | idx=2794 | profit=0.873589 USDC | amount_in=2058.893 | p1=0xcdac…5c43 | p2=0x7aea…abd1 | p3=0xfcda…2278
2026-02-25T04:23:54Z | block=42602034 | kind=Triangular | hops=V2→V3CL→V3CL | token=USDC | idx=2796 | profit=1.2646 USDC | amount_in=3696.011 | p1=0xcdac…5c43 | p2=0x7aea…abd1 | p3=0xfbb6…43ef
2026-02-25T04:23:55Z | block=42602035 | kind=Cross-dex | hops=V3CL→V2 | token=WETH | idx=2602 | profit=0.002129465136750797 WETH | amount_in=2.609 | p1=0xdbc6…30f1 | p2=0xcdac…5c43 | p3=0xdbc6…30f1
2026-02-25T04:23:55Z | block=42602035 | kind=Cross-dex | hops=V2→V3CL | token=USDC | idx=5099 | profit=1.959721 USDC | amount_in=1438.353 | p1=0xcdac…5c43 | p2=0xb4cb…00e5 | p3=0xcdac…5c43
2026-02-25T04:23:55Z | block=42602035 | kind=Cross-dex | hops=V2→V3CL | token=USDC | idx=5095 | profit=4.06366 USDC | amount_in=4982.448 | p1=0xcdac…5c43 | p2=0xdbc6…30f1 | p3=0xcdac…5c43
2026-02-25T04:23:56Z | block=42602036 | kind=Cross-dex | hops=V3CL→V2 | token=WETH | idx=2602 | profit=0.002129458297784923 WETH | amount_in=2.609 | p1=0xdbc6…30f1 | p2=0xcdac…5c43 | p3=0xdbc6…30f1
2026-02-25T04:23:56Z | block=42602036 | kind=Triangular | hops=V3CL→V3CL→V2 | token=WETH | idx=1364 | profit=0.001705111299273271 WETH | amount_in=2.479 | p1=0x22ae…91d5 | p2=0x4e96…e778 | p3=0xcdac…5c43
2026-02-25T04:23:56Z | block=42602036 | kind=Triangular | hops=V3CL→V3CL→V2 | token=WETH | idx=1383 | profit=0.001490647799778186 WETH | amount_in=2.159 | p1=0x22ae…91d5 | p2=0x3e66…a9fb | p3=0xcdac…5c43
2026-02-25T04:23:56Z | block=42602036 | kind=Triangular | hops=V3CL→V3CL→V2 | token=WETH | idx=980 | profit=0.001656160498034864 WETH | amount_in=3.069 | p1=0x70ac…bae1 | p2=0x4e96…e778 | p3=0xcdac…5c43
2026-02-25T04:23:56Z | block=42602036 | kind=Triangular | hops=V3CL→V3CL→V2 | token=WETH | idx=999 | profit=0.001369603465464404 WETH | amount_in=2.543 | p1=0x70ac…bae1 | p2=0x3e66…a9fb | p3=0xcdac…5c43
2026-02-25T04:23:56Z | block=42602036 | kind=Triangular | hops=V3CL→V3CL→V2 | token=WETH | idx=1424 | profit=0.001132181809956114 WETH | amount_in=2.042 | p1=0x22ae…91d5 | p2=0xfbb6…43ef | p3=0xcdac…5c43
2026-02-25T04:23:56Z | block=42602036 | kind=Triangular | hops=V3CL→V3CL→V2 | token=WETH | idx=1040 | profit=0.000973144648992896 WETH | amount_in=2.417 | p1=0x70ac…bae1 | p2=0xfbb6…43ef | p3=0xcdac…5c43
2026-02-25T04:23:56Z | block=42602036 | kind=Triangular | hops=V3CL→V3CL→V2 | token=WETH | idx=1399 | profit=0.000773486703652788 WETH | amount_in=1.207 | p1=0x22ae…91d5 | p2=0xfcda…2278 | p3=0xcdac…5c43
2026-02-25T04:23:56Z | block=42602036 | kind=Triangular | hops=V3CL→V3CL→V2 | token=WETH | idx=1015 | profit=0.000602348170428776 WETH | amount_in=1.235 | p1=0x70ac…bae1 | p2=0xfcda…2278 | p3=0xcdac…5c43
2026-02-25T04:23:57Z | block=42602036 | kind=Cross-dex | hops=V2→V3CL | token=USDC | idx=5099 | profit=1.948321 USDC | amount_in=1431.45 | p1=0xcdac…5c43 | p2=0xb4cb…00e5 | p3=0xcdac…5c43
2026-02-25T04:23:57Z | block=42602036 | kind=Cross-dex | hops=V2→V3CL | token=USDC | idx=5095 | profit=4.063621 USDC | amount_in=4982.448 | p1=0xcdac…5c43 | p2=0xdbc6…30f1 | p3=0xcdac…5c43
2026-02-25T04:23:57Z | block=42602036 | kind=Triangular | hops=V2→V3CL→V3CL | token=USDC | idx=2752 | profit=3.163751 USDC | amount_in=5855.684 | p1=0xcdac…5c43 | p2=0x70ac…bae1 | p3=0x4e96…e778
2026-02-25T04:23:57Z | block=42602036 | kind=Triangular | hops=V2→V3CL→V3CL | token=USDC | idx=2771 | profit=3.252212 USDC | amount_in=4735.527 | p1=0xcdac…5c43 | p2=0x22ae…91d5 | p3=0x4e96…e778
2026-02-25T04:23:57Z | block=42602036 | kind=Triangular | hops=V2→V3CL→V3CL | token=USDC | idx=2753 | profit=2.602631 USDC | amount_in=4875.356 | p1=0xcdac…5c43 | p2=0x70ac…bae1 | p3=0x3e66…a9fb
2026-02-25T04:23:57Z | block=42602036 | kind=Triangular | hops=V2→V3CL→V3CL | token=USDC | idx=2772 | profit=2.844997 USDC | amount_in=4117.981 | p1=0xcdac…5c43 | p2=0x22ae…91d5 | p3=0x3e66…a9fb
2026-02-25T04:23:58Z | block=42602036 | kind=Triangular | hops=V2→V3CL→V3CL | token=USDC | idx=2754 | profit=1.139188 USDC | amount_in=2370.847 | p1=0xcdac…5c43 | p2=0x70ac…bae1 | p3=0xfcda…2278
2026-02-25T04:23:58Z | block=42602036 | kind=Triangular | hops=V2→V3CL→V3CL | token=USDC | idx=2773 | profit=1.470595 USDC | amount_in=2307.657 | p1=0xcdac…5c43 | p2=0x22ae…91d5 | p3=0xfcda…2278
2026-02-25T04:23:58Z | block=42602036 | kind=Triangular | hops=V2→V3CL→V3CL | token=USDC | idx=2756 | profit=1.844229 USDC | amount_in=4619.399 | p1=0xcdac…5c43 | p2=0x70ac…bae1 | p3=0xfbb6…43ef
2026-02-25T04:23:58Z | block=42602036 | kind=Triangular | hops=V2→V3CL→V3CL | token=USDC | idx=2775 | profit=2.162755 USDC | amount_in=3888.762 | p1=0xcdac…5c43 | p2=0x22ae…91d5 | p3=0xfbb6…43ef
2026-02-25T04:23:58Z | block=42602037 | kind=Cross-dex | hops=V3CL→V2 | token=WETH | idx=2602 | profit=0.002180175492301488 WETH | amount_in=2.658 | p1=0xdbc6…30f1 | p2=0xcdac…5c43 | p3=0xdbc6…30f1
2026-02-25T04:23:58Z | block=42602037 | kind=Cross-dex | hops=V3CL→V2 | token=WETH | idx=2593 | profit=0.002605204555420852 WETH | amount_in=3.667 | p1=0xb2cc…dc59 | p2=0xcdac…5c43 | p3=0xb2cc…dc59
2026-02-25T04:23:58Z | block=42602037 | kind=Cross-dex | hops=V3CL→V2 | token=WETH | idx=2647 | profit=0.001914458754846846 WETH | amount_in=2.969 | p1=0xd0b5…f224 | p2=0xcdac…5c43 | p3=0xd0b5…f224
2026-02-25T04:23:58Z | block=42602037 | kind=Triangular | hops=V3CL→V3CL→V2 | token=WETH | idx=1364 | profit=0.001705105161739795 WETH | amount_in=2.479 | p1=0x22ae…91d5 | p2=0x4e96…e778 | p3=0xcdac…5c43
2026-02-25T04:23:59Z | block=42602037 | kind=Triangular | hops=V3CL→V3CL→V2 | token=WETH | idx=1383 | profit=0.00149064166224471 WETH | amount_in=2.159 | p1=0x22ae…91d5 | p2=0x3e66…a9fb | p3=0xcdac…5c43
2026-02-25T04:23:59Z | block=42602037 | kind=Triangular | hops=V3CL→V3CL→V2 | token=WETH | idx=980 | profit=0.001647352046153629 WETH | amount_in=3.072 | p1=0x70ac…bae1 | p2=0x4e96…e778 | p3=0xcdac…5c43
2026-02-25T04:23:59Z | block=42602037 | kind=Triangular | hops=V3CL→V3CL→V2 | token=WETH | idx=1424 | profit=0.001132175672422638 WETH | amount_in=2.042 | p1=0x22ae…91d5 | p2=0xfbb6…43ef | p3=0xcdac…5c43
2026-02-25T04:23:59Z | block=42602037 | kind=Triangular | hops=V3CL→V3CL→V2 | token=WETH | idx=1924 | profit=0.001174001327367483 WETH | amount_in=2.44 | p1=0x7aea…abd1 | p2=0x4e96…e778 | p3=0xcdac…5c43
2026-02-25T04:23:59Z | block=42602037 | kind=Triangular | hops=V3CL→V3CL→V2 | token=WETH | idx=1399 | profit=0.000773480566119312 WETH | amount_in=1.207 | p1=0x22ae…91d5 | p2=0xfcda…2278 | p3=0xcdac…5c43
2026-02-25T04:23:59Z | block=42602037 | kind=Triangular | hops=V3CL→V3CL→V2 | token=WETH | idx=932 | profit=0.000499586021378242 WETH | amount_in=0.905 | p1=0x9785…3c1b | p2=0xa41b…fcd1 | p3=0xcdac…5c43
2026-02-25T04:23:59Z | block=42602037 | kind=Triangular | hops=V3CL→V3CL→V2 | token=WETH | idx=1050 | profit=0.000404032808014951 WETH | amount_in=0.978 | p1=0x5d4e…52b5 | p2=0xe846…0ec7 | p3=0xcdac…5c43
2026-02-25T04:23:59Z | block=42602037 | kind=Triangular | hops=V3CL→V3CL→V2 | token=WETH | idx=1066 | profit=0.000387109059340777 WETH | amount_in=0.984 | p1=0x5d4e…52b5 | p2=0xc5e5…48c1 | p3=0xcdac…5c43
2026-02-25T04:24:00Z | block=42602037 | kind=Cross-dex | hops=V2→V3CL | token=USDC | idx=5099 | profit=1.987495 USDC | amount_in=1455.227 | p1=0xcdac…5c43 | p2=0xb4cb…00e5 | p3=0xcdac…5c43
2026-02-25T04:24:00Z | block=42602037 | kind=Cross-dex | hops=V2→V3CL | token=USDC | idx=5095 | profit=4.160972 USDC | amount_in=5075.416 | p1=0xcdac…5c43 | p2=0xdbc6…30f1 | p3=0xcdac…5c43
2026-02-25T04:24:00Z | block=42602037 | kind=Cross-dex | hops=V2→V3CL | token=USDC | idx=5094 | profit=4.975147 USDC | amount_in=7005.779 | p1=0xcdac…5c43 | p2=0xb2cc…dc59 | p3=0xcdac…5c43
2026-02-25T04:24:00Z | block=42602037 | kind=Cross-dex | hops=V2→V3CL | token=USDC | idx=5100 | profit=3.654608 USDC | amount_in=5669.768 | p1=0xcdac…5c43 | p2=0xd0b5…f224 | p3=0xcdac…5c43
2026-02-25T04:24:01Z | block=42602037 | kind=Triangular | hops=V2→V3CL→V3CL | token=USDC | idx=2749 | profit=0.950147 USDC | amount_in=1725.795 | p1=0xcdac…5c43 | p2=0x9785…3c1b | p3=0xa41b…fcd1
2026-02-25T04:24:01Z | block=42602037 | kind=Triangular | hops=V2→V3CL→V3CL | token=USDC | idx=2757 | profit=0.766741 USDC | amount_in=1867.466 | p1=0xcdac…5c43 | p2=0x5d4e…52b5 | p3=0xe846…0ec7
2026-02-25T04:24:01Z | block=42602037 | kind=Triangular | hops=V2→V3CL→V3CL | token=USDC | idx=2758 | profit=0.735693 USDC | amount_in=1876.444 | p1=0xcdac…5c43 | p2=0x5d4e…52b5 | p3=0xc5e5…48c1
2026-02-25T04:24:01Z | block=42602037 | kind=Triangular | hops=V2→V3CL→V3CL | token=USDC | idx=2771 | profit=3.300496 USDC | amount_in=4811.562 | p1=0xcdac…5c43 | p2=0x22ae…91d5 | p3=0x4e96…e778
2026-02-25T04:24:01Z | block=42602037 | kind=Triangular | hops=V2→V3CL→V3CL | token=USDC | idx=2792 | profit=2.278155 USDC | amount_in=4749.304 | p1=0xcdac…5c43 | p2=0x7aea…abd1 | p3=0x4e96…e778
2026-02-25T04:24:01Z | block=42602037 | kind=Triangular | hops=V2→V3CL→V3CL | token=USDC | idx=2752 | profit=3.217742 USDC | amount_in=6015.925 | p1=0xcdac…5c43 | p2=0x70ac…bae1 | p3=0x4e96…e778
2026-02-25T04:24:01Z | block=42602037 | kind=Triangular | hops=V2→V3CL→V3CL | token=USDC | idx=2772 | profit=2.844962 USDC | amount_in=4117.981 | p1=0xcdac…5c43 | p2=0x22ae…91d5 | p3=0x3e66…a9fb
2026-02-25T04:24:01Z | block=42602037 | kind=Triangular | hops=V2→V3CL→V3CL | token=USDC | idx=2773 | profit=1.47056 USDC | amount_in=2307.657 | p1=0xcdac…5c43 | p2=0x22ae…91d5 | p3=0xfcda…2278
2026-02-25T04:24:02Z | block=42602037 | kind=Triangular | hops=V2→V3CL→V3CL | token=USDC | idx=2775 | profit=2.16272 USDC | amount_in=3888.762 | p1=0xcdac…5c43 | p2=0x22ae…91d5 | p3=0xfbb6…43ef
2026-02-25T04:24:02Z | block=42602038 | kind=Cross-dex | hops=V3CL→V2 | token=WETH | idx=2602 | profit=0.002180184435564553 WETH | amount_in=2.658 | p1=0xdbc6…30f1 | p2=0xcdac…5c43 | p3=0xdbc6…30f1
2026-02-25T04:24:02Z | block=42602038 | kind=Triangular | hops=V3CL→V3CL→V2 | token=WETH | idx=1364 | profit=0.001734298543882641 WETH | amount_in=2.527 | p1=0x22ae…91d5 | p2=0x4e96…e778 | p3=0xcdac…5c43
2026-02-25T04:24:02Z | block=42602038 | kind=Triangular | hops=V3CL→V3CL→V2 | token=WETH | idx=1383 | profit=0.001490650605507775 WETH | amount_in=2.159 | p1=0x22ae…91d5 | p2=0x3e66…a9fb | p3=0xcdac…5c43
2026-02-25T04:24:02Z | block=42602038 | kind=Triangular | hops=V3CL→V3CL→V2 | token=WETH | idx=1424 | profit=0.001132184615685703 WETH | amount_in=2.042 | p1=0x22ae…91d5 | p2=0xfbb6…43ef | p3=0xcdac…5c43
2026-02-25T04:24:02Z | block=42602038 | kind=Triangular | hops=V3CL→V3CL→V2 | token=WETH | idx=1399 | profit=0.000773489509382377 WETH | amount_in=1.207 | p1=0x22ae…91d5 | p2=0xfcda…2278 | p3=0xcdac…5c43
2026-02-25T04:24:03Z | block=42602038 | kind=Cross-dex | hops=V2→V3CL | token=USDC | idx=5095 | profit=4.161023 USDC | amount_in=5075.416 | p1=0xcdac…5c43 | p2=0xdbc6…30f1 | p3=0xcdac…5c43
2026-02-25T04:24:03Z | block=42602038 | kind=Triangular | hops=V2→V3CL→V3CL | token=USDC | idx=2771 | profit=3.311567 USDC | amount_in=4820.765 | p1=0xcdac…5c43 | p2=0x22ae…91d5 | p3=0x4e96…e778
2026-02-25T04:24:03Z | block=42602038 | kind=Triangular | hops=V2→V3CL→V3CL | token=USDC | idx=2772 | profit=2.845013 USDC | amount_in=4117.981 | p1=0xcdac…5c43 | p2=0x22ae…91d5 | p3=0x3e66…a9fb
2026-02-25T04:24:03Z | block=42602038 | kind=Triangular | hops=V2→V3CL→V3CL | token=USDC | idx=2773 | profit=1.470611 USDC | amount_in=2307.657 | p1=0xcdac…5c43 | p2=0x22ae…91d5 | p3=0xfcda…2278
2026-02-25T04:24:03Z | block=42602038 | kind=Triangular | hops=V2→V3CL→V3CL | token=USDC | idx=2775 | profit=2.162771 USDC | amount_in=3888.762 | p1=0xcdac…5c43 | p2=0x22ae…91d5 | p3=0xfbb6…43ef
2026-02-25T04:24:03Z | block=42602039 | kind=Cross-dex | hops=V3CL→V2 | token=WETH | idx=2602 | profit=0.002180178648747276 WETH | amount_in=2.658 | p1=0xdbc6…30f1 | p2=0xcdac…5c43 | p3=0xdbc6…30f1
2026-02-25T04:24:04Z | block=42602039 | kind=Triangular | hops=V3CL→V3CL→V2 | token=WETH | idx=1364 | profit=0.001734292757065364 WETH | amount_in=2.527 | p1=0x22ae…91d5 | p2=0x4e96…e778 | p3=0xcdac…5c43
2026-02-25T04:24:04Z | block=42602039 | kind=Cross-dex | hops=V3CL→V2 | token=WETH | idx=2647 | profit=0.001914461911292634 WETH | amount_in=2.969 | p1=0xd0b5…f224 | p2=0xcdac…5c43 | p3=0xd0b5…f224
2026-02-25T04:24:04Z | block=42602039 | kind=Triangular | hops=V3CL→V3CL→V2 | token=WETH | idx=1383 | profit=0.001490644818690498 WETH | amount_in=2.159 | p1=0x22ae…91d5 | p2=0x3e66…a9fb | p3=0xcdac…5c43
2026-02-25T04:24:04Z | block=42602039 | kind=Triangular | hops=V3CL→V3CL→V2 | token=WETH | idx=980 | profit=0.001699823042708085 WETH | amount_in=3.157 | p1=0x70ac…bae1 | p2=0x4e96…e778 | p3=0xcdac…5c43
2026-02-25T04:24:04Z | block=42602039 | kind=Triangular | hops=V3CL→V3CL→V2 | token=WETH | idx=999 | profit=0.001375309961862108 WETH | amount_in=2.538 | p1=0x70ac…bae1 | p2=0x3e66…a9fb | p3=0xcdac…5c43
2026-02-25T04:24:04Z | block=42602039 | kind=Triangular | hops=V3CL→V3CL→V2 | token=WETH | idx=1424 | profit=0.001081081284402666 WETH | amount_in=2.016 | p1=0x22ae…91d5 | p2=0xfbb6…43ef | p3=0xcdac…5c43
2026-02-25T04:24:04Z | block=42602039 | kind=Triangular | hops=V3CL→V3CL→V2 | token=WETH | idx=1040 | profit=0.000979478944510331 WETH | amount_in=2.41 | p1=0x70ac…bae1 | p2=0xfbb6…43ef | p3=0xcdac…5c43
2026-02-25T04:24:04Z | block=42602039 | kind=Triangular | hops=V3CL→V3CL→V2 | token=WETH | idx=1399 | profit=0.000735127634886735 WETH | amount_in=1.208 | p1=0x22ae…91d5 | p2=0xfcda…2278 | p3=0xcdac…5c43
2026-02-25T04:24:04Z | block=42602039 | kind=Triangular | hops=V3CL→V3CL→V2 | token=WETH | idx=1015 | profit=0.000603659335242707 WETH | amount_in=1.234 | p1=0x70ac…bae1 | p2=0xfcda…2278 | p3=0xcdac…5c43
2026-02-25T04:24:05Z | block=42602039 | kind=Cross-dex | hops=V2→V3CL | token=USDC | idx=5099 | profit=1.866538 USDC | amount_in=1381.427 | p1=0xcdac…5c43 | p2=0xb4cb…00e5 | p3=0xcdac…5c43
2026-02-25T04:24:05Z | block=42602039 | kind=Cross-dex | hops=V2→V3CL | token=USDC | idx=5095 | profit=4.06432 USDC | amount_in=4983.493 | p1=0xcdac…5c43 | p2=0xdbc6…30f1 | p3=0xcdac…5c43
2026-02-25T04:24:05Z | block=42602039 | kind=Cross-dex | hops=V2→V3CL | token=USDC | idx=5100 | profit=3.654626 USDC | amount_in=5669.768 | p1=0xcdac…5c43 | p2=0xd0b5…f224 | p3=0xcdac…5c43
2026-02-25T04:24:05Z | block=42602039 | kind=Triangular | hops=V2→V3CL→V3CL | token=USDC | idx=2771 | profit=3.193242 USDC | amount_in=4755.979 | p1=0xcdac…5c43 | p2=0x22ae…91d5 | p3=0x4e96…e778
2026-02-25T04:24:05Z | block=42602039 | kind=Triangular | hops=V2→V3CL→V3CL | token=USDC | idx=2752 | profit=3.25107 USDC | amount_in=6017.833 | p1=0xcdac…5c43 | p2=0x70ac…bae1 | p3=0x4e96…e778
2026-02-25T04:24:06Z | block=42602039 | kind=Triangular | hops=V2→V3CL→V3CL | token=USDC | idx=2772 | profit=2.73464 USDC | amount_in=4080.793 | p1=0xcdac…5c43 | p2=0x22ae…91d5 | p3=0x3e66…a9fb
2026-02-25T04:24:06Z | block=42602039 | kind=Triangular | hops=V2→V3CL→V3CL | token=USDC | idx=2753 | profit=2.603116 USDC | amount_in=4887.226 | p1=0xcdac…5c43 | p2=0x70ac…bae1 | p3=0x3e66…a9fb
2026-02-25T04:24:06Z | block=42602039 | kind=Triangular | hops=V2→V3CL→V3CL | token=USDC | idx=2773 | profit=1.486855 USDC | amount_in=2312.721 | p1=0xcdac…5c43 | p2=0x22ae…91d5 | p3=0xfcda…2278
2026-02-25T04:24:06Z | block=42602039 | kind=Triangular | hops=V2→V3CL→V3CL | token=USDC | idx=2754 | profit=1.136489 USDC | amount_in=2380.875 | p1=0xcdac…5c43 | p2=0x70ac…bae1 | p3=0xfcda…2278
2026-02-25T04:24:06Z | block=42602039 | kind=Triangular | hops=V2→V3CL→V3CL | token=USDC | idx=2756 | profit=1.855904 USDC | amount_in=4630.965 | p1=0xcdac…5c43 | p2=0x70ac…bae1 | p3=0xfbb6…43ef
2026-02-25T04:24:06Z | block=42602039 | kind=Triangular | hops=V2→V3CL→V3CL | token=USDC | idx=2775 | profit=2.168688 USDC | amount_in=3941.293 | p1=0xcdac…5c43 | p2=0x22ae…91d5 | p3=0xfbb6…43ef
2026-02-25T04:24:06Z | block=42602040 | kind=Cross-dex | hops=V3CL→V2 | token=WETH | idx=2602 | profit=0.002129612712959127 WETH | amount_in=2.61 | p1=0xdbc6…30f1 | p2=0xcdac…5c43 | p3=0xdbc6…30f1
2026-02-25T04:24:06Z | block=42602040 | kind=Cross-dex | hops=V3CL→V2 | token=WETH | idx=2647 | profit=0.001914969886531209 WETH | amount_in=2.968 | p1=0xd0b5…f224 | p2=0xcdac…5c43 | p3=0xd0b5…f224
2026-02-25T04:24:06Z | block=42602040 | kind=Triangular | hops=V3CL→V3CL→V2 | token=WETH | idx=980 | profit=0.001703228895172371 WETH | amount_in=3.156 | p1=0x70ac…bae1 | p2=0x4e96…e778 | p3=0xcdac…5c43
2026-02-25T04:24:06Z | block=42602040 | kind=Triangular | hops=V3CL→V3CL→V2 | token=WETH | idx=999 | profit=0.001375742525739241 WETH | amount_in=2.541 | p1=0x70ac…bae1 | p2=0x3e66…a9fb | p3=0xcdac…5c43
2026-02-25T04:24:07Z | block=42602040 | kind=Triangular | hops=V3CL→V3CL→V2 | token=WETH | idx=1040 | profit=0.000977616142382092 WETH | amount_in=2.417 | p1=0x70ac…bae1 | p2=0xfbb6…43ef | p3=0xcdac…5c43
2026-02-25T04:24:07Z | block=42602040 | kind=Triangular | hops=V3CL→V3CL→V2 | token=WETH | idx=1015 | profit=0.000599684855390883 WETH | amount_in=1.243 | p1=0x70ac…bae1 | p2=0xfcda…2278 | p3=0xcdac…5c43
2026-02-25T04:24:07Z | block=42602040 | kind=Cross-dex | hops=V2→V3CL | token=USDC | idx=5095 | profit=4.064377 USDC | amount_in=4983.493 | p1=0xcdac…5c43 | p2=0xdbc6…30f1 | p3=0xcdac…5c43
2026-02-25T04:24:07Z | block=42602040 | kind=Cross-dex | hops=V2→V3CL | token=USDC | idx=5099 | profit=1.866595 USDC | amount_in=1381.427 | p1=0xcdac…5c43 | p2=0xb4cb…00e5 | p3=0xcdac…5c43
2026-02-25T04:24:07Z | block=42602040 | kind=Cross-dex | hops=V2→V3CL | token=USDC | idx=5100 | profit=3.654344 USDC | amount_in=5670.441 | p1=0xcdac…5c43 | p2=0xd0b5…f224 | p3=0xcdac…5c43
2026-02-25T04:24:08Z | block=42602040 | kind=Triangular | hops=V2→V3CL→V3CL | token=USDC | idx=2752 | profit=3.258405 USDC | amount_in=6013.572 | p1=0xcdac…5c43 | p2=0x70ac…bae1 | p3=0x4e96…e778
2026-02-25T04:24:08Z | block=42602040 | kind=Triangular | hops=V2→V3CL→V3CL | token=USDC | idx=2753 | profit=2.608734 USDC | amount_in=4882.977 | p1=0xcdac…5c43 | p2=0x70ac…bae1 | p3=0x3e66…a9fb
2026-02-25T04:24:08Z | block=42602040 | kind=Triangular | hops=V2→V3CL→V3CL | token=USDC | idx=2754 | profit=1.136546 USDC | amount_in=2380.875 | p1=0xcdac…5c43 | p2=0x70ac…bae1 | p3=0xfcda…2278
2026-02-25T04:24:08Z | block=42602040 | kind=Triangular | hops=V2→V3CL→V3CL | token=USDC | idx=2756 | profit=1.855832 USDC | amount_in=4630.965 | p1=0xcdac…5c43 | p2=0x70ac…bae1 | p3=0xfbb6…43ef
2026-02-25T04:24:08Z | block=42602041 | kind=Cross-dex | hops=V3CL→V2 | token=WETH | idx=2602 | profit=0.002275621395847339 WETH | amount_in=2.752 | p1=0xdbc6…30f1 | p2=0xcdac…5c43 | p3=0xdbc6…30f1
2026-02-25T04:24:08Z | block=42602041 | kind=Cross-dex | hops=V3CL→V2 | token=WETH | idx=2647 | profit=0.001914967957592116 WETH | amount_in=2.968 | p1=0xd0b5…f224 | p2=0xcdac…5c43 | p3=0xd0b5…f224
2026-02-25T04:24:08Z | block=42602041 | kind=Cross-dex | hops=V2→V3CL | token=USDC | idx=5095 | profit=4.343073 USDC | amount_in=5256.243 | p1=0xcdac…5c43 | p2=0xdbc6…30f1 | p3=0xcdac…5c43
2026-02-25T04:24:09Z | block=42602041 | kind=Cross-dex | hops=V2→V3CL | token=USDC | idx=5100 | profit=3.654333 USDC | amount_in=5670.441 | p1=0xcdac…5c43 | p2=0xd0b5…f224 | p3=0xcdac…5c43
2026-02-25T04:24:09Z | block=42602042 | kind=Cross-dex | hops=V3CL→V2 | token=WETH | idx=2602 | profit=0.002275622097279737 WETH | amount_in=2.752 | p1=0xdbc6…30f1 | p2=0xcdac…5c43 | p3=0xdbc6…30f1
2026-02-25T04:24:09Z | block=42602042 | kind=Cross-dex | hops=V2→V3CL | token=USDC | idx=5095 | profit=4.343077 USDC | amount_in=5256.243 | p1=0xcdac…5c43 | p2=0xdbc6…30f1 | p3=0xcdac…5c43
2026-02-25T04:24:09Z | block=42602042 | kind=Cross-dex | hops=V2→V3CL | token=USDC | idx=5099 | profit=1.866588 USDC | amount_in=1381.427 | p1=0xcdac…5c43 | p2=0xb4cb…00e5 | p3=0xcdac…5c43
2026-02-25T04:24:10Z | block=42602043 | kind=Triangular | hops=V3CL→V3CL→V2 | token=WETH | idx=980 | profit=0.001699799500294056 WETH | amount_in=3.156 | p1=0x70ac…bae1 | p2=0x4e96…e778 | p3=0xcdac…5c43
2026-02-25T04:24:10Z | block=42602043 | kind=Triangular | hops=V3CL→V3CL→V2 | token=WETH | idx=999 | profit=0.001372704920763484 WETH | amount_in=2.543 | p1=0x70ac…bae1 | p2=0x3e66…a9fb | p3=0xcdac…5c43
2026-02-25T04:24:10Z | block=42602043 | kind=Triangular | hops=V3CL→V3CL→V2 | token=WETH | idx=1040 | profit=0.000980102036949765 WETH | amount_in=2.408 | p1=0x70ac…bae1 | p2=0xfbb6…43ef | p3=0xcdac…5c43
2026-02-25T04:24:10Z | block=42602043 | kind=Triangular | hops=V3CL→V3CL→V2 | token=WETH | idx=1015 | profit=0.000603673714606851 WETH | amount_in=1.234 | p1=0x70ac…bae1 | p2=0xfcda…2278 | p3=0xcdac…5c43
2026-02-25T04:24:10Z | block=42602043 | kind=Cross-dex | hops=V2→V3CL | token=USDC | idx=5099 | profit=1.928446 USDC | amount_in=1419.306 | p1=0xcdac…5c43 | p2=0xb4cb…00e5 | p3=0xcdac…5c43
2026-02-25T04:24:10Z | block=42602043 | kind=Triangular | hops=V2→V3CL→V3CL | token=USDC | idx=2752 | profit=3.240365 USDC | amount_in=6037.592 | p1=0xcdac…5c43 | p2=0x70ac…bae1 | p3=0x4e96…e778
2026-02-25T04:24:11Z | block=42602043 | kind=Triangular | hops=V2→V3CL→V3CL | token=USDC | idx=2753 | profit=2.602644 USDC | amount_in=4886.853 | p1=0xcdac…5c43 | p2=0x70ac…bae1 | p3=0x3e66…a9fb
2026-02-25T04:24:11Z | block=42602043 | kind=Triangular | hops=V2→V3CL→V3CL | token=USDC | idx=2754 | profit=1.144154 USDC | amount_in=2363.899 | p1=0xcdac…5c43 | p2=0x70ac…bae1 | p3=0xfcda…2278
2026-02-25T04:24:11Z | block=42602043 | kind=Triangular | hops=V2→V3CL→V3CL | token=USDC | idx=2756 | profit=1.838756 USDC | amount_in=4657.208 | p1=0xcdac…5c43 | p2=0x70ac…bae1 | p3=0xfbb6…43ef
2026-02-25T04:24:11Z | block=42602044 | kind=Cross-dex | hops=V3CL→V2 | token=WETH | idx=2602 | profit=0.002302420808065214 WETH | amount_in=2.67 | p1=0xdbc6…30f1 | p2=0xcdac…5c43 | p3=0xdbc6…30f1
2026-02-25T04:24:11Z | block=42602044 | kind=Cross-dex | hops=V3CL→V2 | token=WETH | idx=2593 | profit=0.002556048644034648 WETH | amount_in=3.662 | p1=0xb2cc…dc59 | p2=0xcdac…5c43 | p3=0xb2cc…dc59
2026-02-25T04:24:11Z | block=42602044 | kind=Cross-dex | hops=V3CL→V2 | token=WETH | idx=2647 | profit=0.001914506633404545 WETH | amount_in=2.969 | p1=0xd0b5…f224 | p2=0xcdac…5c43 | p3=0xd0b5…f224
2026-02-25T04:24:11Z | block=42602044 | kind=Triangular | hops=V3CL→V3CL→V2 | token=WETH | idx=932 | profit=0.000499730924115135 WETH | amount_in=0.905 | p1=0x9785…3c1b | p2=0xa41b…fcd1 | p3=0xcdac…5c43
2026-02-25T04:24:11Z | block=42602044 | kind=Triangular | hops=V3CL→V3CL→V2 | token=WETH | idx=942 | profit=0.000461781297970317 WETH | amount_in=0.879 | p1=0x9785…3c1b | p2=0xd56d…5da1 | p3=0xcdac…5c43
2026-02-25T04:24:12Z | block=42602044 | kind=Cross-dex | hops=V2→V3CL | token=USDC | idx=5095 | profit=4.394612 USDC | amount_in=5098.195 | p1=0xcdac…5c43 | p2=0xdbc6…30f1 | p3=0xcdac…5c43
2026-02-25T04:24:12Z | block=42602044 | kind=Cross-dex | hops=V2→V3CL | token=USDC | idx=5099 | profit=1.928422 USDC | amount_in=1419.306 | p1=0xcdac…5c43 | p2=0xb4cb…00e5 | p3=0xcdac…5c43
2026-02-25T04:24:12Z | block=42602044 | kind=Cross-dex | hops=V2→V3CL | token=USDC | idx=5094 | profit=4.86227 USDC | amount_in=6966.013 | p1=0xcdac…5c43 | p2=0xb2cc…dc59 | p3=0xcdac…5c43
2026-02-25T04:24:12Z | block=42602044 | kind=Cross-dex | hops=V2→V3CL | token=USDC | idx=5100 | profit=3.654753 USDC | amount_in=5669.763 | p1=0xcdac…5c43 | p2=0xd0b5…f224 | p3=0xcdac…5c43
2026-02-25T04:24:13Z | block=42602044 | kind=Triangular | hops=V2→V3CL→V3CL | token=USDC | idx=2749 | profit=0.949935 USDC | amount_in=1726.875 | p1=0xcdac…5c43 | p2=0x9785…3c1b | p3=0xa41b…fcd1
2026-02-25T04:24:13Z | block=42602044 | kind=Triangular | hops=V2→V3CL→V3CL | token=USDC | idx=2750 | profit=0.878152 USDC | amount_in=1675.993 | p1=0xcdac…5c43 | p2=0x9785…3c1b | p3=0xd56d…5da1
2026-02-25T04:24:13Z | block=42602045 | kind=Cross-dex | hops=V3CL→V2 | token=WETH | idx=2593 | profit=0.002545525484766411 WETH | amount_in=3.646 | p1=0xb2cc…dc59 | p2=0xcdac…5c43 | p3=0xb2cc…dc59
2026-02-25T04:24:13Z | block=42602045 | kind=Cross-dex | hops=V2→V3CL | token=USDC | idx=5094 | profit=4.862265 USDC | amount_in=6966.013 | p1=0xcdac…5c43 | p2=0xb2cc…dc59 | p3=0xcdac…5c43
2026-02-25T04:24:13Z | block=42602046 | kind=Triangular | hops=V3CL→V3CL→V2 | token=WETH | idx=932 | profit=0.00049973741236481 WETH | amount_in=0.905 | p1=0x9785…3c1b | p2=0xa41b…fcd1 | p3=0xcdac…5c43
2026-02-25T04:24:14Z | block=42602046 | kind=Triangular | hops=V2→V3CL→V3CL | token=USDC | idx=2749 | profit=0.949972 USDC | amount_in=1726.875 | p1=0xcdac…5c43 | p2=0x9785…3c1b | p3=0xa41b…fcd1
2026-02-25T04:24:14Z | block=42602047 | kind=Cross-dex | hops=V3CL→V2 | token=WETH | idx=2602 | profit=0.002302412741592646 WETH | amount_in=2.67 | p1=0xdbc6…30f1 | p2=0xcdac…5c43 | p3=0xdbc6…30f1
2026-02-25T04:24:14Z | block=42602047 | kind=Cross-dex | hops=V3CL→V2 | token=WETH | idx=2593 | profit=0.002539286655784712 WETH | amount_in=3.637 | p1=0xb2cc…dc59 | p2=0xcdac…5c43 | p3=0xb2cc…dc59
2026-02-25T04:24:14Z | block=42602047 | kind=Triangular | hops=V3CL→V3CL→V2 | token=WETH | idx=1364 | profit=0.001987493353267037 WETH | amount_in=2.613 | p1=0x22ae…91d5 | p2=0x4e96…e778 | p3=0xcdac…5c43
2026-02-25T04:24:14Z | block=42602047 | kind=Triangular | hops=V3CL→V3CL→V2 | token=WETH | idx=1383 | profit=0.001728945551763929 WETH | amount_in=2.292 | p1=0x22ae…91d5 | p2=0x3e66…a9fb | p3=0xcdac…5c43
2026-02-25T04:24:14Z | block=42602047 | kind=Triangular | hops=V3CL→V3CL→V2 | token=WETH | idx=1424 | profit=0.00134989321463379 WETH | amount_in=2.184 | p1=0x22ae…91d5 | p2=0xfbb6…43ef | p3=0xcdac…5c43
2026-02-25T04:24:14Z | block=42602047 | kind=Triangular | hops=V3CL→V3CL→V2 | token=WETH | idx=1399 | profit=0.000905443315037262 WETH | amount_in=1.285 | p1=0x22ae…91d5 | p2=0xfcda…2278 | p3=0xcdac…5c43
2026-02-25T04:24:15Z | block=42602047 | kind=Cross-dex | hops=V2→V3CL | token=USDC | idx=5095 | profit=4.394566 USDC | amount_in=5098.195 | p1=0xcdac…5c43 | p2=0xdbc6…30f1 | p3=0xcdac…5c43
2026-02-25T04:24:15Z | block=42602047 | kind=Cross-dex | hops=V2→V3CL | token=USDC | idx=5099 | profit=1.928376 USDC | amount_in=1419.306 | p1=0xcdac…5c43 | p2=0xb4cb…00e5 | p3=0xcdac…5c43
2026-02-25T04:24:15Z | block=42602047 | kind=Cross-dex | hops=V2→V3CL | token=USDC | idx=5094 | profit=4.850005 USDC | amount_in=6949.337 | p1=0xcdac…5c43 | p2=0xb2cc…dc59 | p3=0xcdac…5c43
2026-02-25T04:24:16Z | block=42602047 | kind=Triangular | hops=V2→V3CL→V3CL | token=USDC | idx=2771 | profit=3.772028 USDC | amount_in=5031.353 | p1=0xcdac…5c43 | p2=0x22ae…91d5 | p3=0x4e96…e778
2026-02-25T04:24:16Z | block=42602047 | kind=Triangular | hops=V2→V3CL→V3CL | token=USDC | idx=2772 | profit=3.302506 USDC | amount_in=4366.873 | p1=0xcdac…5c43 | p2=0x22ae…91d5 | p3=0x3e66…a9fb
2026-02-25T04:24:16Z | block=42602047 | kind=Triangular | hops=V2→V3CL→V3CL | token=USDC | idx=2773 | profit=1.721558 USDC | amount_in=2458.359 | p1=0xcdac…5c43 | p2=0x22ae…91d5 | p3=0xfcda…2278
2026-02-25T04:24:16Z | block=42602047 | kind=Triangular | hops=V2→V3CL→V3CL | token=USDC | idx=2775 | profit=2.989068 USDC | amount_in=4365.514 | p1=0xcdac…5c43 | p2=0x22ae…91d5 | p3=0xfbb6…43ef
2026-02-25T04:24:16Z | block=42602048 | kind=Triangular | hops=V3CL→V3CL→V2 | token=WETH | idx=1364 | profit=0.00192286419053711 WETH | amount_in=2.577 | p1=0x22ae…91d5 | p2=0x4e96…e778 | p3=0xcdac…5c43
2026-02-25T04:24:16Z | block=42602048 | kind=Triangular | hops=V3CL→V3CL→V2 | token=WETH | idx=1383 | profit=0.001534240391428355 WETH | amount_in=2.191 | p1=0x22ae…91d5 | p2=0x3e66…a9fb | p3=0xcdac…5c43
2026-02-25T04:24:16Z | block=42602048 | kind=Triangular | hops=V3CL→V3CL→V2 | token=WETH | idx=1424 | profit=0.001560730041487991 WETH | amount_in=2.299 | p1=0x22ae…91d5 | p2=0xfbb6…43ef | p3=0xcdac…5c43
2026-02-25T04:24:16Z | block=42602048 | kind=Triangular | hops=V3CL→V3CL→V2 | token=WETH | idx=980 | profit=0.001363943313930834 WETH | amount_in=2.804 | p1=0x70ac…bae1 | p2=0x4e96…e778 | p3=0xcdac…5c43
2026-02-25T04:24:17Z | block=42602048 | kind=Triangular | hops=V3CL→V3CL→V2 | token=WETH | idx=999 | profit=0.000986938493466549 WETH | amount_in=2.272 | p1=0x70ac…bae1 | p2=0x3e66…a9fb | p3=0xcdac…5c43
2026-02-25T04:24:17Z | block=42602048 | kind=Triangular | hops=V3CL→V3CL→V2 | token=WETH | idx=1399 | profit=0.001033753004517897 WETH | amount_in=1.343 | p1=0x22ae…91d5 | p2=0xfcda…2278 | p3=0xcdac…5c43
2026-02-25T04:24:17Z | block=42602048 | kind=Triangular | hops=V3CL→V3CL→V2 | token=WETH | idx=1040 | profit=0.001012530500883755 WETH | amount_in=2.405 | p1=0x70ac…bae1 | p2=0xfbb6…43ef | p3=0xcdac…5c43
2026-02-25T04:24:17Z | block=42602048 | kind=Triangular | hops=V3CL→V3CL→V2 | token=WETH | idx=1015 | profit=0.000616704505928531 WETH | amount_in=1.259 | p1=0x70ac…bae1 | p2=0xfcda…2278 | p3=0xcdac…5c43
2026-02-25T04:24:17Z | block=42602048 | kind=Triangular | hops=V2→V3CL→V3CL | token=USDC | idx=2773 | profit=1.963701 USDC | amount_in=2575.155 | p1=0xcdac…5c43 | p2=0x22ae…91d5 | p3=0xfcda…2278
2026-02-25T04:24:17Z | block=42602048 | kind=Triangular | hops=V2→V3CL→V3CL | token=USDC | idx=2775 | profit=2.989132 USDC | amount_in=4365.514 | p1=0xcdac…5c43 | p2=0x22ae…91d5 | p3=0xfbb6…43ef
2026-02-25T04:24:17Z | block=42602048 | kind=Triangular | hops=V2→V3CL→V3CL | token=USDC | idx=2771 | profit=3.688228 USDC | amount_in=4882.609 | p1=0xcdac…5c43 | p2=0x22ae…91d5 | p3=0x4e96…e778
2026-02-25T04:24:18Z | block=42602048 | kind=Triangular | hops=V2→V3CL→V3CL | token=USDC | idx=2772 | profit=2.932143 USDC | amount_in=4171.482 | p1=0xcdac…5c43 | p2=0x22ae…91d5 | p3=0x3e66…a9fb
2026-02-25T04:24:18Z | block=42602048 | kind=Triangular | hops=V2→V3CL→V3CL | token=USDC | idx=2754 | profit=1.182785 USDC | amount_in=2384.429 | p1=0xcdac…5c43 | p2=0x70ac…bae1 | p3=0xfcda…2278
2026-02-25T04:24:18Z | block=42602048 | kind=Triangular | hops=V2→V3CL→V3CL | token=USDC | idx=2752 | profit=2.593618 USDC | amount_in=5372.837 | p1=0xcdac…5c43 | p2=0x70ac…bae1 | p3=0x4e96…e778
2026-02-25T04:24:18Z | block=42602048 | kind=Triangular | hops=V2→V3CL→V3CL | token=USDC | idx=2756 | profit=1.928146 USDC | amount_in=4701.273 | p1=0xcdac…5c43 | p2=0x70ac…bae1 | p3=0xfbb6…43ef
2026-02-25T04:24:18Z | block=42602048 | kind=Triangular | hops=V2→V3CL→V3CL | token=USDC | idx=2753 | profit=1.909849 USDC | amount_in=4373.534 | p1=0xcdac…5c43 | p2=0x70ac…bae1 | p3=0x3e66…a9fb
2026-02-25T04:24:18Z | block=42602049 | kind=Cross-dex | hops=V3CL→V2 | token=WETH | idx=2602 | profit=0.002752387194764618 WETH | amount_in=3.1 | p1=0xdbc6…30f1 | p2=0xcdac…5c43 | p3=0xdbc6…30f1
2026-02-25T04:24:18Z | block=42602049 | kind=Triangular | hops=V3CL→V3CL→V2 | token=WETH | idx=1364 | profit=0.001922864365895209 WETH | amount_in=2.577 | p1=0x22ae…91d5 | p2=0x4e96…e778 | p3=0xcdac…5c43
2026-02-25T04:24:18Z | block=42602049 | kind=Triangular | hops=V3CL→V3CL→V2 | token=WETH | idx=1383 | profit=0.001534240566786454 WETH | amount_in=2.191 | p1=0x22ae…91d5 | p2=0x3e66…a9fb | p3=0xcdac…5c43
2026-02-25T04:24:18Z | block=42602049 | kind=Triangular | hops=V3CL→V3CL→V2 | token=WETH | idx=1424 | profit=0.00156073021684609 WETH | amount_in=2.299 | p1=0x22ae…91d5 | p2=0xfbb6…43ef | p3=0xcdac…5c43
2026-02-25T04:24:18Z | block=42602049 | kind=Triangular | hops=V3CL→V3CL→V2 | token=WETH | idx=980 | profit=0.001380881806548251 WETH | amount_in=2.844 | p1=0x70ac…bae1 | p2=0x4e96…e778 | p3=0xcdac…5c43
2026-02-25T04:24:18Z | block=42602049 | kind=Triangular | hops=V3CL→V3CL→V2 | token=WETH | idx=1399 | profit=0.001033753179875996 WETH | amount_in=1.343 | p1=0x22ae…91d5 | p2=0xfcda…2278 | p3=0xcdac…5c43
2026-02-25T04:24:19Z | block=42602049 | kind=Triangular | hops=V3CL→V3CL→V2 | token=WETH | idx=999 | profit=0.000996620156538736 WETH | amount_in=2.301 | p1=0x70ac…bae1 | p2=0x3e66…a9fb | p3=0xcdac…5c43
2026-02-25T04:24:19Z | block=42602049 | kind=Triangular | hops=V3CL→V3CL→V2 | token=WETH | idx=1040 | profit=0.001014574364560189 WETH | amount_in=2.456 | p1=0x70ac…bae1 | p2=0xfbb6…43ef | p3=0xcdac…5c43
2026-02-25T04:24:19Z | block=42602049 | kind=Triangular | hops=V3CL→V3CL→V2 | token=WETH | idx=1984 | profit=0.000668303277243517 WETH | amount_in=1.928 | p1=0x7aea…abd1 | p2=0xfbb6…43ef | p3=0xcdac…5c43
2026-02-25T04:24:19Z | block=42602049 | kind=Triangular | hops=V3CL→V3CL→V2 | token=WETH | idx=1015 | profit=0.000623915045475613 WETH | amount_in=1.259 | p1=0x70ac…bae1 | p2=0xfcda…2278 | p3=0xcdac…5c43
2026-02-25T04:24:19Z | block=42602049 | kind=Cross-dex | hops=V2→V3CL | token=USDC | idx=5095 | profit=5.255406 USDC | amount_in=5921.16 | p1=0xcdac…5c43 | p2=0xdbc6…30f1 | p3=0xcdac…5c43
2026-02-25T04:24:19Z | block=42602049 | kind=Triangular | hops=V2→V3CL→V3CL | token=USDC | idx=2773 | profit=1.963702 USDC | amount_in=2575.155 | p1=0xcdac…5c43 | p2=0x22ae…91d5 | p3=0xfcda…2278
2026-02-25T04:24:19Z | block=42602049 | kind=Triangular | hops=V2→V3CL→V3CL | token=USDC | idx=2775 | profit=2.989133 USDC | amount_in=4365.514 | p1=0xcdac…5c43 | p2=0x22ae…91d5 | p3=0xfbb6…43ef
2026-02-25T04:24:20Z | block=42602049 | kind=Triangular | hops=V2→V3CL→V3CL | token=USDC | idx=2771 | profit=3.688229 USDC | amount_in=4882.609 | p1=0xcdac…5c43 | p2=0x22ae…91d5 | p3=0x4e96…e778
2026-02-25T04:24:20Z | block=42602049 | kind=Triangular | hops=V2→V3CL→V3CL | token=USDC | idx=2772 | profit=2.932144 USDC | amount_in=4171.482 | p1=0xcdac…5c43 | p2=0x22ae…91d5 | p3=0x3e66…a9fb
2026-02-25T04:24:20Z | block=42602049 | kind=Triangular | hops=V2→V3CL→V3CL | token=USDC | idx=2754 | profit=1.404197 USDC | amount_in=2487.379 | p1=0xcdac…5c43 | p2=0x70ac…bae1 | p3=0xfcda…2278
2026-02-25T04:24:20Z | block=42602049 | kind=Triangular | hops=V2→V3CL→V3CL | token=USDC | idx=2752 | profit=3.122603 USDC | amount_in=5770.583 | p1=0xcdac…5c43 | p2=0x70ac…bae1 | p3=0x4e96…e778
2026-02-25T04:24:20Z | block=42602049 | kind=Triangular | hops=V2→V3CL→V3CL | token=USDC | idx=2796 | profit=1.264637 USDC | amount_in=3696.011 | p1=0xcdac…5c43 | p2=0x7aea…abd1 | p3=0xfbb6…43ef
2026-02-25T04:24:20Z | block=42602049 | kind=Triangular | hops=V2→V3CL→V3CL | token=USDC | idx=2756 | profit=2.325283 USDC | amount_in=4864.924 | p1=0xcdac…5c43 | p2=0x70ac…bae1 | p3=0xfbb6…43ef
2026-02-25T04:24:20Z | block=42602049 | kind=Triangular | hops=V2→V3CL→V3CL | token=USDC | idx=2753 | profit=2.247779 USDC | amount_in=4599.799 | p1=0xcdac…5c43 | p2=0x70ac…bae1 | p3=0x3e66…a9fb
2026-02-25T04:24:20Z | block=42602050 | kind=Cross-dex | hops=V3CL→V2 | token=WETH | idx=2602 | profit=0.00360470738154089 WETH | amount_in=3.45 | p1=0xdbc6…30f1 | p2=0xcdac…5c43 | p3=0xdbc6…30f1
2026-02-25T04:24:21Z | block=42602050 | kind=Cross-dex | hops=V3CL→V2 | token=WETH | idx=2647 | profit=0.00207124068243737 WETH | amount_in=3.055 | p1=0xd0b5…f224 | p2=0xcdac…5c43 | p3=0xd0b5…f224
2026-02-25T04:24:21Z | block=42602050 | kind=Triangular | hops=V3CL→V3CL→V2 | token=WETH | idx=980 | profit=0.001631851007287957 WETH | amount_in=3.03 | p1=0x70ac…bae1 | p2=0x4e96…e778 | p3=0xcdac…5c43
2026-02-25T04:24:21Z | block=42602050 | kind=Triangular | hops=V3CL→V3CL→V2 | token=WETH | idx=999 | profit=0.001180311120544633 WETH | amount_in=2.406 | p1=0x70ac…bae1 | p2=0x3e66…a9fb | p3=0xcdac…5c43
2026-02-25T04:24:21Z | block=42602050 | kind=Triangular | hops=V3CL→V3CL→V2 | token=WETH | idx=1040 | profit=0.001208585352215101 WETH | amount_in=2.569 | p1=0x70ac…bae1 | p2=0xfbb6…43ef | p3=0xcdac…5c43
2026-02-25T04:24:21Z | block=42602050 | kind=Triangular | hops=V3CL→V3CL→V2 | token=WETH | idx=1015 | profit=0.000732927983127846 WETH | amount_in=1.313 | p1=0x70ac…bae1 | p2=0xfcda…2278 | p3=0xcdac…5c43
2026-02-25T04:24:21Z | block=42602050 | kind=Triangular | hops=V3CL→V3CL→V2 | token=WETH | idx=932 | profit=0.00070863210063374 WETH | amount_in=1.025 | p1=0x9785…3c1b | p2=0xa41b…fcd1 | p3=0xcdac…5c43
2026-02-25T04:24:21Z | block=42602050 | kind=Cross-dex | hops=V2→V3CL | token=USDC | idx=5099 | profit=2.560131 USDC | amount_in=1382.01 | p1=0xcdac…5c43 | p2=0xb4cb…00e5 | p3=0xcdac…5c43
2026-02-25T04:24:22Z | block=42602050 | kind=Cross-dex | hops=V2→V3CL | token=USDC | idx=5095 | profit=6.885093 USDC | amount_in=6591.48 | p1=0xcdac…5c43 | p2=0xdbc6…30f1 | p3=0xcdac…5c43
2026-02-25T04:24:22Z | block=42602050 | kind=Triangular | hops=V2→V3CL→V3CL | token=USDC | idx=2749 | profit=1.349528 USDC | amount_in=1954.159 | p1=0xcdac…5c43 | p2=0x9785…3c1b | p3=0xa41b…fcd1
2026-02-25T04:24:22Z | block=42602050 | kind=Cross-dex | hops=V2→V3CL | token=USDC | idx=5100 | profit=3.954706 USDC | amount_in=5833.673 | p1=0xcdac…5c43 | p2=0xd0b5…f224 | p3=0xcdac…5c43
2026-02-25T04:24:22Z | block=42602050 | kind=Triangular | hops=V2→V3CL→V3CL | token=USDC | idx=2754 | profit=1.451632 USDC | amount_in=2563.631 | p1=0xcdac…5c43 | p2=0x70ac…bae1 | p3=0xfcda…2278
2026-02-25T04:24:22Z | block=42602050 | kind=Triangular | hops=V2→V3CL→V3CL | token=USDC | idx=2752 | profit=3.269123 USDC | amount_in=5870.286 | p1=0xcdac…5c43 | p2=0x70ac…bae1 | p3=0x4e96…e778
2026-02-25T04:24:22Z | block=42602050 | kind=Triangular | hops=V2→V3CL→V3CL | token=USDC | idx=2756 | profit=2.444108 USDC | amount_in=4960.102 | p1=0xcdac…5c43 | p2=0x70ac…bae1 | p3=0xfbb6…43ef
2026-02-25T04:24:22Z | block=42602050 | kind=Triangular | hops=V2→V3CL→V3CL | token=USDC | idx=2753 | profit=2.372012 USDC | amount_in=4662.753 | p1=0xcdac…5c43 | p2=0x70ac…bae1 | p3=0x3e66…a9fb
2026-02-25T04:24:23Z | block=42602052 | kind=Triangular | hops=V3CL→V3CL→V2 | token=WETH | idx=1364 | profit=0.002223220701004043 WETH | amount_in=2.726 | p1=0x22ae…91d5 | p2=0x4e96…e778 | p3=0xcdac…5c43
2026-02-25T04:24:23Z | block=42602052 | kind=Triangular | hops=V3CL→V3CL→V2 | token=WETH | idx=1383 | profit=0.001755695278431932 WETH | amount_in=2.305 | p1=0x22ae…91d5 | p2=0x3e66…a9fb | p3=0xcdac…5c43
2026-02-25T04:24:23Z | block=42602052 | kind=Triangular | hops=V3CL→V3CL→V2 | token=WETH | idx=1424 | profit=0.001799612440514986 WETH | amount_in=2.405 | p1=0x22ae…91d5 | p2=0xfbb6…43ef | p3=0xcdac…5c43
2026-02-25T04:24:23Z | block=42602052 | kind=Triangular | hops=V3CL→V3CL→V2 | token=WETH | idx=1399 | profit=0.001167171772182926 WETH | amount_in=1.419 | p1=0x22ae…91d5 | p2=0xfcda…2278 | p3=0xcdac…5c43
2026-02-25T04:24:23Z | block=42602052 | kind=Triangular | hops=V2→V3CL→V3CL | token=USDC | idx=2773 | profit=2.228288 USDC | amount_in=2700.257 | p1=0xcdac…5c43 | p2=0x22ae…91d5 | p3=0xfcda…2278
2026-02-25T04:24:23Z | block=42602052 | kind=Triangular | hops=V2→V3CL→V3CL | token=USDC | idx=2771 | profit=4.229897 USDC | amount_in=5232.195 | p1=0xcdac…5c43 | p2=0x22ae…91d5 | p3=0x4e96…e778
2026-02-25T04:24:24Z | block=42602052 | kind=Triangular | hops=V2→V3CL→V3CL | token=USDC | idx=2775 | profit=3.424795 USDC | amount_in=4609.449 | p1=0xcdac…5c43 | p2=0x22ae…91d5 | p3=0xfbb6…43ef
2026-02-25T04:24:24Z | block=42602052 | kind=Triangular | hops=V2→V3CL→V3CL | token=USDC | idx=2772 | profit=3.355431 USDC | amount_in=4388.854 | p1=0xcdac…5c43 | p2=0x22ae…91d5 | p3=0x3e66…a9fb
2026-02-25T04:24:24Z | block=42602053 | kind=Cross-dex | hops=V3CL→V2 | token=WETH | idx=2602 | profit=0.003897654522915662 WETH | amount_in=3.528 | p1=0xdbc6…30f1 | p2=0xcdac…5c43 | p3=0xdbc6…30f1
2026-02-25T04:24:24Z | block=42602053 | kind=Triangular | hops=V3CL→V3CL→V2 | token=WETH | idx=1364 | profit=0.002223217544558256 WETH | amount_in=2.726 | p1=0x22ae…91d5 | p2=0x4e96…e778 | p3=0xcdac…5c43
2026-02-25T04:24:24Z | block=42602053 | kind=Triangular | hops=V3CL→V3CL→V2 | token=WETH | idx=1383 | profit=0.001755692121986145 WETH | amount_in=2.305 | p1=0x22ae…91d5 | p2=0x3e66…a9fb | p3=0xcdac…5c43
2026-02-25T04:24:24Z | block=42602053 | kind=Triangular | hops=V3CL→V3CL→V2 | token=WETH | idx=1424 | profit=0.001799609284069199 WETH | amount_in=2.405 | p1=0x22ae…91d5 | p2=0xfbb6…43ef | p3=0xcdac…5c43
2026-02-25T04:24:24Z | block=42602053 | kind=Cross-dex | hops=V3CL→V2 | token=WETH | idx=2647 | profit=0.002071241559227867 WETH | amount_in=3.055 | p1=0xd0b5…f224 | p2=0xcdac…5c43 | p3=0xd0b5…f224
2026-02-25T04:24:24Z | block=42602053 | kind=Triangular | hops=V3CL→V3CL→V2 | token=WETH | idx=980 | profit=0.0017089579514726 WETH | amount_in=3.081 | p1=0x70ac…bae1 | p2=0x4e96…e778 | p3=0xcdac…5c43
2026-02-25T04:24:24Z | block=42602053 | kind=Triangular | hops=V3CL→V3CL→V2 | token=WETH | idx=1399 | profit=0.001167168615737139 WETH | amount_in=1.419 | p1=0x22ae…91d5 | p2=0xfcda…2278 | p3=0xcdac…5c43
2026-02-25T04:24:24Z | block=42602053 | kind=Triangular | hops=V3CL→V3CL→V2 | token=WETH | idx=999 | profit=0.001240839019097865 WETH | amount_in=2.448 | p1=0x70ac…bae1 | p2=0x3e66…a9fb | p3=0xcdac…5c43
2026-02-25T04:24:25Z | block=42602053 | kind=Triangular | hops=V3CL→V3CL→V2 | token=WETH | idx=1040 | profit=0.00128169062041849 WETH | amount_in=2.597 | p1=0x70ac…bae1 | p2=0xfbb6…43ef | p3=0xcdac…5c43
2026-02-25T04:24:25Z | block=42602053 | kind=Triangular | hops=V3CL→V3CL→V2 | token=WETH | idx=1924 | profit=0.000942996214324189 WETH | amount_in=2.265 | p1=0x7aea…abd1 | p2=0x4e96…e778 | p3=0xcdac…5c43
2026-02-25T04:24:25Z | block=42602053 | kind=Triangular | hops=V3CL→V3CL→V2 | token=WETH | idx=1015 | profit=0.000761164833320449 WETH | amount_in=1.346 | p1=0x70ac…bae1 | p2=0xfcda…2278 | p3=0xcdac…5c43
2026-02-25T04:24:25Z | block=42602053 | kind=Triangular | hops=V3CL→V3CL→V2 | token=WETH | idx=1943 | profit=0.000662743528958396 WETH | amount_in=1.85 | p1=0x7aea…abd1 | p2=0x3e66…a9fb | p3=0xcdac…5c43
2026-02-25T04:24:25Z | block=42602053 | kind=Cross-dex | hops=V2→V3CL | token=USDC | idx=5095 | profit=7.445486 USDC | amount_in=6740.366 | p1=0xcdac…5c43 | p2=0xdbc6…30f1 | p3=0xcdac…5c43
2026-02-25T04:24:26Z | block=42602053 | kind=Cross-dex | hops=V2→V3CL | token=USDC | idx=5099 | profit=2.654515 USDC | amount_in=1426.213 | p1=0xcdac…5c43 | p2=0xb4cb…00e5 | p3=0xcdac…5c43
2026-02-25T04:24:26Z | block=42602053 | kind=Cross-dex | hops=V2→V3CL | token=USDC | idx=5100 | profit=3.954711 USDC | amount_in=5833.673 | p1=0xcdac…5c43 | p2=0xd0b5…f224 | p3=0xcdac…5c43
2026-02-25T04:24:26Z | block=42602053 | kind=Triangular | hops=V2→V3CL→V3CL | token=USDC | idx=2773 | profit=2.22827 USDC | amount_in=2700.257 | p1=0xcdac…5c43 | p2=0x22ae…91d5 | p3=0xfcda…2278
2026-02-25T04:24:26Z | block=42602053 | kind=Triangular | hops=V2→V3CL→V3CL | token=USDC | idx=2771 | profit=4.3184 USDC | amount_in=5285.721 | p1=0xcdac…5c43 | p2=0x22ae…91d5 | p3=0x4e96…e778
2026-02-25T04:24:26Z | block=42602053 | kind=Triangular | hops=V2→V3CL→V3CL | token=USDC | idx=2775 | profit=3.424777 USDC | amount_in=4609.449 | p1=0xcdac…5c43 | p2=0x22ae…91d5 | p3=0xfbb6…43ef
2026-02-25T04:24:26Z | block=42602053 | kind=Triangular | hops=V2→V3CL→V3CL | token=USDC | idx=2772 | profit=3.355413 USDC | amount_in=4388.854 | p1=0xcdac…5c43 | p2=0x22ae…91d5 | p3=0x3e66…a9fb
2026-02-25T04:24:27Z | block=42602053 | kind=Triangular | hops=V2→V3CL→V3CL | token=USDC | idx=2754 | profit=1.451696 USDC | amount_in=2563.646 | p1=0xcdac…5c43 | p2=0x70ac…bae1 | p3=0xfcda…2278
2026-02-25T04:24:27Z | block=42602053 | kind=Triangular | hops=V2→V3CL→V3CL | token=USDC | idx=2752 | profit=3.338079 USDC | amount_in=6025.626 | p1=0xcdac…5c43 | p2=0x70ac…bae1 | p3=0x4e96…e778
2026-02-25T04:24:27Z | block=42602053 | kind=Triangular | hops=V2→V3CL→V3CL | token=USDC | idx=2792 | profit=1.82808 USDC | amount_in=4424.193 | p1=0xcdac…5c43 | p2=0x7aea…abd1 | p3=0x4e96…e778
2026-02-25T04:24:27Z | block=42602053 | kind=Triangular | hops=V2→V3CL→V3CL | token=USDC | idx=2756 | profit=2.452301 USDC | amount_in=4942.935 | p1=0xcdac…5c43 | p2=0x70ac…bae1 | p3=0xfbb6…43ef
2026-02-25T04:24:27Z | block=42602053 | kind=Triangular | hops=V2→V3CL→V3CL | token=USDC | idx=2753 | profit=2.373627 USDC | amount_in=4659.759 | p1=0xcdac…5c43 | p2=0x70ac…bae1 | p3=0x3e66…a9fb
2026-02-25T04:24:27Z | block=42602053 | kind=Triangular | hops=V2→V3CL→V3CL | token=USDC | idx=2793 | profit=1.267929 USDC | amount_in=3519.866 | p1=0xcdac…5c43 | p2=0x7aea…abd1 | p3=0x3e66…a9fb
2026-02-25T04:24:27Z | block=42602054 | kind=Cross-dex | hops=V3CL→V2 | token=WETH | idx=2602 | profit=0.003958707594683191 WETH | amount_in=3.583 | p1=0xdbc6…30f1 | p2=0xcdac…5c43 | p3=0xdbc6…30f1
2026-02-25T04:24:27Z | block=42602054 | kind=Triangular | hops=V3CL→V3CL→V2 | token=WETH | idx=980 | profit=0.001751036780061892 WETH | amount_in=3.15 | p1=0x70ac…bae1 | p2=0x4e96…e778 | p3=0xcdac…5c43
2026-02-25T04:24:27Z | block=42602054 | kind=Triangular | hops=V3CL→V3CL→V2 | token=WETH | idx=999 | profit=0.001242251337772991 WETH | amount_in=2.445 | p1=0x70ac…bae1 | p2=0x3e66…a9fb | p3=0xcdac…5c43
2026-02-25T04:24:28Z | block=42602054 | kind=Triangular | hops=V3CL→V3CL→V2 | token=WETH | idx=1040 | profit=0.001277190184594052 WETH | amount_in=2.606 | p1=0x70ac…bae1 | p2=0xfbb6…43ef | p3=0xcdac…5c43
2026-02-25T04:24:28Z | block=42602054 | kind=Triangular | hops=V3CL→V3CL→V2 | token=WETH | idx=1015 | profit=0.000765140702807564 WETH | amount_in=1.338 | p1=0x70ac…bae1 | p2=0xfcda…2278 | p3=0xcdac…5c43
2026-02-25T04:24:28Z | block=42602054 | kind=Cross-dex | hops=V2→V3CL | token=USDC | idx=5095 | profit=7.562076 USDC | amount_in=6846.437 | p1=0xcdac…5c43 | p2=0xdbc6…30f1 | p3=0xcdac…5c43
2026-02-25T04:24:28Z | block=42602054 | kind=Cross-dex | hops=V2→V3CL | token=USDC | idx=5099 | profit=2.661262 USDC | amount_in=1429.362 | p1=0xcdac…5c43 | p2=0xb4cb…00e5 | p3=0xcdac…5c43
2026-02-25T04:24:28Z | block=42602054 | kind=Triangular | hops=V2→V3CL→V3CL | token=USDC | idx=2754 | profit=1.451827 USDC | amount_in=2585.264 | p1=0xcdac…5c43 | p2=0x70ac…bae1 | p3=0xfcda…2278
2026-02-25T04:24:28Z | block=42602054 | kind=Triangular | hops=V2→V3CL→V3CL | token=USDC | idx=2752 | profit=3.342756 USDC | amount_in=5917.074 | p1=0xcdac…5c43 | p2=0x70ac…bae1 | p3=0x4e96…e778
2026-02-25T04:24:28Z | block=42602054 | kind=Triangular | hops=V2→V3CL→V3CL | token=USDC | idx=2756 | profit=2.457917 USDC | amount_in=5018.92 | p1=0xcdac…5c43 | p2=0x70ac…bae1 | p3=0xfbb6…43ef
2026-02-25T04:24:29Z | block=42602054 | kind=Triangular | hops=V2→V3CL→V3CL | token=USDC | idx=2753 | profit=2.385402 USDC | amount_in=4711.71 | p1=0xcdac…5c43 | p2=0x70ac…bae1 | p3=0x3e66…a9fb
2026-02-25T04:24:29Z | block=42602055 | kind=Cross-dex | hops=V3CL→V2 | token=WETH | idx=2602 | profit=0.003958208098551741 WETH | amount_in=3.584 | p1=0xdbc6…30f1 | p2=0xcdac…5c43 | p3=0xdbc6…30f1
2026-02-25T04:24:29Z | block=42602055 | kind=Cross-dex | hops=V3CL→V2 | token=WETH | idx=2593 | profit=0.002858121316699327 WETH | amount_in=3.778 | p1=0xb2cc…dc59 | p2=0xcdac…5c43 | p3=0xb2cc…dc59
2026-02-25T04:24:29Z | block=42602055 | kind=Triangular | hops=V3CL→V3CL→V2 | token=WETH | idx=1364 | profit=0.002229353339521843 WETH | amount_in=2.744 | p1=0x22ae…91d5 | p2=0x4e96…e778 | p3=0xcdac…5c43
2026-02-25T04:24:29Z | block=42602055 | kind=Triangular | hops=V3CL→V3CL→V2 | token=WETH | idx=1383 | profit=0.001755681425142087 WETH | amount_in=2.305 | p1=0x22ae…91d5 | p2=0x3e66…a9fb | p3=0xcdac…5c43
2026-02-25T04:24:29Z | block=42602055 | kind=Triangular | hops=V3CL→V3CL→V2 | token=WETH | idx=1424 | profit=0.001799598587225141 WETH | amount_in=2.405 | p1=0x22ae…91d5 | p2=0xfbb6…43ef | p3=0xcdac…5c43
2026-02-25T04:24:29Z | block=42602055 | kind=Cross-dex | hops=V3CL→V2 | token=WETH | idx=2647 | profit=0.002071230862383809 WETH | amount_in=3.055 | p1=0xd0b5…f224 | p2=0xcdac…5c43 | p3=0xd0b5…f224
2026-02-25T04:24:29Z | block=42602055 | kind=Triangular | hops=V3CL→V3CL→V2 | token=WETH | idx=980 | profit=0.001742715694313727 WETH | amount_in=3.115 | p1=0x70ac…bae1 | p2=0x4e96…e778 | p3=0xcdac…5c43
2026-02-25T04:24:30Z | block=42602055 | kind=Triangular | hops=V3CL→V3CL→V2 | token=WETH | idx=1399 | profit=0.001167157918893081 WETH | amount_in=1.419 | p1=0x22ae…91d5 | p2=0xfcda…2278 | p3=0xcdac…5c43
2026-02-25T04:24:30Z | block=42602055 | kind=Triangular | hops=V3CL→V3CL→V2 | token=WETH | idx=999 | profit=0.001243182314376729 WETH | amount_in=2.482 | p1=0x70ac…bae1 | p2=0x3e66…a9fb | p3=0xcdac…5c43
2026-02-25T04:24:30Z | block=42602055 | kind=Triangular | hops=V3CL→V3CL→V2 | token=WETH | idx=1040 | profit=0.001287771600748666 WETH | amount_in=2.652 | p1=0x70ac…bae1 | p2=0xfbb6…43ef | p3=0xcdac…5c43
2026-02-25T04:24:30Z | block=42602055 | kind=Triangular | hops=V3CL→V3CL→V2 | token=WETH | idx=1015 | profit=0.000761821849123406 WETH | amount_in=1.362 | p1=0x70ac…bae1 | p2=0xfcda…2278 | p3=0xcdac…5c43
2026-02-25T04:24:30Z | block=42602055 | kind=Triangular | hops=V3CL→V3CL→V2 | token=WETH | idx=932 | profit=0.00070867364870179 WETH | amount_in=1.025 | p1=0x9785…3c1b | p2=0xa41b…fcd1 | p3=0xcdac…5c43
2026-02-25T04:24:30Z | block=42602055 | kind=Triangular | hops=V3CL→V3CL→V2 | token=WETH | idx=942 | profit=0.000663752706104171 WETH | amount_in=0.998 | p1=0x9785…3c1b | p2=0xd56d…5da1 | p3=0xcdac…5c43
2026-02-25T04:24:30Z | block=42602055 | kind=Triangular | hops=V3CL→V3CL→V2 | token=WETH | idx=1050 | profit=0.00055127332881018 WETH | amount_in=1.083 | p1=0x5d4e…52b5 | p2=0xe846…0ec7 | p3=0xcdac…5c43
2026-02-25T04:24:30Z | block=42602055 | kind=Triangular | hops=V3CL→V3CL→V2 | token=WETH | idx=1066 | profit=0.000535175067290451 WETH | amount_in=1.09 | p1=0x5d4e…52b5 | p2=0xc5e5…48c1 | p3=0xcdac…5c43
2026-02-25T04:24:30Z | block=42602055 | kind=Triangular | hops=V3CL→V3CL→V2 | token=WETH | idx=2398 | profit=0.000529148210137724 WETH | amount_in=0.883 | p1=0xfe6b…728f | p2=0x0c1a…8a3b | p3=0xcdac…5c43
2026-02-25T04:24:30Z | block=42602055 | kind=Triangular | hops=V3CL→V3CL→V2 | token=WETH | idx=2408 | profit=0.000518702416733566 WETH | amount_in=0.878 | p1=0xfe6b…728f | p2=0x0768…306d | p3=0xcdac…5c43
2026-02-25T04:24:30Z | block=42602055 | kind=Cross-dex | hops=V3CL→V2 | token=WETH | idx=2611 | profit=0.000358769747822786 WETH | amount_in=0.86 | p1=0xc758…54e0 | p2=0xcdac…5c43 | p3=0xc758…54e0
2026-02-25T04:24:31Z | block=42602055 | kind=Cross-dex | hops=V2→V3CL | token=USDC | idx=5095 | profit=7.397927 USDC | amount_in=6784.986 | p1=0xcdac…5c43 | p2=0xdbc6…30f1 | p3=0xcdac…5c43
2026-02-25T04:24:31Z | block=42602055 | kind=Cross-dex | hops=V2→V3CL | token=USDC | idx=5099 | profit=2.766023 USDC | amount_in=1478.012 | p1=0xcdac…5c43 | p2=0xb4cb…00e5 | p3=0xcdac…5c43
2026-02-25T04:24:31Z | block=42602055 | kind=Cross-dex | hops=V2→V3CL | token=USDC | idx=5094 | profit=5.405726 USDC | amount_in=7152.206 | p1=0xcdac…5c43 | p2=0xb2cc…dc59 | p3=0xcdac…5c43
2026-02-25T04:24:32Z | block=42602055 | kind=Triangular | hops=V2→V3CL→V3CL | token=USDC | idx=2749 | profit=1.349476 USDC | amount_in=1954.159 | p1=0xcdac…5c43 | p2=0x9785…3c1b | p3=0xa41b…fcd1
2026-02-25T04:24:32Z | block=42602055 | kind=Cross-dex | hops=V2→V3CL | token=USDC | idx=5100 | profit=3.95465 USDC | amount_in=5833.673 | p1=0xcdac…5c43 | p2=0xd0b5…f224 | p3=0xcdac…5c43
2026-02-25T04:24:32Z | block=42602055 | kind=Triangular | hops=V2→V3CL→V3CL | token=USDC | idx=2750 | profit=1.262837 USDC | amount_in=1904.453 | p1=0xcdac…5c43 | p2=0x9785…3c1b | p3=0xd56d…5da1
2026-02-25T04:24:32Z | block=42602055 | kind=Triangular | hops=V2→V3CL→V3CL | token=USDC | idx=2773 | profit=2.228209 USDC | amount_in=2700.257 | p1=0xcdac…5c43 | p2=0x22ae…91d5 | p3=0xfcda…2278
2026-02-25T04:24:32Z | block=42602055 | kind=Triangular | hops=V2→V3CL→V3CL | token=USDC | idx=2812 | profit=1.005543 USDC | amount_in=1685.787 | p1=0xcdac…5c43 | p2=0xfe6b…728f | p3=0x0c1a…8a3b
2026-02-25T04:24:32Z | block=42602055 | kind=Triangular | hops=V2→V3CL→V3CL | token=USDC | idx=2775 | profit=3.424716 USDC | amount_in=4609.449 | p1=0xcdac…5c43 | p2=0x22ae…91d5 | p3=0xfbb6…43ef
2026-02-25T04:24:32Z | block=42602055 | kind=Triangular | hops=V2→V3CL→V3CL | token=USDC | idx=2771 | profit=4.285015 USDC | amount_in=5309.783 | p1=0xcdac…5c43 | p2=0x22ae…91d5 | p3=0x4e96…e778
2026-02-25T04:24:32Z | block=42602055 | kind=Triangular | hops=V2→V3CL→V3CL | token=USDC | idx=2813 | profit=0.986408 USDC | amount_in=1674.65 | p1=0xcdac…5c43 | p2=0xfe6b…728f | p3=0x0768…306d
2026-02-25T04:24:33Z | block=42602055 | kind=Triangular | hops=V2→V3CL→V3CL | token=USDC | idx=2772 | profit=3.355352 USDC | amount_in=4388.854 | p1=0xcdac…5c43 | p2=0x22ae…91d5 | p3=0x3e66…a9fb
2026-02-25T04:24:33Z | block=42602055 | kind=Triangular | hops=V2→V3CL→V3CL | token=USDC | idx=2757 | profit=1.049395 USDC | amount_in=2064.555 | p1=0xcdac…5c43 | p2=0x5d4e…52b5 | p3=0xe846…0ec7
2026-02-25T04:24:33Z | block=42602055 | kind=Triangular | hops=V2→V3CL→V3CL | token=USDC | idx=2758 | profit=1.018241 USDC | amount_in=2078.811 | p1=0xcdac…5c43 | p2=0x5d4e…52b5 | p3=0xc5e5…48c1
2026-02-25T04:24:33Z | block=42602055 | kind=Cross-dex | hops=V2→V3CL | token=USDC | idx=5096 | profit=0.681968 USDC | amount_in=1638.977 | p1=0xcdac…5c43 | p2=0xc758…54e0 | p3=0xcdac…5c43
2026-02-25T04:24:33Z | block=42602055 | kind=Triangular | hops=V2→V3CL→V3CL | token=USDC | idx=2754 | profit=1.461702 USDC | amount_in=2576.866 | p1=0xcdac…5c43 | p2=0x70ac…bae1 | p3=0xfcda…2278
2026-02-25T04:24:33Z | block=42602055 | kind=Triangular | hops=V2→V3CL→V3CL | token=USDC | idx=2752 | profit=3.385222 USDC | amount_in=6061.822 | p1=0xcdac…5c43 | p2=0x70ac…bae1 | p3=0x4e96…e778
2026-02-25T04:24:33Z | block=42602055 | kind=Triangular | hops=V2→V3CL→V3CL | token=USDC | idx=2756 | profit=2.457148 USDC | amount_in=5062.141 | p1=0xcdac…5c43 | p2=0x70ac…bae1 | p3=0xfbb6…43ef
2026-02-25T04:24:33Z | block=42602055 | kind=Triangular | hops=V2→V3CL→V3CL | token=USDC | idx=2753 | profit=2.409242 USDC | amount_in=4700.495 | p1=0xcdac…5c43 | p2=0x70ac…bae1 | p3=0x3e66…a9fb
2026-02-25T04:24:34Z | block=42602056 | kind=Triangular | hops=V3CL→V3CL→V2 | token=WETH | idx=980 | profit=0.001759435000603701 WETH | amount_in=3.201 | p1=0x70ac…bae1 | p2=0x4e96…e778 | p3=0xcdac…5c43
2026-02-25T04:24:34Z | block=42602056 | kind=Triangular | hops=V3CL→V3CL→V2 | token=WETH | idx=999 | profit=0.001257955461016993 WETH | amount_in=2.482 | p1=0x70ac…bae1 | p2=0x3e66…a9fb | p3=0xcdac…5c43
2026-02-25T04:24:34Z | block=42602056 | kind=Triangular | hops=V3CL→V3CL→V2 | token=WETH | idx=1040 | profit=0.001293276747125299 WETH | amount_in=2.652 | p1=0x70ac…bae1 | p2=0xfbb6…43ef | p3=0xcdac…5c43
2026-02-25T04:24:34Z | block=42602056 | kind=Triangular | hops=V3CL→V3CL→V2 | token=WETH | idx=1015 | profit=0.000771924795890799 WETH | amount_in=1.345 | p1=0x70ac…bae1 | p2=0xfcda…2278 | p3=0xcdac…5c43
2026-02-25T04:24:34Z | block=42602056 | kind=Triangular | hops=V3CL→V3CL→V2 | token=WETH | idx=932 | profit=0.000708685573052543 WETH | amount_in=1.025 | p1=0x9785…3c1b | p2=0xa41b…fcd1 | p3=0xcdac…5c43
2026-02-25T04:24:35Z | block=42602056 | kind=Cross-dex | hops=V2→V3CL | token=USDC | idx=5099 | profit=2.557426 USDC | amount_in=1380.732 | p1=0xcdac…5c43 | p2=0xb4cb…00e5 | p3=0xcdac…5c43
2026-02-25T04:24:35Z | block=42602056 | kind=Triangular | hops=V2→V3CL→V3CL | token=USDC | idx=2749 | profit=1.349544 USDC | amount_in=1954.159 | p1=0xcdac…5c43 | p2=0x9785…3c1b | p3=0xa41b…fcd1
2026-02-25T04:24:35Z | block=42602056 | kind=Triangular | hops=V2→V3CL→V3CL | token=USDC | idx=2754 | profit=1.465354 USDC | amount_in=2575.456 | p1=0xcdac…5c43 | p2=0x70ac…bae1 | p3=0xfcda…2278
2026-02-25T04:24:35Z | block=42602056 | kind=Triangular | hops=V2→V3CL→V3CL | token=USDC | idx=2752 | profit=3.396165 USDC | amount_in=6070.666 | p1=0xcdac…5c43 | p2=0x70ac…bae1 | p3=0x4e96…e778
2026-02-25T04:24:35Z | block=42602056 | kind=Triangular | hops=V2→V3CL→V3CL | token=USDC | idx=2756 | profit=2.473155 USDC | amount_in=5052.192 | p1=0xcdac…5c43 | p2=0x70ac…bae1 | p3=0xfbb6…43ef
2026-02-25T04:24:35Z | block=42602056 | kind=Triangular | hops=V2→V3CL→V3CL | token=USDC | idx=2753 | profit=2.391412 USDC | amount_in=4754.639 | p1=0xcdac…5c43 | p2=0x70ac…bae1 | p3=0x3e66…a9fb
2026-02-25T04:24:35Z | block=42602057 | kind=Cross-dex | hops=V3CL→V2 | token=WETH | idx=2602 | profit=0.003850839640270213 WETH | amount_in=3.544 | p1=0xdbc6…30f1 | p2=0xcdac…5c43 | p3=0xdbc6…30f1
2026-02-25T04:24:35Z | block=42602057 | kind=Triangular | hops=V3CL→V3CL→V2 | token=WETH | idx=932 | profit=0.000708679610877166 WETH | amount_in=1.025 | p1=0x9785…3c1b | p2=0xa41b…fcd1 | p3=0xcdac…5c43
2026-02-25T04:24:36Z | block=42602057 | kind=Cross-dex | hops=V2→V3CL | token=USDC | idx=5095 | profit=7.356129 USDC | amount_in=6770.917 | p1=0xcdac…5c43 | p2=0xdbc6…30f1 | p3=0xcdac…5c43
2026-02-25T04:24:36Z | block=42602057 | kind=Cross-dex | hops=V2→V3CL | token=USDC | idx=5099 | profit=2.557392 USDC | amount_in=1380.732 | p1=0xcdac…5c43 | p2=0xb4cb…00e5 | p3=0xcdac…5c43
2026-02-25T04:24:36Z | block=42602057 | kind=Triangular | hops=V2→V3CL→V3CL | token=USDC | idx=2749 | profit=1.34951 USDC | amount_in=1954.159 | p1=0xcdac…5c43 | p2=0x9785…3c1b | p3=0xa41b…fcd1
2026-02-25T04:24:37Z | block=42602058 | kind=Triangular | hops=V3CL→V3CL→V2 | token=WETH | idx=980 | profit=0.001775590180548829 WETH | amount_in=3.183 | p1=0x70ac…bae1 | p2=0x4e96…e778 | p3=0xcdac…5c43
2026-02-25T04:24:37Z | block=42602058 | kind=Triangular | hops=V3CL→V3CL→V2 | token=WETH | idx=999 | profit=0.001261734278889956 WETH | amount_in=2.482 | p1=0x70ac…bae1 | p2=0x3e66…a9fb | p3=0xcdac…5c43
2026-02-25T04:24:37Z | block=42602058 | kind=Triangular | hops=V3CL→V3CL→V2 | token=WETH | idx=1040 | profit=0.001297742653104245 WETH | amount_in=2.652 | p1=0x70ac…bae1 | p2=0xfbb6…43ef | p3=0xcdac…5c43
2026-02-25T04:24:37Z | block=42602058 | kind=Triangular | hops=V3CL→V3CL→V2 | token=WETH | idx=1015 | profit=0.000772957196288446 WETH | amount_in=1.345 | p1=0x70ac…bae1 | p2=0xfcda…2278 | p3=0xcdac…5c43
2026-02-25T04:24:37Z | block=42602058 | kind=Cross-dex | hops=V2→V3CL | token=USDC | idx=5099 | profit=2.557441 USDC | amount_in=1380.732 | p1=0xcdac…5c43 | p2=0xb4cb…00e5 | p3=0xcdac…5c43
2026-02-25T04:24:38Z | block=42602058 | kind=Triangular | hops=V2→V3CL→V3CL | token=USDC | idx=2754 | profit=1.46234 USDC | amount_in=2585.905 | p1=0xcdac…5c43 | p2=0x70ac…bae1 | p3=0xfcda…2278
2026-02-25T04:24:38Z | block=42602058 | kind=Triangular | hops=V2→V3CL→V3CL | token=USDC | idx=2752 | profit=3.395229 USDC | amount_in=6068.809 | p1=0xcdac…5c43 | p2=0x70ac…bae1 | p3=0x4e96…e778
2026-02-25T04:24:38Z | block=42602058 | kind=Triangular | hops=V2→V3CL→V3CL | token=USDC | idx=2756 | profit=2.490582 USDC | amount_in=5034.194 | p1=0xcdac…5c43 | p2=0x70ac…bae1 | p3=0xfbb6…43ef
2026-02-25T04:24:38Z | block=42602058 | kind=Triangular | hops=V2→V3CL→V3CL | token=USDC | idx=2753 | profit=2.414854 USDC | amount_in=4722.797 | p1=0xcdac…5c43 | p2=0x70ac…bae1 | p3=0x3e66…a9fb
2026-02-25T04:24:38Z | block=42602060 | kind=Cross-dex | hops=V3CL→V2 | token=WETH | idx=2602 | profit=0.002731188872601358 WETH | amount_in=1.946 | p1=0xdbc6…30f1 | p2=0xcdac…5c43 | p3=0xdbc6…30f1
2026-02-25T04:24:38Z | block=42602060 | kind=Cross-dex | hops=V2→V3CL | token=USDC | idx=5099 | profit=2.620206 USDC | amount_in=1479.147 | p1=0xcdac…5c43 | p2=0xb4cb…00e5 | p3=0xcdac…5c43
2026-02-25T04:24:39Z | block=42602060 | kind=Cross-dex | hops=V2→V3CL | token=USDC | idx=5095 | profit=5.211983 USDC | amount_in=3713.807 | p1=0xcdac…5c43 | p2=0xdbc6…30f1 | p3=0xcdac…5c43
2026-02-25T04:24:39Z | block=42602061 | kind=Cross-dex | hops=V3CL→V2 | token=WETH | idx=2602 | profit=0.00273119588692533 WETH | amount_in=1.946 | p1=0xdbc6…30f1 | p2=0xcdac…5c43 | p3=0xdbc6…30f1
2026-02-25T04:24:39Z | block=42602061 | kind=Cross-dex | hops=V3CL→V2 | token=WETH | idx=2647 | profit=0.002071277849232739 WETH | amount_in=3.055 | p1=0xd0b5…f224 | p2=0xcdac…5c43 | p3=0xd0b5…f224
2026-02-25T04:24:39Z | block=42602061 | kind=Triangular | hops=V3CL→V3CL→V2 | token=WETH | idx=980 | profit=0.001775585445880147 WETH | amount_in=3.183 | p1=0x70ac…bae1 | p2=0x4e96…e778 | p3=0xcdac…5c43
2026-02-25T04:24:39Z | block=42602061 | kind=Triangular | hops=V3CL→V3CL→V2 | token=WETH | idx=999 | profit=0.001261729544221274 WETH | amount_in=2.482 | p1=0x70ac…bae1 | p2=0x3e66…a9fb | p3=0xcdac…5c43
2026-02-25T04:24:39Z | block=42602061 | kind=Triangular | hops=V3CL→V3CL→V2 | token=WETH | idx=1040 | profit=0.001297737918435563 WETH | amount_in=2.652 | p1=0x70ac…bae1 | p2=0xfbb6…43ef | p3=0xcdac…5c43
2026-02-25T04:24:39Z | block=42602061 | kind=Triangular | hops=V3CL→V3CL→V2 | token=WETH | idx=1015 | profit=0.000772952461619764 WETH | amount_in=1.345 | p1=0x70ac…bae1 | p2=0xfcda…2278 | p3=0xcdac…5c43
2026-02-25T04:24:40Z | block=42602061 | kind=Cross-dex | hops=V2→V3CL | token=USDC | idx=5099 | profit=2.580682 USDC | amount_in=1459.945 | p1=0xcdac…5c43 | p2=0xb4cb…00e5 | p3=0xcdac…5c43
2026-02-25T04:24:40Z | block=42602061 | kind=Cross-dex | hops=V2→V3CL | token=USDC | idx=5095 | profit=4.807905 USDC | amount_in=3687.269 | p1=0xcdac…5c43 | p2=0xdbc6…30f1 | p3=0xcdac…5c43
2026-02-25T04:24:40Z | block=42602061 | kind=Cross-dex | hops=V2→V3CL | token=USDC | idx=5100 | profit=3.954271 USDC | amount_in=5834.686 | p1=0xcdac…5c43 | p2=0xd0b5…f224 | p3=0xcdac…5c43
2026-02-25T04:24:40Z | block=42602061 | kind=Triangular | hops=V2→V3CL→V3CL | token=USDC | idx=2754 | profit=1.462315 USDC | amount_in=2585.795 | p1=0xcdac…5c43 | p2=0x70ac…bae1 | p3=0xfcda…2278
2026-02-25T04:24:40Z | block=42602061 | kind=Triangular | hops=V2→V3CL→V3CL | token=USDC | idx=2752 | profit=3.396916 USDC | amount_in=6065.196 | p1=0xcdac…5c43 | p2=0x70ac…bae1 | p3=0x4e96…e778
2026-02-25T04:24:41Z | block=42602061 | kind=Triangular | hops=V2→V3CL→V3CL | token=USDC | idx=2756 | profit=2.4905 USDC | amount_in=5034.236 | p1=0xcdac…5c43 | p2=0x70ac…bae1 | p3=0xfbb6…43ef
2026-02-25T04:24:41Z | block=42602061 | kind=Triangular | hops=V2→V3CL→V3CL | token=USDC | idx=2753 | profit=2.413818 USDC | amount_in=4724.725 | p1=0xcdac…5c43 | p2=0x70ac…bae1 | p3=0x3e66…a9fb
2026-02-25T04:24:41Z | block=42602062 | kind=Triangular | hops=V3CL→V3CL→V2 | token=WETH | idx=980 | profit=0.001775581588001962 WETH | amount_in=3.183 | p1=0x70ac…bae1 | p2=0x4e96…e778 | p3=0xcdac…5c43
2026-02-25T04:24:41Z | block=42602062 | kind=Triangular | hops=V3CL→V3CL→V2 | token=WETH | idx=999 | profit=0.001261725686343089 WETH | amount_in=2.482 | p1=0x70ac…bae1 | p2=0x3e66…a9fb | p3=0xcdac…5c43
2026-02-25T04:24:41Z | block=42602062 | kind=Triangular | hops=V3CL→V3CL→V2 | token=WETH | idx=1040 | profit=0.001303219198935576 WETH | amount_in=2.641 | p1=0x70ac…bae1 | p2=0xfbb6…43ef | p3=0xcdac…5c43
2026-02-25T04:24:41Z | block=42602062 | kind=Triangular | hops=V3CL→V3CL→V2 | token=WETH | idx=1015 | profit=0.000772948603741579 WETH | amount_in=1.345 | p1=0x70ac…bae1 | p2=0xfcda…2278 | p3=0xcdac…5c43
2026-02-25T04:24:41Z | block=42602062 | kind=Triangular | hops=V2→V3CL→V3CL | token=USDC | idx=2754 | profit=1.462293 USDC | amount_in=2585.795 | p1=0xcdac…5c43 | p2=0x70ac…bae1 | p3=0xfcda…2278
2026-02-25T04:24:41Z | block=42602062 | kind=Triangular | hops=V2→V3CL→V3CL | token=USDC | idx=2752 | profit=3.396894 USDC | amount_in=6065.196 | p1=0xcdac…5c43 | p2=0x70ac…bae1 | p3=0x4e96…e778
2026-02-25T04:24:42Z | block=42602062 | kind=Triangular | hops=V2→V3CL→V3CL | token=USDC | idx=2756 | profit=2.490478 USDC | amount_in=5034.236 | p1=0xcdac…5c43 | p2=0x70ac…bae1 | p3=0xfbb6…43ef
2026-02-25T04:24:42Z | block=42602062 | kind=Triangular | hops=V2→V3CL→V3CL | token=USDC | idx=2753 | profit=2.413796 USDC | amount_in=4724.725 | p1=0xcdac…5c43 | p2=0x70ac…bae1 | p3=0x3e66…a9fb
2026-02-25T04:24:42Z | block=42602063 | kind=Cross-dex | hops=V3CL→V2 | token=WETH | idx=2602 | profit=0.002519584205169408 WETH | amount_in=1.932 | p1=0xdbc6…30f1 | p2=0xcdac…5c43 | p3=0xdbc6…30f1
2026-02-25T04:24:42Z | block=42602063 | kind=Triangular | hops=V3CL→V3CL→V2 | token=WETH | idx=1050 | profit=0.000611234885763287 WETH | amount_in=1.121 | p1=0x5d4e…52b5 | p2=0xe846…0ec7 | p3=0xcdac…5c43
2026-02-25T04:24:42Z | block=42602063 | kind=Triangular | hops=V3CL→V3CL→V2 | token=WETH | idx=1066 | profit=0.000594797741232222 WETH | amount_in=1.13 | p1=0x5d4e…52b5 | p2=0xc5e5…48c1 | p3=0xcdac…5c43
2026-02-25T04:24:42Z | block=42602063 | kind=Cross-dex | hops=V2→V3CL | token=USDC | idx=5095 | profit=4.807934 USDC | amount_in=3687.269 | p1=0xcdac…5c43 | p2=0xdbc6…30f1 | p3=0xcdac…5c43
2026-02-25T04:24:42Z | block=42602063 | kind=Triangular | hops=V2→V3CL→V3CL | token=USDC | idx=2757 | profit=1.163362 USDC | amount_in=2138.142 | p1=0xcdac…5c43 | p2=0x5d4e…52b5 | p3=0xe846…0ec7
2026-02-25T04:24:43Z | block=42602063 | kind=Triangular | hops=V2→V3CL→V3CL | token=USDC | idx=2758 | profit=1.132506 USDC | amount_in=2154.329 | p1=0xcdac…5c43 | p2=0x5d4e…52b5 | p3=0xc5e5…48c1
2026-02-25T04:24:43Z | block=42602064 | kind=Triangular | hops=V3CL→V3CL→V2 | token=WETH | idx=932 | profit=0.000709770057956778 WETH | amount_in=1.025 | p1=0x9785…3c1b | p2=0xa41b…fcd1 | p3=0xcdac…5c43
2026-02-25T04:24:43Z | block=42602064 | kind=Cross-dex | hops=V2→V3CL | token=USDC | idx=5099 | profit=2.469589 USDC | amount_in=1405.651 | p1=0xcdac…5c43 | p2=0xb4cb…00e5 | p3=0xcdac…5c43
2026-02-25T04:24:43Z | block=42602064 | kind=Triangular | hops=V2→V3CL→V3CL | token=USDC | idx=2749 | profit=1.350343 USDC | amount_in=1956.678 | p1=0xcdac…5c43 | p2=0x9785…3c1b | p3=0xa41b…fcd1
2026-02-25T04:24:43Z | block=42602065 | kind=Cross-dex | hops=V3CL→V2 | token=WETH | idx=2602 | profit=0.002519575612622542 WETH | amount_in=1.932 | p1=0xdbc6…30f1 | p2=0xcdac…5c43 | p3=0xdbc6…30f1
2026-02-25T04:24:44Z | block=42602065 | kind=Triangular | hops=V3CL→V3CL→V2 | token=WETH | idx=1364 | profit=0.0021539612785102 WETH | amount_in=2.727 | p1=0x22ae…91d5 | p2=0x4e96…e778 | p3=0xcdac…5c43
2026-02-25T04:24:44Z | block=42602065 | kind=Triangular | hops=V3CL→V3CL→V2 | token=WETH | idx=1383 | profit=0.001678431845216506 WETH | amount_in=2.272 | p1=0x22ae…91d5 | p2=0x3e66…a9fb | p3=0xcdac…5c43
2026-02-25T04:24:44Z | block=42602065 | kind=Triangular | hops=V3CL→V3CL→V2 | token=WETH | idx=1424 | profit=0.001500150190383007 WETH | amount_in=2.268 | p1=0x22ae…91d5 | p2=0xfbb6…43ef | p3=0xcdac…5c43
2026-02-25T04:24:44Z | block=42602065 | kind=Triangular | hops=V3CL→V3CL→V2 | token=WETH | idx=980 | profit=0.001774551823121417 WETH | amount_in=3.183 | p1=0x70ac…bae1 | p2=0x4e96…e778 | p3=0xcdac…5c43
2026-02-25T04:24:44Z | block=42602065 | kind=Triangular | hops=V3CL→V3CL→V2 | token=WETH | idx=1399 | profit=0.000992612607286399 WETH | amount_in=1.336 | p1=0x22ae…91d5 | p2=0xfcda…2278 | p3=0xcdac…5c43
2026-02-25T04:24:44Z | block=42602065 | kind=Triangular | hops=V3CL→V3CL→V2 | token=WETH | idx=999 | profit=0.001261039505120654 WETH | amount_in=2.482 | p1=0x70ac…bae1 | p2=0x3e66…a9fb | p3=0xcdac…5c43
2026-02-25T04:24:44Z | block=42602065 | kind=Triangular | hops=V3CL→V3CL→V2 | token=WETH | idx=1040 | profit=0.001297047954878196 WETH | amount_in=2.652 | p1=0x70ac…bae1 | p2=0xfbb6…43ef | p3=0xcdac…5c43
2026-02-25T04:24:44Z | block=42602065 | kind=Triangular | hops=V3CL→V3CL→V2 | token=WETH | idx=1015 | profit=0.00076888301130019 WETH | amount_in=1.353 | p1=0x70ac…bae1 | p2=0xfcda…2278 | p3=0xcdac…5c43
2026-02-25T04:24:45Z | block=42602065 | kind=Triangular | hops=V3CL→V3CL→V2 | token=WETH | idx=1066 | profit=0.000594789148685356 WETH | amount_in=1.13 | p1=0x5d4e…52b5 | p2=0xc5e5…48c1 | p3=0xcdac…5c43
2026-02-25T04:24:45Z | block=42602065 | kind=Cross-dex | hops=V2→V3CL | token=USDC | idx=5099 | profit=2.088063 USDC | amount_in=1429.318 | p1=0xcdac…5c43 | p2=0xb4cb…00e5 | p3=0xcdac…5c43
2026-02-25T04:24:45Z | block=42602065 | kind=Cross-dex | hops=V2→V3CL | token=USDC | idx=5095 | profit=3.920004 USDC | amount_in=3539.418 | p1=0xcdac…5c43 | p2=0xdbc6…30f1 | p3=0xcdac…5c43
2026-02-25T04:24:45Z | block=42602065 | kind=Triangular | hops=V2→V3CL→V3CL | token=USDC | idx=2758 | profit=1.132457 USDC | amount_in=2154.329 | p1=0xcdac…5c43 | p2=0x5d4e…52b5 | p3=0xc5e5…48c1
2026-02-25T04:24:46Z | block=42602065 | kind=Triangular | hops=V2→V3CL→V3CL | token=USDC | idx=2773 | profit=1.895118 USDC | amount_in=2541.02 | p1=0xcdac…5c43 | p2=0x22ae…91d5 | p3=0xfcda…2278
2026-02-25T04:24:46Z | block=42602065 | kind=Triangular | hops=V2→V3CL→V3CL | token=USDC | idx=2754 | profit=1.46024 USDC | amount_in=2589.061 | p1=0xcdac…5c43 | p2=0x70ac…bae1 | p3=0xfcda…2278
2026-02-25T04:24:46Z | block=42602065 | kind=Triangular | hops=V2→V3CL→V3CL | token=USDC | idx=2752 | profit=3.380677 USDC | amount_in=6054.556 | p1=0xcdac…5c43 | p2=0x70ac…bae1 | p3=0x4e96…e778
2026-02-25T04:24:46Z | block=42602065 | kind=Triangular | hops=V2→V3CL→V3CL | token=USDC | idx=2771 | profit=4.704181 USDC | amount_in=5468.275 | p1=0xcdac…5c43 | p2=0x22ae…91d5 | p3=0x4e96…e778
2026-02-25T04:24:46Z | block=42602065 | kind=Triangular | hops=V2→V3CL→V3CL | token=USDC | idx=2756 | profit=2.474272 USDC | amount_in=5036.046 | p1=0xcdac…5c43 | p2=0x70ac…bae1 | p3=0xfbb6…43ef
2026-02-25T04:24:46Z | block=42602065 | kind=Triangular | hops=V2→V3CL→V3CL | token=USDC | idx=2775 | profit=3.765426 USDC | amount_in=4817.559 | p1=0xcdac…5c43 | p2=0x22ae…91d5 | p3=0xfbb6…43ef
2026-02-25T04:24:46Z | block=42602065 | kind=Triangular | hops=V2→V3CL→V3CL | token=USDC | idx=2772 | profit=3.696697 USDC | amount_in=4551.856 | p1=0xcdac…5c43 | p2=0x22ae…91d5 | p3=0x3e66…a9fb
2026-02-25T04:24:46Z | block=42602065 | kind=Triangular | hops=V2→V3CL→V3CL | token=USDC | idx=2753 | profit=2.39599 USDC | amount_in=4733.925 | p1=0xcdac…5c43 | p2=0x70ac…bae1 | p3=0x3e66…a9fb
2026-02-25T04:24:47Z | block=42602066 | kind=Triangular | hops=V3CL→V3CL→V2 | token=WETH | idx=932 | profit=0.000709780053368439 WETH | amount_in=1.025 | p1=0x9785…3c1b | p2=0xa41b…fcd1 | p3=0xcdac…5c43
2026-02-25T04:24:47Z | block=42602066 | kind=Triangular | hops=V3CL→V3CL→V2 | token=WETH | idx=1066 | profit=0.000594801599110407 WETH | amount_in=1.13 | p1=0x5d4e…52b5 | p2=0xc5e5…48c1 | p3=0xcdac…5c43
2026-02-25T04:24:47Z | block=42602066 | kind=Cross-dex | hops=V2→V3CL | token=USDC | idx=5099 | profit=2.559225 USDC | amount_in=1449.477 | p1=0xcdac…5c43 | p2=0xb4cb…00e5 | p3=0xcdac…5c43
2026-02-25T04:24:47Z | block=42602066 | kind=Triangular | hops=V2→V3CL→V3CL | token=USDC | idx=2749 | profit=1.3504 USDC | amount_in=1956.678 | p1=0xcdac…5c43 | p2=0x9785…3c1b | p3=0xa41b…fcd1
2026-02-25T04:24:47Z | block=42602066 | kind=Triangular | hops=V2→V3CL→V3CL | token=USDC | idx=2758 | profit=1.132528 USDC | amount_in=2154.329 | p1=0xcdac…5c43 | p2=0x5d4e…52b5 | p3=0xc5e5…48c1
2026-02-25T04:24:47Z | block=42602067 | kind=Cross-dex | hops=V3CL→V2 | token=WETH | idx=2602 | profit=0.002679646830946295 WETH | amount_in=1.907 | p1=0xdbc6…30f1 | p2=0xcdac…5c43 | p3=0xdbc6…30f1
2026-02-25T04:24:47Z | block=42602067 | kind=Triangular | hops=V3CL→V3CL→V2 | token=WETH | idx=1364 | profit=0.002450092738684664 WETH | amount_in=2.891 | p1=0x22ae…91d5 | p2=0x4e96…e778 | p3=0xcdac…5c43
2026-02-25T04:24:48Z | block=42602067 | kind=Triangular | hops=V3CL→V3CL→V2 | token=WETH | idx=1383 | profit=0.00193910251977879 WETH | amount_in=2.381 | p1=0x22ae…91d5 | p2=0x3e66…a9fb | p3=0xcdac…5c43
2026-02-25T04:24:48Z | block=42602067 | kind=Triangular | hops=V3CL→V3CL→V2 | token=WETH | idx=1424 | profit=0.001979059143178961 WETH | amount_in=2.512 | p1=0x22ae…91d5 | p2=0xfbb6…43ef | p3=0xcdac…5c43
2026-02-25T04:24:48Z | block=42602067 | kind=Cross-dex | hops=V3CL→V2 | token=WETH | idx=2647 | profit=0.002070866239933718 WETH | amount_in=3.055 | p1=0xd0b5…f224 | p2=0xcdac…5c43 | p3=0xd0b5…f224
2026-02-25T04:24:48Z | block=42602067 | kind=Triangular | hops=V3CL→V3CL→V2 | token=WETH | idx=1399 | profit=0.001274855120183863 WETH | amount_in=1.476 | p1=0x22ae…91d5 | p2=0xfcda…2278 | p3=0xcdac…5c43
2026-02-25T04:24:48Z | block=42602067 | kind=Cross-dex | hops=V2→V3CL | token=USDC | idx=5099 | profit=2.470151 USDC | amount_in=1478.211 | p1=0xcdac…5c43 | p2=0xb4cb…00e5 | p3=0xcdac…5c43
2026-02-25T04:24:48Z | block=42602067 | kind=Cross-dex | hops=V2→V3CL | token=USDC | idx=5095 | profit=5.113149 USDC | amount_in=3638.094 | p1=0xcdac…5c43 | p2=0xdbc6…30f1 | p3=0xcdac…5c43
2026-02-25T04:24:49Z | block=42602067 | kind=Cross-dex | hops=V2→V3CL | token=USDC | idx=5100 | profit=3.953549 USDC | amount_in=5834.583 | p1=0xcdac…5c43 | p2=0xd0b5…f224 | p3=0xcdac…5c43
2026-02-25T04:24:49Z | block=42602067 | kind=Triangular | hops=V2→V3CL→V3CL | token=USDC | idx=2773 | profit=2.43851 USDC | amount_in=2800.205 | p1=0xcdac…5c43 | p2=0x22ae…91d5 | p3=0xfcda…2278
2026-02-25T04:24:49Z | block=42602067 | kind=Triangular | hops=V2→V3CL→V3CL | token=USDC | idx=2771 | profit=4.704221 USDC | amount_in=5468.275 | p1=0xcdac…5c43 | p2=0x22ae…91d5 | p3=0x4e96…e778
2026-02-25T04:24:49Z | block=42602067 | kind=Triangular | hops=V2→V3CL→V3CL | token=USDC | idx=2775 | profit=3.765466 USDC | amount_in=4817.559 | p1=0xcdac…5c43 | p2=0x22ae…91d5 | p3=0xfbb6…43ef
2026-02-25T04:24:49Z | block=42602067 | kind=Triangular | hops=V2→V3CL→V3CL | token=USDC | idx=2772 | profit=3.696737 USDC | amount_in=4551.856 | p1=0xcdac…5c43 | p2=0x22ae…91d5 | p3=0x3e66…a9fb
2026-02-25T04:24:49Z | block=42602068 | kind=Cross-dex | hops=V3CL→V2 | token=WETH | idx=2602 | profit=0.002679641570203316 WETH | amount_in=1.907 | p1=0xdbc6…30f1 | p2=0xcdac…5c43 | p3=0xdbc6…30f1
2026-02-25T04:24:49Z | block=42602068 | kind=Triangular | hops=V3CL→V3CL→V2 | token=WETH | idx=1364 | profit=0.002450087477941685 WETH | amount_in=2.891 | p1=0x22ae…91d5 | p2=0x4e96…e778 | p3=0xcdac…5c43
2026-02-25T04:24:50Z | block=42602068 | kind=Triangular | hops=V3CL→V3CL→V2 | token=WETH | idx=1383 | profit=0.001939097259035811 WETH | amount_in=2.381 | p1=0x22ae…91d5 | p2=0x3e66…a9fb | p3=0xcdac…5c43
2026-02-25T04:24:50Z | block=42602068 | kind=Triangular | hops=V3CL→V3CL→V2 | token=WETH | idx=1424 | profit=0.001979053882435982 WETH | amount_in=2.512 | p1=0x22ae…91d5 | p2=0xfbb6…43ef | p3=0xcdac…5c43
2026-02-25T04:24:50Z | block=42602068 | kind=Triangular | hops=V3CL→V3CL→V2 | token=WETH | idx=1399 | profit=0.001274849859440884 WETH | amount_in=1.476 | p1=0x22ae…91d5 | p2=0xfcda…2278 | p3=0xcdac…5c43
2026-02-25T04:24:50Z | block=42602068 | kind=Triangular | hops=V3CL→V3CL→V2 | token=WETH | idx=1924 | profit=0.001063477120496475 WETH | amount_in=2.402 | p1=0x7aea…abd1 | p2=0x4e96…e778 | p3=0xcdac…5c43
2026-02-25T04:24:50Z | block=42602068 | kind=Triangular | hops=V3CL→V3CL→V2 | token=WETH | idx=1943 | profit=0.000754090983500656 WETH | amount_in=1.92 | p1=0x7aea…abd1 | p2=0x3e66…a9fb | p3=0xcdac…5c43
2026-02-25T04:24:50Z | block=42602068 | kind=Triangular | hops=V3CL→V3CL→V2 | token=WETH | idx=1984 | profit=0.000751347746712495 WETH | amount_in=2.028 | p1=0x7aea…abd1 | p2=0xfbb6…43ef | p3=0xcdac…5c43
2026-02-25T04:24:50Z | block=42602068 | kind=Triangular | hops=V3CL→V3CL→V2 | token=WETH | idx=1959 | profit=0.000519261922418557 WETH | amount_in=1.108 | p1=0x7aea…abd1 | p2=0xfcda…2278 | p3=0xcdac…5c43
2026-02-25T04:24:51Z | block=42602068 | kind=Cross-dex | hops=V2→V3CL | token=USDC | idx=5095 | profit=4.504348 USDC | amount_in=3746.993 | p1=0xcdac…5c43 | p2=0xdbc6…30f1 | p3=0xcdac…5c43
2026-02-25T04:24:51Z | block=42602068 | kind=Cross-dex | hops=V2→V3CL | token=USDC | idx=5099 | profit=2.323829 USDC | amount_in=1479.217 | p1=0xcdac…5c43 | p2=0xb4cb…00e5 | p3=0xcdac…5c43
2026-02-25T04:24:51Z | block=42602068 | kind=Triangular | hops=V2→V3CL→V3CL | token=USDC | idx=2773 | profit=2.43848 USDC | amount_in=2800.205 | p1=0xcdac…5c43 | p2=0x22ae…91d5 | p3=0xfcda…2278
2026-02-25T04:24:51Z | block=42602068 | kind=Triangular | hops=V2→V3CL→V3CL | token=USDC | idx=2771 | profit=4.704191 USDC | amount_in=5468.275 | p1=0xcdac…5c43 | p2=0x22ae…91d5 | p3=0x4e96…e778
2026-02-25T04:24:51Z | block=42602068 | kind=Triangular | hops=V2→V3CL→V3CL | token=USDC | idx=2775 | profit=3.765436 USDC | amount_in=4817.559 | p1=0xcdac…5c43 | p2=0x22ae…91d5 | p3=0xfbb6…43ef
2026-02-25T04:24:51Z | block=42602068 | kind=Triangular | hops=V2→V3CL→V3CL | token=USDC | idx=2772 | profit=3.696707 USDC | amount_in=4551.856 | p1=0xcdac…5c43 | p2=0x22ae…91d5 | p3=0x3e66…a9fb
2026-02-25T04:24:51Z | block=42602068 | kind=Triangular | hops=V2→V3CL→V3CL | token=USDC | idx=2794 | profit=0.976389 USDC | amount_in=2136.563 | p1=0xcdac…5c43 | p2=0x7aea…abd1 | p3=0xfcda…2278
2026-02-25T04:24:51Z | block=42602068 | kind=Triangular | hops=V2→V3CL→V3CL | token=USDC | idx=2792 | profit=2.035781 USDC | amount_in=4570.184 | p1=0xcdac…5c43 | p2=0x7aea…abd1 | p3=0x4e96…e778
2026-02-25T04:24:52Z | block=42602068 | kind=Triangular | hops=V2→V3CL→V3CL | token=USDC | idx=2796 | profit=1.436539 USDC | amount_in=3860.512 | p1=0xcdac…5c43 | p2=0x7aea…abd1 | p3=0xfbb6…43ef
2026-02-25T04:24:52Z | block=42602068 | kind=Triangular | hops=V2→V3CL→V3CL | token=USDC | idx=2793 | profit=1.446159 USDC | amount_in=3645.682 | p1=0xcdac…5c43 | p2=0x7aea…abd1 | p3=0x3e66…a9fb
2026-02-25T04:24:52Z | block=42602069 | kind=Cross-dex | hops=V3CL→V2 | token=WETH | idx=2593 | profit=0.002896824811640118 WETH | amount_in=3.831 | p1=0xb2cc…dc59 | p2=0xcdac…5c43 | p3=0xb2cc…dc59
2026-02-25T04:24:52Z | block=42602069 | kind=Cross-dex | hops=V3CL→V2 | token=WETH | idx=2647 | profit=0.002070861680623136 WETH | amount_in=3.055 | p1=0xd0b5…f224 | p2=0xcdac…5c43 | p3=0xd0b5…f224
2026-02-25T04:24:52Z | block=42602069 | kind=Triangular | hops=V3CL→V3CL→V2 | token=WETH | idx=980 | profit=0.001795129371553425 WETH | amount_in=3.166 | p1=0x70ac…bae1 | p2=0x4e96…e778 | p3=0xcdac…5c43
2026-02-25T04:24:52Z | block=42602069 | kind=Triangular | hops=V3CL→V3CL→V2 | token=WETH | idx=999 | profit=0.001251086461483948 WETH | amount_in=2.482 | p1=0x70ac…bae1 | p2=0x3e66…a9fb | p3=0xcdac…5c43
2026-02-25T04:24:52Z | block=42602069 | kind=Triangular | hops=V3CL→V3CL→V2 | token=WETH | idx=1040 | profit=0.00129559433405915 WETH | amount_in=2.632 | p1=0x70ac…bae1 | p2=0xfbb6…43ef | p3=0xcdac…5c43
2026-02-25T04:24:52Z | block=42602069 | kind=Triangular | hops=V3CL→V3CL→V2 | token=WETH | idx=1015 | profit=0.000765323670613515 WETH | amount_in=1.354 | p1=0x70ac…bae1 | p2=0xfcda…2278 | p3=0xcdac…5c43
2026-02-25T04:24:53Z | block=42602069 | kind=Cross-dex | hops=V2→V3CL | token=USDC | idx=5099 | profit=2.317988 USDC | amount_in=1476.08 | p1=0xcdac…5c43 | p2=0xb4cb…00e5 | p3=0xcdac…5c43
2026-02-25T04:24:53Z | block=42602069 | kind=Cross-dex | hops=V2→V3CL | token=USDC | idx=5094 | profit=5.534495 USDC | amount_in=7319.976 | p1=0xcdac…5c43 | p2=0xb2cc…dc59 | p3=0xcdac…5c43
2026-02-25T04:24:53Z | block=42602069 | kind=Cross-dex | hops=V2→V3CL | token=USDC | idx=5100 | profit=3.953523 USDC | amount_in=5834.583 | p1=0xcdac…5c43 | p2=0xd0b5…f224 | p3=0xcdac…5c43
2026-02-25T04:24:53Z | block=42602069 | kind=Triangular | hops=V2→V3CL→V3CL | token=USDC | idx=2754 | profit=1.456467 USDC | amount_in=2585.279 | p1=0xcdac…5c43 | p2=0x70ac…bae1 | p3=0xfcda…2278
2026-02-25T04:24:53Z | block=42602069 | kind=Triangular | hops=V2→V3CL→V3CL | token=USDC | idx=2752 | profit=3.389279 USDC | amount_in=6123.075 | p1=0xcdac…5c43 | p2=0x70ac…bae1 | p3=0x4e96…e778
2026-02-25T04:24:53Z | block=42602069 | kind=Triangular | hops=V2→V3CL→V3CL | token=USDC | idx=2756 | profit=2.47087 USDC | amount_in=5027.608 | p1=0xcdac…5c43 | p2=0x70ac…bae1 | p3=0xfbb6…43ef
2026-02-25T04:24:53Z | block=42602069 | kind=Triangular | hops=V2→V3CL→V3CL | token=USDC | idx=2753 | profit=2.394663 USDC | amount_in=4722.673 | p1=0xcdac…5c43 | p2=0x70ac…bae1 | p3=0x3e66…a9fb
2026-02-25T04:24:54Z | block=42602070 | kind=Cross-dex | hops=V3CL→V2 | token=WETH | idx=2602 | profit=0.002360620590307692 WETH | amount_in=1.964 | p1=0xdbc6…30f1 | p2=0xcdac…5c43 | p3=0xdbc6…30f1
2026-02-25T04:24:54Z | block=42602070 | kind=Cross-dex | hops=V2→V3CL | token=USDC | idx=5095 | profit=4.251059 USDC | amount_in=3518.377 | p1=0xcdac…5c43 | p2=0xdbc6…30f1 | p3=0xcdac…5c43
2026-02-25T04:24:54Z | block=42602070 | kind=Cross-dex | hops=V2→V3CL | token=USDC | idx=5099 | profit=2.170134 USDC | amount_in=1476.112 | p1=0xcdac…5c43 | p2=0xb4cb…00e5 | p3=0xcdac…5c43
2026-02-25T04:24:54Z | block=42602071 | kind=Cross-dex | hops=V2→V3CL | token=USDC | idx=5099 | profit=2.170108 USDC | amount_in=1476.112 | p1=0xcdac…5c43 | p2=0xb4cb…00e5 | p3=0xcdac…5c43
2026-02-25T04:24:55Z | block=42602072 | kind=Cross-dex | hops=V3CL→V2 | token=WETH | idx=2602 | profit=0.00222813520322175 WETH | amount_in=1.844 | p1=0xdbc6…30f1 | p2=0xcdac…5c43 | p3=0xdbc6…30f1
2026-02-25T04:24:55Z | block=42602072 | kind=Triangular | hops=V3CL→V3CL→V2 | token=WETH | idx=980 | profit=0.001798438470656891 WETH | amount_in=3.182 | p1=0x70ac…bae1 | p2=0x4e96…e778 | p3=0xcdac…5c43
2026-02-25T04:24:55Z | block=42602072 | kind=Triangular | hops=V3CL→V3CL→V2 | token=WETH | idx=999 | profit=0.001257960195685674 WETH | amount_in=2.482 | p1=0x70ac…bae1 | p2=0x3e66…a9fb | p3=0xcdac…5c43
2026-02-25T04:24:55Z | block=42602072 | kind=Triangular | hops=V3CL→V3CL→V2 | token=WETH | idx=1040 | profit=0.00129328148179398 WETH | amount_in=2.652 | p1=0x70ac…bae1 | p2=0xfbb6…43ef | p3=0xcdac…5c43
2026-02-25T04:24:55Z | block=42602072 | kind=Triangular | hops=V3CL→V3CL→V2 | token=WETH | idx=1015 | profit=0.00077192953055948 WETH | amount_in=1.345 | p1=0x70ac…bae1 | p2=0xfcda…2278 | p3=0xcdac…5c43
2026-02-25T04:24:55Z | block=42602072 | kind=Cross-dex | hops=V2→V3CL | token=USDC | idx=5095 | profit=4.251075 USDC | amount_in=3518.377 | p1=0xcdac…5c43 | p2=0xdbc6…30f1 | p3=0xcdac…5c43
2026-02-25T04:24:56Z | block=42602072 | kind=Cross-dex | hops=V2→V3CL | token=USDC | idx=5099 | profit=2.17015 USDC | amount_in=1476.112 | p1=0xcdac…5c43 | p2=0xb4cb…00e5 | p3=0xcdac…5c43
2026-02-25T04:24:56Z | block=42602072 | kind=Triangular | hops=V2→V3CL→V3CL | token=USDC | idx=2754 | profit=1.465369 USDC | amount_in=2575.42 | p1=0xcdac…5c43 | p2=0x70ac…bae1 | p3=0xfcda…2278
2026-02-25T04:24:56Z | block=42602072 | kind=Triangular | hops=V2→V3CL→V3CL | token=USDC | idx=2752 | profit=3.33333 USDC | amount_in=5984.013 | p1=0xcdac…5c43 | p2=0x70ac…bae1 | p3=0x4e96…e778
2026-02-25T04:24:56Z | block=42602072 | kind=Triangular | hops=V2→V3CL→V3CL | token=USDC | idx=2756 | profit=2.475372 USDC | amount_in=5018.259 | p1=0xcdac…5c43 | p2=0x70ac…bae1 | p3=0xfbb6…43ef
2026-02-25T04:24:56Z | block=42602072 | kind=Triangular | hops=V2→V3CL→V3CL | token=USDC | idx=2753 | profit=2.38233 USDC | amount_in=4746.682 | p1=0xcdac…5c43 | p2=0x70ac…bae1 | p3=0x3e66…a9fb
2026-02-25T04:24:56Z | block=42602073 | kind=Triangular | hops=V3CL→V3CL→V2 | token=WETH | idx=1364 | profit=0.002408729265967983 WETH | amount_in=2.84 | p1=0x22ae…91d5 | p2=0x4e96…e778 | p3=0xcdac…5c43
2026-02-25T04:24:57Z | block=42602073 | kind=Cross-dex | hops=V3CL→V2 | token=WETH | idx=2602 | profit=0.00200953873602674 WETH | amount_in=2.011 | p1=0xdbc6…30f1 | p2=0xcdac…5c43 | p3=0xdbc6…30f1
2026-02-25T04:24:57Z | block=42602073 | kind=Triangular | hops=V3CL→V3CL→V2 | token=WETH | idx=1383 | profit=0.001909377871707158 WETH | amount_in=2.379 | p1=0x22ae…91d5 | p2=0x3e66…a9fb | p3=0xcdac…5c43
2026-02-25T04:24:57Z | block=42602073 | kind=Triangular | hops=V3CL→V3CL→V2 | token=WETH | idx=1424 | profit=0.001957786721693334 WETH | amount_in=2.49 | p1=0x22ae…91d5 | p2=0xfbb6…43ef | p3=0xcdac…5c43
2026-02-25T04:24:57Z | block=42602073 | kind=Cross-dex | hops=V3CL→V2 | token=WETH | idx=2647 | profit=0.002072538515567704 WETH | amount_in=3.056 | p1=0xd0b5…f224 | p2=0xcdac…5c43 | p3=0xd0b5…f224
2026-02-25T04:24:57Z | block=42602073 | kind=Triangular | hops=V3CL→V3CL→V2 | token=WETH | idx=1399 | profit=0.001263741832147226 WETH | amount_in=1.461 | p1=0x22ae…91d5 | p2=0xfcda…2278 | p3=0xcdac…5c43
2026-02-25T04:24:57Z | block=42602073 | kind=Cross-dex | hops=V2→V3CL | token=USDC | idx=5099 | profit=2.156236 USDC | amount_in=1468.235 | p1=0xcdac…5c43 | p2=0xb4cb…00e5 | p3=0xcdac…5c43
2026-02-25T04:24:58Z | block=42602073 | kind=Cross-dex | hops=V2→V3CL | token=USDC | idx=5095 | profit=3.834317 USDC | amount_in=3836.582 | p1=0xcdac…5c43 | p2=0xdbc6…30f1 | p3=0xcdac…5c43
2026-02-25T04:24:58Z | block=42602073 | kind=Cross-dex | hops=V2→V3CL | token=USDC | idx=5100 | profit=3.957206 USDC | amount_in=5835.538 | p1=0xcdac…5c43 | p2=0xd0b5…f224 | p3=0xcdac…5c43
2026-02-25T04:24:58Z | block=42602073 | kind=Triangular | hops=V2→V3CL→V3CL | token=USDC | idx=2773 | profit=2.284689 USDC | amount_in=2730.425 | p1=0xcdac…5c43 | p2=0x22ae…91d5 | p3=0xfcda…2278
2026-02-25T04:24:58Z | block=42602073 | kind=Triangular | hops=V2→V3CL→V3CL | token=USDC | idx=2775 | profit=3.826168 USDC | amount_in=4833.197 | p1=0xcdac…5c43 | p2=0x22ae…91d5 | p3=0xfbb6…43ef
2026-02-25T04:24:58Z | block=42602073 | kind=Triangular | hops=V2→V3CL→V3CL | token=USDC | idx=2771 | profit=4.484303 USDC | amount_in=5375.916 | p1=0xcdac…5c43 | p2=0x22ae…91d5 | p3=0x4e96…e778
2026-02-25T04:24:58Z | block=42602073 | kind=Triangular | hops=V2→V3CL→V3CL | token=USDC | idx=2772 | profit=3.659909 USDC | amount_in=4523.8 | p1=0xcdac…5c43 | p2=0x22ae…91d5 | p3=0x3e66…a9fb
2026-02-25T04:24:59Z | block=42602074 | kind=Triangular | hops=V3CL→V3CL→V2 | token=WETH | idx=1364 | profit=0.002361368425967244 WETH | amount_in=2.791 | p1=0x22ae…91d5 | p2=0x4e96…e778 | p3=0xcdac…5c43
2026-02-25T04:24:59Z | block=42602074 | kind=Cross-dex | hops=V3CL→V2 | token=WETH | idx=2602 | profit=0.002052807625265303 WETH | amount_in=1.853 | p1=0xdbc6…30f1 | p2=0xcdac…5c43 | p3=0xdbc6…30f1
2026-02-25T04:24:59Z | block=42602074 | kind=Triangular | hops=V3CL→V3CL→V2 | token=WETH | idx=1424 | profit=0.002012761691957072 WETH | amount_in=2.516 | p1=0x22ae…91d5 | p2=0xfbb6…43ef | p3=0xcdac…5c43
2026-02-25T04:24:59Z | block=42602074 | kind=Triangular | hops=V3CL→V3CL→V2 | token=WETH | idx=1383 | profit=0.001915004663454191 WETH | amount_in=2.376 | p1=0x22ae…91d5 | p2=0x3e66…a9fb | p3=0xcdac…5c43
2026-02-25T04:24:59Z | block=42602074 | kind=Triangular | hops=V3CL→V3CL→V2 | token=WETH | idx=1399 | profit=0.001200776093455817 WETH | amount_in=1.427 | p1=0x22ae…91d5 | p2=0xfcda…2278 | p3=0xcdac…5c43
2026-02-25T04:24:59Z | block=42602074 | kind=Triangular | hops=V3CL→V3CL→V2 | token=WETH | idx=980 | profit=0.001623010869389301 WETH | amount_in=3.021 | p1=0x70ac…bae1 | p2=0x4e96…e778 | p3=0xcdac…5c43
2026-02-25T04:24:59Z | block=42602074 | kind=Triangular | hops=V3CL→V3CL→V2 | token=WETH | idx=999 | profit=0.001208825388162485 WETH | amount_in=2.421 | p1=0x70ac…bae1 | p2=0x3e66…a9fb | p3=0xcdac…5c43
2026-02-25T04:24:59Z | block=42602074 | kind=Triangular | hops=V3CL→V3CL→V2 | token=WETH | idx=1924 | profit=0.000961356409211461 WETH | amount_in=2.317 | p1=0x7aea…abd1 | p2=0x4e96…e778 | p3=0xcdac…5c43
2026-02-25T04:25:00Z | block=42602074 | kind=Triangular | hops=V3CL→V3CL→V2 | token=WETH | idx=1943 | profit=0.000722492262631347 WETH | amount_in=1.887 | p1=0x7aea…abd1 | p2=0x3e66…a9fb | p3=0xcdac…5c43
2026-02-25T04:25:00Z | block=42602074 | kind=Triangular | hops=V3CL→V3CL→V2 | token=WETH | idx=1015 | profit=0.00068622522837416 WETH | amount_in=1.289 | p1=0x70ac…bae1 | p2=0xfcda…2278 | p3=0xcdac…5c43
2026-02-25T04:25:00Z | block=42602074 | kind=Triangular | hops=V3CL→V3CL→V2 | token=WETH | idx=1959 | profit=0.000444857862910062 WETH | amount_in=1.076 | p1=0x7aea…abd1 | p2=0xfcda…2278 | p3=0xcdac…5c43
2026-02-25T04:25:00Z | block=42602074 | kind=Cross-dex | hops=V2→V3CL | token=USDC | idx=5095 | profit=3.907312 USDC | amount_in=3526.849 | p1=0xcdac…5c43 | p2=0xdbc6…30f1 | p3=0xcdac…5c43
2026-02-25T04:25:00Z | block=42602074 | kind=Triangular | hops=V2→V3CL→V3CL | token=USDC | idx=2775 | profit=3.828532 USDC | amount_in=4833.197 | p1=0xcdac…5c43 | p2=0x22ae…91d5 | p3=0xfbb6…43ef
2026-02-25T04:25:01Z | block=42602074 | kind=Triangular | hops=V2→V3CL→V3CL | token=USDC | idx=2773 | profit=2.284722 USDC | amount_in=2730.425 | p1=0xcdac…5c43 | p2=0x22ae…91d5 | p3=0xfcda…2278
2026-02-25T04:25:01Z | block=42602074 | kind=Triangular | hops=V2→V3CL→V3CL | token=USDC | idx=2771 | profit=4.484336 USDC | amount_in=5375.916 | p1=0xcdac…5c43 | p2=0x22ae…91d5 | p3=0x4e96…e778
2026-02-25T04:25:01Z | block=42602074 | kind=Triangular | hops=V2→V3CL→V3CL | token=USDC | idx=2772 | profit=3.659942 USDC | amount_in=4523.8 | p1=0xcdac…5c43 | p2=0x22ae…91d5 | p3=0x3e66…a9fb
2026-02-25T04:25:01Z | block=42602074 | kind=Triangular | hops=V2→V3CL→V3CL | token=USDC | idx=2754 | profit=1.304138 USDC | amount_in=2463.612 | p1=0xcdac…5c43 | p2=0x70ac…bae1 | p3=0xfcda…2278
2026-02-25T04:25:01Z | block=42602074 | kind=Triangular | hops=V2→V3CL→V3CL | token=USDC | idx=2794 | profit=0.835977 USDC | amount_in=2072.461 | p1=0xcdac…5c43 | p2=0x7aea…abd1 | p3=0xfcda…2278
2026-02-25T04:25:01Z | block=42602074 | kind=Triangular | hops=V2→V3CL→V3CL | token=USDC | idx=2792 | profit=1.828118 USDC | amount_in=4432.537 | p1=0xcdac…5c43 | p2=0x7aea…abd1 | p3=0x4e96…e778
2026-02-25T04:25:01Z | block=42602074 | kind=Triangular | hops=V2→V3CL→V3CL | token=USDC | idx=2752 | profit=3.074927 USDC | amount_in=5816.069 | p1=0xcdac…5c43 | p2=0x70ac…bae1 | p3=0x4e96…e778
2026-02-25T04:25:01Z | block=42602074 | kind=Triangular | hops=V2→V3CL→V3CL | token=USDC | idx=2793 | profit=1.389217 USDC | amount_in=3575.303 | p1=0xcdac…5c43 | p2=0x7aea…abd1 | p3=0x3e66…a9fb
2026-02-25T04:25:02Z | block=42602074 | kind=Triangular | hops=V2→V3CL→V3CL | token=USDC | idx=2753 | profit=2.30222 USDC | amount_in=4629.343 | p1=0xcdac…5c43 | p2=0x70ac…bae1 | p3=0x3e66…a9fb
2026-02-25T04:25:02Z | block=42602075 | kind=Cross-dex | hops=V3CL→V2 | token=WETH | idx=2602 | profit=0.002048073096798608 WETH | amount_in=1.848 | p1=0xdbc6…30f1 | p2=0xcdac…5c43 | p3=0xdbc6…30f1
2026-02-25T04:25:02Z | block=42602075 | kind=Triangular | hops=V3CL→V3CL→V2 | token=WETH | idx=1424 | profit=0.001952943871027444 WETH | amount_in=2.51 | p1=0x22ae…91d5 | p2=0xfbb6…43ef | p3=0xcdac…5c43
2026-02-25T04:25:02Z | block=42602075 | kind=Triangular | hops=V3CL→V3CL→V2 | token=WETH | idx=1040 | profit=0.001296870434273004 WETH | amount_in=2.632 | p1=0x70ac…bae1 | p2=0xfbb6…43ef | p3=0xcdac…5c43
2026-02-25T04:25:02Z | block=42602075 | kind=Triangular | hops=V3CL→V3CL→V2 | token=WETH | idx=1984 | profit=0.000752333797980671 WETH | amount_in=2.028 | p1=0x7aea…abd1 | p2=0xfbb6…43ef | p3=0xcdac…5c43
2026-02-25T04:25:03Z | block=42602075 | kind=Cross-dex | hops=V2→V3CL | token=USDC | idx=5099 | profit=2.159974 USDC | amount_in=1470.331 | p1=0xcdac…5c43 | p2=0xb4cb…00e5 | p3=0xcdac…5c43
2026-02-25T04:25:03Z | block=42602075 | kind=Cross-dex | hops=V2→V3CL | token=USDC | idx=5095 | profit=3.907329 USDC | amount_in=3526.849 | p1=0xcdac…5c43 | p2=0xdbc6…30f1 | p3=0xcdac…5c43
2026-02-25T04:25:03Z | block=42602075 | kind=Triangular | hops=V2→V3CL→V3CL | token=USDC | idx=2775 | profit=3.726899 USDC | amount_in=4791.249 | p1=0xcdac…5c43 | p2=0x22ae…91d5 | p3=0xfbb6…43ef
2026-02-25T04:25:03Z | block=42602075 | kind=Triangular | hops=V2→V3CL→V3CL | token=USDC | idx=2756 | profit=2.473375 USDC | amount_in=5027.606 | p1=0xcdac…5c43 | p2=0x70ac…bae1 | p3=0xfbb6…43ef
2026-02-25T04:25:03Z | block=42602075 | kind=Triangular | hops=V2→V3CL→V3CL | token=USDC | idx=2796 | profit=1.438452 USDC | amount_in=3860.512 | p1=0xcdac…5c43 | p2=0x7aea…abd1 | p3=0xfbb6…43ef
2026-02-25T04:25:03Z | block=42602076 | kind=Triangular | hops=V3CL→V3CL→V2 | token=WETH | idx=1364 | profit=0.002299597450782235 WETH | amount_in=2.772 | p1=0x22ae…91d5 | p2=0x4e96…e778 | p3=0xcdac…5c43
2026-02-25T04:25:03Z | block=42602076 | kind=Triangular | hops=V3CL→V3CL→V2 | token=WETH | idx=1424 | profit=0.001952938610284465 WETH | amount_in=2.51 | p1=0x22ae…91d5 | p2=0xfbb6…43ef | p3=0xcdac…5c43
2026-02-25T04:25:04Z | block=42602076 | kind=Triangular | hops=V3CL→V3CL→V2 | token=WETH | idx=1383 | profit=0.001869884378045543 WETH | amount_in=2.345 | p1=0x22ae…91d5 | p2=0x3e66…a9fb | p3=0xcdac…5c43
2026-02-25T04:25:04Z | block=42602076 | kind=Triangular | hops=V3CL→V3CL→V2 | token=WETH | idx=980 | profit=0.001627449753098754 WETH | amount_in=3.045 | p1=0x70ac…bae1 | p2=0x4e96…e778 | p3=0xcdac…5c43
2026-02-25T04:25:04Z | block=42602076 | kind=Triangular | hops=V3CL→V3CL→V2 | token=WETH | idx=1399 | profit=0.001167363986576928 WETH | amount_in=1.421 | p1=0x22ae…91d5 | p2=0xfcda…2278 | p3=0xcdac…5c43
2026-02-25T04:25:04Z | block=42602076 | kind=Triangular | hops=V3CL→V3CL→V2 | token=WETH | idx=1040 | profit=0.001307930379303344 WETH | amount_in=2.641 | p1=0x70ac…bae1 | p2=0xfbb6…43ef | p3=0xcdac…5c43
2026-02-25T04:25:04Z | block=42602076 | kind=Triangular | hops=V3CL→V3CL→V2 | token=WETH | idx=999 | profit=0.001219521188760551 WETH | amount_in=2.447 | p1=0x70ac…bae1 | p2=0x3e66…a9fb | p3=0xcdac…5c43
2026-02-25T04:25:04Z | block=42602076 | kind=Triangular | hops=V3CL→V3CL→V2 | token=WETH | idx=1015 | profit=0.000688730898128638 WETH | amount_in=1.297 | p1=0x70ac…bae1 | p2=0xfcda…2278 | p3=0xcdac…5c43
2026-02-25T04:25:04Z | block=42602076 | kind=Cross-dex | hops=V2→V3CL | token=USDC | idx=5099 | profit=2.116392 USDC | amount_in=1445.516 | p1=0xcdac…5c43 | p2=0xb4cb…00e5 | p3=0xcdac…5c43
2026-02-25T04:25:05Z | block=42602076 | kind=Triangular | hops=V2→V3CL→V3CL | token=USDC | idx=2775 | profit=3.726869 USDC | amount_in=4791.249 | p1=0xcdac…5c43 | p2=0x22ae…91d5 | p3=0xfbb6…43ef
2026-02-25T04:25:05Z | block=42602076 | kind=Triangular | hops=V2→V3CL→V3CL | token=USDC | idx=2773 | profit=2.228823 USDC | amount_in=2702.925 | p1=0xcdac…5c43 | p2=0x22ae…91d5 | p3=0xfcda…2278
2026-02-25T04:25:05Z | block=42602076 | kind=Triangular | hops=V2→V3CL→V3CL | token=USDC | idx=2771 | profit=4.358527 USDC | amount_in=5327.748 | p1=0xcdac…5c43 | p2=0x22ae…91d5 | p3=0x4e96…e778
2026-02-25T04:25:05Z | block=42602076 | kind=Triangular | hops=V2→V3CL→V3CL | token=USDC | idx=2772 | profit=3.555354 USDC | amount_in=4501.398 | p1=0xcdac…5c43 | p2=0x22ae…91d5 | p3=0x3e66…a9fb
2026-02-25T04:25:05Z | block=42602076 | kind=Triangular | hops=V2→V3CL→V3CL | token=USDC | idx=2756 | profit=2.482258 USDC | amount_in=5069.348 | p1=0xcdac…5c43 | p2=0x70ac…bae1 | p3=0xfbb6…43ef
2026-02-25T04:25:05Z | block=42602076 | kind=Triangular | hops=V2→V3CL→V3CL | token=USDC | idx=2754 | profit=1.311114 USDC | amount_in=2474.894 | p1=0xcdac…5c43 | p2=0x70ac…bae1 | p3=0xfcda…2278
2026-02-25T04:25:05Z | block=42602076 | kind=Triangular | hops=V2→V3CL→V3CL | token=USDC | idx=2752 | profit=3.102949 USDC | amount_in=5872.134 | p1=0xcdac…5c43 | p2=0x70ac…bae1 | p3=0x4e96…e778
2026-02-25T04:25:05Z | block=42602076 | kind=Triangular | hops=V2→V3CL→V3CL | token=USDC | idx=2753 | profit=2.321335 USDC | amount_in=4681.598 | p1=0xcdac…5c43 | p2=0x70ac…bae1 | p3=0x3e66…a9fb
2026-02-25T04:25:06Z | block=42602077 | kind=Triangular | hops=V3CL→V3CL→V2 | token=WETH | idx=1364 | profit=0.002292471475621273 WETH | amount_in=2.772 | p1=0x22ae…91d5 | p2=0x4e96…e778 | p3=0xcdac…5c43
2026-02-25T04:25:06Z | block=42602077 | kind=Triangular | hops=V3CL→V3CL→V2 | token=WETH | idx=980 | profit=0.001623197077080489 WETH | amount_in=3.079 | p1=0x70ac…bae1 | p2=0x4e96…e778 | p3=0xcdac…5c43
2026-02-25T04:25:06Z | block=42602077 | kind=Triangular | hops=V3CL→V3CL→V2 | token=WETH | idx=1924 | profit=0.000968900379191453 WETH | amount_in=2.33 | p1=0x7aea…abd1 | p2=0x4e96…e778 | p3=0xcdac…5c43
2026-02-25T04:25:06Z | block=42602077 | kind=Cross-dex | hops=V2→V3CL | token=USDC | idx=5099 | profit=2.177421 USDC | amount_in=1399.978 | p1=0xcdac…5c43 | p2=0xb4cb…00e5 | p3=0xcdac…5c43
2026-02-25T04:25:06Z | block=42602077 | kind=Triangular | hops=V2→V3CL→V3CL | token=USDC | idx=2771 | profit=4.055608 USDC | amount_in=5178.298 | p1=0xcdac…5c43 | p2=0x22ae…91d5 | p3=0x4e96…e778
2026-02-25T04:25:06Z | block=42602077 | kind=Triangular | hops=V2→V3CL→V3CL | token=USDC | idx=2752 | profit=3.144651 USDC | amount_in=5924.252 | p1=0xcdac…5c43 | p2=0x70ac…bae1 | p3=0x4e96…e778
2026-02-25T04:25:06Z | block=42602077 | kind=Triangular | hops=V2→V3CL→V3CL | token=USDC | idx=2792 | profit=1.829347 USDC | amount_in=4483.264 | p1=0xcdac…5c43 | p2=0x7aea…abd1 | p3=0x4e96…e778
2026-02-25T04:25:07Z | block=42602078 | kind=Cross-dex | hops=V3CL→V2 | token=WETH | idx=2602 | profit=0.002307867759540397 WETH | amount_in=1.916 | p1=0xdbc6…30f1 | p2=0xcdac…5c43 | p3=0xdbc6…30f1
2026-02-25T04:25:07Z | block=42602078 | kind=Cross-dex | hops=V3CL→V2 | token=WETH | idx=2647 | profit=0.002395254721462474 WETH | amount_in=3.223 | p1=0xd0b5…f224 | p2=0xcdac…5c43 | p3=0xd0b5…f224
2026-02-25T04:25:07Z | block=42602078 | kind=Triangular | hops=V3CL→V3CL→V2 | token=WETH | idx=1364 | profit=0.00212720286670542 WETH | amount_in=2.707 | p1=0x22ae…91d5 | p2=0x4e96…e778 | p3=0xcdac…5c43
2026-02-25T04:25:07Z | block=42602078 | kind=Triangular | hops=V3CL→V3CL→V2 | token=WETH | idx=1424 | profit=0.001802825289062617 WETH | amount_in=2.405 | p1=0x22ae…91d5 | p2=0xfbb6…43ef | p3=0xcdac…5c43
2026-02-25T04:25:07Z | block=42602078 | kind=Triangular | hops=V3CL→V3CL→V2 | token=WETH | idx=1383 | profit=0.001716375049693781 WETH | amount_in=2.271 | p1=0x22ae…91d5 | p2=0x3e66…a9fb | p3=0xcdac…5c43
2026-02-25T04:25:07Z | block=42602078 | kind=Triangular | hops=V3CL→V3CL→V2 | token=WETH | idx=1399 | profit=0.001076499855820618 WETH | amount_in=1.373 | p1=0x22ae…91d5 | p2=0xfcda…2278 | p3=0xcdac…5c43
2026-02-25T04:25:08Z | block=42602078 | kind=Cross-dex | hops=V2→V3CL | token=USDC | idx=5095 | profit=4.403485 USDC | amount_in=3655.663 | p1=0xcdac…5c43 | p2=0xdbc6…30f1 | p3=0xcdac…5c43
2026-02-25T04:25:08Z | block=42602078 | kind=Cross-dex | hops=V2→V3CL | token=USDC | idx=5099 | profit=2.201491 USDC | amount_in=1493.892 | p1=0xcdac…5c43 | p2=0xb4cb…00e5 | p3=0xcdac…5c43
2026-02-25T04:25:08Z | block=42602078 | kind=Cross-dex | hops=V2→V3CL | token=USDC | idx=5100 | profit=4.573575 USDC | amount_in=6156.455 | p1=0xcdac…5c43 | p2=0xd0b5…f224 | p3=0xcdac…5c43
2026-02-25T04:25:08Z | block=42602078 | kind=Triangular | hops=V2→V3CL→V3CL | token=USDC | idx=2775 | profit=3.428314 USDC | amount_in=4615.189 | p1=0xcdac…5c43 | p2=0x22ae…91d5 | p3=0xfbb6…43ef
2026-02-25T04:25:08Z | block=42602078 | kind=Triangular | hops=V2→V3CL→V3CL | token=USDC | idx=2773 | profit=2.044834 USDC | amount_in=2631.919 | p1=0xcdac…5c43 | p2=0x22ae…91d5 | p3=0xfcda…2278
2026-02-25T04:25:09Z | block=42602078 | kind=Triangular | hops=V2→V3CL→V3CL | token=USDC | idx=2771 | profit=4.055569 USDC | amount_in=5178.298 | p1=0xcdac…5c43 | p2=0x22ae…91d5 | p3=0x4e96…e778
2026-02-25T04:25:09Z | block=42602078 | kind=Triangular | hops=V2→V3CL→V3CL | token=USDC | idx=2772 | profit=3.264531 USDC | amount_in=4355.101 | p1=0xcdac…5c43 | p2=0x22ae…91d5 | p3=0x3e66…a9fb
2026-02-25T04:25:09Z | block=42602079 | kind=Cross-dex | hops=V3CL→V2 | token=WETH | idx=2602 | profit=0.002489570099912926 WETH | amount_in=1.907 | p1=0xdbc6…30f1 | p2=0xcdac…5c43 | p3=0xdbc6…30f1
2026-02-25T04:25:09Z | block=42602079 | kind=Cross-dex | hops=V2→V3CL | token=USDC | idx=5095 | profit=4.750547 USDC | amount_in=3639.769 | p1=0xcdac…5c43 | p2=0xdbc6…30f1 | p3=0xcdac…5c43
2026-02-25T04:25:09Z | block=42602079 | kind=Cross-dex | hops=V2→V3CL | token=USDC | idx=5099 | profit=2.20146 USDC | amount_in=1493.892 | p1=0xcdac…5c43 | p2=0xb4cb…00e5 | p3=0xcdac…5c43
2026-02-25T04:25:10Z | block=42602080 | kind=Cross-dex | hops=V3CL→V2 | token=WETH | idx=2602 | profit=0.001759714368814464 WETH | amount_in=1.95 | p1=0xdbc6…30f1 | p2=0xcdac…5c43 | p3=0xdbc6…30f1
2026-02-25T04:25:10Z | block=42602080 | kind=Triangular | hops=V3CL→V3CL→V2 | token=WETH | idx=1364 | profit=0.00174998735015627 WETH | amount_in=2.483 | p1=0x22ae…91d5 | p2=0x4e96…e778 | p3=0xcdac…5c43
2026-02-25T04:25:10Z | block=42602080 | kind=Triangular | hops=V3CL→V3CL→V2 | token=WETH | idx=1424 | profit=0.001623137297887791 WETH | amount_in=2.331 | p1=0x22ae…91d5 | p2=0xfbb6…43ef | p3=0xcdac…5c43
2026-02-25T04:25:10Z | block=42602080 | kind=Triangular | hops=V3CL→V3CL→V2 | token=WETH | idx=1383 | profit=0.001533933321857757 WETH | amount_in=2.181 | p1=0x22ae…91d5 | p2=0x3e66…a9fb | p3=0xcdac…5c43
2026-02-25T04:25:10Z | block=42602080 | kind=Triangular | hops=V3CL→V3CL→V2 | token=WETH | idx=980 | profit=0.001338724744954304 WETH | amount_in=2.82 | p1=0x70ac…bae1 | p2=0x4e96…e778 | p3=0xcdac…5c43
2026-02-25T04:25:11Z | block=42602080 | kind=Triangular | hops=V3CL→V3CL→V2 | token=WETH | idx=1399 | profit=0.00102731449182825 WETH | amount_in=1.357 | p1=0x22ae…91d5 | p2=0xfcda…2278 | p3=0xcdac…5c43
2026-02-25T04:25:11Z | block=42602080 | kind=Triangular | hops=V3CL→V3CL→V2 | token=WETH | idx=1040 | profit=0.001211998033119236 WETH | amount_in=2.571 | p1=0x70ac…bae1 | p2=0xfbb6…43ef | p3=0xcdac…5c43
2026-02-25T04:25:11Z | block=42602080 | kind=Triangular | hops=V3CL→V3CL→V2 | token=WETH | idx=999 | profit=0.001108870794790763 WETH | amount_in=2.377 | p1=0x70ac…bae1 | p2=0x3e66…a9fb | p3=0xcdac…5c43
2026-02-25T04:25:11Z | block=42602080 | kind=Triangular | hops=V3CL→V3CL→V2 | token=WETH | idx=1924 | profit=0.000759808109253625 WETH | amount_in=2.118 | p1=0x7aea…abd1 | p2=0x4e96…e778 | p3=0xcdac…5c43
2026-02-25T04:25:11Z | block=42602080 | kind=Triangular | hops=V3CL→V3CL→V2 | token=WETH | idx=1984 | profit=0.000690303422308029 WETH | amount_in=1.956 | p1=0x7aea…abd1 | p2=0xfbb6…43ef | p3=0xcdac…5c43
2026-02-25T04:25:11Z | block=42602080 | kind=Triangular | hops=V3CL→V3CL→V2 | token=WETH | idx=1943 | profit=0.000652478837173003 WETH | amount_in=1.805 | p1=0x7aea…abd1 | p2=0x3e66…a9fb | p3=0xcdac…5c43
2026-02-25T04:25:12Z | block=42602080 | kind=Cross-dex | hops=V2→V3CL | token=USDC | idx=5099 | profit=1.893682 USDC | amount_in=1398.099 | p1=0xcdac…5c43 | p2=0xb4cb…00e5 | p3=0xcdac…5c43
2026-02-25T04:25:12Z | block=42602080 | kind=Cross-dex | hops=V2→V3CL | token=USDC | idx=5095 | profit=3.042844 USDC | amount_in=3803.75 | p1=0xcdac…5c43 | p2=0xdbc6…30f1 | p3=0xcdac…5c43
2026-02-25T04:25:12Z | block=42602080 | kind=Triangular | hops=V2→V3CL→V3CL | token=USDC | idx=2773 | profit=1.776289 USDC | amount_in=2481.023 | p1=0xcdac…5c43 | p2=0x22ae…91d5 | p3=0xfcda…2278
2026-02-25T04:25:12Z | block=42602080 | kind=Triangular | hops=V2→V3CL→V3CL | token=USDC | idx=2775 | profit=2.8159 USDC | amount_in=4265.426 | p1=0xcdac…5c43 | p2=0x22ae…91d5 | p3=0xfbb6…43ef
2026-02-25T04:25:12Z | block=42602080 | kind=Triangular | hops=V2→V3CL→V3CL | token=USDC | idx=2771 | profit=3.049948 USDC | amount_in=4585.639 | p1=0xcdac…5c43 | p2=0x22ae…91d5 | p3=0x4e96…e778
2026-02-25T04:25:12Z | block=42602080 | kind=Triangular | hops=V2→V3CL→V3CL | token=USDC | idx=2772 | profit=2.679448 USDC | amount_in=4011.19 | p1=0xcdac…5c43 | p2=0x22ae…91d5 | p3=0x3e66…a9fb
2026-02-25T04:25:13Z | block=42602080 | kind=Triangular | hops=V2→V3CL→V3CL | token=USDC | idx=2756 | profit=1.993662 USDC | amount_in=4718.961 | p1=0xcdac…5c43 | p2=0x70ac…bae1 | p3=0xfbb6…43ef
2026-02-25T04:25:13Z | block=42602080 | kind=Triangular | hops=V2→V3CL→V3CL | token=USDC | idx=2796 | profit=1.103796 USDC | amount_in=3532.12 | p1=0xcdac…5c43 | p2=0x7aea…abd1 | p3=0xfbb6…43ef
2026-02-25T04:25:13Z | block=42602080 | kind=Triangular | hops=V2→V3CL→V3CL | token=USDC | idx=2792 | profit=1.236225 USDC | amount_in=3845.987 | p1=0xcdac…5c43 | p2=0x7aea…abd1 | p3=0x4e96…e778
2026-02-25T04:25:13Z | block=42602080 | kind=Triangular | hops=V2→V3CL→V3CL | token=USDC | idx=2752 | profit=2.24929 USDC | amount_in=5164.144 | p1=0xcdac…5c43 | p2=0x70ac…bae1 | p3=0x4e96…e778
2026-02-25T04:25:13Z | block=42602080 | kind=Triangular | hops=V2→V3CL→V3CL | token=USDC | idx=2793 | profit=1.040282 USDC | amount_in=3316.993 | p1=0xcdac…5c43 | p2=0x7aea…abd1 | p3=0x3e66…a9fb
2026-02-25T04:25:13Z | block=42602080 | kind=Triangular | hops=V2→V3CL→V3CL | token=USDC | idx=2753 | profit=1.877444 USDC | amount_in=4314.288 | p1=0xcdac…5c43 | p2=0x70ac…bae1 | p3=0x3e66…a9fb
2026-02-25T04:25:13Z | block=42602081 | kind=Cross-dex | hops=V3CL→V2 | token=WETH | idx=2647 | profit=0.002395214590905368 WETH | amount_in=3.223 | p1=0xd0b5…f224 | p2=0xcdac…5c43 | p3=0xd0b5…f224
2026-02-25T04:25:13Z | block=42602081 | kind=Cross-dex | hops=V3CL→V2 | token=WETH | idx=2602 | profit=0.001595304993573571 WETH | amount_in=1.993 | p1=0xdbc6…30f1 | p2=0xcdac…5c43 | p3=0xdbc6…30f1
2026-02-25T04:25:13Z | block=42602081 | kind=Triangular | hops=V3CL→V3CL→V2 | token=WETH | idx=1364 | profit=0.001600681624156157 WETH | amount_in=2.398 | p1=0x22ae…91d5 | p2=0x4e96…e778 | p3=0xcdac…5c43
2026-02-25T04:25:14Z | block=42602081 | kind=Triangular | hops=V3CL→V3CL→V2 | token=WETH | idx=1424 | profit=0.001477323779460096 WETH | amount_in=2.232 | p1=0x22ae…91d5 | p2=0xfbb6…43ef | p3=0xcdac…5c43
2026-02-25T04:25:14Z | block=42602081 | kind=Triangular | hops=V3CL→V3CL→V2 | token=WETH | idx=1383 | profit=0.001398203903025844 WETH | amount_in=2.115 | p1=0x22ae…91d5 | p2=0x3e66…a9fb | p3=0xcdac…5c43
2026-02-25T04:25:14Z | block=42602081 | kind=Triangular | hops=V3CL→V3CL→V2 | token=WETH | idx=980 | profit=0.001170065748290843 WETH | amount_in=2.716 | p1=0x70ac…bae1 | p2=0x4e96…e778 | p3=0xcdac…5c43
2026-02-25T04:25:14Z | block=42602081 | kind=Triangular | hops=V3CL→V3CL→V2 | token=WETH | idx=1399 | profit=0.000932798198451557 WETH | amount_in=1.291 | p1=0x22ae…91d5 | p2=0xfcda…2278 | p3=0xcdac…5c43
2026-02-25T04:25:14Z | block=42602081 | kind=Triangular | hops=V3CL→V3CL→V2 | token=WETH | idx=1040 | profit=0.001045809129936546 WETH | amount_in=2.466 | p1=0x70ac…bae1 | p2=0xfbb6…43ef | p3=0xcdac…5c43
2026-02-25T04:25:14Z | block=42602081 | kind=Triangular | hops=V3CL→V3CL→V2 | token=WETH | idx=999 | profit=0.000972487766511519 WETH | amount_in=2.28 | p1=0x70ac…bae1 | p2=0x3e66…a9fb | p3=0xcdac…5c43
2026-02-25T04:25:15Z | block=42602081 | kind=Triangular | hops=V3CL→V3CL→V2 | token=WETH | idx=1924 | profit=0.000640951928494971 WETH | amount_in=2.031 | p1=0x7aea…abd1 | p2=0x4e96…e778 | p3=0xcdac…5c43
2026-02-25T04:25:15Z | block=42602081 | kind=Triangular | hops=V3CL→V3CL→V2 | token=WETH | idx=1984 | profit=0.000571104387878006 WETH | amount_in=1.868 | p1=0x7aea…abd1 | p2=0xfbb6…43ef | p3=0xcdac…5c43
2026-02-25T04:25:15Z | block=42602081 | kind=Triangular | hops=V3CL→V3CL→V2 | token=WETH | idx=1015 | profit=0.000594000064820334 WETH | amount_in=1.249 | p1=0x70ac…bae1 | p2=0xfcda…2278 | p3=0xcdac…5c43
2026-02-25T04:25:15Z | block=42602081 | kind=Triangular | hops=V3CL→V3CL→V2 | token=WETH | idx=1943 | profit=0.000551064509484426 WETH | amount_in=1.729 | p1=0x7aea…abd1 | p2=0x3e66…a9fb | p3=0xcdac…5c43
2026-02-25T04:25:15Z | block=42602081 | kind=Triangular | hops=V3CL→V3CL→V2 | token=WETH | idx=1959 | profit=0.000376118887744368 WETH | amount_in=1.02 | p1=0x7aea…abd1 | p2=0xfcda…2278 | p3=0xcdac…5c43
2026-02-25T04:25:16Z | block=42602081 | kind=Cross-dex | hops=V2→V3CL | token=USDC | idx=5095 | profit=3.050438 USDC | amount_in=3814.583 | p1=0xcdac…5c43 | p2=0xdbc6…30f1 | p3=0xcdac…5c43
2026-02-25T04:25:16Z | block=42602081 | kind=Cross-dex | hops=V2→V3CL | token=USDC | idx=5100 | profit=4.507085 USDC | amount_in=6123.131 | p1=0xcdac…5c43 | p2=0xd0b5…f224 | p3=0xcdac…5c43
2026-02-25T04:25:16Z | block=42602081 | kind=Cross-dex | hops=V2→V3CL | token=USDC | idx=5099 | profit=1.48508 USDC | amount_in=1406.805 | p1=0xcdac…5c43 | p2=0xb4cb…00e5 | p3=0xcdac…5c43
2026-02-25T04:25:16Z | block=42602081 | kind=Triangular | hops=V2→V3CL→V3CL | token=USDC | idx=2773 | profit=1.624118 USDC | amount_in=2411.802 | p1=0xcdac…5c43 | p2=0x22ae…91d5 | p3=0xfcda…2278
2026-02-25T04:25:16Z | block=42602081 | kind=Triangular | hops=V2→V3CL→V3CL | token=USDC | idx=2775 | profit=2.470072 USDC | amount_in=4067.507 | p1=0xcdac…5c43 | p2=0x22ae…91d5 | p3=0xfbb6…43ef
2026-02-25T04:25:17Z | block=42602081 | kind=Triangular | hops=V2→V3CL→V3CL | token=USDC | idx=2771 | profit=2.627496 USDC | amount_in=4332.539 | p1=0xcdac…5c43 | p2=0x22ae…91d5 | p3=0x4e96…e778
2026-02-25T04:25:17Z | block=42602081 | kind=Triangular | hops=V2→V3CL→V3CL | token=USDC | idx=2772 | profit=2.335293 USDC | amount_in=3828.812 | p1=0xcdac…5c43 | p2=0x22ae…91d5 | p3=0x3e66…a9fb
2026-02-25T04:25:17Z | block=42602081 | kind=Triangular | hops=V2→V3CL→V3CL | token=USDC | idx=2754 | profit=1.012226 USDC | amount_in=2283.753 | p1=0xcdac…5c43 | p2=0x70ac…bae1 | p3=0xfcda…2278
2026-02-25T04:25:17Z | block=42602081 | kind=Triangular | hops=V2→V3CL→V3CL | token=USDC | idx=2794 | profit=0.617373 USDC | amount_in=1862 | p1=0xcdac…5c43 | p2=0x7aea…abd1 | p3=0xfcda…2278
2026-02-25T04:25:17Z | block=42602081 | kind=Triangular | hops=V2→V3CL→V3CL | token=USDC | idx=2796 | profit=0.852767 USDC | amount_in=3327.838 | p1=0xcdac…5c43 | p2=0x7aea…abd1 | p3=0xfbb6…43ef
2026-02-25T04:25:17Z | block=42602081 | kind=Triangular | hops=V2→V3CL→V3CL | token=USDC | idx=2756 | profit=1.626939 USDC | amount_in=4511.211 | p1=0xcdac…5c43 | p2=0x70ac…bae1 | p3=0xfbb6…43ef
2026-02-25T04:25:17Z | block=42602081 | kind=Triangular | hops=V2→V3CL→V3CL | token=USDC | idx=2752 | profit=1.813401 USDC | amount_in=4841.364 | p1=0xcdac…5c43 | p2=0x70ac…bae1 | p3=0x4e96…e778
2026-02-25T04:25:17Z | block=42602081 | kind=Triangular | hops=V2→V3CL→V3CL | token=USDC | idx=2792 | profit=0.927528 USDC | amount_in=3575.303 | p1=0xcdac…5c43 | p2=0x7aea…abd1 | p3=0x4e96…e778
2026-02-25T04:25:17Z | block=42602081 | kind=Triangular | hops=V2→V3CL→V3CL | token=USDC | idx=2753 | profit=1.5355 USDC | amount_in=4096.989 | p1=0xcdac…5c43 | p2=0x70ac…bae1 | p3=0x3e66…a9fb
2026-02-25T04:25:18Z | block=42602081 | kind=Triangular | hops=V2→V3CL→V3CL | token=USDC | idx=2793 | profit=0.817039 USDC | amount_in=3076.787 | p1=0xcdac…5c43 | p2=0x7aea…abd1 | p3=0x3e66…a9fb
2026-02-25T04:25:18Z | block=42602082 | kind=Cross-dex | hops=V3CL→V2 | token=WETH | idx=2647 | profit=0.001975745646962162 WETH | amount_in=3.003 | p1=0xd0b5…f224 | p2=0xcdac…5c43 | p3=0xd0b5…f224
2026-02-25T04:25:18Z | block=42602082 | kind=Cross-dex | hops=V3CL→V2 | token=WETH | idx=2602 | profit=0.001011815856534454 WETH | amount_in=1.789 | p1=0xdbc6…30f1 | p2=0xcdac…5c43 | p3=0xdbc6…30f1
2026-02-25T04:25:18Z | block=42602082 | kind=Triangular | hops=V3CL→V3CL→V2 | token=WETH | idx=1364 | profit=0.000684515764324731 WETH | amount_in=1.81 | p1=0x22ae…91d5 | p2=0x4e96…e778 | p3=0xcdac…5c43
2026-02-25T04:25:18Z | block=42602082 | kind=Triangular | hops=V3CL→V3CL→V2 | token=WETH | idx=1424 | profit=0.000666386539274163 WETH | amount_in=1.732 | p1=0x22ae…91d5 | p2=0xfbb6…43ef | p3=0xcdac…5c43
2026-02-25T04:25:18Z | block=42602082 | kind=Triangular | hops=V3CL→V3CL→V2 | token=WETH | idx=1383 | profit=0.000632469444125861 WETH | amount_in=1.618 | p1=0x22ae…91d5 | p2=0x3e66…a9fb | p3=0xcdac…5c43
2026-02-25T04:25:18Z | block=42602082 | kind=Triangular | hops=V3CL→V3CL→V2 | token=WETH | idx=1399 | profit=0.00046742819712402 WETH | amount_in=1.023 | p1=0x22ae…91d5 | p2=0xfcda…2278 | p3=0xcdac…5c43
2026-02-25T04:25:19Z | block=42602082 | kind=Cross-dex | hops=V2→V3CL | token=USDC | idx=5100 | profit=2.536085 USDC | amount_in=4994.369 | p1=0xcdac…5c43 | p2=0xd0b5…f224 | p3=0xcdac…5c43
2026-02-25T04:25:19Z | block=42602082 | kind=Cross-dex | hops=V2→V3CL | token=USDC | idx=5099 | profit=1.015712 USDC | amount_in=1505.755 | p1=0xcdac…5c43 | p2=0xb4cb…00e5 | p3=0xcdac…5c43
2026-02-25T04:25:19Z | block=42602082 | kind=Cross-dex | hops=V2→V3CL | token=USDC | idx=5095 | profit=1.927949 USDC | amount_in=3415.078 | p1=0xcdac…5c43 | p2=0xdbc6…30f1 | p3=0xcdac…5c43
2026-02-25T04:25:19Z | block=42602082 | kind=Triangular | hops=V2→V3CL→V3CL | token=USDC | idx=2773 | profit=0.884749 USDC | amount_in=1959.455 | p1=0xcdac…5c43 | p2=0x22ae…91d5 | p3=0xfcda…2278
2026-02-25T04:25:19Z | block=42602082 | kind=Triangular | hops=V2→V3CL→V3CL | token=USDC | idx=2775 | profit=1.289222 USDC | amount_in=3264.748 | p1=0xcdac…5c43 | p2=0x22ae…91d5 | p3=0xfbb6…43ef
2026-02-25T04:25:19Z | block=42602082 | kind=Triangular | hops=V2→V3CL→V3CL | token=USDC | idx=2772 | profit=1.19919 USDC | amount_in=3097.651 | p1=0xcdac…5c43 | p2=0x22ae…91d5 | p3=0x3e66…a9fb
2026-02-25T04:25:19Z | block=42602082 | kind=Triangular | hops=V2→V3CL→V3CL | token=USDC | idx=2771 | profit=1.31344 USDC | amount_in=3434.959 | p1=0xcdac…5c43 | p2=0x22ae…91d5 | p3=0x4e96…e778
2026-02-25T04:25:20Z | block=42602083 | kind=Cross-dex | hops=V3CL→V2 | token=WETH | idx=2647 | profit=0.001329710580564423 WETH | amount_in=2.615 | p1=0xd0b5…f224 | p2=0xcdac…5c43 | p3=0xd0b5…f224
2026-02-25T04:25:20Z | block=42602083 | kind=Cross-dex | hops=V3CL→V2 | token=WETH | idx=2593 | profit=0.001372705789727809 WETH | amount_in=2.861 | p1=0xb2cc…dc59 | p2=0xcdac…5c43 | p3=0xb2cc…dc59
2026-02-25T04:25:20Z | block=42602083 | kind=Cross-dex | hops=V3CL→V2 | token=WETH | idx=2602 | profit=0.00101181673332495 WETH | amount_in=1.789 | p1=0xdbc6…30f1 | p2=0xcdac…5c43 | p3=0xdbc6…30f1
2026-02-25T04:25:20Z | block=42602083 | kind=Triangular | hops=V3CL→V3CL→V2 | token=WETH | idx=1364 | profit=0.000751651211906971 WETH | amount_in=1.878 | p1=0x22ae…91d5 | p2=0x4e96…e778 | p3=0xcdac…5c43
2026-02-25T04:25:20Z | block=42602083 | kind=Triangular | hops=V3CL→V3CL→V2 | token=WETH | idx=1424 | profit=0.000719362535376159 WETH | amount_in=1.756 | p1=0x22ae…91d5 | p2=0xfbb6…43ef | p3=0xcdac…5c43
2026-02-25T04:25:20Z | block=42602083 | kind=Triangular | hops=V3CL→V3CL→V2 | token=WETH | idx=1383 | profit=0.000673726385452849 WETH | amount_in=1.657 | p1=0x22ae…91d5 | p2=0x3e66…a9fb | p3=0xcdac…5c43
2026-02-25T04:25:20Z | block=42602083 | kind=Triangular | hops=V3CL→V3CL→V2 | token=WETH | idx=980 | profit=0.000371890031359254 WETH | amount_in=2.041 | p1=0x70ac…bae1 | p2=0x4e96…e778 | p3=0xcdac…5c43
2026-02-25T04:25:20Z | block=42602083 | kind=Triangular | hops=V3CL→V3CL→V2 | token=WETH | idx=1040 | profit=0.000351426095668827 WETH | amount_in=1.864 | p1=0x70ac…bae1 | p2=0xfbb6…43ef | p3=0xcdac…5c43
2026-02-25T04:25:20Z | block=42602083 | kind=Triangular | hops=V3CL→V3CL→V2 | token=WETH | idx=999 | profit=0.00032852408903453 WETH | amount_in=1.703 | p1=0x70ac…bae1 | p2=0x3e66…a9fb | p3=0xcdac…5c43
2026-02-25T04:25:20Z | block=42602083 | kind=Triangular | hops=V3CL→V3CL→V2 | token=WETH | idx=1399 | profit=0.000490812808426009 WETH | amount_in=1.053 | p1=0x22ae…91d5 | p2=0xfcda…2278 | p3=0xcdac…5c43
2026-02-25T04:25:20Z | block=42602083 | kind=Triangular | hops=V3CL→V3CL→V2 | token=WETH | idx=932 | profit=0.00045915146889942 WETH | amount_in=0.879 | p1=0x9785…3c1b | p2=0xa41b…fcd1 | p3=0xcdac…5c43
2026-02-25T04:25:20Z | block=42602083 | kind=Triangular | hops=V3CL→V3CL→V2 | token=WETH | idx=942 | profit=0.000421830365512148 WETH | amount_in=0.853 | p1=0x9785…3c1b | p2=0xd56d…5da1 | p3=0xcdac…5c43
2026-02-25T04:25:21Z | block=42602083 | kind=Cross-dex | hops=V2→V3CL | token=USDC | idx=5095 | profit=1.927954 USDC | amount_in=3415.078 | p1=0xcdac…5c43 | p2=0xdbc6…30f1 | p3=0xcdac…5c43
2026-02-25T04:25:22Z | block=42602083 | kind=Triangular | hops=V2→V3CL→V3CL | token=USDC | idx=2749 | profit=0.872477 USDC | amount_in=1677.265 | p1=0xcdac…5c43 | p2=0x9785…3c1b | p3=0xa41b…fcd1
2026-02-25T04:25:22Z | block=42602083 | kind=Cross-dex | hops=V2→V3CL | token=USDC | idx=5100 | profit=2.536265 USDC | amount_in=4994.14 | p1=0xcdac…5c43 | p2=0xd0b5…f224 | p3=0xcdac…5c43
2026-02-25T04:25:22Z | block=42602083 | kind=Triangular | hops=V2→V3CL→V3CL | token=USDC | idx=2750 | profit=0.801888 USDC | amount_in=1626.401 | p1=0xcdac…5c43 | p2=0x9785…3c1b | p3=0xd56d…5da1
2026-02-25T04:25:22Z | block=42602083 | kind=Cross-dex | hops=V2→V3CL | token=USDC | idx=5099 | profit=1.391973 USDC | amount_in=1445.334 | p1=0xcdac…5c43 | p2=0xb4cb…00e5 | p3=0xcdac…5c43
2026-02-25T04:25:22Z | block=42602083 | kind=Cross-dex | hops=V2→V3CL | token=USDC | idx=5094 | profit=2.730558 USDC | amount_in=5693.088 | p1=0xcdac…5c43 | p2=0xb2cc…dc59 | p3=0xcdac…5c43
2026-02-25T04:25:22Z | block=42602083 | kind=Triangular | hops=V2→V3CL→V3CL | token=USDC | idx=2773 | profit=0.953196 USDC | amount_in=1968.276 | p1=0xcdac…5c43 | p2=0x22ae…91d5 | p3=0xfcda…2278
2026-02-25T04:25:22Z | block=42602083 | kind=Triangular | hops=V2→V3CL→V3CL | token=USDC | idx=2775 | profit=1.371415 USDC | amount_in=3340.573 | p1=0xcdac…5c43 | p2=0x22ae…91d5 | p3=0xfbb6…43ef
2026-02-25T04:25:22Z | block=42602083 | kind=Triangular | hops=V2→V3CL→V3CL | token=USDC | idx=2772 | profit=1.270414 USDC | amount_in=3186.867 | p1=0xcdac…5c43 | p2=0x22ae…91d5 | p3=0x3e66…a9fb
2026-02-25T04:25:23Z | block=42602083 | kind=Triangular | hops=V2→V3CL→V3CL | token=USDC | idx=2771 | profit=1.418308 USDC | amount_in=3611.724 | p1=0xcdac…5c43 | p2=0x22ae…91d5 | p3=0x4e96…e778
2026-02-25T04:25:23Z | block=42602083 | kind=Triangular | hops=V2→V3CL→V3CL | token=USDC | idx=2756 | profit=0.671659 USDC | amount_in=3546.837 | p1=0xcdac…5c43 | p2=0x70ac…bae1 | p3=0xfbb6…43ef
2026-02-25T04:25:23Z | block=42602083 | kind=Triangular | hops=V2→V3CL→V3CL | token=USDC | idx=2753 | profit=0.627075 USDC | amount_in=3248.812 | p1=0xcdac…5c43 | p2=0x70ac…bae1 | p3=0x3e66…a9fb
2026-02-25T04:25:23Z | block=42602083 | kind=Triangular | hops=V2→V3CL→V3CL | token=USDC | idx=2752 | profit=0.708268 USDC | amount_in=3898.939 | p1=0xcdac…5c43 | p2=0x70ac…bae1 | p3=0x4e96…e778
2026-02-25T04:25:24Z | block=42602084 | kind=Cross-dex | hops=V3CL→V2 | token=WETH | idx=2593 | profit=0.001430780475691684 WETH | amount_in=2.981 | p1=0xb2cc…dc59 | p2=0xcdac…5c43 | p3=0xb2cc…dc59
2026-02-25T04:25:24Z | block=42602084 | kind=Cross-dex | hops=V3CL→V2 | token=WETH | idx=2647 | profit=0.001329741995635782 WETH | amount_in=2.615 | p1=0xd0b5…f224 | p2=0xcdac…5c43 | p3=0xd0b5…f224
2026-02-25T04:25:24Z | block=42602084 | kind=Cross-dex | hops=V3CL→V2 | token=WETH | idx=2602 | profit=0.001064166835348487 WETH | amount_in=1.822 | p1=0xdbc6…30f1 | p2=0xcdac…5c43 | p3=0xdbc6…30f1
2026-02-25T04:25:24Z | block=42602084 | kind=Triangular | hops=V3CL→V3CL→V2 | token=WETH | idx=1364 | profit=0.000751650685832673 WETH | amount_in=1.878 | p1=0x22ae…91d5 | p2=0x4e96…e778 | p3=0xcdac…5c43
2026-02-25T04:25:24Z | block=42602084 | kind=Triangular | hops=V3CL→V3CL→V2 | token=WETH | idx=1424 | profit=0.000717275249150336 WETH | amount_in=1.756 | p1=0x22ae…91d5 | p2=0xfbb6…43ef | p3=0xcdac…5c43
2026-02-25T04:25:24Z | block=42602084 | kind=Triangular | hops=V3CL→V3CL→V2 | token=WETH | idx=1383 | profit=0.000673725859378551 WETH | amount_in=1.657 | p1=0x22ae…91d5 | p2=0x3e66…a9fb | p3=0xcdac…5c43
2026-02-25T04:25:24Z | block=42602084 | kind=Triangular | hops=V3CL→V3CL→V2 | token=WETH | idx=1050 | profit=0.000509326524561792 WETH | amount_in=1.055 | p1=0x5d4e…52b5 | p2=0xe846…0ec7 | p3=0xcdac…5c43
2026-02-25T04:25:24Z | block=42602084 | kind=Triangular | hops=V3CL→V3CL→V2 | token=WETH | idx=980 | profit=0.000373262961843663 WETH | amount_in=2.041 | p1=0x70ac…bae1 | p2=0x4e96…e778 | p3=0xcdac…5c43
2026-02-25T04:25:24Z | block=42602084 | kind=Triangular | hops=V3CL→V3CL→V2 | token=WETH | idx=1066 | profit=0.000492928349348467 WETH | amount_in=1.062 | p1=0x5d4e…52b5 | p2=0xc5e5…48c1 | p3=0xcdac…5c43
2026-02-25T04:25:24Z | block=42602084 | kind=Triangular | hops=V3CL→V3CL→V2 | token=WETH | idx=1399 | profit=0.000490812282351711 WETH | amount_in=1.053 | p1=0x22ae…91d5 | p2=0xfcda…2278 | p3=0xcdac…5c43
2026-02-25T04:25:24Z | block=42602084 | kind=Triangular | hops=V3CL→V3CL→V2 | token=WETH | idx=1040 | profit=0.000348460425673435 WETH | amount_in=1.868 | p1=0x70ac…bae1 | p2=0xfbb6…43ef | p3=0xcdac…5c43
2026-02-25T04:25:24Z | block=42602084 | kind=Triangular | hops=V3CL→V3CL→V2 | token=WETH | idx=999 | profit=0.000329553618740555 WETH | amount_in=1.703 | p1=0x70ac…bae1 | p2=0x3e66…a9fb | p3=0xcdac…5c43
2026-02-25T04:25:25Z | block=42602084 | kind=Triangular | hops=V3CL→V3CL→V2 | token=WETH | idx=932 | profit=0.000459150942825122 WETH | amount_in=0.879 | p1=0x9785…3c1b | p2=0xa41b…fcd1 | p3=0xcdac…5c43
2026-02-25T04:25:25Z | block=42602084 | kind=Triangular | hops=V3CL→V3CL→V2 | token=WETH | idx=942 | profit=0.00042182983943785 WETH | amount_in=0.853 | p1=0x9785…3c1b | p2=0xd56d…5da1 | p3=0xcdac…5c43
2026-02-25T04:25:25Z | block=42602084 | kind=Triangular | hops=V3CL→V3CL→V2 | token=WETH | idx=2398 | profit=0.000415594699823832 WETH | amount_in=0.814 | p1=0xfe6b…728f | p2=0x0c1a…8a3b | p3=0xcdac…5c43
2026-02-25T04:25:25Z | block=42602084 | kind=Triangular | hops=V3CL→V3CL→V2 | token=WETH | idx=2408 | profit=0.000406608267473856 WETH | amount_in=0.808 | p1=0xfe6b…728f | p2=0x0768…306d | p3=0xcdac…5c43
2026-02-25T04:25:26Z | block=42602084 | kind=Cross-dex | hops=V2→V3CL | token=USDC | idx=5099 | profit=1.363867 USDC | amount_in=1422.75 | p1=0xcdac…5c43 | p2=0xb4cb…00e5 | p3=0xcdac…5c43
2026-02-25T04:25:26Z | block=42602084 | kind=Cross-dex | hops=V2→V3CL | token=USDC | idx=5095 | profit=2.029343 USDC | amount_in=3475.284 | p1=0xcdac…5c43 | p2=0xdbc6…30f1 | p3=0xcdac…5c43
2026-02-25T04:25:26Z | block=42602084 | kind=Triangular | hops=V2→V3CL→V3CL | token=USDC | idx=2749 | profit=0.872474 USDC | amount_in=1677.265 | p1=0xcdac…5c43 | p2=0x9785…3c1b | p3=0xa41b…fcd1
2026-02-25T04:25:26Z | block=42602084 | kind=Triangular | hops=V2→V3CL→V3CL | token=USDC | idx=2812 | profit=0.790436 USDC | amount_in=1551.034 | p1=0xcdac…5c43 | p2=0xfe6b…728f | p3=0x0c1a…8a3b
2026-02-25T04:25:26Z | block=42602084 | kind=Cross-dex | hops=V2→V3CL | token=USDC | idx=5100 | profit=2.536262 USDC | amount_in=4994.14 | p1=0xcdac…5c43 | p2=0xd0b5…f224 | p3=0xcdac…5c43
2026-02-25T04:25:26Z | block=42602084 | kind=Triangular | hops=V2→V3CL→V3CL | token=USDC | idx=2813 | profit=0.772719 USDC | amount_in=1540.729 | p1=0xcdac…5c43 | p2=0xfe6b…728f | p3=0x0768…306d
2026-02-25T04:25:26Z | block=42602084 | kind=Triangular | hops=V2→V3CL→V3CL | token=USDC | idx=2750 | profit=0.801885 USDC | amount_in=1626.401 | p1=0xcdac…5c43 | p2=0x9785…3c1b | p3=0xd56d…5da1
2026-02-25T04:25:26Z | block=42602084 | kind=Triangular | hops=V2→V3CL→V3CL | token=USDC | idx=2757 | profit=0.969272 USDC | amount_in=2011.287 | p1=0xcdac…5c43 | p2=0x5d4e…52b5 | p3=0xe846…0ec7
2026-02-25T04:25:27Z | block=42602084 | kind=Cross-dex | hops=V2→V3CL | token=USDC | idx=5094 | profit=2.730555 USDC | amount_in=5693.088 | p1=0xcdac…5c43 | p2=0xb2cc…dc59 | p3=0xcdac…5c43
2026-02-25T04:25:27Z | block=42602084 | kind=Triangular | hops=V2→V3CL→V3CL | token=USDC | idx=2758 | profit=0.937712 USDC | amount_in=2025.214 | p1=0xcdac…5c43 | p2=0x5d4e…52b5 | p3=0xc5e5…48c1
2026-02-25T04:25:27Z | block=42602084 | kind=Triangular | hops=V2→V3CL→V3CL | token=USDC | idx=2773 | profit=0.953193 USDC | amount_in=1968.276 | p1=0xcdac…5c43 | p2=0x22ae…91d5 | p3=0xfcda…2278
2026-02-25T04:25:27Z | block=42602084 | kind=Triangular | hops=V2→V3CL→V3CL | token=USDC | idx=2775 | profit=1.371412 USDC | amount_in=3340.573 | p1=0xcdac…5c43 | p2=0x22ae…91d5 | p3=0xfbb6…43ef
2026-02-25T04:25:27Z | block=42602084 | kind=Triangular | hops=V2→V3CL→V3CL | token=USDC | idx=2772 | profit=1.270411 USDC | amount_in=3186.867 | p1=0xcdac…5c43 | p2=0x22ae…91d5 | p3=0x3e66…a9fb
2026-02-25T04:25:27Z | block=42602084 | kind=Triangular | hops=V2→V3CL→V3CL | token=USDC | idx=2771 | profit=1.418305 USDC | amount_in=3611.724 | p1=0xcdac…5c43 | p2=0x22ae…91d5 | p3=0x4e96…e778
2026-02-25T04:25:27Z | block=42602084 | kind=Triangular | hops=V2→V3CL→V3CL | token=USDC | idx=2756 | profit=0.671656 USDC | amount_in=3546.837 | p1=0xcdac…5c43 | p2=0x70ac…bae1 | p3=0xfbb6…43ef
2026-02-25T04:25:28Z | block=42602084 | kind=Triangular | hops=V2→V3CL→V3CL | token=USDC | idx=2753 | profit=0.627072 USDC | amount_in=3248.812 | p1=0xcdac…5c43 | p2=0x70ac…bae1 | p3=0x3e66…a9fb
2026-02-25T04:25:28Z | block=42602084 | kind=Triangular | hops=V2→V3CL→V3CL | token=USDC | idx=2752 | profit=0.708265 USDC | amount_in=3898.939 | p1=0xcdac…5c43 | p2=0x70ac…bae1 | p3=0x4e96…e778
2026-02-25T04:25:28Z | block=42602085 | kind=Cross-dex | hops=V3CL→V2 | token=WETH | idx=2647 | profit=0.001329748483885457 WETH | amount_in=2.615 | p1=0xd0b5…f224 | p2=0xcdac…5c43 | p3=0xd0b5…f224
2026-02-25T04:25:28Z | block=42602085 | kind=Triangular | hops=V3CL→V3CL→V2 | token=WETH | idx=1364 | profit=0.000753497841058755 WETH | amount_in=1.896 | p1=0x22ae…91d5 | p2=0x4e96…e778 | p3=0xcdac…5c43
2026-02-25T04:25:28Z | block=42602085 | kind=Triangular | hops=V3CL→V3CL→V2 | token=WETH | idx=1424 | profit=0.000717281737400011 WETH | amount_in=1.756 | p1=0x22ae…91d5 | p2=0xfbb6…43ef | p3=0xcdac…5c43
2026-02-25T04:25:28Z | block=42602085 | kind=Triangular | hops=V3CL→V3CL→V2 | token=WETH | idx=1383 | profit=0.000673732347628226 WETH | amount_in=1.657 | p1=0x22ae…91d5 | p2=0x3e66…a9fb | p3=0xcdac…5c43
2026-02-25T04:25:28Z | block=42602085 | kind=Triangular | hops=V3CL→V3CL→V2 | token=WETH | idx=1399 | profit=0.000490818770601386 WETH | amount_in=1.053 | p1=0x22ae…91d5 | p2=0xfcda…2278 | p3=0xcdac…5c43
2026-02-25T04:25:29Z | block=42602085 | kind=Cross-dex | hops=V2→V3CL | token=USDC | idx=5100 | profit=2.536299 USDC | amount_in=4994.14 | p1=0xcdac…5c43 | p2=0xd0b5…f224 | p3=0xcdac…5c43
2026-02-25T04:25:29Z | block=42602085 | kind=Triangular | hops=V2→V3CL→V3CL | token=USDC | idx=2773 | profit=0.95323 USDC | amount_in=1968.276 | p1=0xcdac…5c43 | p2=0x22ae…91d5 | p3=0xfcda…2278
2026-02-25T04:25:29Z | block=42602085 | kind=Triangular | hops=V2→V3CL→V3CL | token=USDC | idx=2775 | profit=1.371449 USDC | amount_in=3340.573 | p1=0xcdac…5c43 | p2=0x22ae…91d5 | p3=0xfbb6…43ef
2026-02-25T04:25:29Z | block=42602085 | kind=Triangular | hops=V2→V3CL→V3CL | token=USDC | idx=2772 | profit=1.270448 USDC | amount_in=3186.867 | p1=0xcdac…5c43 | p2=0x22ae…91d5 | p3=0x3e66…a9fb
2026-02-25T04:25:29Z | block=42602085 | kind=Triangular | hops=V2→V3CL→V3CL | token=USDC | idx=2771 | profit=1.43089 USDC | amount_in=3627.708 | p1=0xcdac…5c43 | p2=0x22ae…91d5 | p3=0x4e96…e778
2026-02-25T04:25:29Z | block=42602086 | kind=Cross-dex | hops=V3CL→V2 | token=WETH | idx=2602 | profit=0.001092621588392386 WETH | amount_in=1.838 | p1=0xdbc6…30f1 | p2=0xcdac…5c43 | p3=0xdbc6…30f1
2026-02-25T04:25:30Z | block=42602086 | kind=Triangular | hops=V3CL→V3CL→V2 | token=WETH | idx=1424 | profit=0.00071728717350109 WETH | amount_in=1.756 | p1=0x22ae…91d5 | p2=0xfbb6…43ef | p3=0xcdac…5c43
2026-02-25T04:25:30Z | block=42602086 | kind=Triangular | hops=V3CL→V3CL→V2 | token=WETH | idx=1040 | profit=0.000349566193871342 WETH | amount_in=1.864 | p1=0x70ac…bae1 | p2=0xfbb6…43ef | p3=0xcdac…5c43
2026-02-25T04:25:30Z | block=42602086 | kind=Cross-dex | hops=V2→V3CL | token=USDC | idx=5095 | profit=2.090691 USDC | amount_in=3511.915 | p1=0xcdac…5c43 | p2=0xdbc6…30f1 | p3=0xcdac…5c43
2026-02-25T04:25:30Z | block=42602086 | kind=Cross-dex | hops=V2→V3CL | token=USDC | idx=5099 | profit=1.253159 USDC | amount_in=1450.457 | p1=0xcdac…5c43 | p2=0xb4cb…00e5 | p3=0xcdac…5c43
2026-02-25T04:25:30Z | block=42602086 | kind=Triangular | hops=V2→V3CL→V3CL | token=USDC | idx=2775 | profit=1.441793 USDC | amount_in=3425.613 | p1=0xcdac…5c43 | p2=0x22ae…91d5 | p3=0xfbb6…43ef
2026-02-25T04:25:30Z | block=42602086 | kind=Triangular | hops=V2→V3CL→V3CL | token=USDC | idx=2756 | profit=0.673383 USDC | amount_in=3540.334 | p1=0xcdac…5c43 | p2=0x70ac…bae1 | p3=0xfbb6…43ef
2026-02-25T04:25:31Z | block=42602088 | kind=Cross-dex | hops=V2→V3CL | token=USDC | idx=5099 | profit=1.253108 USDC | amount_in=1450.457 | p1=0xcdac…5c43 | p2=0xb4cb…00e5 | p3=0xcdac…5c43
2026-02-25T04:25:31Z | block=42602089 | kind=Cross-dex | hops=V3CL→V2 | token=WETH | idx=2602 | profit=0.001096336277391524 WETH | amount_in=1.841 | p1=0xdbc6…30f1 | p2=0xcdac…5c43 | p3=0xdbc6…30f1
2026-02-25T04:25:31Z | block=42602089 | kind=Triangular | hops=V3CL→V3CL→V2 | token=WETH | idx=932 | profit=0.000458648047660943 WETH | amount_in=0.88 | p1=0x9785…3c1b | p2=0xa41b…fcd1 | p3=0xcdac…5c43
2026-02-25T04:25:32Z | block=42602089 | kind=Cross-dex | hops=V2→V3CL | token=USDC | idx=5095 | profit=2.090595 USDC | amount_in=3511.915 | p1=0xcdac…5c43 | p2=0xdbc6…30f1 | p3=0xcdac…5c43
2026-02-25T04:25:32Z | block=42602089 | kind=Cross-dex | hops=V2→V3CL | token=USDC | idx=5099 | profit=1.253063 USDC | amount_in=1450.457 | p1=0xcdac…5c43 | p2=0xb4cb…00e5 | p3=0xcdac…5c43
2026-02-25T04:25:32Z | block=42602089 | kind=Triangular | hops=V2→V3CL→V3CL | token=USDC | idx=2749 | profit=0.87254 USDC | amount_in=1677.085 | p1=0xcdac…5c43 | p2=0x9785…3c1b | p3=0xa41b…fcd1
2026-02-25T04:25:32Z | block=42602090 | kind=Cross-dex | hops=V3CL→V2 | token=WETH | idx=2602 | profit=0.001096357320363441 WETH | amount_in=1.841 | p1=0xdbc6…30f1 | p2=0xcdac…5c43 | p3=0xdbc6…30f1
2026-02-25T04:25:32Z | block=42602090 | kind=Triangular | hops=V3CL→V3CL→V2 | token=WETH | idx=1364 | profit=0.000835546619425136 WETH | amount_in=1.947 | p1=0x22ae…91d5 | p2=0x4e96…e778 | p3=0xcdac…5c43
2026-02-25T04:25:32Z | block=42602090 | kind=Triangular | hops=V3CL→V3CL→V2 | token=WETH | idx=1424 | profit=0.000784526542062804 WETH | amount_in=1.821 | p1=0x22ae…91d5 | p2=0xfbb6…43ef | p3=0xcdac…5c43
2026-02-25T04:25:32Z | block=42602090 | kind=Triangular | hops=V3CL→V3CL→V2 | token=WETH | idx=1383 | profit=0.000744762187236499 WETH | amount_in=1.702 | p1=0x22ae…91d5 | p2=0x3e66…a9fb | p3=0xcdac…5c43
2026-02-25T04:25:33Z | block=42602090 | kind=Triangular | hops=V3CL→V3CL→V2 | token=WETH | idx=1399 | profit=0.000541545130376712 WETH | amount_in=1.07 | p1=0x22ae…91d5 | p2=0xfcda…2278 | p3=0xcdac…5c43
2026-02-25T04:25:33Z | block=42602090 | kind=Cross-dex | hops=V2→V3CL | token=USDC | idx=5095 | profit=2.090715 USDC | amount_in=3511.915 | p1=0xcdac…5c43 | p2=0xdbc6…30f1 | p3=0xcdac…5c43
2026-02-25T04:25:33Z | block=42602090 | kind=Triangular | hops=V2→V3CL→V3CL | token=USDC | idx=2773 | profit=1.020435 USDC | amount_in=2060.899 | p1=0xcdac…5c43 | p2=0x22ae…91d5 | p3=0xfcda…2278
2026-02-25T04:25:33Z | block=42602090 | kind=Triangular | hops=V2→V3CL→V3CL | token=USDC | idx=2775 | profit=1.497426 USDC | amount_in=3470.091 | p1=0xcdac…5c43 | p2=0x22ae…91d5 | p3=0xfbb6…43ef
2026-02-25T04:25:33Z | block=42602090 | kind=Triangular | hops=V2→V3CL→V3CL | token=USDC | idx=2772 | profit=1.42554 USDC | amount_in=3235.008 | p1=0xcdac…5c43 | p2=0x22ae…91d5 | p3=0x3e66…a9fb
2026-02-25T04:25:33Z | block=42602090 | kind=Triangular | hops=V2→V3CL→V3CL | token=USDC | idx=2771 | profit=1.587727 USDC | amount_in=3725.248 | p1=0xcdac…5c43 | p2=0x22ae…91d5 | p3=0x4e96…e778
2026-02-25T04:25:34Z | block=42602091 | kind=Cross-dex | hops=V3CL→V2 | token=WETH | idx=2647 | profit=0.001329220725510252 WETH | amount_in=2.616 | p1=0xd0b5…f224 | p2=0xcdac…5c43 | p3=0xd0b5…f224
2026-02-25T04:25:34Z | block=42602091 | kind=Triangular | hops=V3CL→V3CL→V2 | token=WETH | idx=1364 | profit=0.000835541183324057 WETH | amount_in=1.947 | p1=0x22ae…91d5 | p2=0x4e96…e778 | p3=0xcdac…5c43
2026-02-25T04:25:34Z | block=42602091 | kind=Triangular | hops=V3CL→V3CL→V2 | token=WETH | idx=1424 | profit=0.000784521105961725 WETH | amount_in=1.821 | p1=0x22ae…91d5 | p2=0xfbb6…43ef | p3=0xcdac…5c43
2026-02-25T04:25:34Z | block=42602091 | kind=Triangular | hops=V3CL→V3CL→V2 | token=WETH | idx=1383 | profit=0.000781960208340353 WETH | amount_in=1.726 | p1=0x22ae…91d5 | p2=0x3e66…a9fb | p3=0xcdac…5c43
2026-02-25T04:25:34Z | block=42602091 | kind=Triangular | hops=V3CL→V3CL→V2 | token=WETH | idx=1399 | profit=0.000562316622109628 WETH | amount_in=1.09 | p1=0x22ae…91d5 | p2=0xfcda…2278 | p3=0xcdac…5c43
2026-02-25T04:25:34Z | block=42602091 | kind=Cross-dex | hops=V2→V3CL | token=USDC | idx=5100 | profit=2.536044 USDC | amount_in=4994.576 | p1=0xcdac…5c43 | p2=0xd0b5…f224 | p3=0xcdac…5c43
2026-02-25T04:25:34Z | block=42602091 | kind=Triangular | hops=V2→V3CL→V3CL | token=USDC | idx=2773 | profit=1.071705 USDC | amount_in=2075.859 | p1=0xcdac…5c43 | p2=0x22ae…91d5 | p3=0xfcda…2278
2026-02-25T04:25:35Z | block=42602091 | kind=Triangular | hops=V2→V3CL→V3CL | token=USDC | idx=2775 | profit=1.566861 USDC | amount_in=3530.212 | p1=0xcdac…5c43 | p2=0x22ae…91d5 | p3=0xfbb6…43ef
2026-02-25T04:25:35Z | block=42602091 | kind=Triangular | hops=V2→V3CL→V3CL | token=USDC | idx=2772 | profit=1.482828 USDC | amount_in=3307.502 | p1=0xcdac…5c43 | p2=0x22ae…91d5 | p3=0x3e66…a9fb
2026-02-25T04:25:35Z | block=42602091 | kind=Triangular | hops=V2→V3CL→V3CL | token=USDC | idx=2771 | profit=1.652464 USDC | amount_in=3809.667 | p1=0xcdac…5c43 | p2=0x22ae…91d5 | p3=0x4e96…e778
2026-02-25T04:25:35Z | block=42602092 | kind=Triangular | hops=V3CL→V3CL→V2 | token=WETH | idx=1364 | profit=0.000882988109330284 WETH | amount_in=1.964 | p1=0x22ae…91d5 | p2=0x4e96…e778 | p3=0xcdac…5c43
2026-02-25T04:25:35Z | block=42602092 | kind=Triangular | hops=V3CL→V3CL→V2 | token=WETH | idx=1424 | profit=0.000831016408579198 WETH | amount_in=1.832 | p1=0x22ae…91d5 | p2=0xfbb6…43ef | p3=0xcdac…5c43
2026-02-25T04:25:35Z | block=42602092 | kind=Triangular | hops=V3CL→V3CL→V2 | token=WETH | idx=1383 | profit=0.000781959506907956 WETH | amount_in=1.726 | p1=0x22ae…91d5 | p2=0x3e66…a9fb | p3=0xcdac…5c43
2026-02-25T04:25:35Z | block=42602092 | kind=Triangular | hops=V3CL→V3CL→V2 | token=WETH | idx=1399 | profit=0.000562315920677231 WETH | amount_in=1.09 | p1=0x22ae…91d5 | p2=0xfcda…2278 | p3=0xcdac…5c43
2026-02-25T04:25:35Z | block=42602092 | kind=Triangular | hops=V3CL→V3CL→V2 | token=WETH | idx=980 | profit=0.000374417582640158 WETH | amount_in=2.059 | p1=0x70ac…bae1 | p2=0x4e96…e778 | p3=0xcdac…5c43
2026-02-25T04:25:36Z | block=42602092 | kind=Triangular | hops=V3CL→V3CL→V2 | token=WETH | idx=1040 | profit=0.000348534316458336 WETH | amount_in=1.864 | p1=0x70ac…bae1 | p2=0xfbb6…43ef | p3=0xcdac…5c43
2026-02-25T04:25:36Z | block=42602092 | kind=Triangular | hops=V3CL→V3CL→V2 | token=WETH | idx=999 | profit=0.000327847203807817 WETH | amount_in=1.703 | p1=0x70ac…bae1 | p2=0x3e66…a9fb | p3=0xcdac…5c43
2026-02-25T04:25:36Z | block=42602092 | kind=Triangular | hops=V2→V3CL→V3CL | token=USDC | idx=2773 | profit=1.108249 USDC | amount_in=2108.231 | p1=0xcdac…5c43 | p2=0x22ae…91d5 | p3=0xfcda…2278
2026-02-25T04:25:36Z | block=42602092 | kind=Triangular | hops=V2→V3CL→V3CL | token=USDC | idx=2775 | profit=1.639187 USDC | amount_in=3565.488 | p1=0xcdac…5c43 | p2=0x22ae…91d5 | p3=0xfbb6…43ef
2026-02-25T04:25:36Z | block=42602092 | kind=Triangular | hops=V2→V3CL→V3CL | token=USDC | idx=2772 | profit=1.540277 USDC | amount_in=3361.353 | p1=0xcdac…5c43 | p2=0x22ae…91d5 | p3=0x3e66…a9fb
2026-02-25T04:25:36Z | block=42602092 | kind=Triangular | hops=V2→V3CL→V3CL | token=USDC | idx=2771 | profit=1.721375 USDC | amount_in=3865.609 | p1=0xcdac…5c43 | p2=0x22ae…91d5 | p3=0x4e96…e778
2026-02-25T04:25:37Z | block=42602092 | kind=Triangular | hops=V2→V3CL→V3CL | token=USDC | idx=2756 | profit=0.67997 USDC | amount_in=3518.044 | p1=0xcdac…5c43 | p2=0x70ac…bae1 | p3=0xfbb6…43ef
2026-02-25T04:25:37Z | block=42602092 | kind=Triangular | hops=V2→V3CL→V3CL | token=USDC | idx=2753 | profit=0.621025 USDC | amount_in=3250.621 | p1=0xcdac…5c43 | p2=0x70ac…bae1 | p3=0x3e66…a9fb
2026-02-25T04:25:37Z | block=42602092 | kind=Triangular | hops=V2→V3CL→V3CL | token=USDC | idx=2752 | profit=0.717883 USDC | amount_in=3912.883 | p1=0xcdac…5c43 | p2=0x70ac…bae1 | p3=0x4e96…e778
2026-02-25T04:25:37Z | block=42602093 | kind=Cross-dex | hops=V3CL→V2 | token=WETH | idx=2602 | profit=0.001334814642576423 WETH | amount_in=1.893 | p1=0xdbc6…30f1 | p2=0xcdac…5c43 | p3=0xdbc6…30f1
2026-02-25T04:25:37Z | block=42602093 | kind=Cross-dex | hops=V3CL→V2 | token=WETH | idx=2647 | profit=0.001329368548422537 WETH | amount_in=2.616 | p1=0xd0b5…f224 | p2=0xcdac…5c43 | p3=0xd0b5…f224
2026-02-25T04:25:37Z | block=42602093 | kind=Triangular | hops=V3CL→V3CL→V2 | token=WETH | idx=1364 | profit=0.000902706546609963 WETH | amount_in=2.026 | p1=0x22ae…91d5 | p2=0x4e96…e778 | p3=0xcdac…5c43
2026-02-25T04:25:37Z | block=42602093 | kind=Triangular | hops=V3CL→V3CL→V2 | token=WETH | idx=1424 | profit=0.000860743889935724 WETH | amount_in=1.867 | p1=0x22ae…91d5 | p2=0xfbb6…43ef | p3=0xcdac…5c43
2026-02-25T04:25:37Z | block=42602093 | kind=Triangular | hops=V3CL→V3CL→V2 | token=WETH | idx=1383 | profit=0.000812066993845549 WETH | amount_in=1.754 | p1=0x22ae…91d5 | p2=0x3e66…a9fb | p3=0xcdac…5c43
2026-02-25T04:25:38Z | block=42602093 | kind=Triangular | hops=V3CL→V3CL→V2 | token=WETH | idx=1399 | profit=0.000584642219717166 WETH | amount_in=1.101 | p1=0x22ae…91d5 | p2=0xfcda…2278 | p3=0xcdac…5c43
2026-02-25T04:25:38Z | block=42602093 | kind=Cross-dex | hops=V2→V3CL | token=USDC | idx=5095 | profit=2.851234 USDC | amount_in=4312.265 | p1=0xcdac…5c43 | p2=0xdbc6…30f1 | p3=0xcdac…5c43
2026-02-25T04:25:38Z | block=42602093 | kind=Cross-dex | hops=V2→V3CL | token=USDC | idx=5099 | profit=1.378503 USDC | amount_in=1434.496 | p1=0xcdac…5c43 | p2=0xb4cb…00e5 | p3=0xcdac…5c43
2026-02-25T04:25:38Z | block=42602093 | kind=Cross-dex | hops=V2→V3CL | token=USDC | idx=5100 | profit=2.536386 USDC | amount_in=4994.434 | p1=0xcdac…5c43 | p2=0xd0b5…f224 | p3=0xcdac…5c43
2026-02-25T04:25:38Z | block=42602093 | kind=Triangular | hops=V2→V3CL→V3CL | token=USDC | idx=2773 | profit=1.108236 USDC | amount_in=2108.231 | p1=0xcdac…5c43 | p2=0x22ae…91d5 | p3=0xfcda…2278
2026-02-25T04:25:38Z | block=42602093 | kind=Triangular | hops=V2→V3CL→V3CL | token=USDC | idx=2775 | profit=1.639174 USDC | amount_in=3565.488 | p1=0xcdac…5c43 | p2=0x22ae…91d5 | p3=0xfbb6…43ef
2026-02-25T04:25:39Z | block=42602093 | kind=Triangular | hops=V2→V3CL→V3CL | token=USDC | idx=2772 | profit=1.540264 USDC | amount_in=3361.353 | p1=0xcdac…5c43 | p2=0x22ae…91d5 | p3=0x3e66…a9fb
2026-02-25T04:25:39Z | block=42602093 | kind=Triangular | hops=V2→V3CL→V3CL | token=USDC | idx=2771 | profit=1.721362 USDC | amount_in=3865.609 | p1=0xcdac…5c43 | p2=0x22ae…91d5 | p3=0x4e96…e778
2026-02-25T04:25:39Z | block=42602094 | kind=Cross-dex | hops=V3CL→V2 | token=WETH | idx=2602 | profit=0.001494737029663859 WETH | amount_in=2.259 | p1=0xdbc6…30f1 | p2=0xcdac…5c43 | p3=0xdbc6…30f1
2026-02-25T04:25:39Z | block=42602094 | kind=Triangular | hops=V3CL→V3CL→V2 | token=WETH | idx=980 | profit=0.000368884658884799 WETH | amount_in=2.042 | p1=0x70ac…bae1 | p2=0x4e96…e778 | p3=0xcdac…5c43
2026-02-25T04:25:39Z | block=42602094 | kind=Triangular | hops=V3CL→V3CL→V2 | token=WETH | idx=1040 | profit=0.000355425257152426 WETH | amount_in=1.827 | p1=0x70ac…bae1 | p2=0xfbb6…43ef | p3=0xcdac…5c43
2026-02-25T04:25:39Z | block=42602094 | kind=Triangular | hops=V3CL→V3CL→V2 | token=WETH | idx=999 | profit=0.000319232562210579 WETH | amount_in=1.701 | p1=0x70ac…bae1 | p2=0x3e66…a9fb | p3=0xcdac…5c43
2026-02-25T04:25:40Z | block=42602094 | kind=Cross-dex | hops=V2→V3CL | token=USDC | idx=5095 | profit=3.280802 USDC | amount_in=4621.986 | p1=0xcdac…5c43 | p2=0xdbc6…30f1 | p3=0xcdac…5c43
2026-02-25T04:25:40Z | block=42602094 | kind=Cross-dex | hops=V2→V3CL | token=USDC | idx=5099 | profit=1.600725 USDC | amount_in=1492.394 | p1=0xcdac…5c43 | p2=0xb4cb…00e5 | p3=0xcdac…5c43
2026-02-25T04:25:40Z | block=42602094 | kind=Triangular | hops=V2→V3CL→V3CL | token=USDC | idx=2756 | profit=0.669306 USDC | amount_in=3499.674 | p1=0xcdac…5c43 | p2=0x70ac…bae1 | p3=0xfbb6…43ef
2026-02-25T04:25:40Z | block=42602094 | kind=Triangular | hops=V2→V3CL→V3CL | token=USDC | idx=2753 | profit=0.629354 USDC | amount_in=3200.358 | p1=0xcdac…5c43 | p2=0x70ac…bae1 | p3=0x3e66…a9fb
2026-02-25T04:25:40Z | block=42602094 | kind=Triangular | hops=V2→V3CL→V3CL | token=USDC | idx=2752 | profit=0.696934 USDC | amount_in=3906.212 | p1=0xcdac…5c43 | p2=0x70ac…bae1 | p3=0x4e96…e778
2026-02-25T04:25:41Z | block=42602095 | kind=Cross-dex | hops=V3CL→V2 | token=WETH | idx=2602 | profit=0.001719509293398876 WETH | amount_in=2.421 | p1=0xdbc6…30f1 | p2=0xcdac…5c43 | p3=0xdbc6…30f1
2026-02-25T04:25:41Z | block=42602095 | kind=Triangular | hops=V3CL→V3CL→V2 | token=WETH | idx=1364 | profit=0.000999599003289807 WETH | amount_in=2.079 | p1=0x22ae…91d5 | p2=0x4e96…e778 | p3=0xcdac…5c43
2026-02-25T04:25:41Z | block=42602095 | kind=Triangular | hops=V3CL→V3CL→V2 | token=WETH | idx=1424 | profit=0.000947196442446435 WETH | amount_in=1.923 | p1=0x22ae…91d5 | p2=0xfbb6…43ef | p3=0xcdac…5c43
2026-02-25T04:25:41Z | block=42602095 | kind=Triangular | hops=V3CL→V3CL→V2 | token=WETH | idx=1383 | profit=0.000889880408562671 WETH | amount_in=1.813 | p1=0x22ae…91d5 | p2=0x3e66…a9fb | p3=0xcdac…5c43
2026-02-25T04:25:41Z | block=42602095 | kind=Triangular | hops=V3CL→V3CL→V2 | token=WETH | idx=1399 | profit=0.000632577970001774 WETH | amount_in=1.14 | p1=0x22ae…91d5 | p2=0xfcda…2278 | p3=0xcdac…5c43
2026-02-25T04:25:42Z | block=42602095 | kind=Triangular | hops=V3CL→V3CL→V2 | token=WETH | idx=980 | profit=0.000368875540263635 WETH | amount_in=2.042 | p1=0x70ac…bae1 | p2=0x4e96…e778 | p3=0xcdac…5c43
2026-02-25T04:25:42Z | block=42602095 | kind=Triangular | hops=V3CL→V3CL→V2 | token=WETH | idx=1040 | profit=0.000355416138531262 WETH | amount_in=1.827 | p1=0x70ac…bae1 | p2=0xfbb6…43ef | p3=0xcdac…5c43
2026-02-25T04:25:42Z | block=42602095 | kind=Triangular | hops=V3CL→V3CL→V2 | token=WETH | idx=999 | profit=0.000321707026757191 WETH | amount_in=1.696 | p1=0x70ac…bae1 | p2=0x3e66…a9fb | p3=0xcdac…5c43
2026-02-25T04:25:42Z | block=42602095 | kind=Triangular | hops=V3CL→V3CL→V2 | token=WETH | idx=932 | profit=0.000459153213179393 WETH | amount_in=0.879 | p1=0x9785…3c1b | p2=0xa41b…fcd1 | p3=0xcdac…5c43
2026-02-25T04:25:42Z | block=42602095 | kind=Cross-dex | hops=V2→V3CL | token=USDC | idx=5095 | profit=3.374328 USDC | amount_in=4753.093 | p1=0xcdac…5c43 | p2=0xdbc6…30f1 | p3=0xcdac…5c43
2026-02-25T04:25:42Z | block=42602095 | kind=Cross-dex | hops=V2→V3CL | token=USDC | idx=5099 | profit=1.600673 USDC | amount_in=1492.394 | p1=0xcdac…5c43 | p2=0xb4cb…00e5 | p3=0xcdac…5c43
2026-02-25T04:25:42Z | block=42602095 | kind=Triangular | hops=V2→V3CL→V3CL | token=USDC | idx=2749 | profit=0.872465 USDC | amount_in=1677.291 | p1=0xcdac…5c43 | p2=0x9785…3c1b | p3=0xa41b…fcd1
2026-02-25T04:25:43Z | block=42602095 | kind=Triangular | hops=V2→V3CL→V3CL | token=USDC | idx=2773 | profit=1.207674 USDC | amount_in=2167.276 | p1=0xcdac…5c43 | p2=0x22ae…91d5 | p3=0xfcda…2278
2026-02-25T04:25:43Z | block=42602095 | kind=Triangular | hops=V2→V3CL→V3CL | token=USDC | idx=2775 | profit=1.792256 USDC | amount_in=3696.275 | p1=0xcdac…5c43 | p2=0x22ae…91d5 | p3=0xfbb6…43ef
2026-02-25T04:25:43Z | block=42602095 | kind=Triangular | hops=V2→V3CL→V3CL | token=USDC | idx=2772 | profit=1.694352 USDC | amount_in=3463.52 | p1=0xcdac…5c43 | p2=0x22ae…91d5 | p3=0x3e66…a9fb
2026-02-25T04:25:43Z | block=42602095 | kind=Triangular | hops=V2→V3CL→V3CL | token=USDC | idx=2771 | profit=1.898241 USDC | amount_in=3982.706 | p1=0xcdac…5c43 | p2=0x22ae…91d5 | p3=0x4e96…e778
2026-02-25T04:25:43Z | block=42602095 | kind=Triangular | hops=V2→V3CL→V3CL | token=USDC | idx=2756 | profit=0.669254 USDC | amount_in=3499.674 | p1=0xcdac…5c43 | p2=0x70ac…bae1 | p3=0xfbb6…43ef
2026-02-25T04:25:43Z | block=42602095 | kind=Triangular | hops=V2→V3CL→V3CL | token=USDC | idx=2753 | profit=0.629302 USDC | amount_in=3200.358 | p1=0xcdac…5c43 | p2=0x70ac…bae1 | p3=0x3e66…a9fb
2026-02-25T04:25:43Z | block=42602095 | kind=Triangular | hops=V2→V3CL→V3CL | token=USDC | idx=2752 | profit=0.696882 USDC | amount_in=3906.212 | p1=0xcdac…5c43 | p2=0x70ac…bae1 | p3=0x4e96…e778
2026-02-25T04:25:44Z | block=42602097 | kind=Triangular | hops=V3CL→V3CL→V2 | token=WETH | idx=980 | profit=0.000369838748046723 WETH | amount_in=2.04 | p1=0x70ac…bae1 | p2=0x4e96…e778 | p3=0xcdac…5c43
2026-02-25T04:25:44Z | block=42602097 | kind=Triangular | hops=V3CL→V3CL→V2 | token=WETH | idx=1040 | profit=0.000355427010733419 WETH | amount_in=1.827 | p1=0x70ac…bae1 | p2=0xfbb6…43ef | p3=0xcdac…5c43
2026-02-25T04:25:44Z | block=42602097 | kind=Triangular | hops=V3CL→V3CL→V2 | token=WETH | idx=999 | profit=0.00032368987702122 WETH | amount_in=1.692 | p1=0x70ac…bae1 | p2=0x3e66…a9fb | p3=0xcdac…5c43
2026-02-25T04:25:45Z | block=42602097 | kind=Cross-dex | hops=V2→V3CL | token=USDC | idx=5099 | profit=1.575976 USDC | amount_in=1371.714 | p1=0xcdac…5c43 | p2=0xb4cb…00e5 | p3=0xcdac…5c43
2026-02-25T04:25:45Z | block=42602097 | kind=Triangular | hops=V2→V3CL→V3CL | token=USDC | idx=2756 | profit=0.675751 USDC | amount_in=3486.619 | p1=0xcdac…5c43 | p2=0x70ac…bae1 | p3=0xfbb6…43ef
2026-02-25T04:25:45Z | block=42602097 | kind=Triangular | hops=V2→V3CL→V3CL | token=USDC | idx=2753 | profit=0.621001 USDC | amount_in=3217.269 | p1=0xcdac…5c43 | p2=0x70ac…bae1 | p3=0x3e66…a9fb
2026-02-25T04:25:45Z | block=42602097 | kind=Triangular | hops=V2→V3CL→V3CL | token=USDC | idx=2752 | profit=0.689627 USDC | amount_in=3920.139 | p1=0xcdac…5c43 | p2=0x70ac…bae1 | p3=0x4e96…e778
2026-02-25T04:25:46Z | block=42602098 | kind=Triangular | hops=V3CL→V3CL→V2 | token=WETH | idx=980 | profit=0.000371260562781941 WETH | amount_in=2.037 | p1=0x70ac…bae1 | p2=0x4e96…e778 | p3=0xcdac…5c43
2026-02-25T04:25:46Z | block=42602098 | kind=Triangular | hops=V3CL→V3CL→V2 | token=WETH | idx=1040 | profit=0.000355425958584823 WETH | amount_in=1.827 | p1=0x70ac…bae1 | p2=0xfbb6…43ef | p3=0xcdac…5c43
2026-02-25T04:25:46Z | block=42602098 | kind=Triangular | hops=V3CL→V3CL→V2 | token=WETH | idx=999 | profit=0.000334645522038612 WETH | amount_in=1.67 | p1=0x70ac…bae1 | p2=0x3e66…a9fb | p3=0xcdac…5c43
2026-02-25T04:25:46Z | block=42602098 | kind=Cross-dex | hops=V2→V3CL | token=USDC | idx=5099 | profit=1.652899 USDC | amount_in=1425.473 | p1=0xcdac…5c43 | p2=0xb4cb…00e5 | p3=0xcdac…5c43
2026-02-25T04:25:47Z | block=42602098 | kind=Triangular | hops=V2→V3CL→V3CL | token=USDC | idx=2756 | profit=0.678946 USDC | amount_in=3480.064 | p1=0xcdac…5c43 | p2=0x70ac…bae1 | p3=0xfbb6…43ef
2026-02-25T04:25:47Z | block=42602098 | kind=Triangular | hops=V2→V3CL→V3CL | token=USDC | idx=2753 | profit=0.607832 USDC | amount_in=3243.27 | p1=0xcdac…5c43 | p2=0x70ac…bae1 | p3=0x3e66…a9fb
2026-02-25T04:25:47Z | block=42602098 | kind=Triangular | hops=V2→V3CL→V3CL | token=USDC | idx=2752 | profit=0.689497 USDC | amount_in=3920.597 | p1=0xcdac…5c43 | p2=0x70ac…bae1 | p3=0x4e96…e778
2026-02-25T04:25:48Z | block=42602099 | kind=Cross-dex | hops=V3CL→V2 | token=WETH | idx=2602 | profit=0.001448088233343779 WETH | amount_in=2.443 | p1=0xdbc6…30f1 | p2=0xcdac…5c43 | p3=0xdbc6…30f1
2026-02-25T04:25:48Z | block=42602099 | kind=Cross-dex | hops=V3CL→V2 | token=WETH | idx=2647 | profit=0.001329698356925616 WETH | amount_in=2.615 | p1=0xd0b5…f224 | p2=0xcdac…5c43 | p3=0xd0b5…f224
2026-02-25T04:25:48Z | block=42602099 | kind=Triangular | hops=V3CL→V3CL→V2 | token=WETH | idx=1364 | profit=0.000959368811459266 WETH | amount_in=2.083 | p1=0x22ae…91d5 | p2=0x4e96…e778 | p3=0xcdac…5c43
2026-02-25T04:25:48Z | block=42602099 | kind=Triangular | hops=V3CL→V3CL→V2 | token=WETH | idx=1424 | profit=0.000910623339217932 WETH | amount_in=1.899 | p1=0x22ae…91d5 | p2=0xfbb6…43ef | p3=0xcdac…5c43
2026-02-25T04:25:48Z | block=42602099 | kind=Triangular | hops=V3CL→V3CL→V2 | token=WETH | idx=1383 | profit=0.000856436158897305 WETH | amount_in=1.789 | p1=0x22ae…91d5 | p2=0x3e66…a9fb | p3=0xcdac…5c43
2026-02-25T04:25:49Z | block=42602099 | kind=Triangular | hops=V3CL→V3CL→V2 | token=WETH | idx=1399 | profit=0.000608819024433355 WETH | amount_in=1.13 | p1=0x22ae…91d5 | p2=0xfcda…2278 | p3=0xcdac…5c43
2026-02-25T04:25:49Z | block=42602099 | kind=Cross-dex | hops=V2→V3CL | token=USDC | idx=5095 | profit=2.762646 USDC | amount_in=4663.775 | p1=0xcdac…5c43 | p2=0xdbc6…30f1 | p3=0xcdac…5c43
2026-02-25T04:25:49Z | block=42602099 | kind=Cross-dex | hops=V2→V3CL | token=USDC | idx=5099 | profit=1.303594 USDC | amount_in=1373.768 | p1=0xcdac…5c43 | p2=0xb4cb…00e5 | p3=0xcdac…5c43
2026-02-25T04:25:49Z | block=42602099 | kind=Cross-dex | hops=V2→V3CL | token=USDC | idx=5100 | profit=2.536188 USDC | amount_in=4994.116 | p1=0xcdac…5c43 | p2=0xd0b5…f224 | p3=0xcdac…5c43
2026-02-25T04:25:49Z | block=42602099 | kind=Triangular | hops=V2→V3CL→V3CL | token=USDC | idx=2773 | profit=1.165699 USDC | amount_in=2142.151 | p1=0xcdac…5c43 | p2=0x22ae…91d5 | p3=0xfcda…2278
2026-02-25T04:25:49Z | block=42602099 | kind=Triangular | hops=V2→V3CL→V3CL | token=USDC | idx=2775 | profit=1.732376 USDC | amount_in=3630.936 | p1=0xcdac…5c43 | p2=0x22ae…91d5 | p3=0xfbb6…43ef
2026-02-25T04:25:49Z | block=42602099 | kind=Triangular | hops=V2→V3CL→V3CL | token=USDC | idx=2772 | profit=1.633388 USDC | amount_in=3411.542 | p1=0xcdac…5c43 | p2=0x22ae…91d5 | p3=0x3e66…a9fb
2026-02-25T04:25:50Z | block=42602099 | kind=Triangular | hops=V2→V3CL→V3CL | token=USDC | idx=2771 | profit=1.855554 USDC | amount_in=3922.88 | p1=0xcdac…5c43 | p2=0x22ae…91d5 | p3=0x4e96…e778
2026-02-25T04:25:50Z | block=42602100 | kind=Cross-dex | hops=V3CL→V2 | token=WETH | idx=2593 | profit=0.001445342085754494 WETH | amount_in=3.012 | p1=0xb2cc…dc59 | p2=0xcdac…5c43 | p3=0xb2cc…dc59
2026-02-25T04:25:50Z | block=42602100 | kind=Cross-dex | hops=V3CL→V2 | token=WETH | idx=2647 | profit=0.00132973362987516 WETH | amount_in=2.615 | p1=0xd0b5…f224 | p2=0xcdac…5c43 | p3=0xd0b5…f224
2026-02-25T04:25:50Z | block=42602100 | kind=Triangular | hops=V3CL→V3CL→V2 | token=WETH | idx=980 | profit=0.000369384333345952 WETH | amount_in=2.055 | p1=0x70ac…bae1 | p2=0x4e96…e778 | p3=0xcdac…5c43
2026-02-25T04:25:50Z | block=42602100 | kind=Triangular | hops=V3CL→V3CL→V2 | token=WETH | idx=1040 | profit=0.000339389087555853 WETH | amount_in=1.84 | p1=0x70ac…bae1 | p2=0xfbb6…43ef | p3=0xcdac…5c43
2026-02-25T04:25:50Z | block=42602100 | kind=Triangular | hops=V3CL→V3CL→V2 | token=WETH | idx=999 | profit=0.000326269347265138 WETH | amount_in=1.671 | p1=0x70ac…bae1 | p2=0x3e66…a9fb | p3=0xcdac…5c43
2026-02-25T04:25:51Z | block=42602100 | kind=Cross-dex | hops=V2→V3CL | token=USDC | idx=5100 | profit=2.536332 USDC | amount_in=4993.988 | p1=0xcdac…5c43 | p2=0xd0b5…f224 | p3=0xcdac…5c43
2026-02-25T04:25:51Z | block=42602100 | kind=Cross-dex | hops=V2→V3CL | token=USDC | idx=5094 | profit=2.759476 USDC | amount_in=5750.336 | p1=0xcdac…5c43 | p2=0xb2cc…dc59 | p3=0xcdac…5c43
2026-02-25T04:25:51Z | block=42602100 | kind=Triangular | hops=V2→V3CL→V3CL | token=USDC | idx=2756 | profit=0.659714 USDC | amount_in=3482.706 | p1=0xcdac…5c43 | p2=0x70ac…bae1 | p3=0xfbb6…43ef
2026-02-25T04:25:51Z | block=42602100 | kind=Triangular | hops=V2→V3CL→V3CL | token=USDC | idx=2753 | profit=0.601948 USDC | amount_in=3224.237 | p1=0xcdac…5c43 | p2=0x70ac…bae1 | p3=0x3e66…a9fb
2026-02-25T04:25:51Z | block=42602100 | kind=Triangular | hops=V2→V3CL→V3CL | token=USDC | idx=2752 | profit=0.725699 USDC | amount_in=3875.777 | p1=0xcdac…5c43 | p2=0x70ac…bae1 | p3=0x4e96…e778
2026-02-25T04:25:52Z | block=42602101 | kind=Cross-dex | hops=V3CL→V2 | token=WETH | idx=2602 | profit=0.001428993989729399 WETH | amount_in=2.432 | p1=0xdbc6…30f1 | p2=0xcdac…5c43 | p3=0xdbc6…30f1
2026-02-25T04:25:52Z | block=42602101 | kind=Triangular | hops=V3CL→V3CL→V2 | token=WETH | idx=1364 | profit=0.000964374825401933 WETH | amount_in=2.083 | p1=0x22ae…91d5 | p2=0x4e96…e778 | p3=0xcdac…5c43
2026-02-25T04:25:52Z | block=42602101 | kind=Triangular | hops=V3CL→V3CL→V2 | token=WETH | idx=1424 | profit=0.000912497730363378 WETH | amount_in=1.895 | p1=0x22ae…91d5 | p2=0xfbb6…43ef | p3=0xcdac…5c43
2026-02-25T04:25:52Z | block=42602101 | kind=Triangular | hops=V3CL→V3CL→V2 | token=WETH | idx=1383 | profit=0.000855865972632668 WETH | amount_in=1.79 | p1=0x22ae…91d5 | p2=0x3e66…a9fb | p3=0xcdac…5c43
2026-02-25T04:25:53Z | block=42602101 | kind=Triangular | hops=V3CL→V3CL→V2 | token=WETH | idx=1399 | profit=0.000608819550507653 WETH | amount_in=1.13 | p1=0x22ae…91d5 | p2=0xfcda…2278 | p3=0xcdac…5c43
2026-02-25T04:25:53Z | block=42602101 | kind=Cross-dex | hops=V2→V3CL | token=USDC | idx=5095 | profit=2.726313 USDC | amount_in=4642.443 | p1=0xcdac…5c43 | p2=0xdbc6…30f1 | p3=0xcdac…5c43
2026-02-25T04:25:53Z | block=42602101 | kind=Cross-dex | hops=V2→V3CL | token=USDC | idx=5099 | profit=1.254477 USDC | amount_in=1451.661 | p1=0xcdac…5c43 | p2=0xb4cb…00e5 | p3=0xcdac…5c43
2026-02-25T04:25:53Z | block=42602101 | kind=Triangular | hops=V2→V3CL→V3CL | token=USDC | idx=2773 | profit=1.162983 USDC | amount_in=2147.334 | p1=0xcdac…5c43 | p2=0x22ae…91d5 | p3=0xfcda…2278
2026-02-25T04:25:53Z | block=42602101 | kind=Triangular | hops=V2→V3CL→V3CL | token=USDC | idx=2775 | profit=1.748319 USDC | amount_in=3597.67 | p1=0xcdac…5c43 | p2=0x22ae…91d5 | p3=0xfbb6…43ef
2026-02-25T04:25:53Z | block=42602101 | kind=Triangular | hops=V2→V3CL→V3CL | token=USDC | idx=2772 | profit=1.64066 USDC | amount_in=3396.616 | p1=0xcdac…5c43 | p2=0x22ae…91d5 | p3=0x3e66…a9fb
2026-02-25T04:25:53Z | block=42602101 | kind=Triangular | hops=V2→V3CL→V3CL | token=USDC | idx=2771 | profit=1.854801 USDC | amount_in=3943.261 | p1=0xcdac…5c43 | p2=0x22ae…91d5 | p3=0x4e96…e778
2026-02-25T04:25:54Z | block=42602102 | kind=Cross-dex | hops=V3CL→V2 | token=WETH | idx=2602 | profit=0.001394400588941984 WETH | amount_in=2.433 | p1=0xdbc6…30f1 | p2=0xcdac…5c43 | p3=0xdbc6…30f1
2026-02-25T04:25:54Z | block=42602102 | kind=Triangular | hops=V3CL→V3CL→V2 | token=WETH | idx=1066 | profit=0.000498941336705201 WETH | amount_in=1.066 | p1=0x5d4e…52b5 | p2=0xc5e5…48c1 | p3=0xcdac…5c43
2026-02-25T04:25:54Z | block=42602102 | kind=Cross-dex | hops=V2→V3CL | token=USDC | idx=5095 | profit=2.659985 USDC | amount_in=4644.944 | p1=0xcdac…5c43 | p2=0xdbc6…30f1 | p3=0xcdac…5c43
2026-02-25T04:25:54Z | block=42602102 | kind=Cross-dex | hops=V2→V3CL | token=USDC | idx=5099 | profit=1.15448 USDC | amount_in=1494.485 | p1=0xcdac…5c43 | p2=0xb4cb…00e5 | p3=0xcdac…5c43
2026-02-25T04:25:54Z | block=42602102 | kind=Triangular | hops=V2→V3CL→V3CL | token=USDC | idx=2758 | profit=0.949553 USDC | amount_in=2032.156 | p1=0xcdac…5c43 | p2=0x5d4e…52b5 | p3=0xc5e5…48c1
2026-02-25T04:25:56Z | block=42602103 | kind=Cross-dex | hops=V3CL→V2 | token=WETH | idx=2593 | profit=0.001440736420001333 WETH | amount_in=3.001 | p1=0xb2cc…dc59 | p2=0xcdac…5c43 | p3=0xb2cc…dc59
2026-02-25T04:25:56Z | block=42602103 | kind=Cross-dex | hops=V3CL→V2 | token=WETH | idx=2647 | profit=0.001330069689645116 WETH | amount_in=2.616 | p1=0xd0b5…f224 | p2=0xcdac…5c43 | p3=0xd0b5…f224
2026-02-25T04:25:56Z | block=42602103 | kind=Cross-dex | hops=V2→V3CL | token=USDC | idx=5100 | profit=2.537961 USDC | amount_in=4993.977 | p1=0xcdac…5c43 | p2=0xd0b5…f224 | p3=0xcdac…5c43
2026-02-25T04:25:56Z | block=42602103 | kind=Cross-dex | hops=V2→V3CL | token=USDC | idx=5094 | profit=2.749954 USDC | amount_in=5730.747 | p1=0xcdac…5c43 | p2=0xb2cc…dc59 | p3=0xcdac…5c43
2026-02-25T04:25:58Z | block=42602104 | kind=Cross-dex | hops=V3CL→V2 | token=WETH | idx=2593 | profit=0.001382428952800401 WETH | amount_in=2.952 | p1=0xb2cc…dc59 | p2=0xcdac…5c43 | p3=0xb2cc…dc59
2026-02-25T04:25:58Z | block=42602104 | kind=Cross-dex | hops=V3CL→V2 | token=WETH | idx=2647 | profit=0.001181012054931704 WETH | amount_in=2.516 | p1=0xd0b5…f224 | p2=0xcdac…5c43 | p3=0xd0b5…f224
2026-02-25T04:25:58Z | block=42602104 | kind=Cross-dex | hops=V3CL→V2 | token=WETH | idx=2602 | profit=0.001087363327808457 WETH | amount_in=2.237 | p1=0xdbc6…30f1 | p2=0xcdac…5c43 | p3=0xdbc6…30f1
2026-02-25T04:25:58Z | block=42602104 | kind=Triangular | hops=V3CL→V3CL→V2 | token=WETH | idx=1364 | profit=0.000775238861546335 WETH | amount_in=1.93 | p1=0x22ae…91d5 | p2=0x4e96…e778 | p3=0xcdac…5c43
2026-02-25T04:25:58Z | block=42602104 | kind=Triangular | hops=V3CL→V3CL→V2 | token=WETH | idx=1424 | profit=0.000729271362054479 WETH | amount_in=1.773 | p1=0x22ae…91d5 | p2=0xfbb6…43ef | p3=0xcdac…5c43
2026-02-25T04:25:58Z | block=42602104 | kind=Triangular | hops=V3CL→V3CL→V2 | token=WETH | idx=1383 | profit=0.000681398348689846 WETH | amount_in=1.68 | p1=0x22ae…91d5 | p2=0x3e66…a9fb | p3=0xcdac…5c43
2026-02-25T04:25:59Z | block=42602104 | kind=Triangular | hops=V3CL→V3CL→V2 | token=WETH | idx=1399 | profit=0.000503172920988599 WETH | amount_in=1.053 | p1=0x22ae…91d5 | p2=0xfcda…2278 | p3=0xcdac…5c43
2026-02-25T04:25:59Z | block=42602104 | kind=Triangular | hops=V3CL→V3CL→V2 | token=WETH | idx=1066 | profit=0.00042679620757132 WETH | amount_in=1.014 | p1=0x5d4e…52b5 | p2=0xc5e5…48c1 | p3=0xcdac…5c43
2026-02-25T04:25:59Z | block=42602104 | kind=Triangular | hops=V3CL→V3CL→V2 | token=WETH | idx=1050 | profit=0.000432119537430641 WETH | amount_in=1 | p1=0x5d4e…52b5 | p2=0xe846…0ec7 | p3=0xcdac…5c43
2026-02-25T04:25:59Z | block=42602104 | kind=Cross-dex | hops=V2→V3CL | token=USDC | idx=5095 | profit=2.07426 USDC | amount_in=4268.441 | p1=0xcdac…5c43 | p2=0xdbc6…30f1 | p3=0xcdac…5c43
2026-02-25T04:25:59Z | block=42602104 | kind=Cross-dex | hops=V2→V3CL | token=USDC | idx=5100 | profit=2.253562 USDC | amount_in=4801.819 | p1=0xcdac…5c43 | p2=0xd0b5…f224 | p3=0xcdac…5c43
2026-02-25T04:25:59Z | block=42602104 | kind=Cross-dex | hops=V2→V3CL | token=USDC | idx=5094 | profit=2.63841 USDC | amount_in=5637.079 | p1=0xcdac…5c43 | p2=0xb2cc…dc59 | p3=0xcdac…5c43
2026-02-25T04:25:59Z | block=42602104 | kind=Cross-dex | hops=V2→V3CL | token=USDC | idx=5099 | profit=0.955096 USDC | amount_in=1442.555 | p1=0xcdac…5c43 | p2=0xb4cb…00e5 | p3=0xcdac…5c43
2026-02-25T04:26:00Z | block=42602104 | kind=Triangular | hops=V2→V3CL→V3CL | token=USDC | idx=2757 | profit=0.820813 USDC | amount_in=1908.583 | p1=0xcdac…5c43 | p2=0x5d4e…52b5 | p3=0xe846…0ec7
2026-02-25T04:26:00Z | block=42602104 | kind=Triangular | hops=V2→V3CL→V3CL | token=USDC | idx=2758 | profit=0.811668 USDC | amount_in=1933.3 | p1=0xcdac…5c43 | p2=0x5d4e…52b5 | p3=0xc5e5…48c1
2026-02-25T04:26:00Z | block=42602104 | kind=Triangular | hops=V2→V3CL→V3CL | token=USDC | idx=2773 | profit=0.965695 USDC | amount_in=1990.984 | p1=0xcdac…5c43 | p2=0x22ae…91d5 | p3=0xfcda…2278
2026-02-25T04:26:00Z | block=42602104 | kind=Triangular | hops=V2→V3CL→V3CL | token=USDC | idx=2775 | profit=1.372679 USDC | amount_in=3373.291 | p1=0xcdac…5c43 | p2=0x22ae…91d5 | p3=0xfbb6…43ef
2026-02-25T04:26:00Z | block=42602104 | kind=Triangular | hops=V2→V3CL→V3CL | token=USDC | idx=2772 | profit=1.291781 USDC | amount_in=3177.467 | p1=0xcdac…5c43 | p2=0x22ae…91d5 | p3=0x3e66…a9fb
2026-02-25T04:26:00Z | block=42602104 | kind=Triangular | hops=V2→V3CL→V3CL | token=USDC | idx=2771 | profit=1.46416 USDC | amount_in=3662.103 | p1=0xcdac…5c43 | p2=0x22ae…91d5 | p3=0x4e96…e778
2026-02-25T04:26:01Z | block=42602105 | kind=Cross-dex | hops=V3CL→V2 | token=WETH | idx=2602 | profit=0.001059090928491079 WETH | amount_in=2.218 | p1=0xdbc6…30f1 | p2=0xcdac…5c43 | p3=0xdbc6…30f1
2026-02-25T04:26:01Z | block=42602105 | kind=Triangular | hops=V3CL→V3CL→V2 | token=WETH | idx=1364 | profit=0.000771771318561604 WETH | amount_in=1.912 | p1=0x22ae…91d5 | p2=0x4e96…e778 | p3=0xcdac…5c43
2026-02-25T04:26:01Z | block=42602105 | kind=Triangular | hops=V3CL→V3CL→V2 | token=WETH | idx=1424 | profit=0.000718860594891542 WETH | amount_in=1.771 | p1=0x22ae…91d5 | p2=0xfbb6…43ef | p3=0xcdac…5c43
2026-02-25T04:26:01Z | block=42602105 | kind=Triangular | hops=V3CL→V3CL→V2 | token=WETH | idx=1383 | profit=0.000682309565318944 WETH | amount_in=1.657 | p1=0x22ae…91d5 | p2=0x3e66…a9fb | p3=0xcdac…5c43
2026-02-25T04:26:01Z | block=42602105 | kind=Triangular | hops=V3CL→V3CL→V2 | token=WETH | idx=1399 | profit=0.000496304731974575 WETH | amount_in=1.053 | p1=0x22ae…91d5 | p2=0xfcda…2278 | p3=0xcdac…5c43
2026-02-25T04:26:01Z | block=42602105 | kind=Triangular | hops=V3CL→V3CL→V2 | token=WETH | idx=932 | profit=0.000458656455546995 WETH | amount_in=0.88 | p1=0x9785…3c1b | p2=0xa41b…fcd1 | p3=0xcdac…5c43
2026-02-25T04:26:01Z | block=42602105 | kind=Triangular | hops=V2→V3CL→V3CL | token=USDC | idx=2749 | profit=0.872578 USDC | amount_in=1677.085 | p1=0xcdac…5c43 | p2=0x9785…3c1b | p3=0xa41b…fcd1
2026-02-25T04:26:01Z | block=42602105 | kind=Cross-dex | hops=V2→V3CL | token=USDC | idx=5095 | profit=2.019817 USDC | amount_in=4232.967 | p1=0xcdac…5c43 | p2=0xdbc6…30f1 | p3=0xcdac…5c43
2026-02-25T04:26:02Z | block=42602105 | kind=Triangular | hops=V2→V3CL→V3CL | token=USDC | idx=2773 | profit=0.956742 USDC | amount_in=1982.965 | p1=0xcdac…5c43 | p2=0x22ae…91d5 | p3=0xfcda…2278
2026-02-25T04:26:02Z | block=42602105 | kind=Triangular | hops=V2→V3CL→V3CL | token=USDC | idx=2775 | profit=1.372663 USDC | amount_in=3373.291 | p1=0xcdac…5c43 | p2=0x22ae…91d5 | p3=0xfbb6…43ef
2026-02-25T04:26:02Z | block=42602105 | kind=Triangular | hops=V2→V3CL→V3CL | token=USDC | idx=2772 | profit=1.291765 USDC | amount_in=3177.467 | p1=0xcdac…5c43 | p2=0x22ae…91d5 | p3=0x3e66…a9fb
2026-02-25T04:26:02Z | block=42602105 | kind=Triangular | hops=V2→V3CL→V3CL | token=USDC | idx=2771 | profit=1.460032 USDC | amount_in=3629.791 | p1=0xcdac…5c43 | p2=0x22ae…91d5 | p3=0x4e96…e778
2026-02-25T04:26:02Z | block=42602106 | kind=Cross-dex | hops=V3CL→V2 | token=WETH | idx=2602 | profit=0.001188526493106021 WETH | amount_in=2.304 | p1=0xdbc6…30f1 | p2=0xcdac…5c43 | p3=0xdbc6…30f1
2026-02-25T04:26:02Z | block=42602106 | kind=Cross-dex | hops=V3CL→V2 | token=WETH | idx=2647 | profit=0.001181482531224475 WETH | amount_in=2.515 | p1=0xd0b5…f224 | p2=0xcdac…5c43 | p3=0xd0b5…f224
2026-02-25T04:26:02Z | block=42602106 | kind=Triangular | hops=V3CL→V3CL→V2 | token=WETH | idx=1364 | profit=0.000760291913669796 WETH | amount_in=1.914 | p1=0x22ae…91d5 | p2=0x4e96…e778 | p3=0xcdac…5c43
2026-02-25T04:26:02Z | block=42602106 | kind=Triangular | hops=V3CL→V3CL→V2 | token=WETH | idx=1424 | profit=0.000715563284202234 WETH | amount_in=1.756 | p1=0x22ae…91d5 | p2=0xfbb6…43ef | p3=0xcdac…5c43
2026-02-25T04:26:02Z | block=42602106 | kind=Triangular | hops=V3CL→V3CL→V2 | token=WETH | idx=1383 | profit=0.00067466372913046 WETH | amount_in=1.652 | p1=0x22ae…91d5 | p2=0x3e66…a9fb | p3=0xcdac…5c43
2026-02-25T04:26:03Z | block=42602106 | kind=Triangular | hops=V3CL→V3CL→V2 | token=WETH | idx=1399 | profit=0.000489787227633016 WETH | amount_in=1.053 | p1=0x22ae…91d5 | p2=0xfcda…2278 | p3=0xcdac…5c43
2026-02-25T04:26:03Z | block=42602106 | kind=Triangular | hops=V3CL→V3CL→V2 | token=WETH | idx=932 | profit=0.000458662061424543 WETH | amount_in=0.88 | p1=0x9785…3c1b | p2=0xa41b…fcd1 | p3=0xcdac…5c43
2026-02-25T04:26:03Z | block=42602106 | kind=Triangular | hops=V2→V3CL→V3CL | token=USDC | idx=2749 | profit=0.872499 USDC | amount_in=1677.295 | p1=0xcdac…5c43 | p2=0x9785…3c1b | p3=0xa41b…fcd1
2026-02-25T04:26:03Z | block=42602106 | kind=Cross-dex | hops=V2→V3CL | token=USDC | idx=5095 | profit=2.267246 USDC | amount_in=4397.09 | p1=0xcdac…5c43 | p2=0xdbc6…30f1 | p3=0xcdac…5c43
2026-02-25T04:26:03Z | block=42602106 | kind=Cross-dex | hops=V2→V3CL | token=USDC | idx=5099 | profit=0.96366 USDC | amount_in=1451.574 | p1=0xcdac…5c43 | p2=0xb4cb…00e5 | p3=0xcdac…5c43
2026-02-25T04:26:03Z | block=42602106 | kind=Cross-dex | hops=V2→V3CL | token=USDC | idx=5100 | profit=2.253633 USDC | amount_in=4801.572 | p1=0xcdac…5c43 | p2=0xd0b5…f224 | p3=0xcdac…5c43
2026-02-25T04:26:03Z | block=42602106 | kind=Triangular | hops=V2→V3CL→V3CL | token=USDC | idx=2773 | profit=0.940375 USDC | amount_in=1991.512 | p1=0xcdac…5c43 | p2=0x22ae…91d5 | p3=0xfcda…2278
2026-02-25T04:26:04Z | block=42602106 | kind=Triangular | hops=V2→V3CL→V3CL | token=USDC | idx=2775 | profit=1.383905 USDC | amount_in=3307.855 | p1=0xcdac…5c43 | p2=0x22ae…91d5 | p3=0xfbb6…43ef
2026-02-25T04:26:04Z | block=42602106 | kind=Triangular | hops=V2→V3CL→V3CL | token=USDC | idx=2772 | profit=1.270192 USDC | amount_in=3181.228 | p1=0xcdac…5c43 | p2=0x22ae…91d5 | p3=0x3e66…a9fb
2026-02-25T04:26:04Z | block=42602106 | kind=Triangular | hops=V2→V3CL→V3CL | token=USDC | idx=2771 | profit=1.437637 USDC | amount_in=3627.617 | p1=0xcdac…5c43 | p2=0x22ae…91d5 | p3=0x4e96…e778
2026-02-25T04:26:04Z | block=42602107 | kind=Triangular | hops=V3CL→V3CL→V2 | token=WETH | idx=1364 | profit=0.000747929958391454 WETH | amount_in=1.914 | p1=0x22ae…91d5 | p2=0x4e96…e778 | p3=0xcdac…5c43
2026-02-25T04:26:04Z | block=42602107 | kind=Triangular | hops=V3CL→V3CL→V2 | token=WETH | idx=1424 | profit=0.000702986309531795 WETH | amount_in=1.758 | p1=0x22ae…91d5 | p2=0xfbb6…43ef | p3=0xcdac…5c43
2026-02-25T04:26:04Z | block=42602107 | kind=Triangular | hops=V3CL→V3CL→V2 | token=WETH | idx=1383 | profit=0.000664019288096563 WETH | amount_in=1.652 | p1=0x22ae…91d5 | p2=0x3e66…a9fb | p3=0xcdac…5c43
2026-02-25T04:26:05Z | block=42602107 | kind=Triangular | hops=V3CL→V3CL→V2 | token=WETH | idx=1399 | profit=0.000495220538132324 WETH | amount_in=1.029 | p1=0x22ae…91d5 | p2=0xfcda…2278 | p3=0xcdac…5c43
2026-02-25T04:26:05Z | block=42602107 | kind=Cross-dex | hops=V2→V3CL | token=USDC | idx=5099 | profit=0.96527 USDC | amount_in=1453.278 | p1=0xcdac…5c43 | p2=0xb4cb…00e5 | p3=0xcdac…5c43
2026-02-25T04:26:05Z | block=42602107 | kind=Triangular | hops=V2→V3CL→V3CL | token=USDC | idx=2773 | profit=0.931869 USDC | amount_in=1982.965 | p1=0xcdac…5c43 | p2=0x22ae…91d5 | p3=0xfcda…2278
2026-02-25T04:26:05Z | block=42602107 | kind=Triangular | hops=V2→V3CL→V3CL | token=USDC | idx=2775 | profit=1.360116 USDC | amount_in=3313.093 | p1=0xcdac…5c43 | p2=0x22ae…91d5 | p3=0xfbb6…43ef
2026-02-25T04:26:05Z | block=42602107 | kind=Triangular | hops=V2→V3CL→V3CL | token=USDC | idx=2772 | profit=1.251688 USDC | amount_in=3177.585 | p1=0xcdac…5c43 | p2=0x22ae…91d5 | p3=0x3e66…a9fb
2026-02-25T04:26:05Z | block=42602107 | kind=Triangular | hops=V2→V3CL→V3CL | token=USDC | idx=2771 | profit=1.437626 USDC | amount_in=3627.617 | p1=0xcdac…5c43 | p2=0x22ae…91d5 | p3=0x4e96…e778
2026-02-25T04:26:06Z | block=42602108 | kind=Cross-dex | hops=V3CL→V2 | token=WETH | idx=2602 | profit=0.001291399333341923 WETH | amount_in=2.37 | p1=0xdbc6…30f1 | p2=0xcdac…5c43 | p3=0xdbc6…30f1
2026-02-25T04:26:06Z | block=42602108 | kind=Cross-dex | hops=V2→V3CL | token=USDC | idx=5095 | profit=2.46334 USDC | amount_in=4524.193 | p1=0xcdac…5c43 | p2=0xdbc6…30f1 | p3=0xcdac…5c43
2026-02-25T04:26:06Z | block=42602108 | kind=Cross-dex | hops=V2→V3CL | token=USDC | idx=5099 | profit=1.080931 USDC | amount_in=1424.69 | p1=0xcdac…5c43 | p2=0xb4cb…00e5 | p3=0xcdac…5c43
2026-02-25T04:26:08Z | block=42602109 | kind=Cross-dex | hops=V3CL→V2 | token=WETH | idx=2602 | profit=0.001346976198887415 WETH | amount_in=2.404 | p1=0xdbc6…30f1 | p2=0xcdac…5c43 | p3=0xdbc6…30f1
2026-02-25T04:26:08Z | block=42602109 | kind=Triangular | hops=V3CL→V3CL→V2 | token=WETH | idx=1364 | profit=0.000769615256500087 WETH | amount_in=1.914 | p1=0x22ae…91d5 | p2=0x4e96…e778 | p3=0xcdac…5c43
2026-02-25T04:26:08Z | block=42602109 | kind=Triangular | hops=V3CL→V3CL→V2 | token=WETH | idx=1424 | profit=0.000719092240775032 WETH | amount_in=1.769 | p1=0x22ae…91d5 | p2=0xfbb6…43ef | p3=0xcdac…5c43
2026-02-25T04:26:08Z | block=42602109 | kind=Triangular | hops=V3CL→V3CL→V2 | token=WETH | idx=1383 | profit=0.000687011476615628 WETH | amount_in=1.646 | p1=0x22ae…91d5 | p2=0x3e66…a9fb | p3=0xcdac…5c43
2026-02-25T04:26:08Z | block=42602109 | kind=Triangular | hops=V3CL→V3CL→V2 | token=WETH | idx=1399 | profit=0.000497730421561499 WETH | amount_in=1.049 | p1=0x22ae…91d5 | p2=0xfcda…2278 | p3=0xcdac…5c43
2026-02-25T04:26:09Z | block=42602109 | kind=Cross-dex | hops=V2→V3CL | token=USDC | idx=5095 | profit=2.569294 USDC | amount_in=4589.605 | p1=0xcdac…5c43 | p2=0xdbc6…30f1 | p3=0xcdac…5c43
2026-02-25T04:26:09Z | block=42602109 | kind=Cross-dex | hops=V2→V3CL | token=USDC | idx=5099 | profit=1.164948 USDC | amount_in=1504.303 | p1=0xcdac…5c43 | p2=0xb4cb…00e5 | p3=0xcdac…5c43
2026-02-25T04:26:09Z | block=42602109 | kind=Triangular | hops=V2→V3CL→V3CL | token=USDC | idx=2773 | profit=0.955842 USDC | amount_in=1982.78 | p1=0xcdac…5c43 | p2=0x22ae…91d5 | p3=0xfcda…2278
2026-02-25T04:26:09Z | block=42602109 | kind=Triangular | hops=V2→V3CL→V3CL | token=USDC | idx=2775 | profit=1.38158 USDC | amount_in=3352.361 | p1=0xcdac…5c43 | p2=0x22ae…91d5 | p3=0xfbb6…43ef
2026-02-25T04:26:09Z | block=42602109 | kind=Triangular | hops=V2→V3CL→V3CL | token=USDC | idx=2772 | profit=1.290323 USDC | amount_in=3177.511 | p1=0xcdac…5c43 | p2=0x22ae…91d5 | p3=0x3e66…a9fb
2026-02-25T04:26:09Z | block=42602109 | kind=Triangular | hops=V2→V3CL→V3CL | token=USDC | idx=2771 | profit=1.470748 USDC | amount_in=3644.079 | p1=0xcdac…5c43 | p2=0x22ae…91d5 | p3=0x4e96…e778
2026-02-25T04:26:10Z | block=42602110 | kind=Cross-dex | hops=V3CL→V2 | token=WETH | idx=2602 | profit=0.001353452078515766 WETH | amount_in=2.408 | p1=0xdbc6…30f1 | p2=0xcdac…5c43 | p3=0xdbc6…30f1
2026-02-25T04:26:10Z | block=42602110 | kind=Triangular | hops=V3CL→V3CL→V2 | token=WETH | idx=1364 | profit=0.000746339502753933 WETH | amount_in=1.912 | p1=0x22ae…91d5 | p2=0x4e96…e778 | p3=0xcdac…5c43
2026-02-25T04:26:10Z | block=42602110 | kind=Triangular | hops=V3CL→V3CL→V2 | token=WETH | idx=1424 | profit=0.000712206783216766 WETH | amount_in=1.738 | p1=0x22ae…91d5 | p2=0xfbb6…43ef | p3=0xcdac…5c43
2026-02-25T04:26:10Z | block=42602110 | kind=Triangular | hops=V3CL→V3CL→V2 | token=WETH | idx=1383 | profit=0.000664710630658512 WETH | amount_in=1.649 | p1=0x22ae…91d5 | p2=0x3e66…a9fb | p3=0xcdac…5c43
2026-02-25T04:26:10Z | block=42602110 | kind=Triangular | hops=V3CL→V3CL→V2 | token=WETH | idx=1399 | profit=0.000490289831278645 WETH | amount_in=1.038 | p1=0x22ae…91d5 | p2=0xfcda…2278 | p3=0xcdac…5c43
2026-02-25T04:26:11Z | block=42602110 | kind=Cross-dex | hops=V2→V3CL | token=USDC | idx=5095 | profit=2.582222 USDC | amount_in=4596.198 | p1=0xcdac…5c43 | p2=0xdbc6…30f1 | p3=0xcdac…5c43
2026-02-25T04:26:11Z | block=42602110 | kind=Cross-dex | hops=V2→V3CL | token=USDC | idx=5099 | profit=1.193258 USDC | amount_in=1397.954 | p1=0xcdac…5c43 | p2=0xb4cb…00e5 | p3=0xcdac…5c43
2026-02-25T04:26:11Z | block=42602110 | kind=Triangular | hops=V2→V3CL→V3CL | token=USDC | idx=2773 | profit=0.938315 USDC | amount_in=1967.62 | p1=0xcdac…5c43 | p2=0x22ae…91d5 | p3=0xfcda…2278
2026-02-25T04:26:11Z | block=42602110 | kind=Triangular | hops=V2→V3CL→V3CL | token=USDC | idx=2775 | profit=1.344748 USDC | amount_in=3340.601 | p1=0xcdac…5c43 | p2=0x22ae…91d5 | p3=0xfbb6…43ef
2026-02-25T04:26:11Z | block=42602110 | kind=Triangular | hops=V2→V3CL→V3CL | token=USDC | idx=2772 | profit=1.266277 USDC | amount_in=3145.898 | p1=0xcdac…5c43 | p2=0x22ae…91d5 | p3=0x3e66…a9fb
2026-02-25T04:26:11Z | block=42602110 | kind=Triangular | hops=V2→V3CL→V3CL | token=USDC | idx=2771 | profit=1.426447 USDC | amount_in=3640.493 | p1=0xcdac…5c43 | p2=0x22ae…91d5 | p3=0x4e96…e778
2026-02-25T04:26:12Z | block=42602111 | kind=Cross-dex | hops=V3CL→V2 | token=WETH | idx=2602 | profit=0.001821208408949048 WETH | amount_in=2.676 | p1=0xdbc6…30f1 | p2=0xcdac…5c43 | p3=0xdbc6…30f1
2026-02-25T04:26:12Z | block=42602111 | kind=Triangular | hops=V3CL→V3CL→V2 | token=WETH | idx=1364 | profit=0.000818074299663922 WETH | amount_in=1.963 | p1=0x22ae…91d5 | p2=0x4e96…e778 | p3=0xcdac…5c43
2026-02-25T04:26:12Z | block=42602111 | kind=Triangular | hops=V3CL→V3CL→V2 | token=WETH | idx=1424 | profit=0.000771258262038806 WETH | amount_in=1.799 | p1=0x22ae…91d5 | p2=0xfbb6…43ef | p3=0xcdac…5c43
2026-02-25T04:26:12Z | block=42602111 | kind=Triangular | hops=V3CL→V3CL→V2 | token=WETH | idx=1383 | profit=0.000726563777722592 WETH | amount_in=1.693 | p1=0x22ae…91d5 | p2=0x3e66…a9fb | p3=0xcdac…5c43
2026-02-25T04:26:12Z | block=42602111 | kind=Triangular | hops=V3CL→V3CL→V2 | token=WETH | idx=1399 | profit=0.000531195673282027 WETH | amount_in=1.062 | p1=0x22ae…91d5 | p2=0xfcda…2278 | p3=0xcdac…5c43
2026-02-25T04:26:12Z | block=42602111 | kind=Triangular | hops=V3CL→V3CL→V2 | token=WETH | idx=932 | profit=0.000459166176657313 WETH | amount_in=0.879 | p1=0x9785…3c1b | p2=0xa41b…fcd1 | p3=0xcdac…5c43
2026-02-25T04:26:13Z | block=42602111 | kind=Cross-dex | hops=V2→V3CL | token=USDC | idx=5095 | profit=3.475602 USDC | amount_in=5109.666 | p1=0xcdac…5c43 | p2=0xdbc6…30f1 | p3=0xcdac…5c43
2026-02-25T04:26:13Z | block=42602111 | kind=Cross-dex | hops=V2→V3CL | token=USDC | idx=5099 | profit=1.380116 USDC | amount_in=1435.786 | p1=0xcdac…5c43 | p2=0xb4cb…00e5 | p3=0xcdac…5c43
2026-02-25T04:26:13Z | block=42602111 | kind=Triangular | hops=V2→V3CL→V3CL | token=USDC | idx=2749 | profit=0.87248 USDC | amount_in=1677.378 | p1=0xcdac…5c43 | p2=0x9785…3c1b | p3=0xa41b…fcd1
2026-02-25T04:26:13Z | block=42602111 | kind=Triangular | hops=V2→V3CL→V3CL | token=USDC | idx=2773 | profit=1.004876 USDC | amount_in=2037.035 | p1=0xcdac…5c43 | p2=0x22ae…91d5 | p3=0xfcda…2278
2026-02-25T04:26:13Z | block=42602111 | kind=Triangular | hops=V2→V3CL→V3CL | token=USDC | idx=2775 | profit=1.463511 USDC | amount_in=3445.231 | p1=0xcdac…5c43 | p2=0x22ae…91d5 | p3=0xfbb6…43ef
2026-02-25T04:26:13Z | block=42602111 | kind=Triangular | hops=V2→V3CL→V3CL | token=USDC | idx=2772 | profit=1.379244 USDC | amount_in=3240.7 | p1=0xcdac…5c43 | p2=0x22ae…91d5 | p3=0x3e66…a9fb
2026-02-25T04:26:14Z | block=42602111 | kind=Triangular | hops=V2→V3CL→V3CL | token=USDC | idx=2771 | profit=1.562572 USDC | amount_in=3739.089 | p1=0xcdac…5c43 | p2=0x22ae…91d5 | p3=0x4e96…e778
2026-02-25T04:26:14Z | block=42602112 | kind=Cross-dex | hops=V3CL→V2 | token=WETH | idx=2602 | profit=0.001823443978677772 WETH | amount_in=2.677 | p1=0xdbc6…30f1 | p2=0xcdac…5c43 | p3=0xdbc6…30f1
2026-02-25T04:26:14Z | block=42602112 | kind=Cross-dex | hops=V3CL→V2 | token=WETH | idx=2647 | profit=0.001181004514533433 WETH | amount_in=2.516 | p1=0xd0b5…f224 | p2=0xcdac…5c43 | p3=0xd0b5…f224
2026-02-25T04:26:15Z | block=42602112 | kind=Triangular | hops=V3CL→V3CL→V2 | token=WETH | idx=1364 | profit=0.000809104737851568 WETH | amount_in=1.958 | p1=0x22ae…91d5 | p2=0x4e96…e778 | p3=0xcdac…5c43
2026-02-25T04:26:15Z | block=42602112 | kind=Triangular | hops=V3CL→V3CL→V2 | token=WETH | idx=1424 | profit=0.000762865111144492 WETH | amount_in=1.795 | p1=0x22ae…91d5 | p2=0xfbb6…43ef | p3=0xcdac…5c43
2026-02-25T04:26:15Z | block=42602112 | kind=Triangular | hops=V3CL→V3CL→V2 | token=WETH | idx=1383 | profit=0.000716938809332637 WETH | amount_in=1.693 | p1=0x22ae…91d5 | p2=0x3e66…a9fb | p3=0xcdac…5c43
2026-02-25T04:26:15Z | block=42602112 | kind=Triangular | hops=V3CL→V3CL→V2 | token=WETH | idx=1399 | profit=0.00052500469225166 WETH | amount_in=1.062 | p1=0x22ae…91d5 | p2=0xfcda…2278 | p3=0xcdac…5c43
2026-02-25T04:26:15Z | block=42602112 | kind=Cross-dex | hops=V2→V3CL | token=USDC | idx=5095 | profit=3.479683 USDC | amount_in=5111.864 | p1=0xcdac…5c43 | p2=0xdbc6…30f1 | p3=0xcdac…5c43
2026-02-25T04:26:15Z | block=42602112 | kind=Cross-dex | hops=V2→V3CL | token=USDC | idx=5100 | profit=2.253461 USDC | amount_in=4801.935 | p1=0xcdac…5c43 | p2=0xd0b5…f224 | p3=0xcdac…5c43
2026-02-25T04:26:16Z | block=42602112 | kind=Triangular | hops=V2→V3CL→V3CL | token=USDC | idx=2773 | profit=0.991272 USDC | amount_in=2040.706 | p1=0xcdac…5c43 | p2=0x22ae…91d5 | p3=0xfcda…2278
2026-02-25T04:26:16Z | block=42602112 | kind=Triangular | hops=V2→V3CL→V3CL | token=USDC | idx=2775 | profit=1.429902 USDC | amount_in=3471.42 | p1=0xcdac…5c43 | p2=0x22ae…91d5 | p3=0xfbb6…43ef
2026-02-25T04:26:16Z | block=42602112 | kind=Triangular | hops=V2→V3CL→V3CL | token=USDC | idx=2772 | profit=1.373523 USDC | amount_in=3214.651 | p1=0xcdac…5c43 | p2=0x22ae…91d5 | p3=0x3e66…a9fb
2026-02-25T04:26:16Z | block=42602112 | kind=Triangular | hops=V2→V3CL→V3CL | token=USDC | idx=2771 | profit=1.621692 USDC | amount_in=3733.83 | p1=0xcdac…5c43 | p2=0x22ae…91d5 | p3=0x4e96…e778
2026-02-25T04:26:16Z | block=42602113 | kind=Cross-dex | hops=V3CL→V2 | token=WETH | idx=2602 | profit=0.001849427378615558 WETH | amount_in=2.691 | p1=0xdbc6…30f1 | p2=0xcdac…5c43 | p3=0xdbc6…30f1
2026-02-25T04:26:16Z | block=42602113 | kind=Triangular | hops=V3CL→V3CL→V2 | token=WETH | idx=1364 | profit=0.000839199939789992 WETH | amount_in=1.98 | p1=0x22ae…91d5 | p2=0x4e96…e778 | p3=0xcdac…5c43
2026-02-25T04:26:16Z | block=42602113 | kind=Triangular | hops=V3CL→V3CL→V2 | token=WETH | idx=1424 | profit=0.000782923058932156 WETH | amount_in=1.83 | p1=0x22ae…91d5 | p2=0xfbb6…43ef | p3=0xcdac…5c43
2026-02-25T04:26:16Z | block=42602113 | kind=Triangular | hops=V3CL→V3CL→V2 | token=WETH | idx=1383 | profit=0.000747497080762463 WETH | amount_in=1.702 | p1=0x22ae…91d5 | p2=0x3e66…a9fb | p3=0xcdac…5c43
2026-02-25T04:26:17Z | block=42602113 | kind=Triangular | hops=V3CL→V3CL→V2 | token=WETH | idx=1399 | profit=0.000539417265025505 WETH | amount_in=1.078 | p1=0x22ae…91d5 | p2=0xfcda…2278 | p3=0xcdac…5c43
2026-02-25T04:26:17Z | block=42602113 | kind=Cross-dex | hops=V2→V3CL | token=USDC | idx=5095 | profit=3.529806 USDC | amount_in=5137.779 | p1=0xcdac…5c43 | p2=0xdbc6…30f1 | p3=0xcdac…5c43
2026-02-25T04:26:17Z | block=42602113 | kind=Cross-dex | hops=V2→V3CL | token=USDC | idx=5099 | profit=1.544928 USDC | amount_in=1451.368 | p1=0xcdac…5c43 | p2=0xb4cb…00e5 | p3=0xcdac…5c43
2026-02-25T04:26:17Z | block=42602113 | kind=Triangular | hops=V2→V3CL→V3CL | token=USDC | idx=2773 | profit=1.031424 USDC | amount_in=2045.44 | p1=0xcdac…5c43 | p2=0x22ae…91d5 | p3=0xfcda…2278
2026-02-25T04:26:17Z | block=42602113 | kind=Triangular | hops=V2→V3CL→V3CL | token=USDC | idx=2775 | profit=1.500498 USDC | amount_in=3475.23 | p1=0xcdac…5c43 | p2=0x22ae…91d5 | p3=0xfbb6…43ef
2026-02-25T04:26:17Z | block=42602113 | kind=Triangular | hops=V2→V3CL→V3CL | token=USDC | idx=2772 | profit=1.409428 USDC | amount_in=3277.862 | p1=0xcdac…5c43 | p2=0x22ae…91d5 | p3=0x3e66…a9fb
2026-02-25T04:26:17Z | block=42602113 | kind=Triangular | hops=V2→V3CL→V3CL | token=USDC | idx=2771 | profit=1.62174 USDC | amount_in=3733.83 | p1=0xcdac…5c43 | p2=0x22ae…91d5 | p3=0x4e96…e778
2026-02-25T04:26:18Z | block=42602114 | kind=Cross-dex | hops=V3CL→V2 | token=WETH | idx=2602 | profit=0.001871564156494057 WETH | amount_in=2.703 | p1=0xdbc6…30f1 | p2=0xcdac…5c43 | p3=0xdbc6…30f1
2026-02-25T04:26:18Z | block=42602114 | kind=Triangular | hops=V3CL→V3CL→V2 | token=WETH | idx=932 | profit=0.000458999671827572 WETH | amount_in=0.88 | p1=0x9785…3c1b | p2=0xa41b…fcd1 | p3=0xcdac…5c43
2026-02-25T04:26:18Z | block=42602114 | kind=Cross-dex | hops=V2→V3CL | token=USDC | idx=5095 | profit=3.57249 USDC | amount_in=5160.016 | p1=0xcdac…5c43 | p2=0xdbc6…30f1 | p3=0xcdac…5c43
2026-02-25T04:26:18Z | block=42602114 | kind=Cross-dex | hops=V2→V3CL | token=USDC | idx=5099 | profit=1.595811 USDC | amount_in=1488.795 | p1=0xcdac…5c43 | p2=0xb4cb…00e5 | p3=0xcdac…5c43
2026-02-25T04:26:19Z | block=42602114 | kind=Triangular | hops=V2→V3CL→V3CL | token=USDC | idx=2749 | profit=0.873175 USDC | amount_in=1677.265 | p1=0xcdac…5c43 | p2=0x9785…3c1b | p3=0xa41b…fcd1
2026-02-25T04:26:20Z | block=42602115 | kind=Cross-dex | hops=V2→V3CL | token=USDC | idx=5099 | profit=1.609337 USDC | amount_in=1498.689 | p1=0xcdac…5c43 | p2=0xb4cb…00e5 | p3=0xcdac…5c43
2026-02-25T04:26:22Z | block=42602116 | kind=Cross-dex | hops=V3CL→V2 | token=WETH | idx=2602 | profit=0.001971406229496207 WETH | amount_in=2.755 | p1=0xdbc6…30f1 | p2=0xcdac…5c43 | p3=0xdbc6…30f1
2026-02-25T04:26:22Z | block=42602116 | kind=Triangular | hops=V3CL→V3CL→V2 | token=WETH | idx=980 | profit=0.000376812076067163 WETH | amount_in=2.059 | p1=0x70ac…bae1 | p2=0x4e96…e778 | p3=0xcdac…5c43
2026-02-25T04:26:22Z | block=42602116 | kind=Triangular | hops=V3CL→V3CL→V2 | token=WETH | idx=1040 | profit=0.000350242830043875 WETH | amount_in=1.864 | p1=0x70ac…bae1 | p2=0xfbb6…43ef | p3=0xcdac…5c43
2026-02-25T04:26:22Z | block=42602116 | kind=Triangular | hops=V3CL→V3CL→V2 | token=WETH | idx=999 | profit=0.000329555372321548 WETH | amount_in=1.703 | p1=0x70ac…bae1 | p2=0x3e66…a9fb | p3=0xcdac…5c43
2026-02-25T04:26:23Z | block=42602116 | kind=Cross-dex | hops=V2→V3CL | token=USDC | idx=5095 | profit=3.762941 USDC | amount_in=5260.172 | p1=0xcdac…5c43 | p2=0xdbc6…30f1 | p3=0xcdac…5c43
2026-02-25T04:26:23Z | block=42602116 | kind=Cross-dex | hops=V2→V3CL | token=USDC | idx=5099 | profit=1.632242 USDC | amount_in=1411.145 | p1=0xcdac…5c43 | p2=0xb4cb…00e5 | p3=0xcdac…5c43
2026-02-25T04:26:23Z | block=42602116 | kind=Triangular | hops=V2→V3CL→V3CL | token=USDC | idx=2756 | profit=0.665543 USDC | amount_in=3558.613 | p1=0xcdac…5c43 | p2=0x70ac…bae1 | p3=0xfbb6…43ef
2026-02-25T04:26:23Z | block=42602116 | kind=Triangular | hops=V2→V3CL→V3CL | token=USDC | idx=2753 | profit=0.619439 USDC | amount_in=3263.77 | p1=0xcdac…5c43 | p2=0x70ac…bae1 | p3=0x3e66…a9fb
2026-02-25T04:26:23Z | block=42602116 | kind=Triangular | hops=V2→V3CL→V3CL | token=USDC | idx=2752 | profit=0.721462 USDC | amount_in=3920.772 | p1=0xcdac…5c43 | p2=0x70ac…bae1 | p3=0x4e96…e778
2026-02-25T04:26:24Z | block=42602117 | kind=Cross-dex | hops=V3CL→V2 | token=WETH | idx=2602 | profit=0.001458446673503361 WETH | amount_in=2.472 | p1=0xdbc6…30f1 | p2=0xcdac…5c43 | p3=0xdbc6…30f1
2026-02-25T04:26:24Z | block=42602117 | kind=Triangular | hops=V3CL→V3CL→V2 | token=WETH | idx=1364 | profit=0.000641274831500684 WETH | amount_in=1.809 | p1=0x22ae…91d5 | p2=0x4e96…e778 | p3=0xcdac…5c43
2026-02-25T04:26:25Z | block=42602117 | kind=Triangular | hops=V3CL→V3CL→V2 | token=WETH | idx=1424 | profit=0.000611926374988766 WETH | amount_in=1.677 | p1=0x22ae…91d5 | p2=0xfbb6…43ef | p3=0xcdac…5c43
2026-02-25T04:26:25Z | block=42602117 | kind=Triangular | hops=V3CL→V3CL→V2 | token=WETH | idx=1383 | profit=0.000575384042633754 WETH | amount_in=1.582 | p1=0x22ae…91d5 | p2=0x3e66…a9fb | p3=0xcdac…5c43
2026-02-25T04:26:25Z | block=42602117 | kind=Triangular | hops=V3CL→V3CL→V2 | token=WETH | idx=980 | profit=0.000375780856950583 WETH | amount_in=2.059 | p1=0x70ac…bae1 | p2=0x4e96…e778 | p3=0xcdac…5c43
2026-02-25T04:26:25Z | block=42602117 | kind=Triangular | hops=V3CL→V3CL→V2 | token=WETH | idx=1040 | profit=0.000349555146311085 WETH | amount_in=1.864 | p1=0x70ac…bae1 | p2=0xfbb6…43ef | p3=0xcdac…5c43
2026-02-25T04:26:25Z | block=42602117 | kind=Triangular | hops=V3CL→V3CL→V2 | token=WETH | idx=999 | profit=0.000328867617032652 WETH | amount_in=1.703 | p1=0x70ac…bae1 | p2=0x3e66…a9fb | p3=0xcdac…5c43
2026-02-25T04:26:25Z | block=42602117 | kind=Triangular | hops=V3CL→V3CL→V2 | token=WETH | idx=1399 | profit=0.000429027830700819 WETH | amount_in=1.005 | p1=0x22ae…91d5 | p2=0xfcda…2278 | p3=0xcdac…5c43
2026-02-25T04:26:25Z | block=42602117 | kind=Triangular | hops=V3CL→V2→V3CL | token=WETH | idx=1115 | profit=0.001341430128470001 WETH | amount_in=0.51 | p1=0x3f02…014a | p2=0xb909…8b4a | p3=0x22ae…91d5
2026-02-25T04:26:25Z | block=42602117 | kind=Triangular | hops=V3CL→V2→V3CL | token=WETH | idx=1114 | profit=0.001267203556879173 WETH | amount_in=0.504 | p1=0x3f02…014a | p2=0xb909…8b4a | p3=0x70ac…bae1
2026-02-25T04:26:26Z | block=42602117 | kind=Cross-dex | hops=V2→V3CL | token=USDC | idx=5095 | profit=2.4914 USDC | amount_in=4540.549 | p1=0xcdac…5c43 | p2=0xdbc6…30f1 | p3=0xcdac…5c43
2026-02-25T04:26:26Z | block=42602117 | kind=Cross-dex | hops=V2→V3CL | token=USDC | idx=5099 | profit=1.262075 USDC | amount_in=1458.249 | p1=0xcdac…5c43 | p2=0xb4cb…00e5 | p3=0xcdac…5c43
2026-02-25T04:26:26Z | block=42602117 | kind=Triangular | hops=V2→V3CL→V3CL | token=USDC | idx=2773 | profit=0.811929 USDC | amount_in=1923.759 | p1=0xcdac…5c43 | p2=0x22ae…91d5 | p3=0xfcda…2278
2026-02-25T04:26:27Z | block=42602117 | kind=Triangular | hops=V2→V3CL→V3CL | token=USDC | idx=2775 | profit=1.162472 USDC | amount_in=3205.879 | p1=0xcdac…5c43 | p2=0x22ae…91d5 | p3=0xfbb6…43ef
2026-02-25T04:26:27Z | block=42602117 | kind=Triangular | hops=V2→V3CL→V3CL | token=USDC | idx=2756 | profit=0.66627 USDC | amount_in=3557.312 | p1=0xcdac…5c43 | p2=0x70ac…bae1 | p3=0xfbb6…43ef
2026-02-25T04:26:27Z | block=42602117 | kind=Triangular | hops=V2→V3CL→V3CL | token=USDC | idx=2753 | profit=0.610009 USDC | amount_in=3282.329 | p1=0xcdac…5c43 | p2=0x70ac…bae1 | p3=0x3e66…a9fb
2026-02-25T04:26:27Z | block=42602117 | kind=Triangular | hops=V2→V3CL→V3CL | token=USDC | idx=2772 | profit=1.093721 USDC | amount_in=3021.317 | p1=0xcdac…5c43 | p2=0x22ae…91d5 | p3=0x3e66…a9fb
2026-02-25T04:26:27Z | block=42602117 | kind=Triangular | hops=V2→V3CL→V3CL | token=USDC | idx=2752 | profit=0.720618 USDC | amount_in=3922.586 | p1=0xcdac…5c43 | p2=0x70ac…bae1 | p3=0x4e96…e778
2026-02-25T04:26:27Z | block=42602117 | kind=Triangular | hops=V2→V3CL→V3CL | token=USDC | idx=2771 | profit=1.221949 USDC | amount_in=3451.287 | p1=0xcdac…5c43 | p2=0x22ae…91d5 | p3=0x4e96…e778
2026-02-25T04:26:27Z | block=42602118 | kind=Cross-dex | hops=V3CL→V2 | token=WETH | idx=2602 | profit=0.001306373634216793 WETH | amount_in=2.378 | p1=0xdbc6…30f1 | p2=0xcdac…5c43 | p3=0xdbc6…30f1
2026-02-25T04:26:27Z | block=42602118 | kind=Triangular | hops=V3CL→V3CL→V2 | token=WETH | idx=980 | profit=0.000376808568905177 WETH | amount_in=2.059 | p1=0x70ac…bae1 | p2=0x4e96…e778 | p3=0xcdac…5c43
2026-02-25T04:26:27Z | block=42602118 | kind=Triangular | hops=V3CL→V3CL→V2 | token=WETH | idx=1040 | profit=0.000350239322881889 WETH | amount_in=1.864 | p1=0x70ac…bae1 | p2=0xfbb6…43ef | p3=0xcdac…5c43
2026-02-25T04:26:28Z | block=42602118 | kind=Triangular | hops=V3CL→V3CL→V2 | token=WETH | idx=999 | profit=0.000329551865159562 WETH | amount_in=1.703 | p1=0x70ac…bae1 | p2=0x3e66…a9fb | p3=0xcdac…5c43
2026-02-25T04:26:28Z | block=42602118 | kind=Triangular | hops=V3CL→V3CL→V2 | token=WETH | idx=932 | profit=0.000459012911597592 WETH | amount_in=0.88 | p1=0x9785…3c1b | p2=0xa41b…fcd1 | p3=0xcdac…5c43
2026-02-25T04:26:28Z | block=42602118 | kind=Triangular | hops=V3CL→V2→V3CL | token=WETH | idx=1114 | profit=0.001323857708593977 WETH | amount_in=0.516 | p1=0x3f02…014a | p2=0xb909…8b4a | p3=0x70ac…bae1
2026-02-25T04:26:28Z | block=42602118 | kind=Cross-dex | hops=V2→V3CL | token=USDC | idx=5099 | profit=0.952611 USDC | amount_in=1439.964 | p1=0xcdac…5c43 | p2=0xb4cb…00e5 | p3=0xcdac…5c43
2026-02-25T04:26:28Z | block=42602118 | kind=Cross-dex | hops=V2→V3CL | token=USDC | idx=5095 | profit=2.025462 USDC | amount_in=4236.493 | p1=0xcdac…5c43 | p2=0xdbc6…30f1 | p3=0xcdac…5c43
2026-02-25T04:26:28Z | block=42602118 | kind=Triangular | hops=V2→V3CL→V3CL | token=USDC | idx=2749 | profit=0.873146 USDC | amount_in=1677.289 | p1=0xcdac…5c43 | p2=0x9785…3c1b | p3=0xa41b…fcd1
2026-02-25T04:26:29Z | block=42602118 | kind=Triangular | hops=V2→V3CL→V3CL | token=USDC | idx=2756 | profit=0.666255 USDC | amount_in=3557.312 | p1=0xcdac…5c43 | p2=0x70ac…bae1 | p3=0xfbb6…43ef
2026-02-25T04:26:29Z | block=42602118 | kind=Triangular | hops=V2→V3CL→V3CL | token=USDC | idx=2753 | profit=0.609994 USDC | amount_in=3282.329 | p1=0xcdac…5c43 | p2=0x70ac…bae1 | p3=0x3e66…a9fb
2026-02-25T04:26:29Z | block=42602118 | kind=Triangular | hops=V2→V3CL→V3CL | token=USDC | idx=2752 | profit=0.720603 USDC | amount_in=3922.586 | p1=0xcdac…5c43 | p2=0x70ac…bae1 | p3=0x4e96…e778
2026-02-25T04:26:29Z | block=42602119 | kind=Cross-dex | hops=V3CL→V2 | token=WETH | idx=2602 | profit=0.00106248627820085 WETH | amount_in=2.219 | p1=0xdbc6…30f1 | p2=0xcdac…5c43 | p3=0xdbc6…30f1
2026-02-25T04:26:29Z | block=42602119 | kind=Triangular | hops=V3CL→V3CL→V2 | token=WETH | idx=1364 | profit=0.000699961218783793 WETH | amount_in=1.842 | p1=0x22ae…91d5 | p2=0x4e96…e778 | p3=0xcdac…5c43
2026-02-25T04:26:29Z | block=42602119 | kind=Triangular | hops=V3CL→V3CL→V2 | token=WETH | idx=1424 | profit=0.000656703136155347 WETH | amount_in=1.727 | p1=0x22ae…91d5 | p2=0xfbb6…43ef | p3=0xcdac…5c43
2026-02-25T04:26:29Z | block=42602119 | kind=Triangular | hops=V3CL→V3CL→V2 | token=WETH | idx=1383 | profit=0.000626555836651633 WETH | amount_in=1.611 | p1=0x22ae…91d5 | p2=0x3e66…a9fb | p3=0xcdac…5c43
2026-02-25T04:26:29Z | block=42602119 | kind=Triangular | hops=V3CL→V3CL→V2 | token=WETH | idx=1399 | profit=0.000461604063482158 WETH | amount_in=1.023 | p1=0x22ae…91d5 | p2=0xfcda…2278 | p3=0xcdac…5c43
2026-02-25T04:26:29Z | block=42602119 | kind=Triangular | hops=V3CL→V3CL→V2 | token=WETH | idx=932 | profit=0.000459025712738842 WETH | amount_in=0.88 | p1=0x9785…3c1b | p2=0xa41b…fcd1 | p3=0xcdac…5c43
2026-02-25T04:26:29Z | block=42602119 | kind=Triangular | hops=V3CL→V2→V3CL | token=WETH | idx=1115 | profit=0.001379556690586767 WETH | amount_in=0.518 | p1=0x3f02…014a | p2=0xb909…8b4a | p3=0x22ae…91d5
2026-02-25T04:26:30Z | block=42602119 | kind=Triangular | hops=V3CL→V2→V3CL | token=WETH | idx=1114 | profit=0.001323870509735227 WETH | amount_in=0.516 | p1=0x3f02…014a | p2=0xb909…8b4a | p3=0x70ac…bae1
2026-02-25T04:26:30Z | block=42602119 | kind=Triangular | hops=V3CL→V2→V3CL | token=WETH | idx=1116 | profit=0.001297000807616909 WETH | amount_in=0.501 | p1=0x3f02…014a | p2=0xb909…8b4a | p3=0x7aea…abd1
2026-02-25T04:26:30Z | block=42602119 | kind=Triangular | hops=V2→V3CL→V3CL | token=USDC | idx=2749 | profit=0.873219 USDC | amount_in=1677.289 | p1=0xcdac…5c43 | p2=0x9785…3c1b | p3=0xa41b…fcd1
2026-02-25T04:26:30Z | block=42602119 | kind=Cross-dex | hops=V2→V3CL | token=USDC | idx=5095 | profit=2.025973 USDC | amount_in=4235.26 | p1=0xcdac…5c43 | p2=0xdbc6…30f1 | p3=0xcdac…5c43
2026-02-25T04:26:30Z | block=42602119 | kind=Cross-dex | hops=V2→V3CL | token=USDC | idx=5099 | profit=0.952684 USDC | amount_in=1439.964 | p1=0xcdac…5c43 | p2=0xb4cb…00e5 | p3=0xcdac…5c43
2026-02-25T04:26:30Z | block=42602119 | kind=Triangular | hops=V2→V3CL→V3CL | token=USDC | idx=2773 | profit=0.897782 USDC | amount_in=1940.714 | p1=0xcdac…5c43 | p2=0x22ae…91d5 | p3=0xfcda…2278
2026-02-25T04:26:31Z | block=42602119 | kind=Triangular | hops=V2→V3CL→V3CL | token=USDC | idx=2775 | profit=1.278084 USDC | amount_in=3292.248 | p1=0xcdac…5c43 | p2=0x22ae…91d5 | p3=0xfbb6…43ef
2026-02-25T04:26:31Z | block=42602119 | kind=Triangular | hops=V2→V3CL→V3CL | token=USDC | idx=2772 | profit=1.212557 USDC | amount_in=3082.75 | p1=0xcdac…5c43 | p2=0x22ae…91d5 | p3=0x3e66…a9fb
2026-02-25T04:26:31Z | block=42602119 | kind=Triangular | hops=V2→V3CL→V3CL | token=USDC | idx=2771 | profit=1.356486 USDC | amount_in=3558.375 | p1=0xcdac…5c43 | p2=0x22ae…91d5 | p3=0x4e96…e778
2026-02-25T04:26:31Z | block=42602120 | kind=Cross-dex | hops=V3CL→V2 | token=WETH | idx=2647 | profit=0.001181344770623312 WETH | amount_in=2.516 | p1=0xd0b5…f224 | p2=0xcdac…5c43 | p3=0xd0b5…f224
2026-02-25T04:26:32Z | block=42602120 | kind=Triangular | hops=V3CL→V3CL→V2 | token=WETH | idx=1364 | profit=0.00070396980984229 WETH | amount_in=1.881 | p1=0x22ae…91d5 | p2=0x4e96…e778 | p3=0xcdac…5c43
2026-02-25T04:26:32Z | block=42602120 | kind=Triangular | hops=V3CL→V3CL→V2 | token=WETH | idx=1424 | profit=0.000666561248302199 WETH | amount_in=1.734 | p1=0x22ae…91d5 | p2=0xfbb6…43ef | p3=0xcdac…5c43
2026-02-25T04:26:32Z | block=42602120 | kind=Triangular | hops=V3CL→V3CL→V2 | token=WETH | idx=1383 | profit=0.000635567147951376 WETH | amount_in=1.618 | p1=0x22ae…91d5 | p2=0x3e66…a9fb | p3=0xcdac…5c43
2026-02-25T04:26:32Z | block=42602120 | kind=Triangular | hops=V3CL→V3CL→V2 | token=WETH | idx=1399 | profit=0.000470288498352788 WETH | amount_in=1.021 | p1=0x22ae…91d5 | p2=0xfcda…2278 | p3=0xcdac…5c43
2026-02-25T04:26:32Z | block=42602120 | kind=Triangular | hops=V3CL→V2→V3CL | token=WETH | idx=1115 | profit=0.001375558577452411 WETH | amount_in=0.518 | p1=0x3f02…014a | p2=0xb909…8b4a | p3=0x22ae…91d5
2026-02-25T04:26:32Z | block=42602120 | kind=Cross-dex | hops=V2→V3CL | token=USDC | idx=5100 | profit=2.253429 USDC | amount_in=4803.387 | p1=0xcdac…5c43 | p2=0xd0b5…f224 | p3=0xcdac…5c43
2026-02-25T04:26:32Z | block=42602120 | kind=Triangular | hops=V2→V3CL→V3CL | token=USDC | idx=2773 | profit=0.897762 USDC | amount_in=1940.714 | p1=0xcdac…5c43 | p2=0x22ae…91d5 | p3=0xfcda…2278
2026-02-25T04:26:33Z | block=42602120 | kind=Triangular | hops=V2→V3CL→V3CL | token=USDC | idx=2775 | profit=1.278064 USDC | amount_in=3292.248 | p1=0xcdac…5c43 | p2=0x22ae…91d5 | p3=0xfbb6…43ef
2026-02-25T04:26:33Z | block=42602120 | kind=Triangular | hops=V2→V3CL→V3CL | token=USDC | idx=2772 | profit=1.212537 USDC | amount_in=3082.75 | p1=0xcdac…5c43 | p2=0x22ae…91d5 | p3=0x3e66…a9fb
2026-02-25T04:26:33Z | block=42602120 | kind=Triangular | hops=V2→V3CL→V3CL | token=USDC | idx=2771 | profit=1.356466 USDC | amount_in=3558.375 | p1=0xcdac…5c43 | p2=0x22ae…91d5 | p3=0x4e96…e778
2026-02-25T04:26:33Z | block=42602121 | kind=Cross-dex | hops=V3CL→V2 | token=WETH | idx=2602 | profit=0.001207164226845649 WETH | amount_in=2.315 | p1=0xdbc6…30f1 | p2=0xcdac…5c43 | p3=0xdbc6…30f1
2026-02-25T04:26:33Z | block=42602121 | kind=Triangular | hops=V3CL→V3CL→V2 | token=WETH | idx=932 | profit=0.000448487121047407 WETH | amount_in=0.873 | p1=0x9785…3c1b | p2=0xa41b…fcd1 | p3=0xcdac…5c43
2026-02-25T04:26:33Z | block=42602121 | kind=Triangular | hops=V3CL→V3CL→V2 | token=WETH | idx=942 | profit=0.000411732166128845 WETH | amount_in=0.846 | p1=0x9785…3c1b | p2=0xd56d…5da1 | p3=0xcdac…5c43
2026-02-25T04:26:34Z | block=42602121 | kind=Cross-dex | hops=V2→V3CL | token=USDC | idx=5095 | profit=2.302217 USDC | amount_in=4419.41 | p1=0xcdac…5c43 | p2=0xdbc6…30f1 | p3=0xcdac…5c43
2026-02-25T04:26:34Z | block=42602121 | kind=Triangular | hops=V2→V3CL→V3CL | token=USDC | idx=2749 | profit=0.853189 USDC | amount_in=1663.74 | p1=0xcdac…5c43 | p2=0x9785…3c1b | p3=0xa41b…fcd1
2026-02-25T04:26:34Z | block=42602121 | kind=Triangular | hops=V2→V3CL→V3CL | token=USDC | idx=2750 | profit=0.782902 USDC | amount_in=1612.526 | p1=0xcdac…5c43 | p2=0x9785…3c1b | p3=0xd56d…5da1
2026-02-25T04:26:34Z | block=42602121 | kind=Cross-dex | hops=V2→V3CL | token=USDC | idx=5099 | profit=1.009401 USDC | amount_in=1499.208 | p1=0xcdac…5c43 | p2=0xb4cb…00e5 | p3=0xcdac…5c43
2026-02-25T04:26:35Z | block=42602122 | kind=Cross-dex | hops=V3CL→V2 | token=WETH | idx=2647 | profit=0.001181812434154154 WETH | amount_in=2.515 | p1=0xd0b5…f224 | p2=0xcdac…5c43 | p3=0xd0b5…f224
2026-02-25T04:26:35Z | block=42602122 | kind=Cross-dex | hops=V2→V3CL | token=USDC | idx=5099 | profit=1.009385 USDC | amount_in=1499.208 | p1=0xcdac…5c43 | p2=0xb4cb…00e5 | p3=0xcdac…5c43
2026-02-25T04:26:35Z | block=42602122 | kind=Cross-dex | hops=V2→V3CL | token=USDC | idx=5100 | profit=2.254074 USDC | amount_in=4801.948 | p1=0xcdac…5c43 | p2=0xd0b5…f224 | p3=0xcdac…5c43
2026-02-25T04:26:36Z | block=42602123 | kind=Cross-dex | hops=V3CL→V2 | token=WETH | idx=2602 | profit=0.001232693839157518 WETH | amount_in=2.332 | p1=0xdbc6…30f1 | p2=0xcdac…5c43 | p3=0xdbc6…30f1
2026-02-25T04:26:36Z | block=42602123 | kind=Cross-dex | hops=V3CL→V2 | token=WETH | idx=2593 | profit=0.001392638241152678 WETH | amount_in=2.975 | p1=0xb2cc…dc59 | p2=0xcdac…5c43 | p3=0xb2cc…dc59
2026-02-25T04:26:36Z | block=42602123 | kind=Cross-dex | hops=V2→V3CL | token=USDC | idx=5095 | profit=2.351454 USDC | amount_in=4450.973 | p1=0xcdac…5c43 | p2=0xdbc6…30f1 | p3=0xcdac…5c43
2026-02-25T04:26:36Z | block=42602123 | kind=Cross-dex | hops=V2→V3CL | token=USDC | idx=5099 | profit=1.102086 USDC | amount_in=1444.961 | p1=0xcdac…5c43 | p2=0xb4cb…00e5 | p3=0xcdac…5c43
2026-02-25T04:26:36Z | block=42602123 | kind=Cross-dex | hops=V2→V3CL | token=USDC | idx=5094 | profit=2.658624 USDC | amount_in=5679.761 | p1=0xcdac…5c43 | p2=0xb2cc…dc59 | p3=0xcdac…5c43
2026-02-25T04:26:38Z | block=42602124 | kind=Cross-dex | hops=V3CL→V2 | token=WETH | idx=2602 | profit=0.001235880294006466 WETH | amount_in=2.334 | p1=0xdbc6…30f1 | p2=0xcdac…5c43 | p3=0xdbc6…30f1
2026-02-25T04:26:38Z | block=42602124 | kind=Cross-dex | hops=V2→V3CL | token=USDC | idx=5099 | profit=1.166835 USDC | amount_in=1506.042 | p1=0xcdac…5c43 | p2=0xb4cb…00e5 | p3=0xcdac…5c43
2026-02-25T04:26:38Z | block=42602124 | kind=Cross-dex | hops=V2→V3CL | token=USDC | idx=5095 | profit=2.357406 USDC | amount_in=4455.052 | p1=0xcdac…5c43 | p2=0xdbc6…30f1 | p3=0xcdac…5c43
2026-02-25T04:26:40Z | block=42602125 | kind=Triangular | hops=V3CL→V3CL→V2 | token=WETH | idx=932 | profit=0.000448486764756711 WETH | amount_in=0.873 | p1=0x9785…3c1b | p2=0xa41b…fcd1 | p3=0xcdac…5c43
2026-02-25T04:26:40Z | block=42602125 | kind=Cross-dex | hops=V2→V3CL | token=USDC | idx=5099 | profit=1.170051 USDC | amount_in=1377.353 | p1=0xcdac…5c43 | p2=0xb4cb…00e5 | p3=0xcdac…5c43
2026-02-25T04:26:40Z | block=42602125 | kind=Triangular | hops=V2→V3CL→V3CL | token=USDC | idx=2749 | profit=0.852842 USDC | amount_in=1664.421 | p1=0xcdac…5c43 | p2=0x9785…3c1b | p3=0xa41b…fcd1
2026-02-25T04:26:42Z | block=42602126 | kind=Cross-dex | hops=V3CL→V2 | token=WETH | idx=2602 | profit=0.001260833179306019 WETH | amount_in=2.35 | p1=0xdbc6…30f1 | p2=0xcdac…5c43 | p3=0xdbc6…30f1
2026-02-25T04:26:42Z | block=42602126 | kind=Triangular | hops=V3CL→V3CL→V2 | token=WETH | idx=932 | profit=0.000448495525229012 WETH | amount_in=0.873 | p1=0x9785…3c1b | p2=0xa41b…fcd1 | p3=0xcdac…5c43
2026-02-25T04:26:42Z | block=42602126 | kind=Cross-dex | hops=V2→V3CL | token=USDC | idx=5099 | profit=1.223919 USDC | amount_in=1424.934 | p1=0xcdac…5c43 | p2=0xb4cb…00e5 | p3=0xcdac…5c43
2026-02-25T04:26:42Z | block=42602126 | kind=Cross-dex | hops=V2→V3CL | token=USDC | idx=5095 | profit=2.405192 USDC | amount_in=4485.484 | p1=0xcdac…5c43 | p2=0xdbc6…30f1 | p3=0xcdac…5c43
2026-02-25T04:26:42Z | block=42602126 | kind=Triangular | hops=V2→V3CL→V3CL | token=USDC | idx=2749 | profit=0.853224 USDC | amount_in=1663.739 | p1=0xcdac…5c43 | p2=0x9785…3c1b | p3=0xa41b…fcd1
