2026-02-23T21:25:56Z | block=78824943 | kind=Triangular | hops=Algebra→Algebra→Algebra | token=WAVAX | idx=255 | profit=0.007821898824489254 WAVAX | amount_in=18 | p1=0xc13f…4332 | p2=0x259d…d7fa | p3=0x533f…c07f
2026-02-23T21:33:42Z | block=78808522 | kind=Triangular | hops=V2→V2→V3CL | token=WAVAX | idx=83 | profit=0.321767607451001466 WAVAX | amount_in=4 | p1=0xb46a…f8f5 | p2=0xfff3…84f0 | p3=0xff08…bea9
2026-02-23T21:33:50Z | block=78808522 | kind=Triangular | hops=Algebra→V2→Algebra | token=USDT | idx=483 | profit=265.346472 USDT | amount_in=4905 | p1=0xc13f…4332 | p2=0x737f…a37d | p3=0x1abe…7d29
2026-02-23T21:33:58Z | block=78808523 | kind=Triangular | hops=V2→V2→V3CL | token=WAVAX | idx=83 | profit=0.321761873423740992 WAVAX | amount_in=4 | p1=0xb46a…f8f5 | p2=0xfff3…84f0 | p3=0xff08…bea9
2026-02-23T21:34:05Z | block=78808523 | kind=Triangular | hops=Algebra→Algebra→V3CL | token=USDC | idx=338 | profit=0.639775 USDC | amount_in=159 | p1=0x4110…6fc7 | p2=0xc13f…4332 | p3=0x9bfe…70c0
2026-02-23T21:34:15Z | block=78808523 | kind=Triangular | hops=Algebra→V2→Algebra | token=USDT | idx=483 | profit=231.738835 USDT | amount_in=4598 | p1=0xc13f…4332 | p2=0x737f…a37d | p3=0x1abe…7d29
2026-02-23T21:34:22Z | block=78808524 | kind=Triangular | hops=V2→V2→V3CL | token=WAVAX | idx=83 | profit=0.321756854441491655 WAVAX | amount_in=4 | p1=0xb46a…f8f5 | p2=0xfff3…84f0 | p3=0xff08…bea9
2026-02-23T21:34:22Z | block=78808524 | kind=Triangular | hops=V2→V2→Algebra | token=WAVAX | idx=82 | profit=0.320736089174013017 WAVAX | amount_in=4 | p1=0xb46a…f8f5 | p2=0xfff3…84f0 | p3=0x5e12…0d78
2026-02-23T21:34:22Z | block=78808524 | kind=Cross-dex | hops=V2→V3CL | token=WAVAX | idx=237 | profit=32.95203198952424487 WAVAX | amount_in=607 | p1=0x737f…a37d | p2=0xff08…bea9 | p3=0x737f…a37d
2026-02-23T21:34:22Z | block=78808524 | kind=Cross-dex | hops=V2→Algebra | token=WAVAX | idx=236 | profit=32.773397545983130765 WAVAX | amount_in=605 | p1=0x737f…a37d | p2=0x5e12…0d78 | p3=0x737f…a37d
2026-02-23T21:34:22Z | block=78808524 | kind=Triangular | hops=V2→V2→V2 | token=WAVAX | idx=24 | profit=7.874358832319501868 WAVAX | amount_in=165 | p1=0x737f…a37d | p2=0x0c12…cc38 | p3=0x14e4…d573
2026-02-23T21:34:22Z | block=78808524 | kind=Triangular | hops=V2→Algebra→Algebra | token=WAVAX | idx=26 | profit=23.109924446650858623 WAVAX | amount_in=491 | p1=0x737f…a37d | p2=0x1abe…7d29 | p3=0xc13f…4332
2026-02-23T21:34:23Z | block=78808524 | kind=Triangular | hops=V2→V2→V2 | token=WAVAX | idx=23 | profit=0.513684765802436723 WAVAX | amount_in=11 | p1=0x737f…a37d | p2=0xbbb9…1d3e | p3=0x15c5…7477
2026-02-23T21:34:23Z | block=78808524 | kind=Triangular | hops=V2→V2→V2 | token=WAVAX | idx=22 | profit=0.594251902445653555 WAVAX | amount_in=15 | p1=0x737f…a37d | p2=0x921c…f1b3 | p3=0x0e5a…669a
2026-02-23T21:34:24Z | block=78808524 | kind=Triangular | hops=V2→V2→V2 | token=WAVAX | idx=81 | profit=0.020684987439304923 WAVAX | amount_in=1 | p1=0xb46a…f8f5 | p2=0xfff3…84f0 | p3=0x737f…a37d
2026-02-23T21:34:31Z | block=78808524 | kind=Triangular | hops=Algebra→Algebra→V3CL | token=USDC | idx=338 | profit=1.485788 USDC | amount_in=159 | p1=0x4110…6fc7 | p2=0xc13f…4332 | p3=0x9bfe…70c0
2026-02-23T21:34:38Z | block=78808524 | kind=Triangular | hops=Algebra→V2→Algebra | token=USDT | idx=483 | profit=203.589797 USDT | amount_in=4323 | p1=0xc13f…4332 | p2=0x737f…a37d | p3=0x1abe…7d29
2026-02-23T21:34:38Z | block=78808524 | kind=Triangular | hops=Algebra→V3CL→Algebra | token=USDT | idx=460 | profit=1.617587 USDT | amount_in=159 | p1=0x1abe…7d29 | p2=0xff08…bea9 | p3=0xc13f…4332
2026-02-23T21:34:45Z | block=78808525 | kind=Triangular | hops=V2→V2→V3CL | token=WAVAX | idx=83 | profit=0.321732509165949895 WAVAX | amount_in=4 | p1=0xb46a…f8f5 | p2=0xfff3…84f0 | p3=0xff08…bea9
2026-02-23T21:34:45Z | block=78808525 | kind=Triangular | hops=V2→V2→Algebra | token=WAVAX | idx=82 | profit=0.320736089174013017 WAVAX | amount_in=4 | p1=0xb46a…f8f5 | p2=0xfff3…84f0 | p3=0x5e12…0d78
2026-02-23T21:34:45Z | block=78808525 | kind=Cross-dex | hops=V2→V3CL | token=WAVAX | idx=237 | profit=32.948427152851051389 WAVAX | amount_in=607 | p1=0x737f…a37d | p2=0xff08…bea9 | p3=0x737f…a37d
2026-02-23T21:34:45Z | block=78808525 | kind=Cross-dex | hops=V2→Algebra | token=WAVAX | idx=236 | profit=32.773397545983130765 WAVAX | amount_in=605 | p1=0x737f…a37d | p2=0x5e12…0d78 | p3=0x737f…a37d
2026-02-23T21:34:45Z | block=78808525 | kind=Triangular | hops=V2→V2→V2 | token=WAVAX | idx=24 | profit=7.874358832319501868 WAVAX | amount_in=165 | p1=0x737f…a37d | p2=0x0c12…cc38 | p3=0x14e4…d573
2026-02-23T21:34:45Z | block=78808525 | kind=Triangular | hops=V2→Algebra→Algebra | token=WAVAX | idx=26 | profit=23.324672633776728452 WAVAX | amount_in=493 | p1=0x737f…a37d | p2=0x1abe…7d29 | p3=0xc13f…4332
2026-02-23T21:34:45Z | block=78808525 | kind=Triangular | hops=V2→V2→V2 | token=WAVAX | idx=23 | profit=0.513684765802436723 WAVAX | amount_in=11 | p1=0x737f…a37d | p2=0xbbb9…1d3e | p3=0x15c5…7477
2026-02-23T21:34:45Z | block=78808525 | kind=Triangular | hops=V2→V2→V2 | token=WAVAX | idx=22 | profit=0.594251902445653555 WAVAX | amount_in=15 | p1=0x737f…a37d | p2=0x921c…f1b3 | p3=0x0e5a…669a
2026-02-23T21:34:45Z | block=78808525 | kind=Triangular | hops=V2→V2→V2 | token=WAVAX | idx=81 | profit=0.020684987439304923 WAVAX | amount_in=1 | p1=0xb46a…f8f5 | p2=0xfff3…84f0 | p3=0x737f…a37d
2026-02-23T21:34:46Z | block=78808525 | kind=Triangular | hops=Algebra→Algebra→V3CL | token=WAVAX | idx=165 | profit=0.175431952597747579 WAVAX | amount_in=18 | p1=0xc13f…4332 | p2=0x1abe…7d29 | p3=0xff08…bea9
2026-02-23T21:34:53Z | block=78808525 | kind=Triangular | hops=Algebra→Algebra→V3CL | token=USDC | idx=338 | profit=1.420479 USDC | amount_in=159 | p1=0x4110…6fc7 | p2=0xc13f…4332 | p3=0x9bfe…70c0
2026-02-23T21:35:00Z | block=78808525 | kind=Triangular | hops=Algebra→V2→Algebra | token=USDT | idx=483 | profit=205.406639 USDT | amount_in=4341 | p1=0xc13f…4332 | p2=0x737f…a37d | p3=0x1abe…7d29
2026-02-23T21:35:00Z | block=78808525 | kind=Triangular | hops=Algebra→V3CL→Algebra | token=USDT | idx=460 | profit=1.549319 USDT | amount_in=159 | p1=0x1abe…7d29 | p2=0xff08…bea9 | p3=0xc13f…4332
2026-02-23T21:35:21Z | block=78808571 | kind=Triangular | hops=V3CL→V2→V2 | token=WAVAX | idx=218 | profit=0.220546794655191775 WAVAX | amount_in=4 | p1=0xff08…bea9 | p2=0xfff3…84f0 | p3=0xb46a…f8f5
2026-02-23T21:35:28Z | block=78808571 | kind=Triangular | hops=Algebra→Algebra→V3CL | token=USDC | idx=338 | profit=1.325026 USDC | amount_in=159 | p1=0x4110…6fc7 | p2=0xc13f…4332 | p3=0x9bfe…70c0
2026-02-23T21:35:35Z | block=78808571 | kind=Triangular | hops=Algebra→V2→Algebra | token=USDT | idx=457 | profit=13.38028 USDT | amount_in=147 | p1=0x1abe…7d29 | p2=0x737f…a37d | p3=0xc13f…4332
2026-02-23T21:35:42Z | block=78808572 | kind=Triangular | hops=V3CL→V2→V2 | token=WAVAX | idx=218 | profit=0.220541955013447077 WAVAX | amount_in=4 | p1=0xff08…bea9 | p2=0xfff3…84f0 | p3=0xb46a…f8f5
2026-02-23T21:35:49Z | block=78808572 | kind=Triangular | hops=Algebra→Algebra→V3CL | token=USDC | idx=338 | profit=1.259828 USDC | amount_in=159 | p1=0x4110…6fc7 | p2=0xc13f…4332 | p3=0x9bfe…70c0
2026-02-23T21:35:56Z | block=78808572 | kind=Triangular | hops=Algebra→V2→Algebra | token=USDT | idx=457 | profit=13.313504 USDT | amount_in=147 | p1=0x1abe…7d29 | p2=0x737f…a37d | p3=0xc13f…4332
2026-02-23T21:36:03Z | block=78808573 | kind=Triangular | hops=V3CL→V2→V2 | token=WAVAX | idx=218 | profit=0.22053711537982842 WAVAX | amount_in=4 | p1=0xff08…bea9 | p2=0xfff3…84f0 | p3=0xb46a…f8f5
2026-02-23T21:36:03Z | block=78808573 | kind=Triangular | hops=Algebra→V2→V2 | token=WAVAX | idx=113 | profit=0.220462251496530819 WAVAX | amount_in=4 | p1=0x5e12…0d78 | p2=0xfff3…84f0 | p3=0xb46a…f8f5
2026-02-23T21:36:03Z | block=78808573 | kind=Triangular | hops=Algebra→Algebra→V2 | token=WAVAX | idx=163 | profit=1.620005295969513452 WAVAX | amount_in=18 | p1=0xc13f…4332 | p2=0x1abe…7d29 | p3=0x737f…a37d
2026-02-23T21:36:10Z | block=78808573 | kind=Triangular | hops=Algebra→Algebra→V3CL | token=USDC | idx=338 | profit=1.194764 USDC | amount_in=159 | p1=0x4110…6fc7 | p2=0xc13f…4332 | p3=0x9bfe…70c0
2026-02-23T21:36:17Z | block=78808573 | kind=Triangular | hops=Algebra→V2→Algebra | token=USDT | idx=457 | profit=13.246862 USDT | amount_in=147 | p1=0x1abe…7d29 | p2=0x737f…a37d | p3=0xc13f…4332
2026-02-23T21:36:24Z | block=78808574 | kind=Triangular | hops=V3CL→V2→V2 | token=WAVAX | idx=218 | profit=0.22053711537982842 WAVAX | amount_in=4 | p1=0xff08…bea9 | p2=0xfff3…84f0 | p3=0xb46a…f8f5
2026-02-23T21:43:13Z | block=78825935 | kind=Triangular | hops=V2→V2→Algebra | token=USDC | idx=568 | profit=0.002333 USDC | amount_in=3 | p1=0x03eb…019c | p2=0x59fa…b9af | p3=0x668a…7a69
2026-02-23T21:43:13Z | block=78825935 | kind=Triangular | hops=V2→V2→Algebra | token=USDC | idx=569 | profit=0.002143 USDC | amount_in=3 | p1=0x03eb…019c | p2=0x59fa…b9af | p3=0xa02e…6ea0
2026-02-23T21:43:14Z | block=78825936 | kind=Triangular | hops=V2→V2→Algebra | token=USDC | idx=568 | profit=0.002333 USDC | amount_in=3 | p1=0x03eb…019c | p2=0x59fa…b9af | p3=0x668a…7a69
2026-02-23T21:43:14Z | block=78825936 | kind=Triangular | hops=V2→V2→Algebra | token=USDC | idx=569 | profit=0.002148 USDC | amount_in=3 | p1=0x03eb…019c | p2=0x59fa…b9af | p3=0xa02e…6ea0
2026-02-23T21:43:15Z | block=78825937 | kind=Triangular | hops=V2→V2→Algebra | token=USDC | idx=568 | profit=0.002333 USDC | amount_in=3 | p1=0x03eb…019c | p2=0x59fa…b9af | p3=0x668a…7a69
2026-02-23T21:43:15Z | block=78825937 | kind=Triangular | hops=V2→V2→Algebra | token=USDC | idx=569 | profit=0.002131 USDC | amount_in=3 | p1=0x03eb…019c | p2=0x59fa…b9af | p3=0xa02e…6ea0
2026-02-23T21:43:16Z | block=78825938 | kind=Triangular | hops=V2→V2→Algebra | token=USDC | idx=568 | profit=0.002336 USDC | amount_in=3 | p1=0x03eb…019c | p2=0x59fa…b9af | p3=0x668a…7a69
2026-02-23T21:43:16Z | block=78825938 | kind=Triangular | hops=V2→V2→Algebra | token=USDC | idx=569 | profit=0.002132 USDC | amount_in=3 | p1=0x03eb…019c | p2=0x59fa…b9af | p3=0xa02e…6ea0
2026-02-23T21:43:17Z | block=78825939 | kind=Triangular | hops=V2→V2→Algebra | token=USDC | idx=568 | profit=0.002336 USDC | amount_in=3 | p1=0x03eb…019c | p2=0x59fa…b9af | p3=0x668a…7a69
2026-02-23T21:43:17Z | block=78825939 | kind=Triangular | hops=V2→V2→Algebra | token=USDC | idx=569 | profit=0.002092 USDC | amount_in=3 | p1=0x03eb…019c | p2=0x59fa…b9af | p3=0xa02e…6ea0
2026-02-23T21:43:18Z | block=78825940 | kind=Triangular | hops=V2→V2→Algebra | token=USDC | idx=568 | profit=0.002336 USDC | amount_in=3 | p1=0x03eb…019c | p2=0x59fa…b9af | p3=0x668a…7a69
2026-02-23T21:43:18Z | block=78825940 | kind=Triangular | hops=V2→V2→Algebra | token=USDC | idx=569 | profit=0.002089 USDC | amount_in=3 | p1=0x03eb…019c | p2=0x59fa…b9af | p3=0xa02e…6ea0
2026-02-23T21:43:19Z | block=78825941 | kind=Triangular | hops=V2→V2→Algebra | token=USDC | idx=568 | profit=0.002336 USDC | amount_in=3 | p1=0x03eb…019c | p2=0x59fa…b9af | p3=0x668a…7a69
2026-02-23T21:43:19Z | block=78825941 | kind=Triangular | hops=V2→V2→Algebra | token=USDC | idx=569 | profit=0.002085 USDC | amount_in=3 | p1=0x03eb…019c | p2=0x59fa…b9af | p3=0xa02e…6ea0
2026-02-23T21:43:19Z | block=78825941 | kind=Triangular | hops=V2→V2→Algebra | token=USDC | idx=567 | profit=0.002066 USDC | amount_in=3 | p1=0x03eb…019c | p2=0x59fa…b9af | p3=0x4110…6fc7
2026-02-23T21:43:20Z | block=78825942 | kind=Triangular | hops=V2→V2→Algebra | token=USDC | idx=568 | profit=0.002336 USDC | amount_in=3 | p1=0x03eb…019c | p2=0x59fa…b9af | p3=0x668a…7a69
2026-02-23T21:43:20Z | block=78825942 | kind=Triangular | hops=V2→V2→Algebra | token=USDC | idx=569 | profit=0.002087 USDC | amount_in=3 | p1=0x03eb…019c | p2=0x59fa…b9af | p3=0xa02e…6ea0
2026-02-23T21:43:20Z | block=78825942 | kind=Triangular | hops=V2→V2→Algebra | token=USDC | idx=567 | profit=0.002066 USDC | amount_in=3 | p1=0x03eb…019c | p2=0x59fa…b9af | p3=0x4110…6fc7
2026-02-23T21:43:21Z | block=78825943 | kind=Triangular | hops=V2→V2→Algebra | token=USDC | idx=567 | profit=0.003214 USDC | amount_in=3 | p1=0x03eb…019c | p2=0x59fa…b9af | p3=0x4110…6fc7
2026-02-23T21:43:21Z | block=78825943 | kind=Triangular | hops=V2→V2→Algebra | token=USDC | idx=568 | profit=0.002336 USDC | amount_in=3 | p1=0x03eb…019c | p2=0x59fa…b9af | p3=0x668a…7a69
2026-02-23T21:43:21Z | block=78825943 | kind=Triangular | hops=V2→V2→Algebra | token=USDC | idx=569 | profit=0.00209 USDC | amount_in=3 | p1=0x03eb…019c | p2=0x59fa…b9af | p3=0xa02e…6ea0
2026-02-23T21:43:22Z | block=78825944 | kind=Triangular | hops=V2→V2→Algebra | token=USDC | idx=567 | profit=0.003214 USDC | amount_in=3 | p1=0x03eb…019c | p2=0x59fa…b9af | p3=0x4110…6fc7
2026-02-23T21:43:22Z | block=78825944 | kind=Triangular | hops=V2→V2→Algebra | token=USDC | idx=568 | profit=0.002333 USDC | amount_in=3 | p1=0x03eb…019c | p2=0x59fa…b9af | p3=0x668a…7a69
2026-02-23T21:43:22Z | block=78825944 | kind=Triangular | hops=V2→V2→Algebra | token=USDC | idx=569 | profit=0.002092 USDC | amount_in=3 | p1=0x03eb…019c | p2=0x59fa…b9af | p3=0xa02e…6ea0
2026-02-23T21:43:23Z | block=78825945 | kind=Triangular | hops=V2→V2→Algebra | token=USDC | idx=567 | profit=0.003214 USDC | amount_in=3 | p1=0x03eb…019c | p2=0x59fa…b9af | p3=0x4110…6fc7
2026-02-23T21:43:23Z | block=78825945 | kind=Triangular | hops=V2→V2→Algebra | token=USDC | idx=569 | profit=0.002095 USDC | amount_in=3 | p1=0x03eb…019c | p2=0x59fa…b9af | p3=0xa02e…6ea0
2026-02-23T21:43:24Z | block=78825946 | kind=Triangular | hops=V2→V2→Algebra | token=USDC | idx=567 | profit=0.002566 USDC | amount_in=3 | p1=0x03eb…019c | p2=0x59fa…b9af | p3=0x4110…6fc7
2026-02-23T21:43:24Z | block=78825946 | kind=Triangular | hops=V2→V2→Algebra | token=USDC | idx=569 | profit=0.002097 USDC | amount_in=3 | p1=0x03eb…019c | p2=0x59fa…b9af | p3=0xa02e…6ea0
2026-02-23T21:43:25Z | block=78825947 | kind=Triangular | hops=V2→V2→Algebra | token=USDC | idx=567 | profit=0.002566 USDC | amount_in=3 | p1=0x03eb…019c | p2=0x59fa…b9af | p3=0x4110…6fc7
2026-02-23T21:43:25Z | block=78825947 | kind=Triangular | hops=V2→V2→Algebra | token=USDC | idx=569 | profit=0.0021 USDC | amount_in=3 | p1=0x03eb…019c | p2=0x59fa…b9af | p3=0xa02e…6ea0
2026-02-23T21:43:26Z | block=78825948 | kind=Triangular | hops=V2→V2→Algebra | token=USDC | idx=567 | profit=0.002566 USDC | amount_in=3 | p1=0x03eb…019c | p2=0x59fa…b9af | p3=0x4110…6fc7
2026-02-23T21:43:26Z | block=78825948 | kind=Triangular | hops=V2→V2→Algebra | token=USDC | idx=569 | profit=0.002102 USDC | amount_in=3 | p1=0x03eb…019c | p2=0x59fa…b9af | p3=0xa02e…6ea0
2026-02-23T21:43:27Z | block=78825949 | kind=Triangular | hops=V2→V2→Algebra | token=USDC | idx=567 | profit=0.002566 USDC | amount_in=3 | p1=0x03eb…019c | p2=0x59fa…b9af | p3=0x4110…6fc7
2026-02-23T21:43:27Z | block=78825949 | kind=Triangular | hops=V2→V2→Algebra | token=USDC | idx=569 | profit=0.002102 USDC | amount_in=3 | p1=0x03eb…019c | p2=0x59fa…b9af | p3=0xa02e…6ea0
2026-02-23T21:43:30Z | block=78825953 | kind=Triangular | hops=V2→V2→Algebra | token=USDC | idx=568 | profit=0.002195 USDC | amount_in=3 | p1=0x03eb…019c | p2=0x59fa…b9af | p3=0x668a…7a69
2026-02-23T21:43:32Z | block=78825954 | kind=Triangular | hops=V2→V2→Algebra | token=USDC | idx=568 | profit=0.002195 USDC | amount_in=3 | p1=0x03eb…019c | p2=0x59fa…b9af | p3=0x668a…7a69
2026-02-23T21:43:32Z | block=78825955 | kind=Triangular | hops=V2→V2→Algebra | token=USDC | idx=568 | profit=0.002195 USDC | amount_in=3 | p1=0x03eb…019c | p2=0x59fa…b9af | p3=0x668a…7a69
2026-02-23T21:43:33Z | block=78825956 | kind=Triangular | hops=V2→V2→Algebra | token=USDC | idx=568 | profit=0.002195 USDC | amount_in=3 | p1=0x03eb…019c | p2=0x59fa…b9af | p3=0x668a…7a69
2026-02-23T21:43:35Z | block=78825957 | kind=Triangular | hops=V2→V2→Algebra | token=USDC | idx=568 | profit=0.00218 USDC | amount_in=3 | p1=0x03eb…019c | p2=0x59fa…b9af | p3=0x668a…7a69
2026-02-23T21:43:36Z | block=78825958 | kind=Triangular | hops=V2→V2→Algebra | token=USDC | idx=568 | profit=0.00218 USDC | amount_in=3 | p1=0x03eb…019c | p2=0x59fa…b9af | p3=0x668a…7a69
2026-02-23T21:46:03Z | block=78826100 | kind=Triangular | hops=V3CL→V2→Algebra | token=WAVAX | idx=309 | profit=0.016605434982076109 WAVAX | amount_in=9 | p1=0xb78d…ebf6 | p2=0x1b7b…dc81 | p3=0x668a…7a69
2026-02-23T21:46:03Z | block=78826100 | kind=Triangular | hops=V3CL→V2→Algebra | token=WAVAX | idx=310 | profit=0.014849899201086184 WAVAX | amount_in=9 | p1=0xb78d…ebf6 | p2=0x1b7b…dc81 | p3=0xa02e…6ea0
2026-02-23T21:46:03Z | block=78826100 | kind=Triangular | hops=V3CL→V2→V3CL | token=WAVAX | idx=311 | profit=0.014633783976851502 WAVAX | amount_in=9 | p1=0xb78d…ebf6 | p2=0x1b7b…dc81 | p3=0xf014…9534
2026-02-23T21:46:03Z | block=78826100 | kind=Triangular | hops=V3CL→V2→Algebra | token=WAVAX | idx=308 | profit=0.014511132516810335 WAVAX | amount_in=9 | p1=0xb78d…ebf6 | p2=0x1b7b…dc81 | p3=0x4110…6fc7
2026-02-23T21:46:03Z | block=78826100 | kind=Triangular | hops=Algebra→V3CL→V2 | token=USDC | idx=682 | profit=0.138821 USDC | amount_in=77 | p1=0x668a…7a69 | p2=0xb78d…ebf6 | p3=0x1b7b…dc81
2026-02-23T21:46:03Z | block=78826100 | kind=Triangular | hops=Algebra→V3CL→V2 | token=USDC | idx=733 | profit=0.125063 USDC | amount_in=75 | p1=0xa02e…6ea0 | p2=0xb78d…ebf6 | p3=0x1b7b…dc81
2026-02-23T21:46:03Z | block=78826100 | kind=Triangular | hops=V3CL→V3CL→V2 | token=USDC | idx=810 | profit=0.123791 USDC | amount_in=74 | p1=0xf014…9534 | p2=0xb78d…ebf6 | p3=0x1b7b…dc81
2026-02-23T21:46:03Z | block=78826100 | kind=Triangular | hops=Algebra→V3CL→V2 | token=USDC | idx=649 | profit=0.122791 USDC | amount_in=74 | p1=0x4110…6fc7 | p2=0xb78d…ebf6 | p3=0x1b7b…dc81
2026-02-23T21:46:04Z | block=78826101 | kind=Triangular | hops=V3CL→V2→Algebra | token=WAVAX | idx=309 | profit=0.016605434982076109 WAVAX | amount_in=9 | p1=0xb78d…ebf6 | p2=0x1b7b…dc81 | p3=0x668a…7a69
2026-02-23T21:46:04Z | block=78826101 | kind=Triangular | hops=V3CL→V2→Algebra | token=WAVAX | idx=310 | profit=0.014849899201086184 WAVAX | amount_in=9 | p1=0xb78d…ebf6 | p2=0x1b7b…dc81 | p3=0xa02e…6ea0
2026-02-23T21:46:04Z | block=78826101 | kind=Triangular | hops=V3CL→V2→V3CL | token=WAVAX | idx=311 | profit=0.014633783976851502 WAVAX | amount_in=9 | p1=0xb78d…ebf6 | p2=0x1b7b…dc81 | p3=0xf014…9534
2026-02-23T21:46:04Z | block=78826101 | kind=Triangular | hops=V3CL→V2→Algebra | token=WAVAX | idx=308 | profit=0.014511132516810335 WAVAX | amount_in=9 | p1=0xb78d…ebf6 | p2=0x1b7b…dc81 | p3=0x4110…6fc7
2026-02-23T21:46:04Z | block=78826101 | kind=Triangular | hops=Algebra→V3CL→V2 | token=USDC | idx=682 | profit=0.138821 USDC | amount_in=77 | p1=0x668a…7a69 | p2=0xb78d…ebf6 | p3=0x1b7b…dc81
2026-02-23T21:46:04Z | block=78826101 | kind=Triangular | hops=Algebra→V3CL→V2 | token=USDC | idx=733 | profit=0.125063 USDC | amount_in=75 | p1=0xa02e…6ea0 | p2=0xb78d…ebf6 | p3=0x1b7b…dc81
2026-02-23T21:46:04Z | block=78826101 | kind=Triangular | hops=V3CL→V3CL→V2 | token=USDC | idx=810 | profit=0.123791 USDC | amount_in=74 | p1=0xf014…9534 | p2=0xb78d…ebf6 | p3=0x1b7b…dc81
2026-02-23T21:46:04Z | block=78826101 | kind=Triangular | hops=Algebra→V3CL→V2 | token=USDC | idx=649 | profit=0.122791 USDC | amount_in=74 | p1=0x4110…6fc7 | p2=0xb78d…ebf6 | p3=0x1b7b…dc81
2026-02-23T21:46:05Z | block=78826102 | kind=Triangular | hops=V3CL→V2→Algebra | token=WAVAX | idx=309 | profit=0.005880953334860019 WAVAX | amount_in=6 | p1=0xb78d…ebf6 | p2=0x1b7b…dc81 | p3=0x668a…7a69
2026-02-23T21:46:05Z | block=78826102 | kind=Triangular | hops=V3CL→V2→Algebra | token=WAVAX | idx=310 | profit=0.005047822592941507 WAVAX | amount_in=6 | p1=0xb78d…ebf6 | p2=0x1b7b…dc81 | p3=0xa02e…6ea0
2026-02-23T21:46:05Z | block=78826102 | kind=Triangular | hops=V3CL→V2→V3CL | token=WAVAX | idx=311 | profit=0.004907205360135811 WAVAX | amount_in=6 | p1=0xb78d…ebf6 | p2=0x1b7b…dc81 | p3=0xf014…9534
2026-02-23T21:46:05Z | block=78826102 | kind=Triangular | hops=V3CL→V2→Algebra | token=WAVAX | idx=308 | profit=0.004832722217431474 WAVAX | amount_in=6 | p1=0xb78d…ebf6 | p2=0x1b7b…dc81 | p3=0x4110…6fc7
2026-02-23T21:46:05Z | block=78826102 | kind=Triangular | hops=Algebra→V3CL→V2 | token=USDC | idx=682 | profit=0.049595 USDC | amount_in=50 | p1=0x668a…7a69 | p2=0xb78d…ebf6 | p3=0x1b7b…dc81
2026-02-23T21:46:05Z | block=78826102 | kind=Triangular | hops=Algebra→V3CL→V2 | token=USDC | idx=733 | profit=0.043749 USDC | amount_in=48 | p1=0xa02e…6ea0 | p2=0xb78d…ebf6 | p3=0x1b7b…dc81
2026-02-23T21:46:05Z | block=78826102 | kind=Triangular | hops=V3CL→V3CL→V2 | token=USDC | idx=810 | profit=0.042628 USDC | amount_in=48 | p1=0xf014…9534 | p2=0xb78d…ebf6 | p3=0x1b7b…dc81
2026-02-23T21:46:05Z | block=78826102 | kind=Triangular | hops=Algebra→V3CL→V2 | token=USDC | idx=649 | profit=0.04254 USDC | amount_in=47 | p1=0x4110…6fc7 | p2=0xb78d…ebf6 | p3=0x1b7b…dc81
2026-02-23T21:46:06Z | block=78826103 | kind=Triangular | hops=V3CL→V2→Algebra | token=WAVAX | idx=309 | profit=0.005880953334860019 WAVAX | amount_in=6 | p1=0xb78d…ebf6 | p2=0x1b7b…dc81 | p3=0x668a…7a69
2026-02-23T21:46:06Z | block=78826103 | kind=Triangular | hops=V3CL→V2→Algebra | token=WAVAX | idx=310 | profit=0.005047822592941507 WAVAX | amount_in=6 | p1=0xb78d…ebf6 | p2=0x1b7b…dc81 | p3=0xa02e…6ea0
2026-02-23T21:46:06Z | block=78826103 | kind=Triangular | hops=V3CL→V2→V3CL | token=WAVAX | idx=311 | profit=0.004907205360135811 WAVAX | amount_in=6 | p1=0xb78d…ebf6 | p2=0x1b7b…dc81 | p3=0xf014…9534
2026-02-23T21:46:06Z | block=78826103 | kind=Triangular | hops=V3CL→V2→Algebra | token=WAVAX | idx=308 | profit=0.004832722217431474 WAVAX | amount_in=6 | p1=0xb78d…ebf6 | p2=0x1b7b…dc81 | p3=0x4110…6fc7
2026-02-23T21:46:06Z | block=78826103 | kind=Triangular | hops=Algebra→V3CL→V2 | token=USDC | idx=682 | profit=0.049595 USDC | amount_in=50 | p1=0x668a…7a69 | p2=0xb78d…ebf6 | p3=0x1b7b…dc81
2026-02-23T21:46:06Z | block=78826103 | kind=Triangular | hops=Algebra→V3CL→V2 | token=USDC | idx=733 | profit=0.043749 USDC | amount_in=48 | p1=0xa02e…6ea0 | p2=0xb78d…ebf6 | p3=0x1b7b…dc81
2026-02-23T21:46:06Z | block=78826103 | kind=Triangular | hops=V3CL→V3CL→V2 | token=USDC | idx=810 | profit=0.042628 USDC | amount_in=48 | p1=0xf014…9534 | p2=0xb78d…ebf6 | p3=0x1b7b…dc81
2026-02-23T21:46:06Z | block=78826103 | kind=Triangular | hops=Algebra→V3CL→V2 | token=USDC | idx=649 | profit=0.04254 USDC | amount_in=47 | p1=0x4110…6fc7 | p2=0xb78d…ebf6 | p3=0x1b7b…dc81
2026-02-23T21:46:07Z | block=78826104 | kind=Triangular | hops=V3CL→V2→Algebra | token=WAVAX | idx=309 | profit=0.005880953334860019 WAVAX | amount_in=6 | p1=0xb78d…ebf6 | p2=0x1b7b…dc81 | p3=0x668a…7a69
2026-02-23T21:46:07Z | block=78826104 | kind=Triangular | hops=V3CL→V2→Algebra | token=WAVAX | idx=310 | profit=0.005047822592941507 WAVAX | amount_in=6 | p1=0xb78d…ebf6 | p2=0x1b7b…dc81 | p3=0xa02e…6ea0
2026-02-23T21:46:07Z | block=78826104 | kind=Triangular | hops=V3CL→V2→V3CL | token=WAVAX | idx=311 | profit=0.004907205360135811 WAVAX | amount_in=6 | p1=0xb78d…ebf6 | p2=0x1b7b…dc81 | p3=0xf014…9534
2026-02-23T21:46:07Z | block=78826104 | kind=Triangular | hops=V3CL→V2→Algebra | token=WAVAX | idx=308 | profit=0.004832722217431474 WAVAX | amount_in=6 | p1=0xb78d…ebf6 | p2=0x1b7b…dc81 | p3=0x4110…6fc7
2026-02-23T21:46:07Z | block=78826104 | kind=Triangular | hops=Algebra→V3CL→V2 | token=USDC | idx=682 | profit=0.049595 USDC | amount_in=50 | p1=0x668a…7a69 | p2=0xb78d…ebf6 | p3=0x1b7b…dc81
2026-02-23T21:46:07Z | block=78826104 | kind=Triangular | hops=Algebra→V3CL→V2 | token=USDC | idx=733 | profit=0.043749 USDC | amount_in=48 | p1=0xa02e…6ea0 | p2=0xb78d…ebf6 | p3=0x1b7b…dc81
2026-02-23T21:46:07Z | block=78826104 | kind=Triangular | hops=V3CL→V3CL→V2 | token=USDC | idx=810 | profit=0.042628 USDC | amount_in=48 | p1=0xf014…9534 | p2=0xb78d…ebf6 | p3=0x1b7b…dc81
2026-02-23T21:46:07Z | block=78826104 | kind=Triangular | hops=Algebra→V3CL→V2 | token=USDC | idx=649 | profit=0.04254 USDC | amount_in=47 | p1=0x4110…6fc7 | p2=0xb78d…ebf6 | p3=0x1b7b…dc81
2026-02-23T21:46:11Z | block=78826105 | kind=Triangular | hops=V3CL→V2→Algebra | token=WAVAX | idx=309 | profit=0.005880953334860019 WAVAX | amount_in=6 | p1=0xb78d…ebf6 | p2=0x1b7b…dc81 | p3=0x668a…7a69
2026-02-23T21:46:11Z | block=78826105 | kind=Triangular | hops=V3CL→V2→Algebra | token=WAVAX | idx=310 | profit=0.005047822592941507 WAVAX | amount_in=6 | p1=0xb78d…ebf6 | p2=0x1b7b…dc81 | p3=0xa02e…6ea0
2026-02-23T21:46:11Z | block=78826105 | kind=Triangular | hops=V3CL→V2→V3CL | token=WAVAX | idx=311 | profit=0.004907205360135811 WAVAX | amount_in=6 | p1=0xb78d…ebf6 | p2=0x1b7b…dc81 | p3=0xf014…9534
2026-02-23T21:46:11Z | block=78826105 | kind=Triangular | hops=V3CL→V2→Algebra | token=WAVAX | idx=308 | profit=0.004832722217431474 WAVAX | amount_in=6 | p1=0xb78d…ebf6 | p2=0x1b7b…dc81 | p3=0x4110…6fc7
2026-02-23T21:46:11Z | block=78826105 | kind=Triangular | hops=Algebra→V3CL→V2 | token=USDC | idx=682 | profit=0.049595 USDC | amount_in=50 | p1=0x668a…7a69 | p2=0xb78d…ebf6 | p3=0x1b7b…dc81
2026-02-23T21:46:11Z | block=78826105 | kind=Triangular | hops=Algebra→V3CL→V2 | token=USDC | idx=733 | profit=0.043749 USDC | amount_in=48 | p1=0xa02e…6ea0 | p2=0xb78d…ebf6 | p3=0x1b7b…dc81
2026-02-23T21:46:11Z | block=78826105 | kind=Triangular | hops=V3CL→V3CL→V2 | token=USDC | idx=810 | profit=0.042628 USDC | amount_in=48 | p1=0xf014…9534 | p2=0xb78d…ebf6 | p3=0x1b7b…dc81
2026-02-23T21:46:11Z | block=78826105 | kind=Triangular | hops=Algebra→V3CL→V2 | token=USDC | idx=649 | profit=0.04254 USDC | amount_in=47 | p1=0x4110…6fc7 | p2=0xb78d…ebf6 | p3=0x1b7b…dc81
2026-02-23T21:46:12Z | block=78826106 | kind=Triangular | hops=V3CL→V2→Algebra | token=WAVAX | idx=309 | profit=0.005880953334860019 WAVAX | amount_in=6 | p1=0xb78d…ebf6 | p2=0x1b7b…dc81 | p3=0x668a…7a69
2026-02-23T21:46:12Z | block=78826106 | kind=Triangular | hops=V3CL→V2→Algebra | token=WAVAX | idx=310 | profit=0.005047822592941507 WAVAX | amount_in=6 | p1=0xb78d…ebf6 | p2=0x1b7b…dc81 | p3=0xa02e…6ea0
2026-02-23T21:46:12Z | block=78826106 | kind=Triangular | hops=V3CL→V2→V3CL | token=WAVAX | idx=311 | profit=0.004907205360135811 WAVAX | amount_in=6 | p1=0xb78d…ebf6 | p2=0x1b7b…dc81 | p3=0xf014…9534
2026-02-23T21:46:12Z | block=78826106 | kind=Triangular | hops=V3CL→V2→Algebra | token=WAVAX | idx=308 | profit=0.004832722217431474 WAVAX | amount_in=6 | p1=0xb78d…ebf6 | p2=0x1b7b…dc81 | p3=0x4110…6fc7
2026-02-23T21:46:12Z | block=78826106 | kind=Triangular | hops=Algebra→V3CL→V2 | token=USDC | idx=682 | profit=0.049595 USDC | amount_in=50 | p1=0x668a…7a69 | p2=0xb78d…ebf6 | p3=0x1b7b…dc81
2026-02-23T21:46:12Z | block=78826106 | kind=Triangular | hops=Algebra→V3CL→V2 | token=USDC | idx=733 | profit=0.043749 USDC | amount_in=48 | p1=0xa02e…6ea0 | p2=0xb78d…ebf6 | p3=0x1b7b…dc81
2026-02-23T21:46:12Z | block=78826106 | kind=Triangular | hops=V3CL→V3CL→V2 | token=USDC | idx=810 | profit=0.042628 USDC | amount_in=48 | p1=0xf014…9534 | p2=0xb78d…ebf6 | p3=0x1b7b…dc81
2026-02-23T21:46:12Z | block=78826106 | kind=Triangular | hops=Algebra→V3CL→V2 | token=USDC | idx=649 | profit=0.04254 USDC | amount_in=47 | p1=0x4110…6fc7 | p2=0xb78d…ebf6 | p3=0x1b7b…dc81
2026-02-23T21:46:12Z | block=78826107 | kind=Triangular | hops=V3CL→V2→Algebra | token=WAVAX | idx=309 | profit=0.005880953334860019 WAVAX | amount_in=6 | p1=0xb78d…ebf6 | p2=0x1b7b…dc81 | p3=0x668a…7a69
2026-02-23T21:46:12Z | block=78826107 | kind=Triangular | hops=V3CL→V2→Algebra | token=WAVAX | idx=310 | profit=0.005047822592941507 WAVAX | amount_in=6 | p1=0xb78d…ebf6 | p2=0x1b7b…dc81 | p3=0xa02e…6ea0
2026-02-23T21:46:12Z | block=78826107 | kind=Triangular | hops=V3CL→V2→V3CL | token=WAVAX | idx=311 | profit=0.004907205360135811 WAVAX | amount_in=6 | p1=0xb78d…ebf6 | p2=0x1b7b…dc81 | p3=0xf014…9534
2026-02-23T21:46:12Z | block=78826107 | kind=Triangular | hops=V3CL→V2→Algebra | token=WAVAX | idx=308 | profit=0.004832722217431474 WAVAX | amount_in=6 | p1=0xb78d…ebf6 | p2=0x1b7b…dc81 | p3=0x4110…6fc7
2026-02-23T21:46:12Z | block=78826107 | kind=Triangular | hops=Algebra→V3CL→V2 | token=USDC | idx=682 | profit=0.049595 USDC | amount_in=50 | p1=0x668a…7a69 | p2=0xb78d…ebf6 | p3=0x1b7b…dc81
2026-02-23T21:46:12Z | block=78826107 | kind=Triangular | hops=Algebra→V3CL→V2 | token=USDC | idx=733 | profit=0.043749 USDC | amount_in=48 | p1=0xa02e…6ea0 | p2=0xb78d…ebf6 | p3=0x1b7b…dc81
2026-02-23T21:46:12Z | block=78826107 | kind=Triangular | hops=V3CL→V3CL→V2 | token=USDC | idx=810 | profit=0.042628 USDC | amount_in=48 | p1=0xf014…9534 | p2=0xb78d…ebf6 | p3=0x1b7b…dc81
2026-02-23T21:46:12Z | block=78826107 | kind=Triangular | hops=Algebra→V3CL→V2 | token=USDC | idx=649 | profit=0.04254 USDC | amount_in=47 | p1=0x4110…6fc7 | p2=0xb78d…ebf6 | p3=0x1b7b…dc81
2026-02-23T21:46:12Z | block=78826108 | kind=Triangular | hops=V3CL→V2→Algebra | token=WAVAX | idx=309 | profit=0.005880953334860019 WAVAX | amount_in=6 | p1=0xb78d…ebf6 | p2=0x1b7b…dc81 | p3=0x668a…7a69
2026-02-23T21:46:12Z | block=78826108 | kind=Triangular | hops=V3CL→V2→Algebra | token=WAVAX | idx=310 | profit=0.005047822592941507 WAVAX | amount_in=6 | p1=0xb78d…ebf6 | p2=0x1b7b…dc81 | p3=0xa02e…6ea0
2026-02-23T21:46:12Z | block=78826108 | kind=Triangular | hops=V3CL→V2→V3CL | token=WAVAX | idx=311 | profit=0.004907205360135811 WAVAX | amount_in=6 | p1=0xb78d…ebf6 | p2=0x1b7b…dc81 | p3=0xf014…9534
2026-02-23T21:46:12Z | block=78826108 | kind=Triangular | hops=V3CL→V2→Algebra | token=WAVAX | idx=308 | profit=0.004832722217431474 WAVAX | amount_in=6 | p1=0xb78d…ebf6 | p2=0x1b7b…dc81 | p3=0x4110…6fc7
2026-02-23T21:46:12Z | block=78826108 | kind=Triangular | hops=Algebra→V3CL→V2 | token=USDC | idx=682 | profit=0.049595 USDC | amount_in=50 | p1=0x668a…7a69 | p2=0xb78d…ebf6 | p3=0x1b7b…dc81
2026-02-23T21:46:12Z | block=78826108 | kind=Triangular | hops=Algebra→V3CL→V2 | token=USDC | idx=733 | profit=0.043749 USDC | amount_in=48 | p1=0xa02e…6ea0 | p2=0xb78d…ebf6 | p3=0x1b7b…dc81
2026-02-23T21:46:12Z | block=78826108 | kind=Triangular | hops=V3CL→V3CL→V2 | token=USDC | idx=810 | profit=0.042628 USDC | amount_in=48 | p1=0xf014…9534 | p2=0xb78d…ebf6 | p3=0x1b7b…dc81
2026-02-23T21:46:12Z | block=78826108 | kind=Triangular | hops=Algebra→V3CL→V2 | token=USDC | idx=649 | profit=0.04254 USDC | amount_in=47 | p1=0x4110…6fc7 | p2=0xb78d…ebf6 | p3=0x1b7b…dc81
2026-02-23T21:46:12Z | block=78826109 | kind=Triangular | hops=V3CL→V2→Algebra | token=WAVAX | idx=309 | profit=0.005880953334860019 WAVAX | amount_in=6 | p1=0xb78d…ebf6 | p2=0x1b7b…dc81 | p3=0x668a…7a69
2026-02-23T21:46:12Z | block=78826109 | kind=Triangular | hops=V3CL→V2→Algebra | token=WAVAX | idx=310 | profit=0.005047822592941507 WAVAX | amount_in=6 | p1=0xb78d…ebf6 | p2=0x1b7b…dc81 | p3=0xa02e…6ea0
2026-02-23T21:46:12Z | block=78826109 | kind=Triangular | hops=V3CL→V2→V3CL | token=WAVAX | idx=311 | profit=0.004907205360135811 WAVAX | amount_in=6 | p1=0xb78d…ebf6 | p2=0x1b7b…dc81 | p3=0xf014…9534
2026-02-23T21:46:12Z | block=78826109 | kind=Triangular | hops=V3CL→V2→Algebra | token=WAVAX | idx=308 | profit=0.004832722217431474 WAVAX | amount_in=6 | p1=0xb78d…ebf6 | p2=0x1b7b…dc81 | p3=0x4110…6fc7
2026-02-23T21:46:12Z | block=78826109 | kind=Triangular | hops=Algebra→V3CL→V2 | token=USDC | idx=682 | profit=0.049595 USDC | amount_in=50 | p1=0x668a…7a69 | p2=0xb78d…ebf6 | p3=0x1b7b…dc81
2026-02-23T21:46:12Z | block=78826109 | kind=Triangular | hops=Algebra→V3CL→V2 | token=USDC | idx=733 | profit=0.043749 USDC | amount_in=48 | p1=0xa02e…6ea0 | p2=0xb78d…ebf6 | p3=0x1b7b…dc81
2026-02-23T21:46:12Z | block=78826109 | kind=Triangular | hops=V3CL→V3CL→V2 | token=USDC | idx=810 | profit=0.042628 USDC | amount_in=48 | p1=0xf014…9534 | p2=0xb78d…ebf6 | p3=0x1b7b…dc81
2026-02-23T21:46:12Z | block=78826109 | kind=Triangular | hops=Algebra→V3CL→V2 | token=USDC | idx=649 | profit=0.04254 USDC | amount_in=47 | p1=0x4110…6fc7 | p2=0xb78d…ebf6 | p3=0x1b7b…dc81
2026-02-23T21:46:13Z | block=78826110 | kind=Triangular | hops=V3CL→V2→Algebra | token=WAVAX | idx=309 | profit=0.005880953334860019 WAVAX | amount_in=6 | p1=0xb78d…ebf6 | p2=0x1b7b…dc81 | p3=0x668a…7a69
2026-02-23T21:46:13Z | block=78826110 | kind=Triangular | hops=V3CL→V2→Algebra | token=WAVAX | idx=310 | profit=0.005047822592941507 WAVAX | amount_in=6 | p1=0xb78d…ebf6 | p2=0x1b7b…dc81 | p3=0xa02e…6ea0
2026-02-23T21:46:13Z | block=78826110 | kind=Triangular | hops=V3CL→V2→V3CL | token=WAVAX | idx=311 | profit=0.004907205360135811 WAVAX | amount_in=6 | p1=0xb78d…ebf6 | p2=0x1b7b…dc81 | p3=0xf014…9534
2026-02-23T21:46:13Z | block=78826110 | kind=Triangular | hops=V3CL→V2→Algebra | token=WAVAX | idx=308 | profit=0.004832722217431474 WAVAX | amount_in=6 | p1=0xb78d…ebf6 | p2=0x1b7b…dc81 | p3=0x4110…6fc7
2026-02-23T21:46:13Z | block=78826110 | kind=Triangular | hops=Algebra→V3CL→V2 | token=USDC | idx=682 | profit=0.049595 USDC | amount_in=50 | p1=0x668a…7a69 | p2=0xb78d…ebf6 | p3=0x1b7b…dc81
2026-02-23T21:46:13Z | block=78826110 | kind=Triangular | hops=Algebra→V3CL→V2 | token=USDC | idx=733 | profit=0.043749 USDC | amount_in=48 | p1=0xa02e…6ea0 | p2=0xb78d…ebf6 | p3=0x1b7b…dc81
2026-02-23T21:46:13Z | block=78826110 | kind=Triangular | hops=V3CL→V3CL→V2 | token=USDC | idx=810 | profit=0.042628 USDC | amount_in=48 | p1=0xf014…9534 | p2=0xb78d…ebf6 | p3=0x1b7b…dc81
2026-02-23T21:46:13Z | block=78826110 | kind=Triangular | hops=Algebra→V3CL→V2 | token=USDC | idx=649 | profit=0.04254 USDC | amount_in=47 | p1=0x4110…6fc7 | p2=0xb78d…ebf6 | p3=0x1b7b…dc81
2026-02-23T21:46:14Z | block=78826111 | kind=Triangular | hops=V3CL→V2→Algebra | token=WAVAX | idx=309 | profit=0.005880953334860019 WAVAX | amount_in=6 | p1=0xb78d…ebf6 | p2=0x1b7b…dc81 | p3=0x668a…7a69
2026-02-23T21:46:14Z | block=78826111 | kind=Triangular | hops=V3CL→V2→Algebra | token=WAVAX | idx=310 | profit=0.005047822592941507 WAVAX | amount_in=6 | p1=0xb78d…ebf6 | p2=0x1b7b…dc81 | p3=0xa02e…6ea0
2026-02-23T21:46:14Z | block=78826111 | kind=Triangular | hops=V3CL→V2→V3CL | token=WAVAX | idx=311 | profit=0.004907205360135811 WAVAX | amount_in=6 | p1=0xb78d…ebf6 | p2=0x1b7b…dc81 | p3=0xf014…9534
2026-02-23T21:46:14Z | block=78826111 | kind=Triangular | hops=V3CL→V2→Algebra | token=WAVAX | idx=308 | profit=0.004832722217431474 WAVAX | amount_in=6 | p1=0xb78d…ebf6 | p2=0x1b7b…dc81 | p3=0x4110…6fc7
2026-02-23T21:46:14Z | block=78826111 | kind=Triangular | hops=Algebra→V3CL→V2 | token=USDC | idx=682 | profit=0.049595 USDC | amount_in=50 | p1=0x668a…7a69 | p2=0xb78d…ebf6 | p3=0x1b7b…dc81
2026-02-23T21:46:14Z | block=78826111 | kind=Triangular | hops=Algebra→V3CL→V2 | token=USDC | idx=733 | profit=0.043749 USDC | amount_in=48 | p1=0xa02e…6ea0 | p2=0xb78d…ebf6 | p3=0x1b7b…dc81
2026-02-23T21:46:14Z | block=78826111 | kind=Triangular | hops=V3CL→V3CL→V2 | token=USDC | idx=810 | profit=0.042628 USDC | amount_in=48 | p1=0xf014…9534 | p2=0xb78d…ebf6 | p3=0x1b7b…dc81
2026-02-23T21:46:14Z | block=78826111 | kind=Triangular | hops=Algebra→V3CL→V2 | token=USDC | idx=649 | profit=0.04254 USDC | amount_in=47 | p1=0x4110…6fc7 | p2=0xb78d…ebf6 | p3=0x1b7b…dc81
2026-02-23T21:46:15Z | block=78826112 | kind=Triangular | hops=V3CL→V2→Algebra | token=WAVAX | idx=309 | profit=0.005880953334860019 WAVAX | amount_in=6 | p1=0xb78d…ebf6 | p2=0x1b7b…dc81 | p3=0x668a…7a69
2026-02-23T21:46:15Z | block=78826112 | kind=Triangular | hops=V3CL→V2→Algebra | token=WAVAX | idx=310 | profit=0.005047822592941507 WAVAX | amount_in=6 | p1=0xb78d…ebf6 | p2=0x1b7b…dc81 | p3=0xa02e…6ea0
2026-02-23T21:46:15Z | block=78826112 | kind=Triangular | hops=V3CL→V2→V3CL | token=WAVAX | idx=311 | profit=0.004907205360135811 WAVAX | amount_in=6 | p1=0xb78d…ebf6 | p2=0x1b7b…dc81 | p3=0xf014…9534
2026-02-23T21:46:15Z | block=78826112 | kind=Triangular | hops=V3CL→V2→Algebra | token=WAVAX | idx=308 | profit=0.004832722217431474 WAVAX | amount_in=6 | p1=0xb78d…ebf6 | p2=0x1b7b…dc81 | p3=0x4110…6fc7
2026-02-23T21:46:15Z | block=78826112 | kind=Triangular | hops=Algebra→V3CL→V2 | token=USDC | idx=682 | profit=0.049595 USDC | amount_in=50 | p1=0x668a…7a69 | p2=0xb78d…ebf6 | p3=0x1b7b…dc81
2026-02-23T21:46:15Z | block=78826112 | kind=Triangular | hops=Algebra→V3CL→V2 | token=USDC | idx=733 | profit=0.043749 USDC | amount_in=48 | p1=0xa02e…6ea0 | p2=0xb78d…ebf6 | p3=0x1b7b…dc81
2026-02-23T21:46:15Z | block=78826112 | kind=Triangular | hops=V3CL→V3CL→V2 | token=USDC | idx=810 | profit=0.042628 USDC | amount_in=48 | p1=0xf014…9534 | p2=0xb78d…ebf6 | p3=0x1b7b…dc81
2026-02-23T21:46:15Z | block=78826112 | kind=Triangular | hops=Algebra→V3CL→V2 | token=USDC | idx=649 | profit=0.04254 USDC | amount_in=47 | p1=0x4110…6fc7 | p2=0xb78d…ebf6 | p3=0x1b7b…dc81
2026-02-23T21:46:16Z | block=78826113 | kind=Triangular | hops=V3CL→V2→Algebra | token=WAVAX | idx=309 | profit=0.005880953334860019 WAVAX | amount_in=6 | p1=0xb78d…ebf6 | p2=0x1b7b…dc81 | p3=0x668a…7a69
2026-02-23T21:46:16Z | block=78826113 | kind=Triangular | hops=V3CL→V2→Algebra | token=WAVAX | idx=310 | profit=0.005047822592941507 WAVAX | amount_in=6 | p1=0xb78d…ebf6 | p2=0x1b7b…dc81 | p3=0xa02e…6ea0
2026-02-23T21:46:16Z | block=78826113 | kind=Triangular | hops=V3CL→V2→V3CL | token=WAVAX | idx=311 | profit=0.004907205360135811 WAVAX | amount_in=6 | p1=0xb78d…ebf6 | p2=0x1b7b…dc81 | p3=0xf014…9534
2026-02-23T21:46:16Z | block=78826113 | kind=Triangular | hops=V3CL→V2→Algebra | token=WAVAX | idx=308 | profit=0.004832722217431474 WAVAX | amount_in=6 | p1=0xb78d…ebf6 | p2=0x1b7b…dc81 | p3=0x4110…6fc7
2026-02-23T21:46:16Z | block=78826113 | kind=Triangular | hops=Algebra→V3CL→V2 | token=USDC | idx=682 | profit=0.049595 USDC | amount_in=50 | p1=0x668a…7a69 | p2=0xb78d…ebf6 | p3=0x1b7b…dc81
2026-02-23T21:46:16Z | block=78826113 | kind=Triangular | hops=Algebra→V3CL→V2 | token=USDC | idx=733 | profit=0.043749 USDC | amount_in=48 | p1=0xa02e…6ea0 | p2=0xb78d…ebf6 | p3=0x1b7b…dc81
2026-02-23T21:46:16Z | block=78826113 | kind=Triangular | hops=V3CL→V3CL→V2 | token=USDC | idx=810 | profit=0.042628 USDC | amount_in=48 | p1=0xf014…9534 | p2=0xb78d…ebf6 | p3=0x1b7b…dc81
2026-02-23T21:46:16Z | block=78826113 | kind=Triangular | hops=Algebra→V3CL→V2 | token=USDC | idx=649 | profit=0.04254 USDC | amount_in=47 | p1=0x4110…6fc7 | p2=0xb78d…ebf6 | p3=0x1b7b…dc81
2026-02-23T21:46:17Z | block=78826114 | kind=Triangular | hops=V3CL→V2→Algebra | token=WAVAX | idx=309 | profit=0.005880953334860019 WAVAX | amount_in=6 | p1=0xb78d…ebf6 | p2=0x1b7b…dc81 | p3=0x668a…7a69
2026-02-23T21:46:17Z | block=78826114 | kind=Triangular | hops=V3CL→V2→Algebra | token=WAVAX | idx=310 | profit=0.005047822592941507 WAVAX | amount_in=6 | p1=0xb78d…ebf6 | p2=0x1b7b…dc81 | p3=0xa02e…6ea0
2026-02-23T21:46:17Z | block=78826114 | kind=Triangular | hops=V3CL→V2→V3CL | token=WAVAX | idx=311 | profit=0.004907205360135811 WAVAX | amount_in=6 | p1=0xb78d…ebf6 | p2=0x1b7b…dc81 | p3=0xf014…9534
2026-02-23T21:46:17Z | block=78826114 | kind=Triangular | hops=V3CL→V2→Algebra | token=WAVAX | idx=308 | profit=0.004832722217431474 WAVAX | amount_in=6 | p1=0xb78d…ebf6 | p2=0x1b7b…dc81 | p3=0x4110…6fc7
2026-02-23T21:46:17Z | block=78826114 | kind=Triangular | hops=Algebra→V3CL→V2 | token=USDC | idx=682 | profit=0.049595 USDC | amount_in=50 | p1=0x668a…7a69 | p2=0xb78d…ebf6 | p3=0x1b7b…dc81
2026-02-23T21:46:17Z | block=78826114 | kind=Triangular | hops=Algebra→V3CL→V2 | token=USDC | idx=733 | profit=0.043749 USDC | amount_in=48 | p1=0xa02e…6ea0 | p2=0xb78d…ebf6 | p3=0x1b7b…dc81
2026-02-23T21:46:17Z | block=78826114 | kind=Triangular | hops=V3CL→V3CL→V2 | token=USDC | idx=810 | profit=0.042628 USDC | amount_in=48 | p1=0xf014…9534 | p2=0xb78d…ebf6 | p3=0x1b7b…dc81
2026-02-23T21:46:17Z | block=78826114 | kind=Triangular | hops=Algebra→V3CL→V2 | token=USDC | idx=649 | profit=0.04254 USDC | amount_in=47 | p1=0x4110…6fc7 | p2=0xb78d…ebf6 | p3=0x1b7b…dc81
2026-02-23T21:46:18Z | block=78826115 | kind=Triangular | hops=V3CL→V2→Algebra | token=WAVAX | idx=309 | profit=0.005880953334860019 WAVAX | amount_in=6 | p1=0xb78d…ebf6 | p2=0x1b7b…dc81 | p3=0x668a…7a69
2026-02-23T21:46:18Z | block=78826115 | kind=Triangular | hops=V3CL→V2→Algebra | token=WAVAX | idx=310 | profit=0.005047822592941507 WAVAX | amount_in=6 | p1=0xb78d…ebf6 | p2=0x1b7b…dc81 | p3=0xa02e…6ea0
2026-02-23T21:46:18Z | block=78826115 | kind=Triangular | hops=V3CL→V2→V3CL | token=WAVAX | idx=311 | profit=0.004907205360135811 WAVAX | amount_in=6 | p1=0xb78d…ebf6 | p2=0x1b7b…dc81 | p3=0xf014…9534
2026-02-23T21:46:18Z | block=78826115 | kind=Triangular | hops=V3CL→V2→Algebra | token=WAVAX | idx=308 | profit=0.004832722217431474 WAVAX | amount_in=6 | p1=0xb78d…ebf6 | p2=0x1b7b…dc81 | p3=0x4110…6fc7
2026-02-23T21:46:18Z | block=78826115 | kind=Triangular | hops=Algebra→V3CL→V2 | token=USDC | idx=682 | profit=0.049595 USDC | amount_in=50 | p1=0x668a…7a69 | p2=0xb78d…ebf6 | p3=0x1b7b…dc81
2026-02-23T21:46:18Z | block=78826115 | kind=Triangular | hops=Algebra→V3CL→V2 | token=USDC | idx=733 | profit=0.043749 USDC | amount_in=48 | p1=0xa02e…6ea0 | p2=0xb78d…ebf6 | p3=0x1b7b…dc81
2026-02-23T21:46:18Z | block=78826115 | kind=Triangular | hops=V3CL→V3CL→V2 | token=USDC | idx=810 | profit=0.042628 USDC | amount_in=48 | p1=0xf014…9534 | p2=0xb78d…ebf6 | p3=0x1b7b…dc81
2026-02-23T21:46:18Z | block=78826115 | kind=Triangular | hops=Algebra→V3CL→V2 | token=USDC | idx=649 | profit=0.04254 USDC | amount_in=47 | p1=0x4110…6fc7 | p2=0xb78d…ebf6 | p3=0x1b7b…dc81
2026-02-23T21:46:19Z | block=78826116 | kind=Triangular | hops=V3CL→V2→Algebra | token=WAVAX | idx=309 | profit=0.005880953334860019 WAVAX | amount_in=6 | p1=0xb78d…ebf6 | p2=0x1b7b…dc81 | p3=0x668a…7a69
2026-02-23T21:46:19Z | block=78826116 | kind=Triangular | hops=V3CL→V2→Algebra | token=WAVAX | idx=310 | profit=0.005047822592941507 WAVAX | amount_in=6 | p1=0xb78d…ebf6 | p2=0x1b7b…dc81 | p3=0xa02e…6ea0
2026-02-23T21:46:19Z | block=78826116 | kind=Triangular | hops=V3CL→V2→V3CL | token=WAVAX | idx=311 | profit=0.004907205360135811 WAVAX | amount_in=6 | p1=0xb78d…ebf6 | p2=0x1b7b…dc81 | p3=0xf014…9534
2026-02-23T21:46:19Z | block=78826116 | kind=Triangular | hops=V3CL→V2→Algebra | token=WAVAX | idx=308 | profit=0.004832722217431474 WAVAX | amount_in=6 | p1=0xb78d…ebf6 | p2=0x1b7b…dc81 | p3=0x4110…6fc7
2026-02-23T21:46:19Z | block=78826116 | kind=Triangular | hops=Algebra→V3CL→V2 | token=USDC | idx=682 | profit=0.049595 USDC | amount_in=50 | p1=0x668a…7a69 | p2=0xb78d…ebf6 | p3=0x1b7b…dc81
2026-02-23T21:46:19Z | block=78826116 | kind=Triangular | hops=Algebra→V3CL→V2 | token=USDC | idx=733 | profit=0.043749 USDC | amount_in=48 | p1=0xa02e…6ea0 | p2=0xb78d…ebf6 | p3=0x1b7b…dc81
2026-02-23T21:46:19Z | block=78826116 | kind=Triangular | hops=V3CL→V3CL→V2 | token=USDC | idx=810 | profit=0.042628 USDC | amount_in=48 | p1=0xf014…9534 | p2=0xb78d…ebf6 | p3=0x1b7b…dc81
2026-02-23T21:46:19Z | block=78826116 | kind=Triangular | hops=Algebra→V3CL→V2 | token=USDC | idx=649 | profit=0.04254 USDC | amount_in=47 | p1=0x4110…6fc7 | p2=0xb78d…ebf6 | p3=0x1b7b…dc81
2026-02-23T21:46:20Z | block=78826117 | kind=Triangular | hops=V3CL→V2→Algebra | token=WAVAX | idx=309 | profit=0.005880953334860019 WAVAX | amount_in=6 | p1=0xb78d…ebf6 | p2=0x1b7b…dc81 | p3=0x668a…7a69
2026-02-23T21:46:20Z | block=78826117 | kind=Triangular | hops=V3CL→V2→Algebra | token=WAVAX | idx=310 | profit=0.005047822592941507 WAVAX | amount_in=6 | p1=0xb78d…ebf6 | p2=0x1b7b…dc81 | p3=0xa02e…6ea0
2026-02-23T21:46:20Z | block=78826117 | kind=Triangular | hops=V3CL→V2→V3CL | token=WAVAX | idx=311 | profit=0.004907205360135811 WAVAX | amount_in=6 | p1=0xb78d…ebf6 | p2=0x1b7b…dc81 | p3=0xf014…9534
2026-02-23T21:46:20Z | block=78826117 | kind=Triangular | hops=V3CL→V2→Algebra | token=WAVAX | idx=308 | profit=0.004832722217431474 WAVAX | amount_in=6 | p1=0xb78d…ebf6 | p2=0x1b7b…dc81 | p3=0x4110…6fc7
2026-02-23T21:46:20Z | block=78826117 | kind=Triangular | hops=Algebra→V3CL→V2 | token=USDC | idx=682 | profit=0.049595 USDC | amount_in=50 | p1=0x668a…7a69 | p2=0xb78d…ebf6 | p3=0x1b7b…dc81
2026-02-23T21:46:20Z | block=78826117 | kind=Triangular | hops=Algebra→V3CL→V2 | token=USDC | idx=733 | profit=0.043749 USDC | amount_in=48 | p1=0xa02e…6ea0 | p2=0xb78d…ebf6 | p3=0x1b7b…dc81
2026-02-23T21:46:20Z | block=78826117 | kind=Triangular | hops=V3CL→V3CL→V2 | token=USDC | idx=810 | profit=0.042628 USDC | amount_in=48 | p1=0xf014…9534 | p2=0xb78d…ebf6 | p3=0x1b7b…dc81
2026-02-23T21:46:20Z | block=78826117 | kind=Triangular | hops=Algebra→V3CL→V2 | token=USDC | idx=649 | profit=0.04254 USDC | amount_in=47 | p1=0x4110…6fc7 | p2=0xb78d…ebf6 | p3=0x1b7b…dc81
2026-02-23T21:46:21Z | block=78826118 | kind=Triangular | hops=V3CL→V2→Algebra | token=WAVAX | idx=309 | profit=0.005880953334860019 WAVAX | amount_in=6 | p1=0xb78d…ebf6 | p2=0x1b7b…dc81 | p3=0x668a…7a69
2026-02-23T21:46:21Z | block=78826118 | kind=Triangular | hops=V3CL→V2→Algebra | token=WAVAX | idx=310 | profit=0.005047822592941507 WAVAX | amount_in=6 | p1=0xb78d…ebf6 | p2=0x1b7b…dc81 | p3=0xa02e…6ea0
2026-02-23T21:46:21Z | block=78826118 | kind=Triangular | hops=V3CL→V2→V3CL | token=WAVAX | idx=311 | profit=0.004907205360135811 WAVAX | amount_in=6 | p1=0xb78d…ebf6 | p2=0x1b7b…dc81 | p3=0xf014…9534
2026-02-23T21:46:21Z | block=78826118 | kind=Triangular | hops=V3CL→V2→Algebra | token=WAVAX | idx=308 | profit=0.004832722217431474 WAVAX | amount_in=6 | p1=0xb78d…ebf6 | p2=0x1b7b…dc81 | p3=0x4110…6fc7
2026-02-23T21:46:21Z | block=78826118 | kind=Triangular | hops=Algebra→V3CL→V2 | token=USDC | idx=682 | profit=0.049595 USDC | amount_in=50 | p1=0x668a…7a69 | p2=0xb78d…ebf6 | p3=0x1b7b…dc81
2026-02-23T21:46:21Z | block=78826118 | kind=Triangular | hops=Algebra→V3CL→V2 | token=USDC | idx=733 | profit=0.043749 USDC | amount_in=48 | p1=0xa02e…6ea0 | p2=0xb78d…ebf6 | p3=0x1b7b…dc81
2026-02-23T21:46:21Z | block=78826118 | kind=Triangular | hops=V3CL→V3CL→V2 | token=USDC | idx=810 | profit=0.042628 USDC | amount_in=48 | p1=0xf014…9534 | p2=0xb78d…ebf6 | p3=0x1b7b…dc81
2026-02-23T21:46:21Z | block=78826118 | kind=Triangular | hops=Algebra→V3CL→V2 | token=USDC | idx=649 | profit=0.04254 USDC | amount_in=47 | p1=0x4110…6fc7 | p2=0xb78d…ebf6 | p3=0x1b7b…dc81
2026-02-23T21:46:22Z | block=78826119 | kind=Triangular | hops=V3CL→V2→Algebra | token=WAVAX | idx=309 | profit=0.005880953334860019 WAVAX | amount_in=6 | p1=0xb78d…ebf6 | p2=0x1b7b…dc81 | p3=0x668a…7a69
2026-02-23T21:46:22Z | block=78826119 | kind=Triangular | hops=V3CL→V2→Algebra | token=WAVAX | idx=310 | profit=0.005047822592941507 WAVAX | amount_in=6 | p1=0xb78d…ebf6 | p2=0x1b7b…dc81 | p3=0xa02e…6ea0
2026-02-23T21:46:22Z | block=78826119 | kind=Triangular | hops=V3CL→V2→V3CL | token=WAVAX | idx=311 | profit=0.004907205360135811 WAVAX | amount_in=6 | p1=0xb78d…ebf6 | p2=0x1b7b…dc81 | p3=0xf014…9534
2026-02-23T21:46:22Z | block=78826119 | kind=Triangular | hops=V3CL→V2→Algebra | token=WAVAX | idx=308 | profit=0.004832722217431474 WAVAX | amount_in=6 | p1=0xb78d…ebf6 | p2=0x1b7b…dc81 | p3=0x4110…6fc7
2026-02-23T21:46:22Z | block=78826119 | kind=Triangular | hops=Algebra→V3CL→V2 | token=USDC | idx=682 | profit=0.049595 USDC | amount_in=50 | p1=0x668a…7a69 | p2=0xb78d…ebf6 | p3=0x1b7b…dc81
2026-02-23T21:46:22Z | block=78826119 | kind=Triangular | hops=Algebra→V3CL→V2 | token=USDC | idx=733 | profit=0.043749 USDC | amount_in=48 | p1=0xa02e…6ea0 | p2=0xb78d…ebf6 | p3=0x1b7b…dc81
2026-02-23T21:46:22Z | block=78826119 | kind=Triangular | hops=V3CL→V3CL→V2 | token=USDC | idx=810 | profit=0.042628 USDC | amount_in=48 | p1=0xf014…9534 | p2=0xb78d…ebf6 | p3=0x1b7b…dc81
2026-02-23T21:46:22Z | block=78826119 | kind=Triangular | hops=Algebra→V3CL→V2 | token=USDC | idx=649 | profit=0.04254 USDC | amount_in=47 | p1=0x4110…6fc7 | p2=0xb78d…ebf6 | p3=0x1b7b…dc81
2026-02-23T21:46:23Z | block=78826120 | kind=Triangular | hops=V3CL→V2→Algebra | token=WAVAX | idx=309 | profit=0.005880953334860019 WAVAX | amount_in=6 | p1=0xb78d…ebf6 | p2=0x1b7b…dc81 | p3=0x668a…7a69
2026-02-23T21:46:23Z | block=78826120 | kind=Triangular | hops=V3CL→V2→Algebra | token=WAVAX | idx=310 | profit=0.005047822592941507 WAVAX | amount_in=6 | p1=0xb78d…ebf6 | p2=0x1b7b…dc81 | p3=0xa02e…6ea0
2026-02-23T21:46:23Z | block=78826120 | kind=Triangular | hops=V3CL→V2→V3CL | token=WAVAX | idx=311 | profit=0.004907205360135811 WAVAX | amount_in=6 | p1=0xb78d…ebf6 | p2=0x1b7b…dc81 | p3=0xf014…9534
2026-02-23T21:46:23Z | block=78826120 | kind=Triangular | hops=V3CL→V2→Algebra | token=WAVAX | idx=308 | profit=0.004832722217431474 WAVAX | amount_in=6 | p1=0xb78d…ebf6 | p2=0x1b7b…dc81 | p3=0x4110…6fc7
2026-02-23T21:46:23Z | block=78826120 | kind=Triangular | hops=Algebra→V3CL→V2 | token=USDC | idx=682 | profit=0.049595 USDC | amount_in=50 | p1=0x668a…7a69 | p2=0xb78d…ebf6 | p3=0x1b7b…dc81
2026-02-23T21:46:23Z | block=78826120 | kind=Triangular | hops=Algebra→V3CL→V2 | token=USDC | idx=733 | profit=0.043749 USDC | amount_in=48 | p1=0xa02e…6ea0 | p2=0xb78d…ebf6 | p3=0x1b7b…dc81
2026-02-23T21:46:23Z | block=78826120 | kind=Triangular | hops=V3CL→V3CL→V2 | token=USDC | idx=810 | profit=0.042628 USDC | amount_in=48 | p1=0xf014…9534 | p2=0xb78d…ebf6 | p3=0x1b7b…dc81
2026-02-23T21:46:23Z | block=78826120 | kind=Triangular | hops=Algebra→V3CL→V2 | token=USDC | idx=649 | profit=0.04254 USDC | amount_in=47 | p1=0x4110…6fc7 | p2=0xb78d…ebf6 | p3=0x1b7b…dc81
2026-02-23T21:46:24Z | block=78826121 | kind=Triangular | hops=V3CL→V2→Algebra | token=WAVAX | idx=309 | profit=0.005880953334860019 WAVAX | amount_in=6 | p1=0xb78d…ebf6 | p2=0x1b7b…dc81 | p3=0x668a…7a69
2026-02-23T21:46:24Z | block=78826121 | kind=Triangular | hops=V3CL→V2→Algebra | token=WAVAX | idx=310 | profit=0.005047822592941507 WAVAX | amount_in=6 | p1=0xb78d…ebf6 | p2=0x1b7b…dc81 | p3=0xa02e…6ea0
2026-02-23T21:46:24Z | block=78826121 | kind=Triangular | hops=V3CL→V2→V3CL | token=WAVAX | idx=311 | profit=0.004907205360135811 WAVAX | amount_in=6 | p1=0xb78d…ebf6 | p2=0x1b7b…dc81 | p3=0xf014…9534
2026-02-23T21:46:24Z | block=78826121 | kind=Triangular | hops=V3CL→V2→Algebra | token=WAVAX | idx=308 | profit=0.004832722217431474 WAVAX | amount_in=6 | p1=0xb78d…ebf6 | p2=0x1b7b…dc81 | p3=0x4110…6fc7
2026-02-23T21:46:24Z | block=78826121 | kind=Triangular | hops=Algebra→V3CL→V2 | token=USDC | idx=682 | profit=0.049595 USDC | amount_in=50 | p1=0x668a…7a69 | p2=0xb78d…ebf6 | p3=0x1b7b…dc81
2026-02-23T21:46:24Z | block=78826121 | kind=Triangular | hops=Algebra→V3CL→V2 | token=USDC | idx=733 | profit=0.043749 USDC | amount_in=48 | p1=0xa02e…6ea0 | p2=0xb78d…ebf6 | p3=0x1b7b…dc81
2026-02-23T21:46:24Z | block=78826121 | kind=Triangular | hops=V3CL→V3CL→V2 | token=USDC | idx=810 | profit=0.042628 USDC | amount_in=48 | p1=0xf014…9534 | p2=0xb78d…ebf6 | p3=0x1b7b…dc81
2026-02-23T21:46:24Z | block=78826121 | kind=Triangular | hops=Algebra→V3CL→V2 | token=USDC | idx=649 | profit=0.04254 USDC | amount_in=47 | p1=0x4110…6fc7 | p2=0xb78d…ebf6 | p3=0x1b7b…dc81
2026-02-23T21:46:25Z | block=78826122 | kind=Triangular | hops=V3CL→V2→Algebra | token=WAVAX | idx=309 | profit=0.00593806118185696 WAVAX | amount_in=6 | p1=0xb78d…ebf6 | p2=0x1b7b…dc81 | p3=0x668a…7a69
2026-02-23T21:46:25Z | block=78826122 | kind=Triangular | hops=V3CL→V2→Algebra | token=WAVAX | idx=310 | profit=0.005047822592941507 WAVAX | amount_in=6 | p1=0xb78d…ebf6 | p2=0x1b7b…dc81 | p3=0xa02e…6ea0
2026-02-23T21:46:25Z | block=78826122 | kind=Triangular | hops=V3CL→V2→V3CL | token=WAVAX | idx=311 | profit=0.004907205360135811 WAVAX | amount_in=6 | p1=0xb78d…ebf6 | p2=0x1b7b…dc81 | p3=0xf014…9534
2026-02-23T21:46:25Z | block=78826122 | kind=Triangular | hops=V3CL→V2→Algebra | token=WAVAX | idx=308 | profit=0.004832722217431474 WAVAX | amount_in=6 | p1=0xb78d…ebf6 | p2=0x1b7b…dc81 | p3=0x4110…6fc7
2026-02-23T21:46:25Z | block=78826122 | kind=Triangular | hops=Algebra→V3CL→V2 | token=USDC | idx=682 | profit=0.050065 USDC | amount_in=50 | p1=0x668a…7a69 | p2=0xb78d…ebf6 | p3=0x1b7b…dc81
2026-02-23T21:46:25Z | block=78826122 | kind=Triangular | hops=Algebra→V3CL→V2 | token=USDC | idx=733 | profit=0.043749 USDC | amount_in=48 | p1=0xa02e…6ea0 | p2=0xb78d…ebf6 | p3=0x1b7b…dc81
2026-02-23T21:46:25Z | block=78826122 | kind=Triangular | hops=V3CL→V3CL→V2 | token=USDC | idx=810 | profit=0.042628 USDC | amount_in=48 | p1=0xf014…9534 | p2=0xb78d…ebf6 | p3=0x1b7b…dc81
2026-02-23T21:46:25Z | block=78826122 | kind=Triangular | hops=Algebra→V3CL→V2 | token=USDC | idx=649 | profit=0.04254 USDC | amount_in=47 | p1=0x4110…6fc7 | p2=0xb78d…ebf6 | p3=0x1b7b…dc81
2026-02-23T21:46:26Z | block=78826123 | kind=Triangular | hops=V3CL→V2→Algebra | token=WAVAX | idx=309 | profit=0.00593806118185696 WAVAX | amount_in=6 | p1=0xb78d…ebf6 | p2=0x1b7b…dc81 | p3=0x668a…7a69
2026-02-23T21:46:26Z | block=78826123 | kind=Triangular | hops=V3CL→V2→Algebra | token=WAVAX | idx=310 | profit=0.005047822592941507 WAVAX | amount_in=6 | p1=0xb78d…ebf6 | p2=0x1b7b…dc81 | p3=0xa02e…6ea0
2026-02-23T21:46:26Z | block=78826123 | kind=Triangular | hops=V3CL→V2→V3CL | token=WAVAX | idx=311 | profit=0.004907205360135811 WAVAX | amount_in=6 | p1=0xb78d…ebf6 | p2=0x1b7b…dc81 | p3=0xf014…9534
2026-02-23T21:46:26Z | block=78826123 | kind=Triangular | hops=V3CL→V2→Algebra | token=WAVAX | idx=308 | profit=0.004832722217431474 WAVAX | amount_in=6 | p1=0xb78d…ebf6 | p2=0x1b7b…dc81 | p3=0x4110…6fc7
2026-02-23T21:46:26Z | block=78826123 | kind=Triangular | hops=Algebra→V3CL→V2 | token=USDC | idx=682 | profit=0.050065 USDC | amount_in=50 | p1=0x668a…7a69 | p2=0xb78d…ebf6 | p3=0x1b7b…dc81
2026-02-23T21:46:26Z | block=78826123 | kind=Triangular | hops=Algebra→V3CL→V2 | token=USDC | idx=733 | profit=0.043749 USDC | amount_in=48 | p1=0xa02e…6ea0 | p2=0xb78d…ebf6 | p3=0x1b7b…dc81
2026-02-23T21:46:26Z | block=78826123 | kind=Triangular | hops=V3CL→V3CL→V2 | token=USDC | idx=810 | profit=0.042628 USDC | amount_in=48 | p1=0xf014…9534 | p2=0xb78d…ebf6 | p3=0x1b7b…dc81
2026-02-23T21:46:26Z | block=78826123 | kind=Triangular | hops=Algebra→V3CL→V2 | token=USDC | idx=649 | profit=0.04254 USDC | amount_in=47 | p1=0x4110…6fc7 | p2=0xb78d…ebf6 | p3=0x1b7b…dc81
2026-02-23T21:46:27Z | block=78826124 | kind=Triangular | hops=V3CL→V2→Algebra | token=WAVAX | idx=309 | profit=0.006007587198366183 WAVAX | amount_in=6 | p1=0xb78d…ebf6 | p2=0x1b7b…dc81 | p3=0x668a…7a69
2026-02-23T21:46:27Z | block=78826124 | kind=Triangular | hops=V3CL→V2→Algebra | token=WAVAX | idx=310 | profit=0.005047822592941507 WAVAX | amount_in=6 | p1=0xb78d…ebf6 | p2=0x1b7b…dc81 | p3=0xa02e…6ea0
2026-02-23T21:46:27Z | block=78826124 | kind=Triangular | hops=V3CL→V2→V3CL | token=WAVAX | idx=311 | profit=0.004911806878420756 WAVAX | amount_in=6 | p1=0xb78d…ebf6 | p2=0x1b7b…dc81 | p3=0xf014…9534
2026-02-23T21:46:27Z | block=78826124 | kind=Triangular | hops=V3CL→V2→Algebra | token=WAVAX | idx=308 | profit=0.004822177371940114 WAVAX | amount_in=6 | p1=0xb78d…ebf6 | p2=0x1b7b…dc81 | p3=0x4110…6fc7
2026-02-23T21:46:27Z | block=78826124 | kind=Triangular | hops=Algebra→V3CL→V2 | token=USDC | idx=682 | profit=0.050151 USDC | amount_in=51 | p1=0x668a…7a69 | p2=0xb78d…ebf6 | p3=0x1b7b…dc81
2026-02-23T21:46:27Z | block=78826124 | kind=Triangular | hops=Algebra→V3CL→V2 | token=USDC | idx=733 | profit=0.043749 USDC | amount_in=48 | p1=0xa02e…6ea0 | p2=0xb78d…ebf6 | p3=0x1b7b…dc81
2026-02-23T21:46:27Z | block=78826124 | kind=Triangular | hops=V3CL→V3CL→V2 | token=USDC | idx=810 | profit=0.042665 USDC | amount_in=48 | p1=0xf014…9534 | p2=0xb78d…ebf6 | p3=0x1b7b…dc81
2026-02-23T21:46:27Z | block=78826124 | kind=Triangular | hops=Algebra→V3CL→V2 | token=USDC | idx=649 | profit=0.042464 USDC | amount_in=47 | p1=0x4110…6fc7 | p2=0xb78d…ebf6 | p3=0x1b7b…dc81
2026-02-23T21:46:28Z | block=78826125 | kind=Triangular | hops=V3CL→V2→Algebra | token=WAVAX | idx=309 | profit=0.006007587198366183 WAVAX | amount_in=6 | p1=0xb78d…ebf6 | p2=0x1b7b…dc81 | p3=0x668a…7a69
2026-02-23T21:46:28Z | block=78826125 | kind=Triangular | hops=V3CL→V2→Algebra | token=WAVAX | idx=310 | profit=0.005047822592941507 WAVAX | amount_in=6 | p1=0xb78d…ebf6 | p2=0x1b7b…dc81 | p3=0xa02e…6ea0
2026-02-23T21:46:28Z | block=78826125 | kind=Triangular | hops=V3CL→V2→V3CL | token=WAVAX | idx=311 | profit=0.004911806878420756 WAVAX | amount_in=6 | p1=0xb78d…ebf6 | p2=0x1b7b…dc81 | p3=0xf014…9534
2026-02-23T21:46:28Z | block=78826125 | kind=Triangular | hops=V3CL→V2→Algebra | token=WAVAX | idx=308 | profit=0.004822177371940114 WAVAX | amount_in=6 | p1=0xb78d…ebf6 | p2=0x1b7b…dc81 | p3=0x4110…6fc7
2026-02-23T21:46:28Z | block=78826125 | kind=Triangular | hops=Algebra→V3CL→V2 | token=USDC | idx=682 | profit=0.050151 USDC | amount_in=51 | p1=0x668a…7a69 | p2=0xb78d…ebf6 | p3=0x1b7b…dc81
2026-02-23T21:46:28Z | block=78826125 | kind=Triangular | hops=Algebra→V3CL→V2 | token=USDC | idx=733 | profit=0.043749 USDC | amount_in=48 | p1=0xa02e…6ea0 | p2=0xb78d…ebf6 | p3=0x1b7b…dc81
2026-02-23T21:46:28Z | block=78826125 | kind=Triangular | hops=V3CL→V3CL→V2 | token=USDC | idx=810 | profit=0.042665 USDC | amount_in=48 | p1=0xf014…9534 | p2=0xb78d…ebf6 | p3=0x1b7b…dc81
2026-02-23T21:46:28Z | block=78826125 | kind=Triangular | hops=Algebra→V3CL→V2 | token=USDC | idx=649 | profit=0.042464 USDC | amount_in=47 | p1=0x4110…6fc7 | p2=0xb78d…ebf6 | p3=0x1b7b…dc81
2026-02-23T21:46:29Z | block=78826126 | kind=Triangular | hops=V3CL→V2→Algebra | token=WAVAX | idx=309 | profit=0.006007587198366183 WAVAX | amount_in=6 | p1=0xb78d…ebf6 | p2=0x1b7b…dc81 | p3=0x668a…7a69
2026-02-23T21:46:29Z | block=78826126 | kind=Triangular | hops=V3CL→V2→Algebra | token=WAVAX | idx=310 | profit=0.005047822592941507 WAVAX | amount_in=6 | p1=0xb78d…ebf6 | p2=0x1b7b…dc81 | p3=0xa02e…6ea0
2026-02-23T21:46:29Z | block=78826126 | kind=Triangular | hops=V3CL→V2→V3CL | token=WAVAX | idx=311 | profit=0.004911806878420756 WAVAX | amount_in=6 | p1=0xb78d…ebf6 | p2=0x1b7b…dc81 | p3=0xf014…9534
2026-02-23T21:46:29Z | block=78826126 | kind=Triangular | hops=V3CL→V2→Algebra | token=WAVAX | idx=308 | profit=0.004822177371940114 WAVAX | amount_in=6 | p1=0xb78d…ebf6 | p2=0x1b7b…dc81 | p3=0x4110…6fc7
2026-02-23T21:46:29Z | block=78826126 | kind=Triangular | hops=Algebra→V3CL→V2 | token=USDC | idx=682 | profit=0.050151 USDC | amount_in=51 | p1=0x668a…7a69 | p2=0xb78d…ebf6 | p3=0x1b7b…dc81
2026-02-23T21:46:29Z | block=78826126 | kind=Triangular | hops=Algebra→V3CL→V2 | token=USDC | idx=733 | profit=0.043749 USDC | amount_in=48 | p1=0xa02e…6ea0 | p2=0xb78d…ebf6 | p3=0x1b7b…dc81
2026-02-23T21:46:29Z | block=78826126 | kind=Triangular | hops=V3CL→V3CL→V2 | token=USDC | idx=810 | profit=0.042665 USDC | amount_in=48 | p1=0xf014…9534 | p2=0xb78d…ebf6 | p3=0x1b7b…dc81
2026-02-23T21:46:29Z | block=78826126 | kind=Triangular | hops=Algebra→V3CL→V2 | token=USDC | idx=649 | profit=0.042464 USDC | amount_in=47 | p1=0x4110…6fc7 | p2=0xb78d…ebf6 | p3=0x1b7b…dc81
2026-02-23T21:46:30Z | block=78826127 | kind=Triangular | hops=V3CL→V2→Algebra | token=WAVAX | idx=309 | profit=0.006007587198366183 WAVAX | amount_in=6 | p1=0xb78d…ebf6 | p2=0x1b7b…dc81 | p3=0x668a…7a69
2026-02-23T21:46:30Z | block=78826127 | kind=Triangular | hops=V3CL→V2→Algebra | token=WAVAX | idx=310 | profit=0.005047822592941507 WAVAX | amount_in=6 | p1=0xb78d…ebf6 | p2=0x1b7b…dc81 | p3=0xa02e…6ea0
2026-02-23T21:46:30Z | block=78826127 | kind=Triangular | hops=V3CL→V2→V3CL | token=WAVAX | idx=311 | profit=0.004911806878420756 WAVAX | amount_in=6 | p1=0xb78d…ebf6 | p2=0x1b7b…dc81 | p3=0xf014…9534
2026-02-23T21:46:30Z | block=78826127 | kind=Triangular | hops=V3CL→V2→Algebra | token=WAVAX | idx=308 | profit=0.004822177371940114 WAVAX | amount_in=6 | p1=0xb78d…ebf6 | p2=0x1b7b…dc81 | p3=0x4110…6fc7
2026-02-23T21:46:30Z | block=78826127 | kind=Triangular | hops=Algebra→V3CL→V2 | token=USDC | idx=682 | profit=0.050151 USDC | amount_in=51 | p1=0x668a…7a69 | p2=0xb78d…ebf6 | p3=0x1b7b…dc81
2026-02-23T21:46:30Z | block=78826127 | kind=Triangular | hops=Algebra→V3CL→V2 | token=USDC | idx=733 | profit=0.043749 USDC | amount_in=48 | p1=0xa02e…6ea0 | p2=0xb78d…ebf6 | p3=0x1b7b…dc81
2026-02-23T21:46:30Z | block=78826127 | kind=Triangular | hops=V3CL→V3CL→V2 | token=USDC | idx=810 | profit=0.042665 USDC | amount_in=48 | p1=0xf014…9534 | p2=0xb78d…ebf6 | p3=0x1b7b…dc81
2026-02-23T21:46:30Z | block=78826127 | kind=Triangular | hops=Algebra→V3CL→V2 | token=USDC | idx=649 | profit=0.042464 USDC | amount_in=47 | p1=0x4110…6fc7 | p2=0xb78d…ebf6 | p3=0x1b7b…dc81
2026-02-23T21:46:31Z | block=78826128 | kind=Triangular | hops=V3CL→V2→Algebra | token=WAVAX | idx=309 | profit=0.00593806118185696 WAVAX | amount_in=6 | p1=0xb78d…ebf6 | p2=0x1b7b…dc81 | p3=0x668a…7a69
2026-02-23T21:46:31Z | block=78826128 | kind=Triangular | hops=V3CL→V2→Algebra | token=WAVAX | idx=310 | profit=0.005047822592941507 WAVAX | amount_in=6 | p1=0xb78d…ebf6 | p2=0x1b7b…dc81 | p3=0xa02e…6ea0
2026-02-23T21:46:31Z | block=78826128 | kind=Triangular | hops=V3CL→V2→V3CL | token=WAVAX | idx=311 | profit=0.004911806878420756 WAVAX | amount_in=6 | p1=0xb78d…ebf6 | p2=0x1b7b…dc81 | p3=0xf014…9534
2026-02-23T21:46:31Z | block=78826128 | kind=Triangular | hops=V3CL→V2→Algebra | token=WAVAX | idx=308 | profit=0.004820676708127015 WAVAX | amount_in=6 | p1=0xb78d…ebf6 | p2=0x1b7b…dc81 | p3=0x4110…6fc7
2026-02-23T21:46:31Z | block=78826128 | kind=Triangular | hops=Algebra→V3CL→V2 | token=USDC | idx=682 | profit=0.050065 USDC | amount_in=50 | p1=0x668a…7a69 | p2=0xb78d…ebf6 | p3=0x1b7b…dc81
2026-02-23T21:46:31Z | block=78826128 | kind=Triangular | hops=Algebra→V3CL→V2 | token=USDC | idx=733 | profit=0.043749 USDC | amount_in=48 | p1=0xa02e…6ea0 | p2=0xb78d…ebf6 | p3=0x1b7b…dc81
2026-02-23T21:46:31Z | block=78826128 | kind=Triangular | hops=V3CL→V3CL→V2 | token=USDC | idx=810 | profit=0.042665 USDC | amount_in=48 | p1=0xf014…9534 | p2=0xb78d…ebf6 | p3=0x1b7b…dc81
2026-02-23T21:46:31Z | block=78826128 | kind=Triangular | hops=Algebra→V3CL→V2 | token=USDC | idx=649 | profit=0.042453 USDC | amount_in=47 | p1=0x4110…6fc7 | p2=0xb78d…ebf6 | p3=0x1b7b…dc81
2026-02-23T21:46:32Z | block=78826129 | kind=Triangular | hops=V3CL→V2→Algebra | token=WAVAX | idx=309 | profit=0.00593806118185696 WAVAX | amount_in=6 | p1=0xb78d…ebf6 | p2=0x1b7b…dc81 | p3=0x668a…7a69
2026-02-23T21:46:32Z | block=78826129 | kind=Triangular | hops=V3CL→V2→Algebra | token=WAVAX | idx=310 | profit=0.005047822592941507 WAVAX | amount_in=6 | p1=0xb78d…ebf6 | p2=0x1b7b…dc81 | p3=0xa02e…6ea0
2026-02-23T21:46:32Z | block=78826129 | kind=Triangular | hops=V3CL→V2→V3CL | token=WAVAX | idx=311 | profit=0.004911806878420756 WAVAX | amount_in=6 | p1=0xb78d…ebf6 | p2=0x1b7b…dc81 | p3=0xf014…9534
2026-02-23T21:46:32Z | block=78826129 | kind=Triangular | hops=V3CL→V2→Algebra | token=WAVAX | idx=308 | profit=0.004820676708127015 WAVAX | amount_in=6 | p1=0xb78d…ebf6 | p2=0x1b7b…dc81 | p3=0x4110…6fc7
2026-02-23T21:46:32Z | block=78826129 | kind=Triangular | hops=Algebra→V3CL→V2 | token=USDC | idx=682 | profit=0.050065 USDC | amount_in=50 | p1=0x668a…7a69 | p2=0xb78d…ebf6 | p3=0x1b7b…dc81
2026-02-23T21:46:32Z | block=78826129 | kind=Triangular | hops=Algebra→V3CL→V2 | token=USDC | idx=733 | profit=0.043749 USDC | amount_in=48 | p1=0xa02e…6ea0 | p2=0xb78d…ebf6 | p3=0x1b7b…dc81
2026-02-23T21:46:32Z | block=78826129 | kind=Triangular | hops=V3CL→V3CL→V2 | token=USDC | idx=810 | profit=0.042665 USDC | amount_in=48 | p1=0xf014…9534 | p2=0xb78d…ebf6 | p3=0x1b7b…dc81
2026-02-23T21:46:32Z | block=78826129 | kind=Triangular | hops=Algebra→V3CL→V2 | token=USDC | idx=649 | profit=0.042453 USDC | amount_in=47 | p1=0x4110…6fc7 | p2=0xb78d…ebf6 | p3=0x1b7b…dc81
2026-02-23T21:46:33Z | block=78826130 | kind=Triangular | hops=V3CL→V2→Algebra | token=WAVAX | idx=309 | profit=0.00593806118185696 WAVAX | amount_in=6 | p1=0xb78d…ebf6 | p2=0x1b7b…dc81 | p3=0x668a…7a69
2026-02-23T21:46:33Z | block=78826130 | kind=Triangular | hops=V3CL→V2→Algebra | token=WAVAX | idx=310 | profit=0.005047822592941507 WAVAX | amount_in=6 | p1=0xb78d…ebf6 | p2=0x1b7b…dc81 | p3=0xa02e…6ea0
2026-02-23T21:46:33Z | block=78826130 | kind=Triangular | hops=V3CL→V2→V3CL | token=WAVAX | idx=311 | profit=0.004911806878420756 WAVAX | amount_in=6 | p1=0xb78d…ebf6 | p2=0x1b7b…dc81 | p3=0xf014…9534
2026-02-23T21:46:33Z | block=78826130 | kind=Triangular | hops=V3CL→V2→Algebra | token=WAVAX | idx=308 | profit=0.004820676708127015 WAVAX | amount_in=6 | p1=0xb78d…ebf6 | p2=0x1b7b…dc81 | p3=0x4110…6fc7
2026-02-23T21:46:33Z | block=78826130 | kind=Triangular | hops=Algebra→V3CL→V2 | token=USDC | idx=682 | profit=0.050065 USDC | amount_in=50 | p1=0x668a…7a69 | p2=0xb78d…ebf6 | p3=0x1b7b…dc81
2026-02-23T21:46:33Z | block=78826130 | kind=Triangular | hops=Algebra→V3CL→V2 | token=USDC | idx=733 | profit=0.043749 USDC | amount_in=48 | p1=0xa02e…6ea0 | p2=0xb78d…ebf6 | p3=0x1b7b…dc81
2026-02-23T21:46:33Z | block=78826130 | kind=Triangular | hops=V3CL→V3CL→V2 | token=USDC | idx=810 | profit=0.042665 USDC | amount_in=48 | p1=0xf014…9534 | p2=0xb78d…ebf6 | p3=0x1b7b…dc81
2026-02-23T21:46:33Z | block=78826130 | kind=Triangular | hops=Algebra→V3CL→V2 | token=USDC | idx=649 | profit=0.042453 USDC | amount_in=47 | p1=0x4110…6fc7 | p2=0xb78d…ebf6 | p3=0x1b7b…dc81
2026-02-23T21:46:34Z | block=78826131 | kind=Triangular | hops=V3CL→V2→Algebra | token=WAVAX | idx=309 | profit=0.00593806118185696 WAVAX | amount_in=6 | p1=0xb78d…ebf6 | p2=0x1b7b…dc81 | p3=0x668a…7a69
2026-02-23T21:46:34Z | block=78826131 | kind=Triangular | hops=V3CL→V2→Algebra | token=WAVAX | idx=310 | profit=0.005047822592941507 WAVAX | amount_in=6 | p1=0xb78d…ebf6 | p2=0x1b7b…dc81 | p3=0xa02e…6ea0
2026-02-23T21:46:34Z | block=78826131 | kind=Triangular | hops=V3CL→V2→V3CL | token=WAVAX | idx=311 | profit=0.004911806878420756 WAVAX | amount_in=6 | p1=0xb78d…ebf6 | p2=0x1b7b…dc81 | p3=0xf014…9534
2026-02-23T21:46:34Z | block=78826131 | kind=Triangular | hops=V3CL→V2→Algebra | token=WAVAX | idx=308 | profit=0.004820676708127015 WAVAX | amount_in=6 | p1=0xb78d…ebf6 | p2=0x1b7b…dc81 | p3=0x4110…6fc7
2026-02-23T21:46:34Z | block=78826131 | kind=Triangular | hops=Algebra→V3CL→V2 | token=USDC | idx=682 | profit=0.050065 USDC | amount_in=50 | p1=0x668a…7a69 | p2=0xb78d…ebf6 | p3=0x1b7b…dc81
2026-02-23T21:46:34Z | block=78826131 | kind=Triangular | hops=Algebra→V3CL→V2 | token=USDC | idx=733 | profit=0.043749 USDC | amount_in=48 | p1=0xa02e…6ea0 | p2=0xb78d…ebf6 | p3=0x1b7b…dc81
2026-02-23T21:46:34Z | block=78826131 | kind=Triangular | hops=V3CL→V3CL→V2 | token=USDC | idx=810 | profit=0.042665 USDC | amount_in=48 | p1=0xf014…9534 | p2=0xb78d…ebf6 | p3=0x1b7b…dc81
2026-02-23T21:46:34Z | block=78826131 | kind=Triangular | hops=Algebra→V3CL→V2 | token=USDC | idx=649 | profit=0.042453 USDC | amount_in=47 | p1=0x4110…6fc7 | p2=0xb78d…ebf6 | p3=0x1b7b…dc81
2026-02-23T21:46:35Z | block=78826132 | kind=Triangular | hops=V3CL→V2→Algebra | token=WAVAX | idx=309 | profit=0.00593806118185696 WAVAX | amount_in=6 | p1=0xb78d…ebf6 | p2=0x1b7b…dc81 | p3=0x668a…7a69
2026-02-23T21:46:35Z | block=78826132 | kind=Triangular | hops=V3CL→V2→Algebra | token=WAVAX | idx=310 | profit=0.005047822592941507 WAVAX | amount_in=6 | p1=0xb78d…ebf6 | p2=0x1b7b…dc81 | p3=0xa02e…6ea0
2026-02-23T21:46:35Z | block=78826132 | kind=Triangular | hops=V3CL→V2→V3CL | token=WAVAX | idx=311 | profit=0.004911806878420756 WAVAX | amount_in=6 | p1=0xb78d…ebf6 | p2=0x1b7b…dc81 | p3=0xf014…9534
2026-02-23T21:46:35Z | block=78826132 | kind=Triangular | hops=V3CL→V2→Algebra | token=WAVAX | idx=308 | profit=0.004820676708127015 WAVAX | amount_in=6 | p1=0xb78d…ebf6 | p2=0x1b7b…dc81 | p3=0x4110…6fc7
2026-02-23T21:46:35Z | block=78826132 | kind=Triangular | hops=Algebra→V3CL→V2 | token=USDC | idx=682 | profit=0.050065 USDC | amount_in=50 | p1=0x668a…7a69 | p2=0xb78d…ebf6 | p3=0x1b7b…dc81
2026-02-23T21:46:35Z | block=78826132 | kind=Triangular | hops=Algebra→V3CL→V2 | token=USDC | idx=733 | profit=0.043749 USDC | amount_in=48 | p1=0xa02e…6ea0 | p2=0xb78d…ebf6 | p3=0x1b7b…dc81
2026-02-23T21:46:35Z | block=78826132 | kind=Triangular | hops=V3CL→V3CL→V2 | token=USDC | idx=810 | profit=0.042665 USDC | amount_in=48 | p1=0xf014…9534 | p2=0xb78d…ebf6 | p3=0x1b7b…dc81
2026-02-23T21:46:35Z | block=78826132 | kind=Triangular | hops=Algebra→V3CL→V2 | token=USDC | idx=649 | profit=0.042453 USDC | amount_in=47 | p1=0x4110…6fc7 | p2=0xb78d…ebf6 | p3=0x1b7b…dc81
2026-02-23T21:46:36Z | block=78826133 | kind=Triangular | hops=V3CL→V2→Algebra | token=WAVAX | idx=309 | profit=0.00593806118185696 WAVAX | amount_in=6 | p1=0xb78d…ebf6 | p2=0x1b7b…dc81 | p3=0x668a…7a69
2026-02-23T21:46:36Z | block=78826133 | kind=Triangular | hops=V3CL→V2→Algebra | token=WAVAX | idx=310 | profit=0.005047822592941507 WAVAX | amount_in=6 | p1=0xb78d…ebf6 | p2=0x1b7b…dc81 | p3=0xa02e…6ea0
2026-02-23T21:46:36Z | block=78826133 | kind=Triangular | hops=V3CL→V2→V3CL | token=WAVAX | idx=311 | profit=0.004911806878420756 WAVAX | amount_in=6 | p1=0xb78d…ebf6 | p2=0x1b7b…dc81 | p3=0xf014…9534
2026-02-23T21:46:36Z | block=78826133 | kind=Triangular | hops=V3CL→V2→Algebra | token=WAVAX | idx=308 | profit=0.004820676708127015 WAVAX | amount_in=6 | p1=0xb78d…ebf6 | p2=0x1b7b…dc81 | p3=0x4110…6fc7
2026-02-23T21:46:36Z | block=78826133 | kind=Triangular | hops=Algebra→V3CL→V2 | token=USDC | idx=682 | profit=0.050065 USDC | amount_in=50 | p1=0x668a…7a69 | p2=0xb78d…ebf6 | p3=0x1b7b…dc81
2026-02-23T21:46:36Z | block=78826133 | kind=Triangular | hops=Algebra→V3CL→V2 | token=USDC | idx=733 | profit=0.043749 USDC | amount_in=48 | p1=0xa02e…6ea0 | p2=0xb78d…ebf6 | p3=0x1b7b…dc81
2026-02-23T21:46:36Z | block=78826133 | kind=Triangular | hops=V3CL→V3CL→V2 | token=USDC | idx=810 | profit=0.042665 USDC | amount_in=48 | p1=0xf014…9534 | p2=0xb78d…ebf6 | p3=0x1b7b…dc81
2026-02-23T21:46:36Z | block=78826133 | kind=Triangular | hops=Algebra→V3CL→V2 | token=USDC | idx=649 | profit=0.042453 USDC | amount_in=47 | p1=0x4110…6fc7 | p2=0xb78d…ebf6 | p3=0x1b7b…dc81
2026-02-23T21:46:37Z | block=78826134 | kind=Triangular | hops=V3CL→V2→Algebra | token=WAVAX | idx=309 | profit=0.005880953334860019 WAVAX | amount_in=6 | p1=0xb78d…ebf6 | p2=0x1b7b…dc81 | p3=0x668a…7a69
2026-02-23T21:46:37Z | block=78826134 | kind=Triangular | hops=V3CL→V2→Algebra | token=WAVAX | idx=310 | profit=0.005047822592941507 WAVAX | amount_in=6 | p1=0xb78d…ebf6 | p2=0x1b7b…dc81 | p3=0xa02e…6ea0
2026-02-23T21:46:37Z | block=78826134 | kind=Triangular | hops=V3CL→V2→V3CL | token=WAVAX | idx=311 | profit=0.004911806878420756 WAVAX | amount_in=6 | p1=0xb78d…ebf6 | p2=0x1b7b…dc81 | p3=0xf014…9534
2026-02-23T21:46:37Z | block=78826134 | kind=Triangular | hops=V3CL→V2→Algebra | token=WAVAX | idx=308 | profit=0.004820676708127015 WAVAX | amount_in=6 | p1=0xb78d…ebf6 | p2=0x1b7b…dc81 | p3=0x4110…6fc7
2026-02-23T21:46:37Z | block=78826134 | kind=Triangular | hops=Algebra→V3CL→V2 | token=USDC | idx=682 | profit=0.049595 USDC | amount_in=50 | p1=0x668a…7a69 | p2=0xb78d…ebf6 | p3=0x1b7b…dc81
2026-02-23T21:46:37Z | block=78826134 | kind=Triangular | hops=Algebra→V3CL→V2 | token=USDC | idx=733 | profit=0.043749 USDC | amount_in=48 | p1=0xa02e…6ea0 | p2=0xb78d…ebf6 | p3=0x1b7b…dc81
2026-02-23T21:46:37Z | block=78826134 | kind=Triangular | hops=V3CL→V3CL→V2 | token=USDC | idx=810 | profit=0.042665 USDC | amount_in=48 | p1=0xf014…9534 | p2=0xb78d…ebf6 | p3=0x1b7b…dc81
2026-02-23T21:46:37Z | block=78826134 | kind=Triangular | hops=Algebra→V3CL→V2 | token=USDC | idx=649 | profit=0.042453 USDC | amount_in=47 | p1=0x4110…6fc7 | p2=0xb78d…ebf6 | p3=0x1b7b…dc81
2026-02-23T21:46:38Z | block=78826135 | kind=Triangular | hops=V3CL→V2→Algebra | token=WAVAX | idx=309 | profit=0.005880953334860019 WAVAX | amount_in=6 | p1=0xb78d…ebf6 | p2=0x1b7b…dc81 | p3=0x668a…7a69
2026-02-23T21:46:38Z | block=78826135 | kind=Triangular | hops=V3CL→V2→Algebra | token=WAVAX | idx=310 | profit=0.005047822592941507 WAVAX | amount_in=6 | p1=0xb78d…ebf6 | p2=0x1b7b…dc81 | p3=0xa02e…6ea0
2026-02-23T21:46:38Z | block=78826135 | kind=Triangular | hops=V3CL→V2→V3CL | token=WAVAX | idx=311 | profit=0.004911806878420756 WAVAX | amount_in=6 | p1=0xb78d…ebf6 | p2=0x1b7b…dc81 | p3=0xf014…9534
2026-02-23T21:46:38Z | block=78826135 | kind=Triangular | hops=V3CL→V2→Algebra | token=WAVAX | idx=308 | profit=0.004820676708127015 WAVAX | amount_in=6 | p1=0xb78d…ebf6 | p2=0x1b7b…dc81 | p3=0x4110…6fc7
2026-02-23T21:46:38Z | block=78826135 | kind=Triangular | hops=Algebra→V3CL→V2 | token=USDC | idx=682 | profit=0.049595 USDC | amount_in=50 | p1=0x668a…7a69 | p2=0xb78d…ebf6 | p3=0x1b7b…dc81
2026-02-23T21:46:38Z | block=78826135 | kind=Triangular | hops=Algebra→V3CL→V2 | token=USDC | idx=733 | profit=0.043749 USDC | amount_in=48 | p1=0xa02e…6ea0 | p2=0xb78d…ebf6 | p3=0x1b7b…dc81
2026-02-23T21:46:38Z | block=78826135 | kind=Triangular | hops=V3CL→V3CL→V2 | token=USDC | idx=810 | profit=0.042665 USDC | amount_in=48 | p1=0xf014…9534 | p2=0xb78d…ebf6 | p3=0x1b7b…dc81
2026-02-23T21:46:38Z | block=78826135 | kind=Triangular | hops=Algebra→V3CL→V2 | token=USDC | idx=649 | profit=0.042453 USDC | amount_in=47 | p1=0x4110…6fc7 | p2=0xb78d…ebf6 | p3=0x1b7b…dc81
2026-02-23T21:46:42Z | block=78826136 | kind=Triangular | hops=V3CL→V2→Algebra | token=WAVAX | idx=309 | profit=0.005659675014192535 WAVAX | amount_in=6 | p1=0xb78d…ebf6 | p2=0x1b7b…dc81 | p3=0x668a…7a69
2026-02-23T21:46:42Z | block=78826136 | kind=Triangular | hops=V3CL→V2→Algebra | token=WAVAX | idx=310 | profit=0.005047822592941507 WAVAX | amount_in=6 | p1=0xb78d…ebf6 | p2=0x1b7b…dc81 | p3=0xa02e…6ea0
2026-02-23T21:46:42Z | block=78826136 | kind=Triangular | hops=V3CL→V2→V3CL | token=WAVAX | idx=311 | profit=0.004911806878420756 WAVAX | amount_in=6 | p1=0xb78d…ebf6 | p2=0x1b7b…dc81 | p3=0xf014…9534
2026-02-23T21:46:42Z | block=78826136 | kind=Triangular | hops=V3CL→V2→Algebra | token=WAVAX | idx=308 | profit=0.004820676708127015 WAVAX | amount_in=6 | p1=0xb78d…ebf6 | p2=0x1b7b…dc81 | p3=0x4110…6fc7
2026-02-23T21:46:42Z | block=78826136 | kind=Triangular | hops=Algebra→V3CL→V2 | token=USDC | idx=682 | profit=0.04826 USDC | amount_in=49 | p1=0x668a…7a69 | p2=0xb78d…ebf6 | p3=0x1b7b…dc81
2026-02-23T21:46:42Z | block=78826136 | kind=Triangular | hops=Algebra→V3CL→V2 | token=USDC | idx=733 | profit=0.043749 USDC | amount_in=48 | p1=0xa02e…6ea0 | p2=0xb78d…ebf6 | p3=0x1b7b…dc81
2026-02-23T21:46:42Z | block=78826136 | kind=Triangular | hops=V3CL→V3CL→V2 | token=USDC | idx=810 | profit=0.042665 USDC | amount_in=48 | p1=0xf014…9534 | p2=0xb78d…ebf6 | p3=0x1b7b…dc81
2026-02-23T21:46:42Z | block=78826136 | kind=Triangular | hops=Algebra→V3CL→V2 | token=USDC | idx=649 | profit=0.042453 USDC | amount_in=47 | p1=0x4110…6fc7 | p2=0xb78d…ebf6 | p3=0x1b7b…dc81
2026-02-23T21:46:42Z | block=78826137 | kind=Triangular | hops=V3CL→V2→Algebra | token=WAVAX | idx=309 | profit=0.005659675014192535 WAVAX | amount_in=6 | p1=0xb78d…ebf6 | p2=0x1b7b…dc81 | p3=0x668a…7a69
2026-02-23T21:46:42Z | block=78826137 | kind=Triangular | hops=V3CL→V2→Algebra | token=WAVAX | idx=310 | profit=0.005047822592941507 WAVAX | amount_in=6 | p1=0xb78d…ebf6 | p2=0x1b7b…dc81 | p3=0xa02e…6ea0
2026-02-23T21:46:42Z | block=78826137 | kind=Triangular | hops=V3CL→V2→V3CL | token=WAVAX | idx=311 | profit=0.004911806878420756 WAVAX | amount_in=6 | p1=0xb78d…ebf6 | p2=0x1b7b…dc81 | p3=0xf014…9534
2026-02-23T21:46:42Z | block=78826137 | kind=Triangular | hops=V3CL→V2→Algebra | token=WAVAX | idx=308 | profit=0.004820676708127015 WAVAX | amount_in=6 | p1=0xb78d…ebf6 | p2=0x1b7b…dc81 | p3=0x4110…6fc7
2026-02-23T21:46:42Z | block=78826137 | kind=Triangular | hops=Algebra→V3CL→V2 | token=USDC | idx=682 | profit=0.04826 USDC | amount_in=49 | p1=0x668a…7a69 | p2=0xb78d…ebf6 | p3=0x1b7b…dc81
2026-02-23T21:46:42Z | block=78826137 | kind=Triangular | hops=Algebra→V3CL→V2 | token=USDC | idx=733 | profit=0.043749 USDC | amount_in=48 | p1=0xa02e…6ea0 | p2=0xb78d…ebf6 | p3=0x1b7b…dc81
2026-02-23T21:46:42Z | block=78826137 | kind=Triangular | hops=V3CL→V3CL→V2 | token=USDC | idx=810 | profit=0.042665 USDC | amount_in=48 | p1=0xf014…9534 | p2=0xb78d…ebf6 | p3=0x1b7b…dc81
2026-02-23T21:46:42Z | block=78826137 | kind=Triangular | hops=Algebra→V3CL→V2 | token=USDC | idx=649 | profit=0.042453 USDC | amount_in=47 | p1=0x4110…6fc7 | p2=0xb78d…ebf6 | p3=0x1b7b…dc81
2026-02-23T21:46:42Z | block=78826138 | kind=Triangular | hops=V3CL→V2→Algebra | token=WAVAX | idx=309 | profit=0.005659675014192535 WAVAX | amount_in=6 | p1=0xb78d…ebf6 | p2=0x1b7b…dc81 | p3=0x668a…7a69
2026-02-23T21:46:42Z | block=78826138 | kind=Triangular | hops=V3CL→V2→Algebra | token=WAVAX | idx=310 | profit=0.005047822592941507 WAVAX | amount_in=6 | p1=0xb78d…ebf6 | p2=0x1b7b…dc81 | p3=0xa02e…6ea0
2026-02-23T21:46:42Z | block=78826138 | kind=Triangular | hops=V3CL→V2→V3CL | token=WAVAX | idx=311 | profit=0.004911806878420756 WAVAX | amount_in=6 | p1=0xb78d…ebf6 | p2=0x1b7b…dc81 | p3=0xf014…9534
2026-02-23T21:46:42Z | block=78826138 | kind=Triangular | hops=V3CL→V2→Algebra | token=WAVAX | idx=308 | profit=0.004820676708127015 WAVAX | amount_in=6 | p1=0xb78d…ebf6 | p2=0x1b7b…dc81 | p3=0x4110…6fc7
2026-02-23T21:46:42Z | block=78826138 | kind=Triangular | hops=Algebra→V3CL→V2 | token=USDC | idx=682 | profit=0.04826 USDC | amount_in=49 | p1=0x668a…7a69 | p2=0xb78d…ebf6 | p3=0x1b7b…dc81
2026-02-23T21:46:42Z | block=78826138 | kind=Triangular | hops=Algebra→V3CL→V2 | token=USDC | idx=733 | profit=0.043749 USDC | amount_in=48 | p1=0xa02e…6ea0 | p2=0xb78d…ebf6 | p3=0x1b7b…dc81
2026-02-23T21:46:42Z | block=78826138 | kind=Triangular | hops=V3CL→V3CL→V2 | token=USDC | idx=810 | profit=0.042665 USDC | amount_in=48 | p1=0xf014…9534 | p2=0xb78d…ebf6 | p3=0x1b7b…dc81
2026-02-23T21:46:42Z | block=78826138 | kind=Triangular | hops=Algebra→V3CL→V2 | token=USDC | idx=649 | profit=0.042453 USDC | amount_in=47 | p1=0x4110…6fc7 | p2=0xb78d…ebf6 | p3=0x1b7b…dc81
2026-02-23T21:46:43Z | block=78826139 | kind=Triangular | hops=V3CL→V2→Algebra | token=WAVAX | idx=309 | profit=0.005659675014192535 WAVAX | amount_in=6 | p1=0xb78d…ebf6 | p2=0x1b7b…dc81 | p3=0x668a…7a69
2026-02-23T21:46:43Z | block=78826139 | kind=Triangular | hops=V3CL→V2→Algebra | token=WAVAX | idx=310 | profit=0.005047822592941507 WAVAX | amount_in=6 | p1=0xb78d…ebf6 | p2=0x1b7b…dc81 | p3=0xa02e…6ea0
2026-02-23T21:46:43Z | block=78826139 | kind=Triangular | hops=V3CL→V2→V3CL | token=WAVAX | idx=311 | profit=0.004911806878420756 WAVAX | amount_in=6 | p1=0xb78d…ebf6 | p2=0x1b7b…dc81 | p3=0xf014…9534
2026-02-23T21:46:43Z | block=78826139 | kind=Triangular | hops=V3CL→V2→Algebra | token=WAVAX | idx=308 | profit=0.003693441416590493 WAVAX | amount_in=5 | p1=0xb78d…ebf6 | p2=0x1b7b…dc81 | p3=0x4110…6fc7
2026-02-23T21:46:43Z | block=78826139 | kind=Triangular | hops=Algebra→V3CL→V2 | token=USDC | idx=682 | profit=0.04826 USDC | amount_in=49 | p1=0x668a…7a69 | p2=0xb78d…ebf6 | p3=0x1b7b…dc81
2026-02-23T21:46:43Z | block=78826139 | kind=Triangular | hops=Algebra→V3CL→V2 | token=USDC | idx=733 | profit=0.043749 USDC | amount_in=48 | p1=0xa02e…6ea0 | p2=0xb78d…ebf6 | p3=0x1b7b…dc81
2026-02-23T21:46:43Z | block=78826139 | kind=Triangular | hops=V3CL→V3CL→V2 | token=USDC | idx=810 | profit=0.042665 USDC | amount_in=48 | p1=0xf014…9534 | p2=0xb78d…ebf6 | p3=0x1b7b…dc81
2026-02-23T21:46:43Z | block=78826139 | kind=Triangular | hops=Algebra→V3CL→V2 | token=USDC | idx=649 | profit=0.031041 USDC | amount_in=42 | p1=0x4110…6fc7 | p2=0xb78d…ebf6 | p3=0x1b7b…dc81
2026-02-23T21:46:44Z | block=78826140 | kind=Triangular | hops=V3CL→V2→Algebra | token=WAVAX | idx=309 | profit=0.005659675014192535 WAVAX | amount_in=6 | p1=0xb78d…ebf6 | p2=0x1b7b…dc81 | p3=0x668a…7a69
2026-02-23T21:46:44Z | block=78826140 | kind=Triangular | hops=V3CL→V2→Algebra | token=WAVAX | idx=310 | profit=0.005047822592941507 WAVAX | amount_in=6 | p1=0xb78d…ebf6 | p2=0x1b7b…dc81 | p3=0xa02e…6ea0
2026-02-23T21:46:44Z | block=78826140 | kind=Triangular | hops=V3CL→V2→V3CL | token=WAVAX | idx=311 | profit=0.004911806878420756 WAVAX | amount_in=6 | p1=0xb78d…ebf6 | p2=0x1b7b…dc81 | p3=0xf014…9534
2026-02-23T21:46:44Z | block=78826140 | kind=Triangular | hops=V3CL→V2→Algebra | token=WAVAX | idx=308 | profit=0.003693441416590493 WAVAX | amount_in=5 | p1=0xb78d…ebf6 | p2=0x1b7b…dc81 | p3=0x4110…6fc7
2026-02-23T21:46:44Z | block=78826140 | kind=Triangular | hops=Algebra→V3CL→V2 | token=USDC | idx=682 | profit=0.04826 USDC | amount_in=49 | p1=0x668a…7a69 | p2=0xb78d…ebf6 | p3=0x1b7b…dc81
2026-02-23T21:46:44Z | block=78826140 | kind=Triangular | hops=Algebra→V3CL→V2 | token=USDC | idx=733 | profit=0.043749 USDC | amount_in=48 | p1=0xa02e…6ea0 | p2=0xb78d…ebf6 | p3=0x1b7b…dc81
2026-02-23T21:46:44Z | block=78826140 | kind=Triangular | hops=V3CL→V3CL→V2 | token=USDC | idx=810 | profit=0.042665 USDC | amount_in=48 | p1=0xf014…9534 | p2=0xb78d…ebf6 | p3=0x1b7b…dc81
2026-02-23T21:46:44Z | block=78826140 | kind=Triangular | hops=Algebra→V3CL→V2 | token=USDC | idx=649 | profit=0.031041 USDC | amount_in=42 | p1=0x4110…6fc7 | p2=0xb78d…ebf6 | p3=0x1b7b…dc81
2026-02-23T21:46:45Z | block=78826141 | kind=Triangular | hops=V3CL→V2→Algebra | token=WAVAX | idx=309 | profit=0.005659675014192535 WAVAX | amount_in=6 | p1=0xb78d…ebf6 | p2=0x1b7b…dc81 | p3=0x668a…7a69
2026-02-23T21:46:45Z | block=78826141 | kind=Triangular | hops=V3CL→V2→Algebra | token=WAVAX | idx=310 | profit=0.005047822592941507 WAVAX | amount_in=6 | p1=0xb78d…ebf6 | p2=0x1b7b…dc81 | p3=0xa02e…6ea0
2026-02-23T21:46:45Z | block=78826141 | kind=Triangular | hops=V3CL→V2→V3CL | token=WAVAX | idx=311 | profit=0.004911806878420756 WAVAX | amount_in=6 | p1=0xb78d…ebf6 | p2=0x1b7b…dc81 | p3=0xf014…9534
2026-02-23T21:46:45Z | block=78826141 | kind=Triangular | hops=V3CL→V2→Algebra | token=WAVAX | idx=308 | profit=0.003693441416590493 WAVAX | amount_in=5 | p1=0xb78d…ebf6 | p2=0x1b7b…dc81 | p3=0x4110…6fc7
2026-02-23T21:46:45Z | block=78826141 | kind=Triangular | hops=Algebra→V3CL→V2 | token=USDC | idx=682 | profit=0.04826 USDC | amount_in=49 | p1=0x668a…7a69 | p2=0xb78d…ebf6 | p3=0x1b7b…dc81
2026-02-23T21:46:45Z | block=78826141 | kind=Triangular | hops=Algebra→V3CL→V2 | token=USDC | idx=733 | profit=0.043749 USDC | amount_in=48 | p1=0xa02e…6ea0 | p2=0xb78d…ebf6 | p3=0x1b7b…dc81
2026-02-23T21:46:45Z | block=78826141 | kind=Triangular | hops=V3CL→V3CL→V2 | token=USDC | idx=810 | profit=0.042665 USDC | amount_in=48 | p1=0xf014…9534 | p2=0xb78d…ebf6 | p3=0x1b7b…dc81
2026-02-23T21:46:45Z | block=78826141 | kind=Triangular | hops=Algebra→V3CL→V2 | token=USDC | idx=649 | profit=0.031041 USDC | amount_in=42 | p1=0x4110…6fc7 | p2=0xb78d…ebf6 | p3=0x1b7b…dc81
2026-02-23T21:46:46Z | block=78826142 | kind=Triangular | hops=V3CL→V2→Algebra | token=WAVAX | idx=309 | profit=0.005659675014192535 WAVAX | amount_in=6 | p1=0xb78d…ebf6 | p2=0x1b7b…dc81 | p3=0x668a…7a69
2026-02-23T21:46:46Z | block=78826142 | kind=Triangular | hops=V3CL→V2→Algebra | token=WAVAX | idx=310 | profit=0.005047822592941507 WAVAX | amount_in=6 | p1=0xb78d…ebf6 | p2=0x1b7b…dc81 | p3=0xa02e…6ea0
2026-02-23T21:46:46Z | block=78826142 | kind=Triangular | hops=V3CL→V2→V3CL | token=WAVAX | idx=311 | profit=0.004911806878420756 WAVAX | amount_in=6 | p1=0xb78d…ebf6 | p2=0x1b7b…dc81 | p3=0xf014…9534
2026-02-23T21:46:46Z | block=78826142 | kind=Triangular | hops=V3CL→V2→Algebra | token=WAVAX | idx=308 | profit=0.003693441416590493 WAVAX | amount_in=5 | p1=0xb78d…ebf6 | p2=0x1b7b…dc81 | p3=0x4110…6fc7
2026-02-23T21:46:46Z | block=78826142 | kind=Triangular | hops=Algebra→V3CL→V2 | token=USDC | idx=682 | profit=0.04826 USDC | amount_in=49 | p1=0x668a…7a69 | p2=0xb78d…ebf6 | p3=0x1b7b…dc81
2026-02-23T21:46:46Z | block=78826142 | kind=Triangular | hops=Algebra→V3CL→V2 | token=USDC | idx=733 | profit=0.043749 USDC | amount_in=48 | p1=0xa02e…6ea0 | p2=0xb78d…ebf6 | p3=0x1b7b…dc81
2026-02-23T21:46:46Z | block=78826142 | kind=Triangular | hops=V3CL→V3CL→V2 | token=USDC | idx=810 | profit=0.042665 USDC | amount_in=48 | p1=0xf014…9534 | p2=0xb78d…ebf6 | p3=0x1b7b…dc81
2026-02-23T21:46:46Z | block=78826142 | kind=Triangular | hops=Algebra→V3CL→V2 | token=USDC | idx=649 | profit=0.031041 USDC | amount_in=42 | p1=0x4110…6fc7 | p2=0xb78d…ebf6 | p3=0x1b7b…dc81
2026-02-23T21:46:47Z | block=78826143 | kind=Triangular | hops=V3CL→V2→Algebra | token=WAVAX | idx=309 | profit=0.005659675014192535 WAVAX | amount_in=6 | p1=0xb78d…ebf6 | p2=0x1b7b…dc81 | p3=0x668a…7a69
2026-02-23T21:46:47Z | block=78826143 | kind=Triangular | hops=V3CL→V2→Algebra | token=WAVAX | idx=310 | profit=0.005047822592941507 WAVAX | amount_in=6 | p1=0xb78d…ebf6 | p2=0x1b7b…dc81 | p3=0xa02e…6ea0
2026-02-23T21:46:47Z | block=78826143 | kind=Triangular | hops=V3CL→V2→V3CL | token=WAVAX | idx=311 | profit=0.004911806878420756 WAVAX | amount_in=6 | p1=0xb78d…ebf6 | p2=0x1b7b…dc81 | p3=0xf014…9534
2026-02-23T21:46:47Z | block=78826143 | kind=Triangular | hops=V3CL→V2→Algebra | token=WAVAX | idx=308 | profit=0.003694557015741544 WAVAX | amount_in=5 | p1=0xb78d…ebf6 | p2=0x1b7b…dc81 | p3=0x4110…6fc7
2026-02-23T21:46:47Z | block=78826143 | kind=Triangular | hops=Algebra→V3CL→V2 | token=USDC | idx=682 | profit=0.04826 USDC | amount_in=49 | p1=0x668a…7a69 | p2=0xb78d…ebf6 | p3=0x1b7b…dc81
2026-02-23T21:46:47Z | block=78826143 | kind=Triangular | hops=Algebra→V3CL→V2 | token=USDC | idx=733 | profit=0.043749 USDC | amount_in=48 | p1=0xa02e…6ea0 | p2=0xb78d…ebf6 | p3=0x1b7b…dc81
2026-02-23T21:46:47Z | block=78826143 | kind=Triangular | hops=V3CL→V3CL→V2 | token=USDC | idx=810 | profit=0.042665 USDC | amount_in=48 | p1=0xf014…9534 | p2=0xb78d…ebf6 | p3=0x1b7b…dc81
2026-02-23T21:46:47Z | block=78826143 | kind=Triangular | hops=Algebra→V3CL→V2 | token=USDC | idx=649 | profit=0.031051 USDC | amount_in=42 | p1=0x4110…6fc7 | p2=0xb78d…ebf6 | p3=0x1b7b…dc81
2026-02-23T21:46:48Z | block=78826144 | kind=Triangular | hops=V3CL→V2→Algebra | token=WAVAX | idx=309 | profit=0.005659675014192535 WAVAX | amount_in=6 | p1=0xb78d…ebf6 | p2=0x1b7b…dc81 | p3=0x668a…7a69
2026-02-23T21:46:48Z | block=78826144 | kind=Triangular | hops=V3CL→V2→Algebra | token=WAVAX | idx=310 | profit=0.005047822592941507 WAVAX | amount_in=6 | p1=0xb78d…ebf6 | p2=0x1b7b…dc81 | p3=0xa02e…6ea0
2026-02-23T21:46:48Z | block=78826144 | kind=Triangular | hops=V3CL→V2→V3CL | token=WAVAX | idx=311 | profit=0.004911806878420756 WAVAX | amount_in=6 | p1=0xb78d…ebf6 | p2=0x1b7b…dc81 | p3=0xf014…9534
2026-02-23T21:46:48Z | block=78826144 | kind=Triangular | hops=V3CL→V2→Algebra | token=WAVAX | idx=308 | profit=0.003694557015741544 WAVAX | amount_in=5 | p1=0xb78d…ebf6 | p2=0x1b7b…dc81 | p3=0x4110…6fc7
2026-02-23T21:46:48Z | block=78826144 | kind=Triangular | hops=Algebra→V3CL→V2 | token=USDC | idx=682 | profit=0.04826 USDC | amount_in=49 | p1=0x668a…7a69 | p2=0xb78d…ebf6 | p3=0x1b7b…dc81
2026-02-23T21:46:48Z | block=78826144 | kind=Triangular | hops=Algebra→V3CL→V2 | token=USDC | idx=733 | profit=0.043749 USDC | amount_in=48 | p1=0xa02e…6ea0 | p2=0xb78d…ebf6 | p3=0x1b7b…dc81
2026-02-23T21:46:48Z | block=78826144 | kind=Triangular | hops=V3CL→V3CL→V2 | token=USDC | idx=810 | profit=0.042665 USDC | amount_in=48 | p1=0xf014…9534 | p2=0xb78d…ebf6 | p3=0x1b7b…dc81
2026-02-23T21:46:48Z | block=78826144 | kind=Triangular | hops=Algebra→V3CL→V2 | token=USDC | idx=649 | profit=0.031051 USDC | amount_in=42 | p1=0x4110…6fc7 | p2=0xb78d…ebf6 | p3=0x1b7b…dc81
2026-02-23T21:46:49Z | block=78826145 | kind=Triangular | hops=V3CL→V2→Algebra | token=WAVAX | idx=309 | profit=0.005659675014192535 WAVAX | amount_in=6 | p1=0xb78d…ebf6 | p2=0x1b7b…dc81 | p3=0x668a…7a69
2026-02-23T21:46:49Z | block=78826145 | kind=Triangular | hops=V3CL→V2→Algebra | token=WAVAX | idx=310 | profit=0.005047822592941507 WAVAX | amount_in=6 | p1=0xb78d…ebf6 | p2=0x1b7b…dc81 | p3=0xa02e…6ea0
2026-02-23T21:46:49Z | block=78826145 | kind=Triangular | hops=V3CL→V2→V3CL | token=WAVAX | idx=311 | profit=0.004911806878420756 WAVAX | amount_in=6 | p1=0xb78d…ebf6 | p2=0x1b7b…dc81 | p3=0xf014…9534
2026-02-23T21:46:49Z | block=78826145 | kind=Triangular | hops=V3CL→V2→Algebra | token=WAVAX | idx=308 | profit=0.003694557015741544 WAVAX | amount_in=5 | p1=0xb78d…ebf6 | p2=0x1b7b…dc81 | p3=0x4110…6fc7
2026-02-23T21:46:49Z | block=78826145 | kind=Triangular | hops=Algebra→V3CL→V2 | token=USDC | idx=682 | profit=0.04826 USDC | amount_in=49 | p1=0x668a…7a69 | p2=0xb78d…ebf6 | p3=0x1b7b…dc81
2026-02-23T21:46:49Z | block=78826145 | kind=Triangular | hops=Algebra→V3CL→V2 | token=USDC | idx=733 | profit=0.043749 USDC | amount_in=48 | p1=0xa02e…6ea0 | p2=0xb78d…ebf6 | p3=0x1b7b…dc81
2026-02-23T21:46:49Z | block=78826145 | kind=Triangular | hops=V3CL→V3CL→V2 | token=USDC | idx=810 | profit=0.042665 USDC | amount_in=48 | p1=0xf014…9534 | p2=0xb78d…ebf6 | p3=0x1b7b…dc81
2026-02-23T21:46:49Z | block=78826145 | kind=Triangular | hops=Algebra→V3CL→V2 | token=USDC | idx=649 | profit=0.031051 USDC | amount_in=42 | p1=0x4110…6fc7 | p2=0xb78d…ebf6 | p3=0x1b7b…dc81
2026-02-23T21:46:50Z | block=78826146 | kind=Triangular | hops=V3CL→V2→Algebra | token=WAVAX | idx=309 | profit=0.005659675014192535 WAVAX | amount_in=6 | p1=0xb78d…ebf6 | p2=0x1b7b…dc81 | p3=0x668a…7a69
2026-02-23T21:46:50Z | block=78826146 | kind=Triangular | hops=V3CL→V2→Algebra | token=WAVAX | idx=310 | profit=0.005047822592941507 WAVAX | amount_in=6 | p1=0xb78d…ebf6 | p2=0x1b7b…dc81 | p3=0xa02e…6ea0
2026-02-23T21:46:50Z | block=78826146 | kind=Triangular | hops=V3CL→V2→V3CL | token=WAVAX | idx=311 | profit=0.004911806878420756 WAVAX | amount_in=6 | p1=0xb78d…ebf6 | p2=0x1b7b…dc81 | p3=0xf014…9534
2026-02-23T21:46:50Z | block=78826146 | kind=Triangular | hops=V3CL→V2→Algebra | token=WAVAX | idx=308 | profit=0.003694557015741544 WAVAX | amount_in=5 | p1=0xb78d…ebf6 | p2=0x1b7b…dc81 | p3=0x4110…6fc7
2026-02-23T21:46:50Z | block=78826146 | kind=Triangular | hops=Algebra→V3CL→V2 | token=USDC | idx=682 | profit=0.04826 USDC | amount_in=49 | p1=0x668a…7a69 | p2=0xb78d…ebf6 | p3=0x1b7b…dc81
2026-02-23T21:46:50Z | block=78826146 | kind=Triangular | hops=Algebra→V3CL→V2 | token=USDC | idx=733 | profit=0.043749 USDC | amount_in=48 | p1=0xa02e…6ea0 | p2=0xb78d…ebf6 | p3=0x1b7b…dc81
2026-02-23T21:46:50Z | block=78826146 | kind=Triangular | hops=V3CL→V3CL→V2 | token=USDC | idx=810 | profit=0.042665 USDC | amount_in=48 | p1=0xf014…9534 | p2=0xb78d…ebf6 | p3=0x1b7b…dc81
2026-02-23T21:46:50Z | block=78826146 | kind=Triangular | hops=Algebra→V3CL→V2 | token=USDC | idx=649 | profit=0.031051 USDC | amount_in=42 | p1=0x4110…6fc7 | p2=0xb78d…ebf6 | p3=0x1b7b…dc81
2026-02-23T21:46:51Z | block=78826147 | kind=Triangular | hops=V3CL→V2→Algebra | token=WAVAX | idx=309 | profit=0.005659675014192535 WAVAX | amount_in=6 | p1=0xb78d…ebf6 | p2=0x1b7b…dc81 | p3=0x668a…7a69
2026-02-23T21:46:51Z | block=78826147 | kind=Triangular | hops=V3CL→V2→Algebra | token=WAVAX | idx=310 | profit=0.005047822592941507 WAVAX | amount_in=6 | p1=0xb78d…ebf6 | p2=0x1b7b…dc81 | p3=0xa02e…6ea0
2026-02-23T21:46:51Z | block=78826147 | kind=Triangular | hops=V3CL→V2→V3CL | token=WAVAX | idx=311 | profit=0.004911806878420756 WAVAX | amount_in=6 | p1=0xb78d…ebf6 | p2=0x1b7b…dc81 | p3=0xf014…9534
2026-02-23T21:46:51Z | block=78826147 | kind=Triangular | hops=V3CL→V2→Algebra | token=WAVAX | idx=308 | profit=0.003694557015741544 WAVAX | amount_in=5 | p1=0xb78d…ebf6 | p2=0x1b7b…dc81 | p3=0x4110…6fc7
2026-02-23T21:46:51Z | block=78826147 | kind=Triangular | hops=Algebra→V3CL→V2 | token=USDC | idx=682 | profit=0.04826 USDC | amount_in=49 | p1=0x668a…7a69 | p2=0xb78d…ebf6 | p3=0x1b7b…dc81
2026-02-23T21:46:51Z | block=78826147 | kind=Triangular | hops=Algebra→V3CL→V2 | token=USDC | idx=733 | profit=0.043749 USDC | amount_in=48 | p1=0xa02e…6ea0 | p2=0xb78d…ebf6 | p3=0x1b7b…dc81
2026-02-23T21:46:51Z | block=78826147 | kind=Triangular | hops=V3CL→V3CL→V2 | token=USDC | idx=810 | profit=0.042665 USDC | amount_in=48 | p1=0xf014…9534 | p2=0xb78d…ebf6 | p3=0x1b7b…dc81
2026-02-23T21:46:51Z | block=78826147 | kind=Triangular | hops=Algebra→V3CL→V2 | token=USDC | idx=649 | profit=0.031051 USDC | amount_in=42 | p1=0x4110…6fc7 | p2=0xb78d…ebf6 | p3=0x1b7b…dc81
2026-02-23T21:46:52Z | block=78826148 | kind=Triangular | hops=V3CL→V2→Algebra | token=WAVAX | idx=309 | profit=0.005659675014192535 WAVAX | amount_in=6 | p1=0xb78d…ebf6 | p2=0x1b7b…dc81 | p3=0x668a…7a69
2026-02-23T21:46:52Z | block=78826148 | kind=Triangular | hops=V3CL→V2→Algebra | token=WAVAX | idx=310 | profit=0.005047822592941507 WAVAX | amount_in=6 | p1=0xb78d…ebf6 | p2=0x1b7b…dc81 | p3=0xa02e…6ea0
2026-02-23T21:46:52Z | block=78826148 | kind=Triangular | hops=V3CL→V2→V3CL | token=WAVAX | idx=311 | profit=0.004911806878420756 WAVAX | amount_in=6 | p1=0xb78d…ebf6 | p2=0x1b7b…dc81 | p3=0xf014…9534
2026-02-23T21:46:52Z | block=78826148 | kind=Triangular | hops=V3CL→V2→Algebra | token=WAVAX | idx=308 | profit=0.003694557015741544 WAVAX | amount_in=5 | p1=0xb78d…ebf6 | p2=0x1b7b…dc81 | p3=0x4110…6fc7
2026-02-23T21:46:52Z | block=78826148 | kind=Triangular | hops=Algebra→V3CL→V2 | token=USDC | idx=682 | profit=0.04826 USDC | amount_in=49 | p1=0x668a…7a69 | p2=0xb78d…ebf6 | p3=0x1b7b…dc81
2026-02-23T21:46:52Z | block=78826148 | kind=Triangular | hops=Algebra→V3CL→V2 | token=USDC | idx=733 | profit=0.043749 USDC | amount_in=48 | p1=0xa02e…6ea0 | p2=0xb78d…ebf6 | p3=0x1b7b…dc81
2026-02-23T21:46:52Z | block=78826148 | kind=Triangular | hops=V3CL→V3CL→V2 | token=USDC | idx=810 | profit=0.042665 USDC | amount_in=48 | p1=0xf014…9534 | p2=0xb78d…ebf6 | p3=0x1b7b…dc81
2026-02-23T21:46:52Z | block=78826148 | kind=Triangular | hops=Algebra→V3CL→V2 | token=USDC | idx=649 | profit=0.031051 USDC | amount_in=42 | p1=0x4110…6fc7 | p2=0xb78d…ebf6 | p3=0x1b7b…dc81
2026-02-23T21:46:53Z | block=78826149 | kind=Triangular | hops=V3CL→V2→Algebra | token=WAVAX | idx=309 | profit=0.005659675014192535 WAVAX | amount_in=6 | p1=0xb78d…ebf6 | p2=0x1b7b…dc81 | p3=0x668a…7a69
2026-02-23T21:46:53Z | block=78826149 | kind=Triangular | hops=V3CL→V2→Algebra | token=WAVAX | idx=310 | profit=0.005047822592941507 WAVAX | amount_in=6 | p1=0xb78d…ebf6 | p2=0x1b7b…dc81 | p3=0xa02e…6ea0
2026-02-23T21:46:53Z | block=78826149 | kind=Triangular | hops=V3CL→V2→V3CL | token=WAVAX | idx=311 | profit=0.004911806878420756 WAVAX | amount_in=6 | p1=0xb78d…ebf6 | p2=0x1b7b…dc81 | p3=0xf014…9534
2026-02-23T21:46:53Z | block=78826149 | kind=Triangular | hops=V3CL→V2→Algebra | token=WAVAX | idx=308 | profit=0.003694557015741544 WAVAX | amount_in=5 | p1=0xb78d…ebf6 | p2=0x1b7b…dc81 | p3=0x4110…6fc7
2026-02-23T21:46:53Z | block=78826149 | kind=Triangular | hops=Algebra→V3CL→V2 | token=USDC | idx=682 | profit=0.04826 USDC | amount_in=49 | p1=0x668a…7a69 | p2=0xb78d…ebf6 | p3=0x1b7b…dc81
2026-02-23T21:46:53Z | block=78826149 | kind=Triangular | hops=Algebra→V3CL→V2 | token=USDC | idx=733 | profit=0.043749 USDC | amount_in=48 | p1=0xa02e…6ea0 | p2=0xb78d…ebf6 | p3=0x1b7b…dc81
2026-02-23T21:46:53Z | block=78826149 | kind=Triangular | hops=V3CL→V3CL→V2 | token=USDC | idx=810 | profit=0.042665 USDC | amount_in=48 | p1=0xf014…9534 | p2=0xb78d…ebf6 | p3=0x1b7b…dc81
2026-02-23T21:46:53Z | block=78826149 | kind=Triangular | hops=Algebra→V3CL→V2 | token=USDC | idx=649 | profit=0.031051 USDC | amount_in=42 | p1=0x4110…6fc7 | p2=0xb78d…ebf6 | p3=0x1b7b…dc81
2026-02-23T21:46:54Z | block=78826150 | kind=Triangular | hops=V3CL→V2→Algebra | token=WAVAX | idx=309 | profit=0.005659675014192535 WAVAX | amount_in=6 | p1=0xb78d…ebf6 | p2=0x1b7b…dc81 | p3=0x668a…7a69
2026-02-23T21:46:54Z | block=78826150 | kind=Triangular | hops=V3CL→V2→Algebra | token=WAVAX | idx=310 | profit=0.005047822592941507 WAVAX | amount_in=6 | p1=0xb78d…ebf6 | p2=0x1b7b…dc81 | p3=0xa02e…6ea0
2026-02-23T21:46:54Z | block=78826150 | kind=Triangular | hops=V3CL→V2→V3CL | token=WAVAX | idx=311 | profit=0.004911806878420756 WAVAX | amount_in=6 | p1=0xb78d…ebf6 | p2=0x1b7b…dc81 | p3=0xf014…9534
2026-02-23T21:46:54Z | block=78826150 | kind=Triangular | hops=V3CL→V2→Algebra | token=WAVAX | idx=308 | profit=0.003694557015741544 WAVAX | amount_in=5 | p1=0xb78d…ebf6 | p2=0x1b7b…dc81 | p3=0x4110…6fc7
2026-02-23T21:46:54Z | block=78826150 | kind=Triangular | hops=Algebra→V3CL→V2 | token=USDC | idx=682 | profit=0.04826 USDC | amount_in=49 | p1=0x668a…7a69 | p2=0xb78d…ebf6 | p3=0x1b7b…dc81
2026-02-23T21:46:54Z | block=78826150 | kind=Triangular | hops=Algebra→V3CL→V2 | token=USDC | idx=733 | profit=0.043749 USDC | amount_in=48 | p1=0xa02e…6ea0 | p2=0xb78d…ebf6 | p3=0x1b7b…dc81
2026-02-23T21:46:54Z | block=78826150 | kind=Triangular | hops=V3CL→V3CL→V2 | token=USDC | idx=810 | profit=0.042665 USDC | amount_in=48 | p1=0xf014…9534 | p2=0xb78d…ebf6 | p3=0x1b7b…dc81
2026-02-23T21:46:54Z | block=78826150 | kind=Triangular | hops=Algebra→V3CL→V2 | token=USDC | idx=649 | profit=0.031051 USDC | amount_in=42 | p1=0x4110…6fc7 | p2=0xb78d…ebf6 | p3=0x1b7b…dc81
2026-02-23T21:46:55Z | block=78826151 | kind=Triangular | hops=V3CL→V2→Algebra | token=WAVAX | idx=309 | profit=0.005659675014192535 WAVAX | amount_in=6 | p1=0xb78d…ebf6 | p2=0x1b7b…dc81 | p3=0x668a…7a69
2026-02-23T21:46:55Z | block=78826151 | kind=Triangular | hops=V3CL→V2→Algebra | token=WAVAX | idx=310 | profit=0.005047822592941507 WAVAX | amount_in=6 | p1=0xb78d…ebf6 | p2=0x1b7b…dc81 | p3=0xa02e…6ea0
2026-02-23T21:46:55Z | block=78826151 | kind=Triangular | hops=V3CL→V2→V3CL | token=WAVAX | idx=311 | profit=0.004911806878420756 WAVAX | amount_in=6 | p1=0xb78d…ebf6 | p2=0x1b7b…dc81 | p3=0xf014…9534
2026-02-23T21:46:55Z | block=78826151 | kind=Triangular | hops=V3CL→V2→Algebra | token=WAVAX | idx=308 | profit=0.003694557015741544 WAVAX | amount_in=5 | p1=0xb78d…ebf6 | p2=0x1b7b…dc81 | p3=0x4110…6fc7
2026-02-23T21:46:55Z | block=78826151 | kind=Triangular | hops=Algebra→V3CL→V2 | token=USDC | idx=682 | profit=0.04826 USDC | amount_in=49 | p1=0x668a…7a69 | p2=0xb78d…ebf6 | p3=0x1b7b…dc81
2026-02-23T21:46:55Z | block=78826151 | kind=Triangular | hops=Algebra→V3CL→V2 | token=USDC | idx=733 | profit=0.043749 USDC | amount_in=48 | p1=0xa02e…6ea0 | p2=0xb78d…ebf6 | p3=0x1b7b…dc81
2026-02-23T21:46:55Z | block=78826151 | kind=Triangular | hops=V3CL→V3CL→V2 | token=USDC | idx=810 | profit=0.042665 USDC | amount_in=48 | p1=0xf014…9534 | p2=0xb78d…ebf6 | p3=0x1b7b…dc81
2026-02-23T21:46:55Z | block=78826151 | kind=Triangular | hops=Algebra→V3CL→V2 | token=USDC | idx=649 | profit=0.031051 USDC | amount_in=42 | p1=0x4110…6fc7 | p2=0xb78d…ebf6 | p3=0x1b7b…dc81
2026-02-23T21:46:56Z | block=78826152 | kind=Triangular | hops=V3CL→V2→Algebra | token=WAVAX | idx=309 | profit=0.005659675014192535 WAVAX | amount_in=6 | p1=0xb78d…ebf6 | p2=0x1b7b…dc81 | p3=0x668a…7a69
2026-02-23T21:46:56Z | block=78826152 | kind=Triangular | hops=V3CL→V2→Algebra | token=WAVAX | idx=310 | profit=0.005047822592941507 WAVAX | amount_in=6 | p1=0xb78d…ebf6 | p2=0x1b7b…dc81 | p3=0xa02e…6ea0
2026-02-23T21:46:56Z | block=78826152 | kind=Triangular | hops=V3CL→V2→V3CL | token=WAVAX | idx=311 | profit=0.004911806878420756 WAVAX | amount_in=6 | p1=0xb78d…ebf6 | p2=0x1b7b…dc81 | p3=0xf014…9534
2026-02-23T21:46:56Z | block=78826152 | kind=Triangular | hops=V3CL→V2→Algebra | token=WAVAX | idx=308 | profit=0.003694557015741544 WAVAX | amount_in=5 | p1=0xb78d…ebf6 | p2=0x1b7b…dc81 | p3=0x4110…6fc7
2026-02-23T21:46:56Z | block=78826152 | kind=Triangular | hops=Algebra→V3CL→V2 | token=USDC | idx=682 | profit=0.04826 USDC | amount_in=49 | p1=0x668a…7a69 | p2=0xb78d…ebf6 | p3=0x1b7b…dc81
2026-02-23T21:46:56Z | block=78826152 | kind=Triangular | hops=Algebra→V3CL→V2 | token=USDC | idx=733 | profit=0.043749 USDC | amount_in=48 | p1=0xa02e…6ea0 | p2=0xb78d…ebf6 | p3=0x1b7b…dc81
2026-02-23T21:46:56Z | block=78826152 | kind=Triangular | hops=V3CL→V3CL→V2 | token=USDC | idx=810 | profit=0.042665 USDC | amount_in=48 | p1=0xf014…9534 | p2=0xb78d…ebf6 | p3=0x1b7b…dc81
2026-02-23T21:46:56Z | block=78826152 | kind=Triangular | hops=Algebra→V3CL→V2 | token=USDC | idx=649 | profit=0.031051 USDC | amount_in=42 | p1=0x4110…6fc7 | p2=0xb78d…ebf6 | p3=0x1b7b…dc81
2026-02-23T21:46:57Z | block=78826153 | kind=Triangular | hops=V3CL→V2→Algebra | token=WAVAX | idx=309 | profit=0.005659675014192535 WAVAX | amount_in=6 | p1=0xb78d…ebf6 | p2=0x1b7b…dc81 | p3=0x668a…7a69
2026-02-23T21:46:57Z | block=78826153 | kind=Triangular | hops=V3CL→V2→Algebra | token=WAVAX | idx=310 | profit=0.005047822592941507 WAVAX | amount_in=6 | p1=0xb78d…ebf6 | p2=0x1b7b…dc81 | p3=0xa02e…6ea0
2026-02-23T21:46:57Z | block=78826153 | kind=Triangular | hops=V3CL→V2→V3CL | token=WAVAX | idx=311 | profit=0.004911806878420756 WAVAX | amount_in=6 | p1=0xb78d…ebf6 | p2=0x1b7b…dc81 | p3=0xf014…9534
2026-02-23T21:46:57Z | block=78826153 | kind=Triangular | hops=V3CL→V2→Algebra | token=WAVAX | idx=308 | profit=0.003694557015741544 WAVAX | amount_in=5 | p1=0xb78d…ebf6 | p2=0x1b7b…dc81 | p3=0x4110…6fc7
2026-02-23T21:46:57Z | block=78826153 | kind=Triangular | hops=Algebra→V3CL→V2 | token=USDC | idx=682 | profit=0.04826 USDC | amount_in=49 | p1=0x668a…7a69 | p2=0xb78d…ebf6 | p3=0x1b7b…dc81
2026-02-23T21:46:57Z | block=78826153 | kind=Triangular | hops=Algebra→V3CL→V2 | token=USDC | idx=733 | profit=0.043749 USDC | amount_in=48 | p1=0xa02e…6ea0 | p2=0xb78d…ebf6 | p3=0x1b7b…dc81
2026-02-23T21:46:57Z | block=78826153 | kind=Triangular | hops=V3CL→V3CL→V2 | token=USDC | idx=810 | profit=0.042665 USDC | amount_in=48 | p1=0xf014…9534 | p2=0xb78d…ebf6 | p3=0x1b7b…dc81
2026-02-23T21:46:57Z | block=78826153 | kind=Triangular | hops=Algebra→V3CL→V2 | token=USDC | idx=649 | profit=0.031051 USDC | amount_in=42 | p1=0x4110…6fc7 | p2=0xb78d…ebf6 | p3=0x1b7b…dc81
2026-02-23T21:46:58Z | block=78826154 | kind=Triangular | hops=V3CL→V2→Algebra | token=WAVAX | idx=309 | profit=0.005659675014192535 WAVAX | amount_in=6 | p1=0xb78d…ebf6 | p2=0x1b7b…dc81 | p3=0x668a…7a69
2026-02-23T21:46:58Z | block=78826154 | kind=Triangular | hops=V3CL→V2→Algebra | token=WAVAX | idx=310 | profit=0.005047822592941507 WAVAX | amount_in=6 | p1=0xb78d…ebf6 | p2=0x1b7b…dc81 | p3=0xa02e…6ea0
2026-02-23T21:46:58Z | block=78826154 | kind=Triangular | hops=V3CL→V2→V3CL | token=WAVAX | idx=311 | profit=0.004911806878420756 WAVAX | amount_in=6 | p1=0xb78d…ebf6 | p2=0x1b7b…dc81 | p3=0xf014…9534
2026-02-23T21:46:58Z | block=78826154 | kind=Triangular | hops=V3CL→V2→Algebra | token=WAVAX | idx=308 | profit=0.003694557015741544 WAVAX | amount_in=5 | p1=0xb78d…ebf6 | p2=0x1b7b…dc81 | p3=0x4110…6fc7
2026-02-23T21:46:58Z | block=78826154 | kind=Triangular | hops=Algebra→V3CL→V2 | token=USDC | idx=682 | profit=0.04826 USDC | amount_in=49 | p1=0x668a…7a69 | p2=0xb78d…ebf6 | p3=0x1b7b…dc81
2026-02-23T21:46:58Z | block=78826154 | kind=Triangular | hops=Algebra→V3CL→V2 | token=USDC | idx=733 | profit=0.043749 USDC | amount_in=48 | p1=0xa02e…6ea0 | p2=0xb78d…ebf6 | p3=0x1b7b…dc81
2026-02-23T21:46:58Z | block=78826154 | kind=Triangular | hops=V3CL→V3CL→V2 | token=USDC | idx=810 | profit=0.042665 USDC | amount_in=48 | p1=0xf014…9534 | p2=0xb78d…ebf6 | p3=0x1b7b…dc81
2026-02-23T21:46:58Z | block=78826154 | kind=Triangular | hops=Algebra→V3CL→V2 | token=USDC | idx=649 | profit=0.031051 USDC | amount_in=42 | p1=0x4110…6fc7 | p2=0xb78d…ebf6 | p3=0x1b7b…dc81
2026-02-23T21:46:59Z | block=78826155 | kind=Triangular | hops=V3CL→V2→Algebra | token=WAVAX | idx=309 | profit=0.005659675014192535 WAVAX | amount_in=6 | p1=0xb78d…ebf6 | p2=0x1b7b…dc81 | p3=0x668a…7a69
2026-02-23T21:46:59Z | block=78826155 | kind=Triangular | hops=V3CL→V2→Algebra | token=WAVAX | idx=310 | profit=0.005047822592941507 WAVAX | amount_in=6 | p1=0xb78d…ebf6 | p2=0x1b7b…dc81 | p3=0xa02e…6ea0
2026-02-23T21:46:59Z | block=78826155 | kind=Triangular | hops=V3CL→V2→V3CL | token=WAVAX | idx=311 | profit=0.004911806878420756 WAVAX | amount_in=6 | p1=0xb78d…ebf6 | p2=0x1b7b…dc81 | p3=0xf014…9534
2026-02-23T21:46:59Z | block=78826155 | kind=Triangular | hops=V3CL→V2→Algebra | token=WAVAX | idx=308 | profit=0.003694557015741544 WAVAX | amount_in=5 | p1=0xb78d…ebf6 | p2=0x1b7b…dc81 | p3=0x4110…6fc7
2026-02-23T21:46:59Z | block=78826155 | kind=Triangular | hops=Algebra→V3CL→V2 | token=USDC | idx=682 | profit=0.04826 USDC | amount_in=49 | p1=0x668a…7a69 | p2=0xb78d…ebf6 | p3=0x1b7b…dc81
2026-02-23T21:46:59Z | block=78826155 | kind=Triangular | hops=Algebra→V3CL→V2 | token=USDC | idx=733 | profit=0.043749 USDC | amount_in=48 | p1=0xa02e…6ea0 | p2=0xb78d…ebf6 | p3=0x1b7b…dc81
2026-02-23T21:46:59Z | block=78826155 | kind=Triangular | hops=V3CL→V3CL→V2 | token=USDC | idx=810 | profit=0.042665 USDC | amount_in=48 | p1=0xf014…9534 | p2=0xb78d…ebf6 | p3=0x1b7b…dc81
2026-02-23T21:46:59Z | block=78826155 | kind=Triangular | hops=Algebra→V3CL→V2 | token=USDC | idx=649 | profit=0.031051 USDC | amount_in=42 | p1=0x4110…6fc7 | p2=0xb78d…ebf6 | p3=0x1b7b…dc81
2026-02-23T21:47:00Z | block=78826156 | kind=Triangular | hops=V3CL→V2→Algebra | token=WAVAX | idx=309 | profit=0.005659675014192535 WAVAX | amount_in=6 | p1=0xb78d…ebf6 | p2=0x1b7b…dc81 | p3=0x668a…7a69
2026-02-23T21:47:00Z | block=78826156 | kind=Triangular | hops=V3CL→V2→Algebra | token=WAVAX | idx=310 | profit=0.005047822592941507 WAVAX | amount_in=6 | p1=0xb78d…ebf6 | p2=0x1b7b…dc81 | p3=0xa02e…6ea0
2026-02-23T21:47:00Z | block=78826156 | kind=Triangular | hops=V3CL→V2→V3CL | token=WAVAX | idx=311 | profit=0.004911806878420756 WAVAX | amount_in=6 | p1=0xb78d…ebf6 | p2=0x1b7b…dc81 | p3=0xf014…9534
2026-02-23T21:47:00Z | block=78826156 | kind=Triangular | hops=V3CL→V2→Algebra | token=WAVAX | idx=308 | profit=0.003694557015741544 WAVAX | amount_in=5 | p1=0xb78d…ebf6 | p2=0x1b7b…dc81 | p3=0x4110…6fc7
2026-02-23T21:47:00Z | block=78826156 | kind=Triangular | hops=Algebra→V3CL→V2 | token=USDC | idx=682 | profit=0.04826 USDC | amount_in=49 | p1=0x668a…7a69 | p2=0xb78d…ebf6 | p3=0x1b7b…dc81
2026-02-23T21:47:00Z | block=78826156 | kind=Triangular | hops=Algebra→V3CL→V2 | token=USDC | idx=733 | profit=0.043749 USDC | amount_in=48 | p1=0xa02e…6ea0 | p2=0xb78d…ebf6 | p3=0x1b7b…dc81
2026-02-23T21:47:00Z | block=78826156 | kind=Triangular | hops=V3CL→V3CL→V2 | token=USDC | idx=810 | profit=0.042665 USDC | amount_in=48 | p1=0xf014…9534 | p2=0xb78d…ebf6 | p3=0x1b7b…dc81
2026-02-23T21:47:00Z | block=78826156 | kind=Triangular | hops=Algebra→V3CL→V2 | token=USDC | idx=649 | profit=0.031051 USDC | amount_in=42 | p1=0x4110…6fc7 | p2=0xb78d…ebf6 | p3=0x1b7b…dc81
2026-02-23T21:47:01Z | block=78826157 | kind=Triangular | hops=V3CL→V2→Algebra | token=WAVAX | idx=309 | profit=0.005659675014192535 WAVAX | amount_in=6 | p1=0xb78d…ebf6 | p2=0x1b7b…dc81 | p3=0x668a…7a69
2026-02-23T21:47:01Z | block=78826157 | kind=Triangular | hops=V3CL→V2→Algebra | token=WAVAX | idx=310 | profit=0.005047822592941507 WAVAX | amount_in=6 | p1=0xb78d…ebf6 | p2=0x1b7b…dc81 | p3=0xa02e…6ea0
2026-02-23T21:47:01Z | block=78826157 | kind=Triangular | hops=V3CL→V2→V3CL | token=WAVAX | idx=311 | profit=0.004911806878420756 WAVAX | amount_in=6 | p1=0xb78d…ebf6 | p2=0x1b7b…dc81 | p3=0xf014…9534
2026-02-23T21:47:01Z | block=78826157 | kind=Triangular | hops=V3CL→V2→Algebra | token=WAVAX | idx=308 | profit=0.003694557015741544 WAVAX | amount_in=5 | p1=0xb78d…ebf6 | p2=0x1b7b…dc81 | p3=0x4110…6fc7
2026-02-23T21:47:01Z | block=78826157 | kind=Triangular | hops=Algebra→V3CL→V2 | token=USDC | idx=682 | profit=0.04826 USDC | amount_in=49 | p1=0x668a…7a69 | p2=0xb78d…ebf6 | p3=0x1b7b…dc81
2026-02-23T21:47:01Z | block=78826157 | kind=Triangular | hops=Algebra→V3CL→V2 | token=USDC | idx=733 | profit=0.043749 USDC | amount_in=48 | p1=0xa02e…6ea0 | p2=0xb78d…ebf6 | p3=0x1b7b…dc81
2026-02-23T21:47:01Z | block=78826157 | kind=Triangular | hops=V3CL→V3CL→V2 | token=USDC | idx=810 | profit=0.042665 USDC | amount_in=48 | p1=0xf014…9534 | p2=0xb78d…ebf6 | p3=0x1b7b…dc81
2026-02-23T21:47:01Z | block=78826157 | kind=Triangular | hops=Algebra→V3CL→V2 | token=USDC | idx=649 | profit=0.031051 USDC | amount_in=42 | p1=0x4110…6fc7 | p2=0xb78d…ebf6 | p3=0x1b7b…dc81
2026-02-23T21:47:02Z | block=78826158 | kind=Triangular | hops=V3CL→V2→Algebra | token=WAVAX | idx=309 | profit=0.005659675014192535 WAVAX | amount_in=6 | p1=0xb78d…ebf6 | p2=0x1b7b…dc81 | p3=0x668a…7a69
2026-02-23T21:47:02Z | block=78826158 | kind=Triangular | hops=V3CL→V2→Algebra | token=WAVAX | idx=310 | profit=0.005047822592941507 WAVAX | amount_in=6 | p1=0xb78d…ebf6 | p2=0x1b7b…dc81 | p3=0xa02e…6ea0
2026-02-23T21:47:02Z | block=78826158 | kind=Triangular | hops=V3CL→V2→V3CL | token=WAVAX | idx=311 | profit=0.004911806878420756 WAVAX | amount_in=6 | p1=0xb78d…ebf6 | p2=0x1b7b…dc81 | p3=0xf014…9534
2026-02-23T21:47:02Z | block=78826158 | kind=Triangular | hops=V3CL→V2→Algebra | token=WAVAX | idx=308 | profit=0.003694557015741544 WAVAX | amount_in=5 | p1=0xb78d…ebf6 | p2=0x1b7b…dc81 | p3=0x4110…6fc7
2026-02-23T21:47:02Z | block=78826158 | kind=Triangular | hops=Algebra→V3CL→V2 | token=USDC | idx=682 | profit=0.04826 USDC | amount_in=49 | p1=0x668a…7a69 | p2=0xb78d…ebf6 | p3=0x1b7b…dc81
2026-02-23T21:47:02Z | block=78826158 | kind=Triangular | hops=Algebra→V3CL→V2 | token=USDC | idx=733 | profit=0.043749 USDC | amount_in=48 | p1=0xa02e…6ea0 | p2=0xb78d…ebf6 | p3=0x1b7b…dc81
2026-02-23T21:47:02Z | block=78826158 | kind=Triangular | hops=V3CL→V3CL→V2 | token=USDC | idx=810 | profit=0.042665 USDC | amount_in=48 | p1=0xf014…9534 | p2=0xb78d…ebf6 | p3=0x1b7b…dc81
2026-02-23T21:47:02Z | block=78826158 | kind=Triangular | hops=Algebra→V3CL→V2 | token=USDC | idx=649 | profit=0.031051 USDC | amount_in=42 | p1=0x4110…6fc7 | p2=0xb78d…ebf6 | p3=0x1b7b…dc81
2026-02-23T21:47:03Z | block=78826159 | kind=Triangular | hops=V3CL→V2→Algebra | token=WAVAX | idx=309 | profit=0.005659675014192535 WAVAX | amount_in=6 | p1=0xb78d…ebf6 | p2=0x1b7b…dc81 | p3=0x668a…7a69
2026-02-23T21:47:03Z | block=78826159 | kind=Triangular | hops=V3CL→V2→Algebra | token=WAVAX | idx=310 | profit=0.005047822592941507 WAVAX | amount_in=6 | p1=0xb78d…ebf6 | p2=0x1b7b…dc81 | p3=0xa02e…6ea0
2026-02-23T21:47:03Z | block=78826159 | kind=Triangular | hops=V3CL→V2→V3CL | token=WAVAX | idx=311 | profit=0.004911806878420756 WAVAX | amount_in=6 | p1=0xb78d…ebf6 | p2=0x1b7b…dc81 | p3=0xf014…9534
2026-02-23T21:47:03Z | block=78826159 | kind=Triangular | hops=V3CL→V2→Algebra | token=WAVAX | idx=308 | profit=0.003694557015741544 WAVAX | amount_in=5 | p1=0xb78d…ebf6 | p2=0x1b7b…dc81 | p3=0x4110…6fc7
2026-02-23T21:47:03Z | block=78826159 | kind=Triangular | hops=Algebra→V3CL→V2 | token=USDC | idx=682 | profit=0.04826 USDC | amount_in=49 | p1=0x668a…7a69 | p2=0xb78d…ebf6 | p3=0x1b7b…dc81
2026-02-23T21:47:03Z | block=78826159 | kind=Triangular | hops=Algebra→V3CL→V2 | token=USDC | idx=733 | profit=0.043749 USDC | amount_in=48 | p1=0xa02e…6ea0 | p2=0xb78d…ebf6 | p3=0x1b7b…dc81
2026-02-23T21:47:03Z | block=78826159 | kind=Triangular | hops=V3CL→V3CL→V2 | token=USDC | idx=810 | profit=0.042665 USDC | amount_in=48 | p1=0xf014…9534 | p2=0xb78d…ebf6 | p3=0x1b7b…dc81
2026-02-23T21:47:03Z | block=78826159 | kind=Triangular | hops=Algebra→V3CL→V2 | token=USDC | idx=649 | profit=0.031051 USDC | amount_in=42 | p1=0x4110…6fc7 | p2=0xb78d…ebf6 | p3=0x1b7b…dc81
2026-02-23T21:47:04Z | block=78826160 | kind=Triangular | hops=V3CL→V2→Algebra | token=WAVAX | idx=309 | profit=0.005659904087571049 WAVAX | amount_in=6 | p1=0xb78d…ebf6 | p2=0x1b7b…dc81 | p3=0x668a…7a69
2026-02-23T21:47:04Z | block=78826160 | kind=Triangular | hops=V3CL→V2→Algebra | token=WAVAX | idx=310 | profit=0.005047822592941507 WAVAX | amount_in=6 | p1=0xb78d…ebf6 | p2=0x1b7b…dc81 | p3=0xa02e…6ea0
2026-02-23T21:47:04Z | block=78826160 | kind=Triangular | hops=V3CL→V2→V3CL | token=WAVAX | idx=311 | profit=0.004911806878420756 WAVAX | amount_in=6 | p1=0xb78d…ebf6 | p2=0x1b7b…dc81 | p3=0xf014…9534
2026-02-23T21:47:04Z | block=78826160 | kind=Triangular | hops=V3CL→V2→Algebra | token=WAVAX | idx=308 | profit=0.003694557015741544 WAVAX | amount_in=5 | p1=0xb78d…ebf6 | p2=0x1b7b…dc81 | p3=0x4110…6fc7
2026-02-23T21:47:04Z | block=78826160 | kind=Triangular | hops=Algebra→V3CL→V2 | token=USDC | idx=682 | profit=0.048262 USDC | amount_in=49 | p1=0x668a…7a69 | p2=0xb78d…ebf6 | p3=0x1b7b…dc81
2026-02-23T21:47:04Z | block=78826160 | kind=Triangular | hops=Algebra→V3CL→V2 | token=USDC | idx=733 | profit=0.043749 USDC | amount_in=48 | p1=0xa02e…6ea0 | p2=0xb78d…ebf6 | p3=0x1b7b…dc81
2026-02-23T21:47:04Z | block=78826160 | kind=Triangular | hops=V3CL→V3CL→V2 | token=USDC | idx=810 | profit=0.042665 USDC | amount_in=48 | p1=0xf014…9534 | p2=0xb78d…ebf6 | p3=0x1b7b…dc81
2026-02-23T21:47:04Z | block=78826160 | kind=Triangular | hops=Algebra→V3CL→V2 | token=USDC | idx=649 | profit=0.031051 USDC | amount_in=42 | p1=0x4110…6fc7 | p2=0xb78d…ebf6 | p3=0x1b7b…dc81
2026-02-23T21:47:05Z | block=78826161 | kind=Triangular | hops=V3CL→V2→Algebra | token=WAVAX | idx=309 | profit=0.005659904087571049 WAVAX | amount_in=6 | p1=0xb78d…ebf6 | p2=0x1b7b…dc81 | p3=0x668a…7a69
2026-02-23T21:47:05Z | block=78826161 | kind=Triangular | hops=V3CL→V2→Algebra | token=WAVAX | idx=310 | profit=0.005047822592941507 WAVAX | amount_in=6 | p1=0xb78d…ebf6 | p2=0x1b7b…dc81 | p3=0xa02e…6ea0
2026-02-23T21:47:05Z | block=78826161 | kind=Triangular | hops=V3CL→V2→V3CL | token=WAVAX | idx=311 | profit=0.004911806878420756 WAVAX | amount_in=6 | p1=0xb78d…ebf6 | p2=0x1b7b…dc81 | p3=0xf014…9534
2026-02-23T21:47:05Z | block=78826161 | kind=Triangular | hops=V3CL→V2→Algebra | token=WAVAX | idx=308 | profit=0.003694557015741544 WAVAX | amount_in=5 | p1=0xb78d…ebf6 | p2=0x1b7b…dc81 | p3=0x4110…6fc7
2026-02-23T21:47:05Z | block=78826161 | kind=Triangular | hops=Algebra→V3CL→V2 | token=USDC | idx=682 | profit=0.048262 USDC | amount_in=49 | p1=0x668a…7a69 | p2=0xb78d…ebf6 | p3=0x1b7b…dc81
2026-02-23T21:47:05Z | block=78826161 | kind=Triangular | hops=Algebra→V3CL→V2 | token=USDC | idx=733 | profit=0.043749 USDC | amount_in=48 | p1=0xa02e…6ea0 | p2=0xb78d…ebf6 | p3=0x1b7b…dc81
2026-02-23T21:47:05Z | block=78826161 | kind=Triangular | hops=V3CL→V3CL→V2 | token=USDC | idx=810 | profit=0.042665 USDC | amount_in=48 | p1=0xf014…9534 | p2=0xb78d…ebf6 | p3=0x1b7b…dc81
2026-02-23T21:47:05Z | block=78826161 | kind=Triangular | hops=Algebra→V3CL→V2 | token=USDC | idx=649 | profit=0.031051 USDC | amount_in=42 | p1=0x4110…6fc7 | p2=0xb78d…ebf6 | p3=0x1b7b…dc81
2026-02-23T21:47:06Z | block=78826162 | kind=Triangular | hops=V3CL→V2→Algebra | token=WAVAX | idx=309 | profit=0.005659904087571049 WAVAX | amount_in=6 | p1=0xb78d…ebf6 | p2=0x1b7b…dc81 | p3=0x668a…7a69
2026-02-23T21:47:06Z | block=78826162 | kind=Triangular | hops=V3CL→V2→Algebra | token=WAVAX | idx=310 | profit=0.005047822592941507 WAVAX | amount_in=6 | p1=0xb78d…ebf6 | p2=0x1b7b…dc81 | p3=0xa02e…6ea0
2026-02-23T21:47:06Z | block=78826162 | kind=Triangular | hops=V3CL→V2→V3CL | token=WAVAX | idx=311 | profit=0.004911806878420756 WAVAX | amount_in=6 | p1=0xb78d…ebf6 | p2=0x1b7b…dc81 | p3=0xf014…9534
2026-02-23T21:47:06Z | block=78826162 | kind=Triangular | hops=V3CL→V2→Algebra | token=WAVAX | idx=308 | profit=0.003694557015741544 WAVAX | amount_in=5 | p1=0xb78d…ebf6 | p2=0x1b7b…dc81 | p3=0x4110…6fc7
2026-02-23T21:47:06Z | block=78826162 | kind=Triangular | hops=Algebra→V3CL→V2 | token=USDC | idx=682 | profit=0.048262 USDC | amount_in=49 | p1=0x668a…7a69 | p2=0xb78d…ebf6 | p3=0x1b7b…dc81
2026-02-23T21:47:06Z | block=78826162 | kind=Triangular | hops=Algebra→V3CL→V2 | token=USDC | idx=733 | profit=0.043749 USDC | amount_in=48 | p1=0xa02e…6ea0 | p2=0xb78d…ebf6 | p3=0x1b7b…dc81
2026-02-23T21:47:06Z | block=78826162 | kind=Triangular | hops=V3CL→V3CL→V2 | token=USDC | idx=810 | profit=0.042665 USDC | amount_in=48 | p1=0xf014…9534 | p2=0xb78d…ebf6 | p3=0x1b7b…dc81
2026-02-23T21:47:06Z | block=78826162 | kind=Triangular | hops=Algebra→V3CL→V2 | token=USDC | idx=649 | profit=0.031051 USDC | amount_in=42 | p1=0x4110…6fc7 | p2=0xb78d…ebf6 | p3=0x1b7b…dc81
2026-02-23T21:47:07Z | block=78826163 | kind=Triangular | hops=V3CL→V2→Algebra | token=WAVAX | idx=309 | profit=0.005659904087571049 WAVAX | amount_in=6 | p1=0xb78d…ebf6 | p2=0x1b7b…dc81 | p3=0x668a…7a69
2026-02-23T21:47:07Z | block=78826163 | kind=Triangular | hops=V3CL→V2→Algebra | token=WAVAX | idx=310 | profit=0.005047822592941507 WAVAX | amount_in=6 | p1=0xb78d…ebf6 | p2=0x1b7b…dc81 | p3=0xa02e…6ea0
2026-02-23T21:47:07Z | block=78826163 | kind=Triangular | hops=V3CL→V2→V3CL | token=WAVAX | idx=311 | profit=0.004911806878420756 WAVAX | amount_in=6 | p1=0xb78d…ebf6 | p2=0x1b7b…dc81 | p3=0xf014…9534
2026-02-23T21:47:07Z | block=78826163 | kind=Triangular | hops=V3CL→V2→Algebra | token=WAVAX | idx=308 | profit=0.003694557015741544 WAVAX | amount_in=5 | p1=0xb78d…ebf6 | p2=0x1b7b…dc81 | p3=0x4110…6fc7
2026-02-23T21:47:07Z | block=78826163 | kind=Triangular | hops=Algebra→V3CL→V2 | token=USDC | idx=682 | profit=0.048262 USDC | amount_in=49 | p1=0x668a…7a69 | p2=0xb78d…ebf6 | p3=0x1b7b…dc81
2026-02-23T21:47:07Z | block=78826163 | kind=Triangular | hops=Algebra→V3CL→V2 | token=USDC | idx=733 | profit=0.043749 USDC | amount_in=48 | p1=0xa02e…6ea0 | p2=0xb78d…ebf6 | p3=0x1b7b…dc81
2026-02-23T21:47:07Z | block=78826163 | kind=Triangular | hops=V3CL→V3CL→V2 | token=USDC | idx=810 | profit=0.042665 USDC | amount_in=48 | p1=0xf014…9534 | p2=0xb78d…ebf6 | p3=0x1b7b…dc81
2026-02-23T21:47:07Z | block=78826163 | kind=Triangular | hops=Algebra→V3CL→V2 | token=USDC | idx=649 | profit=0.031051 USDC | amount_in=42 | p1=0x4110…6fc7 | p2=0xb78d…ebf6 | p3=0x1b7b…dc81
2026-02-23T21:47:08Z | block=78826164 | kind=Triangular | hops=V3CL→V2→Algebra | token=WAVAX | idx=309 | profit=0.005659904087571049 WAVAX | amount_in=6 | p1=0xb78d…ebf6 | p2=0x1b7b…dc81 | p3=0x668a…7a69
2026-02-23T21:47:08Z | block=78826164 | kind=Triangular | hops=V3CL→V2→Algebra | token=WAVAX | idx=310 | profit=0.005047822592941507 WAVAX | amount_in=6 | p1=0xb78d…ebf6 | p2=0x1b7b…dc81 | p3=0xa02e…6ea0
2026-02-23T21:47:08Z | block=78826164 | kind=Triangular | hops=V3CL→V2→V3CL | token=WAVAX | idx=311 | profit=0.004911806878420756 WAVAX | amount_in=6 | p1=0xb78d…ebf6 | p2=0x1b7b…dc81 | p3=0xf014…9534
2026-02-23T21:47:08Z | block=78826164 | kind=Triangular | hops=V3CL→V2→Algebra | token=WAVAX | idx=308 | profit=0.003694557015741544 WAVAX | amount_in=5 | p1=0xb78d…ebf6 | p2=0x1b7b…dc81 | p3=0x4110…6fc7
2026-02-23T21:47:08Z | block=78826164 | kind=Triangular | hops=Algebra→V3CL→V2 | token=USDC | idx=682 | profit=0.048262 USDC | amount_in=49 | p1=0x668a…7a69 | p2=0xb78d…ebf6 | p3=0x1b7b…dc81
2026-02-23T21:47:08Z | block=78826164 | kind=Triangular | hops=Algebra→V3CL→V2 | token=USDC | idx=733 | profit=0.043749 USDC | amount_in=48 | p1=0xa02e…6ea0 | p2=0xb78d…ebf6 | p3=0x1b7b…dc81
2026-02-23T21:47:08Z | block=78826164 | kind=Triangular | hops=V3CL→V3CL→V2 | token=USDC | idx=810 | profit=0.042665 USDC | amount_in=48 | p1=0xf014…9534 | p2=0xb78d…ebf6 | p3=0x1b7b…dc81
2026-02-23T21:47:08Z | block=78826164 | kind=Triangular | hops=Algebra→V3CL→V2 | token=USDC | idx=649 | profit=0.031051 USDC | amount_in=42 | p1=0x4110…6fc7 | p2=0xb78d…ebf6 | p3=0x1b7b…dc81
2026-02-23T21:47:09Z | block=78826165 | kind=Triangular | hops=V3CL→V2→Algebra | token=WAVAX | idx=309 | profit=0.005659904087571049 WAVAX | amount_in=6 | p1=0xb78d…ebf6 | p2=0x1b7b…dc81 | p3=0x668a…7a69
2026-02-23T21:47:09Z | block=78826165 | kind=Triangular | hops=V3CL→V2→Algebra | token=WAVAX | idx=310 | profit=0.005047822592941507 WAVAX | amount_in=6 | p1=0xb78d…ebf6 | p2=0x1b7b…dc81 | p3=0xa02e…6ea0
2026-02-23T21:47:09Z | block=78826165 | kind=Triangular | hops=V3CL→V2→V3CL | token=WAVAX | idx=311 | profit=0.004911806878420756 WAVAX | amount_in=6 | p1=0xb78d…ebf6 | p2=0x1b7b…dc81 | p3=0xf014…9534
2026-02-23T21:47:09Z | block=78826165 | kind=Triangular | hops=V3CL→V2→Algebra | token=WAVAX | idx=308 | profit=0.003694557015741544 WAVAX | amount_in=5 | p1=0xb78d…ebf6 | p2=0x1b7b…dc81 | p3=0x4110…6fc7
2026-02-23T21:47:09Z | block=78826165 | kind=Triangular | hops=Algebra→V3CL→V2 | token=USDC | idx=682 | profit=0.048262 USDC | amount_in=49 | p1=0x668a…7a69 | p2=0xb78d…ebf6 | p3=0x1b7b…dc81
2026-02-23T21:47:09Z | block=78826165 | kind=Triangular | hops=Algebra→V3CL→V2 | token=USDC | idx=733 | profit=0.043749 USDC | amount_in=48 | p1=0xa02e…6ea0 | p2=0xb78d…ebf6 | p3=0x1b7b…dc81
2026-02-23T21:47:09Z | block=78826165 | kind=Triangular | hops=V3CL→V3CL→V2 | token=USDC | idx=810 | profit=0.042665 USDC | amount_in=48 | p1=0xf014…9534 | p2=0xb78d…ebf6 | p3=0x1b7b…dc81
2026-02-23T21:47:09Z | block=78826165 | kind=Triangular | hops=Algebra→V3CL→V2 | token=USDC | idx=649 | profit=0.031051 USDC | amount_in=42 | p1=0x4110…6fc7 | p2=0xb78d…ebf6 | p3=0x1b7b…dc81
2026-02-23T21:47:10Z | block=78826166 | kind=Triangular | hops=V3CL→V2→Algebra | token=WAVAX | idx=309 | profit=0.005659904087571049 WAVAX | amount_in=6 | p1=0xb78d…ebf6 | p2=0x1b7b…dc81 | p3=0x668a…7a69
2026-02-23T21:47:10Z | block=78826166 | kind=Triangular | hops=V3CL→V2→Algebra | token=WAVAX | idx=310 | profit=0.005047822592941507 WAVAX | amount_in=6 | p1=0xb78d…ebf6 | p2=0x1b7b…dc81 | p3=0xa02e…6ea0
2026-02-23T21:47:10Z | block=78826166 | kind=Triangular | hops=V3CL→V2→V3CL | token=WAVAX | idx=311 | profit=0.004911806878420756 WAVAX | amount_in=6 | p1=0xb78d…ebf6 | p2=0x1b7b…dc81 | p3=0xf014…9534
2026-02-23T21:47:10Z | block=78826166 | kind=Triangular | hops=V3CL→V2→Algebra | token=WAVAX | idx=308 | profit=0.003694557015741544 WAVAX | amount_in=5 | p1=0xb78d…ebf6 | p2=0x1b7b…dc81 | p3=0x4110…6fc7
2026-02-23T21:47:10Z | block=78826166 | kind=Triangular | hops=Algebra→V3CL→V2 | token=USDC | idx=682 | profit=0.048262 USDC | amount_in=49 | p1=0x668a…7a69 | p2=0xb78d…ebf6 | p3=0x1b7b…dc81
2026-02-23T21:47:10Z | block=78826166 | kind=Triangular | hops=Algebra→V3CL→V2 | token=USDC | idx=733 | profit=0.043749 USDC | amount_in=48 | p1=0xa02e…6ea0 | p2=0xb78d…ebf6 | p3=0x1b7b…dc81
2026-02-23T21:47:10Z | block=78826166 | kind=Triangular | hops=V3CL→V3CL→V2 | token=USDC | idx=810 | profit=0.042665 USDC | amount_in=48 | p1=0xf014…9534 | p2=0xb78d…ebf6 | p3=0x1b7b…dc81
2026-02-23T21:47:10Z | block=78826166 | kind=Triangular | hops=Algebra→V3CL→V2 | token=USDC | idx=649 | profit=0.031051 USDC | amount_in=42 | p1=0x4110…6fc7 | p2=0xb78d…ebf6 | p3=0x1b7b…dc81
2026-02-23T21:47:11Z | block=78826167 | kind=Triangular | hops=V3CL→V2→Algebra | token=WAVAX | idx=309 | profit=0.005659904087571049 WAVAX | amount_in=6 | p1=0xb78d…ebf6 | p2=0x1b7b…dc81 | p3=0x668a…7a69
2026-02-23T21:47:11Z | block=78826167 | kind=Triangular | hops=V3CL→V2→Algebra | token=WAVAX | idx=310 | profit=0.00462400002689936 WAVAX | amount_in=6 | p1=0xb78d…ebf6 | p2=0x1b7b…dc81 | p3=0xa02e…6ea0
2026-02-23T21:47:11Z | block=78826167 | kind=Triangular | hops=V3CL→V2→V3CL | token=WAVAX | idx=311 | profit=0.004520603577200593 WAVAX | amount_in=5 | p1=0xb78d…ebf6 | p2=0x1b7b…dc81 | p3=0xf014…9534
2026-02-23T21:47:11Z | block=78826167 | kind=Triangular | hops=V3CL→V2→Algebra | token=WAVAX | idx=308 | profit=0.003694557015741544 WAVAX | amount_in=5 | p1=0xb78d…ebf6 | p2=0x1b7b…dc81 | p3=0x4110…6fc7
2026-02-23T21:47:11Z | block=78826167 | kind=Triangular | hops=Algebra→V3CL→V2 | token=USDC | idx=682 | profit=0.048262 USDC | amount_in=49 | p1=0x668a…7a69 | p2=0xb78d…ebf6 | p3=0x1b7b…dc81
2026-02-23T21:47:11Z | block=78826167 | kind=Triangular | hops=Algebra→V3CL→V2 | token=USDC | idx=733 | profit=0.040896 USDC | amount_in=47 | p1=0xa02e…6ea0 | p2=0xb78d…ebf6 | p3=0x1b7b…dc81
2026-02-23T21:47:11Z | block=78826167 | kind=Triangular | hops=V3CL→V3CL→V2 | token=USDC | idx=810 | profit=0.036744 USDC | amount_in=45 | p1=0xf014…9534 | p2=0xb78d…ebf6 | p3=0x1b7b…dc81
2026-02-23T21:47:11Z | block=78826167 | kind=Triangular | hops=Algebra→V3CL→V2 | token=USDC | idx=649 | profit=0.031051 USDC | amount_in=42 | p1=0x4110…6fc7 | p2=0xb78d…ebf6 | p3=0x1b7b…dc81
2026-02-23T21:47:12Z | block=78826168 | kind=Triangular | hops=V3CL→V2→Algebra | token=WAVAX | idx=309 | profit=0.005659904087571049 WAVAX | amount_in=6 | p1=0xb78d…ebf6 | p2=0x1b7b…dc81 | p3=0x668a…7a69
2026-02-23T21:47:12Z | block=78826168 | kind=Triangular | hops=V3CL→V2→Algebra | token=WAVAX | idx=310 | profit=0.00462400002689936 WAVAX | amount_in=6 | p1=0xb78d…ebf6 | p2=0x1b7b…dc81 | p3=0xa02e…6ea0
2026-02-23T21:47:12Z | block=78826168 | kind=Triangular | hops=V3CL→V2→V3CL | token=WAVAX | idx=311 | profit=0.004520603577200593 WAVAX | amount_in=5 | p1=0xb78d…ebf6 | p2=0x1b7b…dc81 | p3=0xf014…9534
2026-02-23T21:47:12Z | block=78826168 | kind=Triangular | hops=V3CL→V2→Algebra | token=WAVAX | idx=308 | profit=0.003694557015741544 WAVAX | amount_in=5 | p1=0xb78d…ebf6 | p2=0x1b7b…dc81 | p3=0x4110…6fc7
2026-02-23T21:47:12Z | block=78826168 | kind=Triangular | hops=Algebra→V3CL→V2 | token=USDC | idx=682 | profit=0.048262 USDC | amount_in=49 | p1=0x668a…7a69 | p2=0xb78d…ebf6 | p3=0x1b7b…dc81
2026-02-23T21:47:12Z | block=78826168 | kind=Triangular | hops=Algebra→V3CL→V2 | token=USDC | idx=733 | profit=0.040896 USDC | amount_in=47 | p1=0xa02e…6ea0 | p2=0xb78d…ebf6 | p3=0x1b7b…dc81
2026-02-23T21:47:12Z | block=78826168 | kind=Triangular | hops=V3CL→V3CL→V2 | token=USDC | idx=810 | profit=0.036744 USDC | amount_in=45 | p1=0xf014…9534 | p2=0xb78d…ebf6 | p3=0x1b7b…dc81
2026-02-23T21:47:12Z | block=78826168 | kind=Triangular | hops=Algebra→V3CL→V2 | token=USDC | idx=649 | profit=0.031051 USDC | amount_in=42 | p1=0x4110…6fc7 | p2=0xb78d…ebf6 | p3=0x1b7b…dc81
2026-02-23T21:47:13Z | block=78826169 | kind=Triangular | hops=V3CL→V2→Algebra | token=WAVAX | idx=309 | profit=0.005659904087571049 WAVAX | amount_in=6 | p1=0xb78d…ebf6 | p2=0x1b7b…dc81 | p3=0x668a…7a69
2026-02-23T21:47:13Z | block=78826169 | kind=Triangular | hops=V3CL→V2→Algebra | token=WAVAX | idx=310 | profit=0.00462400002689936 WAVAX | amount_in=6 | p1=0xb78d…ebf6 | p2=0x1b7b…dc81 | p3=0xa02e…6ea0
2026-02-23T21:47:13Z | block=78826169 | kind=Triangular | hops=V3CL→V2→V3CL | token=WAVAX | idx=311 | profit=0.004520603577200593 WAVAX | amount_in=5 | p1=0xb78d…ebf6 | p2=0x1b7b…dc81 | p3=0xf014…9534
2026-02-23T21:47:13Z | block=78826169 | kind=Triangular | hops=V3CL→V2→Algebra | token=WAVAX | idx=308 | profit=0.003694557015741544 WAVAX | amount_in=5 | p1=0xb78d…ebf6 | p2=0x1b7b…dc81 | p3=0x4110…6fc7
2026-02-23T21:47:13Z | block=78826169 | kind=Triangular | hops=Algebra→V3CL→V2 | token=USDC | idx=682 | profit=0.048262 USDC | amount_in=49 | p1=0x668a…7a69 | p2=0xb78d…ebf6 | p3=0x1b7b…dc81
2026-02-23T21:47:13Z | block=78826169 | kind=Triangular | hops=Algebra→V3CL→V2 | token=USDC | idx=733 | profit=0.040896 USDC | amount_in=47 | p1=0xa02e…6ea0 | p2=0xb78d…ebf6 | p3=0x1b7b…dc81
2026-02-23T21:47:13Z | block=78826169 | kind=Triangular | hops=V3CL→V3CL→V2 | token=USDC | idx=810 | profit=0.036744 USDC | amount_in=45 | p1=0xf014…9534 | p2=0xb78d…ebf6 | p3=0x1b7b…dc81
2026-02-23T21:47:13Z | block=78826169 | kind=Triangular | hops=Algebra→V3CL→V2 | token=USDC | idx=649 | profit=0.031051 USDC | amount_in=42 | p1=0x4110…6fc7 | p2=0xb78d…ebf6 | p3=0x1b7b…dc81
2026-02-23T21:47:14Z | block=78826170 | kind=Triangular | hops=V3CL→V2→Algebra | token=WAVAX | idx=310 | profit=0.004625085973400059 WAVAX | amount_in=6 | p1=0xb78d…ebf6 | p2=0x1b7b…dc81 | p3=0xa02e…6ea0
2026-02-23T21:47:14Z | block=78826170 | kind=Triangular | hops=V3CL→V2→V3CL | token=WAVAX | idx=311 | profit=0.004520603577200593 WAVAX | amount_in=5 | p1=0xb78d…ebf6 | p2=0x1b7b…dc81 | p3=0xf014…9534
2026-02-23T21:47:14Z | block=78826170 | kind=Triangular | hops=V3CL→V2→Algebra | token=WAVAX | idx=309 | profit=0.003931045929956634 WAVAX | amount_in=5 | p1=0xb78d…ebf6 | p2=0x1b7b…dc81 | p3=0x668a…7a69
2026-02-23T21:47:14Z | block=78826170 | kind=Triangular | hops=V3CL→V2→Algebra | token=WAVAX | idx=308 | profit=0.003694557015741544 WAVAX | amount_in=5 | p1=0xb78d…ebf6 | p2=0x1b7b…dc81 | p3=0x4110…6fc7
2026-02-23T21:47:14Z | block=78826170 | kind=Triangular | hops=Algebra→V3CL→V2 | token=USDC | idx=733 | profit=0.040904 USDC | amount_in=47 | p1=0xa02e…6ea0 | p2=0xb78d…ebf6 | p3=0x1b7b…dc81
2026-02-23T21:47:14Z | block=78826170 | kind=Triangular | hops=V3CL→V3CL→V2 | token=USDC | idx=810 | profit=0.036744 USDC | amount_in=45 | p1=0xf014…9534 | p2=0xb78d…ebf6 | p3=0x1b7b…dc81
2026-02-23T21:47:14Z | block=78826170 | kind=Triangular | hops=Algebra→V3CL→V2 | token=USDC | idx=682 | profit=0.03254 USDC | amount_in=43 | p1=0x668a…7a69 | p2=0xb78d…ebf6 | p3=0x1b7b…dc81
2026-02-23T21:47:14Z | block=78826170 | kind=Triangular | hops=Algebra→V3CL→V2 | token=USDC | idx=649 | profit=0.031051 USDC | amount_in=42 | p1=0x4110…6fc7 | p2=0xb78d…ebf6 | p3=0x1b7b…dc81
2026-02-23T21:47:15Z | block=78826171 | kind=Triangular | hops=V3CL→V2→Algebra | token=WAVAX | idx=308 | profit=0.003694557015741544 WAVAX | amount_in=5 | p1=0xb78d…ebf6 | p2=0x1b7b…dc81 | p3=0x4110…6fc7
2026-02-23T21:47:15Z | block=78826171 | kind=Triangular | hops=V3CL→V2→Algebra | token=WAVAX | idx=309 | profit=0.003207218935436106 WAVAX | amount_in=5 | p1=0xb78d…ebf6 | p2=0x1b7b…dc81 | p3=0x668a…7a69
2026-02-23T21:47:15Z | block=78826171 | kind=Triangular | hops=V3CL→V2→Algebra | token=WAVAX | idx=310 | profit=0.003194005074701619 WAVAX | amount_in=5 | p1=0xb78d…ebf6 | p2=0x1b7b…dc81 | p3=0xa02e…6ea0
2026-02-23T21:47:15Z | block=78826171 | kind=Triangular | hops=V3CL→V2→V3CL | token=WAVAX | idx=311 | profit=0.003151083516131217 WAVAX | amount_in=5 | p1=0xb78d…ebf6 | p2=0x1b7b…dc81 | p3=0xf014…9534
2026-02-23T21:47:15Z | block=78826171 | kind=Triangular | hops=Algebra→V3CL→V2 | token=USDC | idx=649 | profit=0.031051 USDC | amount_in=42 | p1=0x4110…6fc7 | p2=0xb78d…ebf6 | p3=0x1b7b…dc81
2026-02-23T21:47:15Z | block=78826171 | kind=Triangular | hops=Algebra→V3CL→V2 | token=USDC | idx=682 | profit=0.028065 USDC | amount_in=40 | p1=0x668a…7a69 | p2=0xb78d…ebf6 | p3=0x1b7b…dc81
2026-02-23T21:47:15Z | block=78826171 | kind=Triangular | hops=Algebra→V3CL→V2 | token=USDC | idx=733 | profit=0.027914 USDC | amount_in=40 | p1=0xa02e…6ea0 | p2=0xb78d…ebf6 | p3=0x1b7b…dc81
2026-02-23T21:47:15Z | block=78826171 | kind=Triangular | hops=V3CL→V3CL→V2 | token=USDC | idx=810 | profit=0.027569 USDC | amount_in=40 | p1=0xf014…9534 | p2=0xb78d…ebf6 | p3=0x1b7b…dc81
2026-02-23T21:47:16Z | block=78826172 | kind=Triangular | hops=V3CL→V2→Algebra | token=WAVAX | idx=308 | profit=0.003694557015741544 WAVAX | amount_in=5 | p1=0xb78d…ebf6 | p2=0x1b7b…dc81 | p3=0x4110…6fc7
2026-02-23T21:47:16Z | block=78826172 | kind=Triangular | hops=V3CL→V2→Algebra | token=WAVAX | idx=309 | profit=0.003282369488605151 WAVAX | amount_in=5 | p1=0xb78d…ebf6 | p2=0x1b7b…dc81 | p3=0x668a…7a69
2026-02-23T21:47:16Z | block=78826172 | kind=Triangular | hops=V3CL→V2→Algebra | token=WAVAX | idx=310 | profit=0.003194005074701619 WAVAX | amount_in=5 | p1=0xb78d…ebf6 | p2=0x1b7b…dc81 | p3=0xa02e…6ea0
2026-02-23T21:47:16Z | block=78826172 | kind=Triangular | hops=V3CL→V2→V3CL | token=WAVAX | idx=311 | profit=0.003151083516131217 WAVAX | amount_in=5 | p1=0xb78d…ebf6 | p2=0x1b7b…dc81 | p3=0xf014…9534
2026-02-23T21:47:16Z | block=78826172 | kind=Triangular | hops=Algebra→V3CL→V2 | token=USDC | idx=649 | profit=0.031051 USDC | amount_in=42 | p1=0x4110…6fc7 | p2=0xb78d…ebf6 | p3=0x1b7b…dc81
2026-02-23T21:47:16Z | block=78826172 | kind=Triangular | hops=Algebra→V3CL→V2 | token=USDC | idx=682 | profit=0.028144 USDC | amount_in=41 | p1=0x668a…7a69 | p2=0xb78d…ebf6 | p3=0x1b7b…dc81
2026-02-23T21:47:16Z | block=78826172 | kind=Triangular | hops=Algebra→V3CL→V2 | token=USDC | idx=733 | profit=0.027914 USDC | amount_in=40 | p1=0xa02e…6ea0 | p2=0xb78d…ebf6 | p3=0x1b7b…dc81
2026-02-23T21:47:16Z | block=78826172 | kind=Triangular | hops=V3CL→V3CL→V2 | token=USDC | idx=810 | profit=0.027569 USDC | amount_in=40 | p1=0xf014…9534 | p2=0xb78d…ebf6 | p3=0x1b7b…dc81
2026-02-23T21:47:17Z | block=78826173 | kind=Triangular | hops=V3CL→V2→Algebra | token=WAVAX | idx=308 | profit=0.003694557015741544 WAVAX | amount_in=5 | p1=0xb78d…ebf6 | p2=0x1b7b…dc81 | p3=0x4110…6fc7
2026-02-23T21:47:17Z | block=78826173 | kind=Triangular | hops=V3CL→V2→Algebra | token=WAVAX | idx=309 | profit=0.003282369488605151 WAVAX | amount_in=5 | p1=0xb78d…ebf6 | p2=0x1b7b…dc81 | p3=0x668a…7a69
2026-02-23T21:47:17Z | block=78826173 | kind=Triangular | hops=V3CL→V2→Algebra | token=WAVAX | idx=310 | profit=0.003194005074701619 WAVAX | amount_in=5 | p1=0xb78d…ebf6 | p2=0x1b7b…dc81 | p3=0xa02e…6ea0
2026-02-23T21:47:17Z | block=78826173 | kind=Triangular | hops=V3CL→V2→V3CL | token=WAVAX | idx=311 | profit=0.003151083516131217 WAVAX | amount_in=5 | p1=0xb78d…ebf6 | p2=0x1b7b…dc81 | p3=0xf014…9534
2026-02-23T21:47:17Z | block=78826173 | kind=Triangular | hops=Algebra→V3CL→V2 | token=USDC | idx=649 | profit=0.031051 USDC | amount_in=42 | p1=0x4110…6fc7 | p2=0xb78d…ebf6 | p3=0x1b7b…dc81
2026-02-23T21:47:17Z | block=78826173 | kind=Triangular | hops=Algebra→V3CL→V2 | token=USDC | idx=682 | profit=0.028144 USDC | amount_in=41 | p1=0x668a…7a69 | p2=0xb78d…ebf6 | p3=0x1b7b…dc81
2026-02-23T21:47:17Z | block=78826173 | kind=Triangular | hops=Algebra→V3CL→V2 | token=USDC | idx=733 | profit=0.027914 USDC | amount_in=40 | p1=0xa02e…6ea0 | p2=0xb78d…ebf6 | p3=0x1b7b…dc81
2026-02-23T21:47:17Z | block=78826173 | kind=Triangular | hops=V3CL→V3CL→V2 | token=USDC | idx=810 | profit=0.027569 USDC | amount_in=40 | p1=0xf014…9534 | p2=0xb78d…ebf6 | p3=0x1b7b…dc81
2026-02-23T21:47:17Z | block=78826174 | kind=Triangular | hops=V3CL→V2→Algebra | token=WAVAX | idx=308 | profit=0.003694557015741544 WAVAX | amount_in=5 | p1=0xb78d…ebf6 | p2=0x1b7b…dc81 | p3=0x4110…6fc7
2026-02-23T21:47:17Z | block=78826174 | kind=Triangular | hops=V3CL→V2→Algebra | token=WAVAX | idx=309 | profit=0.003282369488605151 WAVAX | amount_in=5 | p1=0xb78d…ebf6 | p2=0x1b7b…dc81 | p3=0x668a…7a69
2026-02-23T21:47:17Z | block=78826174 | kind=Triangular | hops=V3CL→V2→Algebra | token=WAVAX | idx=310 | profit=0.003194005074701619 WAVAX | amount_in=5 | p1=0xb78d…ebf6 | p2=0x1b7b…dc81 | p3=0xa02e…6ea0
2026-02-23T21:47:17Z | block=78826174 | kind=Triangular | hops=V3CL→V2→V3CL | token=WAVAX | idx=311 | profit=0.003151083516131217 WAVAX | amount_in=5 | p1=0xb78d…ebf6 | p2=0x1b7b…dc81 | p3=0xf014…9534
2026-02-23T21:47:17Z | block=78826174 | kind=Triangular | hops=Algebra→V3CL→V2 | token=USDC | idx=649 | profit=0.031051 USDC | amount_in=42 | p1=0x4110…6fc7 | p2=0xb78d…ebf6 | p3=0x1b7b…dc81
2026-02-23T21:47:17Z | block=78826174 | kind=Triangular | hops=Algebra→V3CL→V2 | token=USDC | idx=682 | profit=0.028144 USDC | amount_in=41 | p1=0x668a…7a69 | p2=0xb78d…ebf6 | p3=0x1b7b…dc81
2026-02-23T21:47:17Z | block=78826174 | kind=Triangular | hops=Algebra→V3CL→V2 | token=USDC | idx=733 | profit=0.027914 USDC | amount_in=40 | p1=0xa02e…6ea0 | p2=0xb78d…ebf6 | p3=0x1b7b…dc81
2026-02-23T21:47:17Z | block=78826174 | kind=Triangular | hops=V3CL→V3CL→V2 | token=USDC | idx=810 | profit=0.027569 USDC | amount_in=40 | p1=0xf014…9534 | p2=0xb78d…ebf6 | p3=0x1b7b…dc81
2026-02-23T21:47:19Z | block=78826175 | kind=Triangular | hops=V3CL→V2→Algebra | token=WAVAX | idx=308 | profit=0.003694557015741544 WAVAX | amount_in=5 | p1=0xb78d…ebf6 | p2=0x1b7b…dc81 | p3=0x4110…6fc7
2026-02-23T21:47:19Z | block=78826175 | kind=Triangular | hops=V3CL→V2→Algebra | token=WAVAX | idx=309 | profit=0.003282369488605151 WAVAX | amount_in=5 | p1=0xb78d…ebf6 | p2=0x1b7b…dc81 | p3=0x668a…7a69
2026-02-23T21:47:19Z | block=78826175 | kind=Triangular | hops=V3CL→V2→Algebra | token=WAVAX | idx=310 | profit=0.003201964309190523 WAVAX | amount_in=5 | p1=0xb78d…ebf6 | p2=0x1b7b…dc81 | p3=0xa02e…6ea0
2026-02-23T21:47:19Z | block=78826175 | kind=Triangular | hops=V3CL→V2→V3CL | token=WAVAX | idx=311 | profit=0.003151083516131217 WAVAX | amount_in=5 | p1=0xb78d…ebf6 | p2=0x1b7b…dc81 | p3=0xf014…9534
2026-02-23T21:47:19Z | block=78826175 | kind=Triangular | hops=Algebra→V3CL→V2 | token=USDC | idx=649 | profit=0.031051 USDC | amount_in=42 | p1=0x4110…6fc7 | p2=0xb78d…ebf6 | p3=0x1b7b…dc81
2026-02-23T21:47:19Z | block=78826175 | kind=Triangular | hops=Algebra→V3CL→V2 | token=USDC | idx=682 | profit=0.028144 USDC | amount_in=41 | p1=0x668a…7a69 | p2=0xb78d…ebf6 | p3=0x1b7b…dc81
2026-02-23T21:47:19Z | block=78826175 | kind=Triangular | hops=Algebra→V3CL→V2 | token=USDC | idx=733 | profit=0.027475 USDC | amount_in=41 | p1=0xa02e…6ea0 | p2=0xb78d…ebf6 | p3=0x1b7b…dc81
2026-02-23T21:47:19Z | block=78826175 | kind=Triangular | hops=V3CL→V3CL→V2 | token=USDC | idx=810 | profit=0.027569 USDC | amount_in=40 | p1=0xf014…9534 | p2=0xb78d…ebf6 | p3=0x1b7b…dc81
2026-02-23T21:47:20Z | block=78826176 | kind=Triangular | hops=V3CL→V2→Algebra | token=WAVAX | idx=308 | profit=0.003694557015741544 WAVAX | amount_in=5 | p1=0xb78d…ebf6 | p2=0x1b7b…dc81 | p3=0x4110…6fc7
2026-02-23T21:47:20Z | block=78826176 | kind=Triangular | hops=V3CL→V2→Algebra | token=WAVAX | idx=309 | profit=0.003282369488605151 WAVAX | amount_in=5 | p1=0xb78d…ebf6 | p2=0x1b7b…dc81 | p3=0x668a…7a69
2026-02-23T21:47:20Z | block=78826176 | kind=Triangular | hops=V3CL→V2→Algebra | token=WAVAX | idx=310 | profit=0.003201964309190523 WAVAX | amount_in=5 | p1=0xb78d…ebf6 | p2=0x1b7b…dc81 | p3=0xa02e…6ea0
2026-02-23T21:47:20Z | block=78826176 | kind=Triangular | hops=V3CL→V2→V3CL | token=WAVAX | idx=311 | profit=0.003151083516131217 WAVAX | amount_in=5 | p1=0xb78d…ebf6 | p2=0x1b7b…dc81 | p3=0xf014…9534
2026-02-23T21:47:20Z | block=78826176 | kind=Triangular | hops=Algebra→V3CL→V2 | token=USDC | idx=649 | profit=0.031051 USDC | amount_in=42 | p1=0x4110…6fc7 | p2=0xb78d…ebf6 | p3=0x1b7b…dc81
2026-02-23T21:47:20Z | block=78826176 | kind=Triangular | hops=Algebra→V3CL→V2 | token=USDC | idx=682 | profit=0.028144 USDC | amount_in=41 | p1=0x668a…7a69 | p2=0xb78d…ebf6 | p3=0x1b7b…dc81
2026-02-23T21:47:20Z | block=78826176 | kind=Triangular | hops=Algebra→V3CL→V2 | token=USDC | idx=733 | profit=0.027475 USDC | amount_in=41 | p1=0xa02e…6ea0 | p2=0xb78d…ebf6 | p3=0x1b7b…dc81
2026-02-23T21:47:20Z | block=78826176 | kind=Triangular | hops=V3CL→V3CL→V2 | token=USDC | idx=810 | profit=0.027569 USDC | amount_in=40 | p1=0xf014…9534 | p2=0xb78d…ebf6 | p3=0x1b7b…dc81
2026-02-23T21:47:21Z | block=78826177 | kind=Triangular | hops=V3CL→V2→Algebra | token=WAVAX | idx=308 | profit=0.003694557015741544 WAVAX | amount_in=5 | p1=0xb78d…ebf6 | p2=0x1b7b…dc81 | p3=0x4110…6fc7
2026-02-23T21:47:21Z | block=78826177 | kind=Triangular | hops=V3CL→V2→Algebra | token=WAVAX | idx=309 | profit=0.003282369488605151 WAVAX | amount_in=5 | p1=0xb78d…ebf6 | p2=0x1b7b…dc81 | p3=0x668a…7a69
2026-02-23T21:47:21Z | block=78826177 | kind=Triangular | hops=V3CL→V2→Algebra | token=WAVAX | idx=310 | profit=0.003201964309190523 WAVAX | amount_in=5 | p1=0xb78d…ebf6 | p2=0x1b7b…dc81 | p3=0xa02e…6ea0
2026-02-23T21:47:21Z | block=78826177 | kind=Triangular | hops=V3CL→V2→V3CL | token=WAVAX | idx=311 | profit=0.003151083516131217 WAVAX | amount_in=5 | p1=0xb78d…ebf6 | p2=0x1b7b…dc81 | p3=0xf014…9534
2026-02-23T21:47:21Z | block=78826177 | kind=Triangular | hops=Algebra→V3CL→V2 | token=USDC | idx=649 | profit=0.031051 USDC | amount_in=42 | p1=0x4110…6fc7 | p2=0xb78d…ebf6 | p3=0x1b7b…dc81
2026-02-23T21:47:21Z | block=78826177 | kind=Triangular | hops=Algebra→V3CL→V2 | token=USDC | idx=682 | profit=0.028144 USDC | amount_in=41 | p1=0x668a…7a69 | p2=0xb78d…ebf6 | p3=0x1b7b…dc81
2026-02-23T21:47:21Z | block=78826177 | kind=Triangular | hops=Algebra→V3CL→V2 | token=USDC | idx=733 | profit=0.027475 USDC | amount_in=41 | p1=0xa02e…6ea0 | p2=0xb78d…ebf6 | p3=0x1b7b…dc81
2026-02-23T21:47:21Z | block=78826177 | kind=Triangular | hops=V3CL→V3CL→V2 | token=USDC | idx=810 | profit=0.027569 USDC | amount_in=40 | p1=0xf014…9534 | p2=0xb78d…ebf6 | p3=0x1b7b…dc81
2026-02-23T21:47:22Z | block=78826178 | kind=Triangular | hops=V3CL→V2→Algebra | token=WAVAX | idx=308 | profit=0.003694557015741544 WAVAX | amount_in=5 | p1=0xb78d…ebf6 | p2=0x1b7b…dc81 | p3=0x4110…6fc7
2026-02-23T21:47:22Z | block=78826178 | kind=Triangular | hops=V3CL→V2→Algebra | token=WAVAX | idx=309 | profit=0.003282369488605151 WAVAX | amount_in=5 | p1=0xb78d…ebf6 | p2=0x1b7b…dc81 | p3=0x668a…7a69
2026-02-23T21:47:22Z | block=78826178 | kind=Triangular | hops=V3CL→V2→Algebra | token=WAVAX | idx=310 | profit=0.003201964309190523 WAVAX | amount_in=5 | p1=0xb78d…ebf6 | p2=0x1b7b…dc81 | p3=0xa02e…6ea0
2026-02-23T21:47:22Z | block=78826178 | kind=Triangular | hops=V3CL→V2→V3CL | token=WAVAX | idx=311 | profit=0.003151083516131217 WAVAX | amount_in=5 | p1=0xb78d…ebf6 | p2=0x1b7b…dc81 | p3=0xf014…9534
2026-02-23T21:47:22Z | block=78826178 | kind=Triangular | hops=Algebra→V3CL→V2 | token=USDC | idx=649 | profit=0.031051 USDC | amount_in=42 | p1=0x4110…6fc7 | p2=0xb78d…ebf6 | p3=0x1b7b…dc81
2026-02-23T21:47:22Z | block=78826178 | kind=Triangular | hops=Algebra→V3CL→V2 | token=USDC | idx=682 | profit=0.028144 USDC | amount_in=41 | p1=0x668a…7a69 | p2=0xb78d…ebf6 | p3=0x1b7b…dc81
2026-02-23T21:47:22Z | block=78826178 | kind=Triangular | hops=Algebra→V3CL→V2 | token=USDC | idx=733 | profit=0.027475 USDC | amount_in=41 | p1=0xa02e…6ea0 | p2=0xb78d…ebf6 | p3=0x1b7b…dc81
2026-02-23T21:47:22Z | block=78826178 | kind=Triangular | hops=V3CL→V3CL→V2 | token=USDC | idx=810 | profit=0.027569 USDC | amount_in=40 | p1=0xf014…9534 | p2=0xb78d…ebf6 | p3=0x1b7b…dc81
2026-02-23T21:47:23Z | block=78826179 | kind=Triangular | hops=V3CL→V2→Algebra | token=WAVAX | idx=308 | profit=0.003694557015741544 WAVAX | amount_in=5 | p1=0xb78d…ebf6 | p2=0x1b7b…dc81 | p3=0x4110…6fc7
2026-02-23T21:47:23Z | block=78826179 | kind=Triangular | hops=V3CL→V2→Algebra | token=WAVAX | idx=309 | profit=0.003282369488605151 WAVAX | amount_in=5 | p1=0xb78d…ebf6 | p2=0x1b7b…dc81 | p3=0x668a…7a69
2026-02-23T21:47:23Z | block=78826179 | kind=Triangular | hops=V3CL→V2→Algebra | token=WAVAX | idx=310 | profit=0.003201964309190523 WAVAX | amount_in=5 | p1=0xb78d…ebf6 | p2=0x1b7b…dc81 | p3=0xa02e…6ea0
2026-02-23T21:47:23Z | block=78826179 | kind=Triangular | hops=V3CL→V2→V3CL | token=WAVAX | idx=311 | profit=0.003151083516131217 WAVAX | amount_in=5 | p1=0xb78d…ebf6 | p2=0x1b7b…dc81 | p3=0xf014…9534
2026-02-23T21:47:23Z | block=78826179 | kind=Triangular | hops=Algebra→V3CL→V2 | token=USDC | idx=649 | profit=0.031051 USDC | amount_in=42 | p1=0x4110…6fc7 | p2=0xb78d…ebf6 | p3=0x1b7b…dc81
2026-02-23T21:47:23Z | block=78826179 | kind=Triangular | hops=Algebra→V3CL→V2 | token=USDC | idx=682 | profit=0.028144 USDC | amount_in=41 | p1=0x668a…7a69 | p2=0xb78d…ebf6 | p3=0x1b7b…dc81
2026-02-23T21:47:23Z | block=78826179 | kind=Triangular | hops=Algebra→V3CL→V2 | token=USDC | idx=733 | profit=0.027475 USDC | amount_in=41 | p1=0xa02e…6ea0 | p2=0xb78d…ebf6 | p3=0x1b7b…dc81
2026-02-23T21:47:23Z | block=78826179 | kind=Triangular | hops=V3CL→V3CL→V2 | token=USDC | idx=810 | profit=0.027569 USDC | amount_in=40 | p1=0xf014…9534 | p2=0xb78d…ebf6 | p3=0x1b7b…dc81
