address,version,token0,token1,decimals0,decimals1,fee,block_number,timestamp,id
0xcaaf3c41a40103a23eeaa4bba468af3cf5b0e0d8,3,0x55d398326f99059ff775485246999027b3197955,0xcae117ca6bc8a341d2e7207f30e180f0e5618b9d,18,18,25,0,0,0
0x9996874dbd891c3ecd601eab79d51f92e92d50ee,3,0x55d398326f99059ff775485246999027b3197955,0x7f9bd73e51e66e0b2c7a87db0ca530a11eb7a7e9,18,18,25,0,0,1
0xde66f1b24002c1d743ad1ef13cd4b2474295a6f6,3,0x17eafd08994305d8ace37efb82f1523177ec70ee,0x55d398326f99059ff775485246999027b3197955,18,18,25,0,0,2
0x659b44d603052132fd36cf048d9e0ba1e307ae3a,3,0x55d398326f99059ff775485246999027b3197955,0x986058ec93756e57b4e55b406dd0bee24bcd95e3,18,18,25,0,0,3
0xa2f464a2462aed49b9b31eb8861bc6b0bbb0483f,3,0x55d398326f99059ff775485246999027b3197955,0x8773af45b12e8125ed86ffa07cdc875824815989,18,18,25,0,0,4
0x24df7bdbc67b0eb03074ea9d8cbba0445fb35937,3,0x55d398326f99059ff775485246999027b3197955,0xc036a13d7a6a84677dfccec483eed124654b7918,18,18,25,0,0,5
0x2badfbe196c6dbd5eebca062749aaf76deecccde,3,0xbb4cdb9cbd36b01bd1cbaebf2de08d9173bc095c,0xeafa30694c1ffc801b8f484e4912d161ffdcf840,18,18,25,0,0,6
0x5d7b61e91cb59e90f7fae8d0fe2e73976161592f,3,0x55d398326f99059ff775485246999027b3197955,0xf55dff7898930a2d28cdbc39d615b1624ac86888,18,18,25,0,0,7
0xd7501ec4223cf439da3606e038e463eeeaaf1627,3,0x55d398326f99059ff775485246999027b3197955,0xabae909cd93bc2ddf90086f9aa6c3f8e154e8228,18,18,25,0,0,8
0x8f3c4287103d1a82c874a046f20cb48ee841543b,3,0x55d398326f99059ff775485246999027b3197955,0x74fc0cb9c643be0c9f4bce34af2a1409af5b23fc,18,18,25,0,0,9
0xeab58c74b222c0657ee16fba130fc117f9caca81,3,0x55d398326f99059ff775485246999027b3197955,0xe1ed729ead2f59dbf643e011b606335f03fc5606,18,18,25,0,0,10
0xcf0270ff8021ec98db24bab9e9e35eacb0e392cf,3,0x55d398326f99059ff775485246999027b3197955,0xb1a3810fce5678128b6a61a41871ea344b938e76,18,18,25,0,0,11
0xd92ac294707faf5f6f55ef18a1770179a2674290,3,0x55d398326f99059ff775485246999027b3197955,0x6900f0e0a3e1e6d366eeb0f72b9f0aa771b9fbe2,18,6,25,0,0,12
0xb51f9508b88f0868ae14e74c5d7d1f34e2f419c1,3,0x55d398326f99059ff775485246999027b3197955,0xc9c8050639c4cc0df159e0e47020d6e392191407,18,18,25,0,0,13
0xa0ee789a8f581cb92dd9742ed0b5d54a0916976c,3,0x78f5d389f5cdccfc41594abab4b0ed02f31398b3,0xe9e7cea3dedca5984780bafc599bd69add087d56,18,18,25,0,0,14
0xa6cbc36c329c8848c526bc1c41e870fd8e7ca91f,3,0xca861e289f04cb9c67fd6b87ca7eafa59192f164,0xe9e7cea3dedca5984780bafc599bd69add087d56,18,18,25,0,0,15
0x34acda8c0952c81ee84ba56872157c80e8f49076,3,0x408b4f09f9fd4b3d3a5ad6d31a368d719a668888,0x55d398326f99059ff775485246999027b3197955,18,18,25,0,0,16
0xbc42145d5a574ede9b8860fca2a49eb7b239efa5,3,0x92aa03137385f18539301349dcfc9ebc923ffb10,0xbb4cdb9cbd36b01bd1cbaebf2de08d9173bc095c,18,18,25,0,0,17
0x51ff488a8d0303d6be5ff51a820684484ff7b755,3,0x55d398326f99059ff775485246999027b3197955,0xe04f8dbe78ef1a5b2cfc99c8c45bd6a3db6d1913,18,18,25,0,0,18
0x6df9adc1837bf37e0b1b943d59a7e50d9678c81b,3,0x6894cde390a3f51155ea41ed24a33a4827d3063d,0xbb4cdb9cbd36b01bd1cbaebf2de08d9173bc095c,18,18,25,0,0,19
0xbd327a4020639056e9d35e5246978b6b74522d92,3,0x7109cb91f05e567e4164cd0ba692033198f39b2a,0xbb4cdb9cbd36b01bd1cbaebf2de08d9173bc095c,18,18,25,0,0,20
0xb419cace1ba0636f75f1e97ec6b277b5d4e0cba5,3,0x69df2aaea7a40dad19c74e65192df0d0f7f7912b,0xbb4cdb9cbd36b01bd1cbaebf2de08d9173bc095c,18,18,25,0,0,21
0x8e4344c82d0b91072ad62ab8041ea964778a25e8,3,0x55d398326f99059ff775485246999027b3197955,0xd5ba947239fca8551c26cf4460af419e9bb94666,18,18,25,0,0,22
0x26a6dd9e44b1a095bf64f96dd1351c0b6ff37100,3,0xbb4cdb9cbd36b01bd1cbaebf2de08d9173bc095c,0xe6cae4094352a670c3eb0fcbda17c898b71c7f2a,18,18,25,0,0,23
0x454dc6c5c5c39105ec4cda28a61061f016f85e0e,3,0x00541ab4c72593734aa09bdd66b29818faff1111,0x55d398326f99059ff775485246999027b3197955,18,18,25,0,0,24
0xdcd03dc1a8b899585079fe6ee861129dee294176,3,0x55d398326f99059ff775485246999027b3197955,0xaa9f209c295437c31bde75eee1aa8453f2acabcd,18,18,25,0,0,25
0xe3a66571f0cac04da16518a8160552566d02c99e,3,0x55d398326f99059ff775485246999027b3197955,0xe12d3e399edad46633bd418beb7418abcef17103,18,18,25,0,0,26
0xf6389f23764ee56f0bd5c3494200fe2f79f243aa,3,0x55d398326f99059ff775485246999027b3197955,0xd1852cede98aaa8c11efe8600509e51fe5194132,18,18,25,0,0,27
0x9cc11d23adf8636c4b814a0a3dd0eb55c1715f5c,3,0xbb4cdb9cbd36b01bd1cbaebf2de08d9173bc095c,0xc3f7b493963e96e11a78f7499fa2e3f9436e8888,18,18,25,0,0,28
0x6430ac35b3c10e04b397d858892866462b9ab009,3,0x55d398326f99059ff775485246999027b3197955,0x8831497fdefa2c096d2f47c15a72c7c569979dfd,18,18,25,0,0,29
0x8562faea3faa2fb9fd5a9281d3cb4f27749a73aa,3,0xbb4cdb9cbd36b01bd1cbaebf2de08d9173bc095c,0xe054017a2f0ecfa294b08a74af319bce0b985a39,18,18,25,0,0,30
0x998e645b4878c2ae255dd6208992d4690dd3c614,3,0x55d398326f99059ff775485246999027b3197955,0x939c60f96f4598f7caf080c41f629d50af3a3a3a,18,18,25,0,0,31
0x7c1f8f5d8d000b00a2eaa3c21071dbca18f6825d,3,0x55d398326f99059ff775485246999027b3197955,0xdc84096074269d8f304d476124101249d105b60d,18,18,25,0,0,32
0xa8147ececc3acb7c3b9dbd6744c8844125b16f9d,3,0x55d398326f99059ff775485246999027b3197955,0xf273f77b4b88bb85e884a0e4521cc091276b8cae,18,18,25,0,0,33
0x6256e92439d36183cbbf6afa06480c53f1e0ecb4,3,0x42712f4be7236fc3cda2a2e1d40e9ccef2fccf2b,0x55d398326f99059ff775485246999027b3197955,18,18,25,0,0,34
0x3e6ab1a374598854bff8bcec960951f14a05328a,3,0x55d398326f99059ff775485246999027b3197955,0xb22a94a2ab0f84c6bec07b1a8a39acc1bdd7db23,18,18,25,0,0,35
0x9b7b6c3769363f7d0643850cbe0007d78e4676a9,3,0x55d398326f99059ff775485246999027b3197955,0x8b879689d49e95cc997916d0d7f4357578cf712e,18,18,25,0,0,36
0x827cbac35d1f041a277a16e161e290df7122cf0d,3,0x28ba6ef35f27f1ed3873cc788698d2ddb28d2a82,0xbb4cdb9cbd36b01bd1cbaebf2de08d9173bc095c,18,18,25,0,0,37
0xb842e4f488aa2e009db71ba502560301cc3ae047,3,0x28ba6ef35f27f1ed3873cc788698d2ddb28d2a82,0x7130d2a12b9bcbfae4f2634d864a1ee1ce3ead9c,18,18,25,0,0,38
0xebe82f5169c2c6ebdb9636a272ca7a190a0a58db,3,0xbb4cdb9cbd36b01bd1cbaebf2de08d9173bc095c,0xca7df3c62aee95e44d2b6ee51d1fd95a0b2d6688,18,18,25,0,0,39
0xc29b6c753b474fa14771e6a51ddb12d596019b45,3,0x55d398326f99059ff775485246999027b3197955,0xd723f2aea80d1620864ac059f34f168fa223b2f1,18,18,25,0,0,40
0xa23acefe2f6d75ad26035e7cd5e05fc26a471cb2,3,0x55d398326f99059ff775485246999027b3197955,0x9c6d21dd22e6bce4eb43aa3e8e88d6d62140323d,18,18,25,0,0,41
0xf15a72b15fc4caed6fadb1ba7347f6ccd1e0aede,3,0xdd325c38b12903b727d16961e61333f4871a70e0,0xe9e7cea3dedca5984780bafc599bd69add087d56,18,18,25,0,0,42
0xb57fa720d0b7bdb915f5ce421d75a0f85f8fd89e,3,0x55d398326f99059ff775485246999027b3197955,0xdc4b8d8216852f24eb1cbcace4fcd21108d0c909,18,18,25,0,0,43
0x202841158a1ffbd42f0a543d15340c426d0b58a5,3,0x55d398326f99059ff775485246999027b3197955,0xcfaf6db900d6bc01a2ea46ad123c4cefbff96054,18,18,25,0,0,44
0xf76a3bbfc1ad70aa02bc652e26adee052ba8f8c6,3,0x0a23cc34a76ac6f45c5e2803ca1f45c0eaacf2f0,0x55d398326f99059ff775485246999027b3197955,18,18,25,0,0,45
0xbd52a8c4db51bc7c2e769b52db0a39943b94acc9,3,0xbb4cdb9cbd36b01bd1cbaebf2de08d9173bc095c,0xc3c68fe0d33f3d53c13a07352280f8521a86d745,18,18,25,0,0,46
0x25a32cb79ad2a65499e29f862ff002d7e13ff2e0,3,0x55d398326f99059ff775485246999027b3197955,0xc39612feb3e97af9a307ec08370ab01cc1ad13c2,18,18,25,0,0,47
0x1cf5b4a24c3a44bba7066166e68d80c628bd2fa6,3,0x55d398326f99059ff775485246999027b3197955,0xdf1f84d8e615a019ca4b8252ce1c6c724f6514e0,18,18,25,0,0,48
0xd913af31a0c9666835be31c6024ace4e3d83a99a,3,0x55d398326f99059ff775485246999027b3197955,0xa40dea9da281a39a96b650befe4d21766d309261,18,18,25,0,0,49
0x66f289de31eef70d52186729d2637ac978cfc56b,3,0x924fa68a0fc644485b8df8abfa0a41c2e7744444,0xbb4cdb9cbd36b01bd1cbaebf2de08d9173bc095c,18,18,25,0,0,50
0x9793ae7542b87c477c8092b2b7a72f046b9fcd91,3,0x4822152f94af9f26bb443163b990cb01661bb7eb,0x55d398326f99059ff775485246999027b3197955,18,18,25,0,0,51
0x1076e13381f291610979917863fed0ced1140c97,3,0x0f3ba1d1571511de2295866e91ea4a6c152a7999,0x8ac76a51cc950d9822d68b83fe1ad97b32cd580d,18,18,25,0,0,52
0x7865ad24628060a3ab3f6b95913b01b70ca7327c,3,0xb72962568345253f71a18318d67e13a282b187e6,0xbb4cdb9cbd36b01bd1cbaebf2de08d9173bc095c,18,18,25,0,0,53
0x525f22fa82a79451fde74825485f220da0427136,3,0x4f668ee2401d89277cd3805c5f1a404a09780c03,0x55d398326f99059ff775485246999027b3197955,18,18,25,0,0,54
0xfd202ae45161dd8938a159a2b9e5eabd05cfe2dc,3,0x55d398326f99059ff775485246999027b3197955,0xccc3a0ad598e1958c563a9c9d79fe6bdcc058938,18,18,25,0,0,55
0x294876edaf834931f4953fd58ef65d6f4a830cf4,3,0x498ce17fed34f1784bf75aae56e9e9b9fa2e52ba,0x55d398326f99059ff775485246999027b3197955,18,18,25,0,0,56
0x723650932c2ec9db8cbba4ffeb505724d134ec36,3,0x55d398326f99059ff775485246999027b3197955,0x7ce93caf648b0b6285a7389c2505faf039e90d0d,18,18,25,0,0,57
0x408b4286e109b2aaf4807f585040f765430c5389,3,0x9750fbc13c860c7321c57b99c955cdc96453671e,0xbb4cdb9cbd36b01bd1cbaebf2de08d9173bc095c,18,18,25,0,0,58
0x203d66ecb7263efe424fcba0898761fc9fc9a8c0,3,0x6bdcce4a559076e37755a78ce0c06214e59e4444,0xbb4cdb9cbd36b01bd1cbaebf2de08d9173bc095c,18,18,25,0,0,59
0xefadb4147f2b289c91dda8d1a0d4cc77568b1061,3,0x55d398326f99059ff775485246999027b3197955,0x68130ecee991ea7b4cab0b68c0b4d91d1449bfdc,18,18,25,0,0,60
0x347c81ed0aca897a40dfd94a23afdda38c2f87d6,3,0x55d398326f99059ff775485246999027b3197955,0x88394e12b6f9e868b53a1af4c9a65dca876b8e2d,18,18,25,0,0,61
0x6f1b3c82f4f96a446df52013f230fb95355de1ae,3,0x10a81042268c8fd4daaf9c6cb82070b2b30d9bdc,0x55d398326f99059ff775485246999027b3197955,18,18,25,0,0,62
0xd57f77a730b87770d911fea7491e45ab00decaef,3,0x55d398326f99059ff775485246999027b3197955,0xb90b7a34e5ac2766096797f4a2535f9ad3ba8626,18,18,25,0,0,63
0xcd0086922b050352d0010f6b4773dc85d1ca3a9b,3,0xbb4cdb9cbd36b01bd1cbaebf2de08d9173bc095c,0xbfdc0e91698b4f7252d5a8903e4682c5733460c5,18,18,25,0,0,64
0x2899eb0138aa13bf92b35ac44299e6a6daf77071,3,0x55d398326f99059ff775485246999027b3197955,0xabed9f9d0c667f0f8c9edb6f6a8e12bd2bf6145c,18,18,25,0,0,65
0xc3aeb13229a92900097544a0d8bde8e2f46a8134,3,0xbb4cdb9cbd36b01bd1cbaebf2de08d9173bc095c,0xf263cc32caed261a819713f3dcc494a96c3e5111,18,18,25,0,0,66
0xba57e276aaf6b3fd5ffc0c2a53fcb751ca824a58,3,0x55d398326f99059ff775485246999027b3197955,0xfad9152b792679c47ed4471125a74d041142d53a,18,18,25,0,0,67
0x6795786799561b3661f990da7c402cb1c9f9a04c,3,0x55d398326f99059ff775485246999027b3197955,0xf5bdc1843b0e698b5606cdb3eb7688c446929eb3,18,18,25,0,0,68
0xf06dd2aeaa90f24bae8876a90a96e5cf79873bdb,3,0x55d398326f99059ff775485246999027b3197955,0xf4f0d14c98e95adc3141bdbe00a75636edd25c15,18,18,25,0,0,69
0x6b9aa75fbab4ae1ad1809c07a687a7f9fb4b3569,3,0x55d398326f99059ff775485246999027b3197955,0xf04b12b838ae18bbc32ce950a4ada6a558aac2f1,18,18,25,0,0,70
0x23ea84dcd928f080aec941eeae08671945c01541,3,0x55d398326f99059ff775485246999027b3197955,0xb855154693b86c10330cc696d1e7aa4c85a207e1,18,18,25,0,0,71
0x7eaa21d4a29bc20ece0f41d80ec1560382e7b9d4,3,0x422aedd974cf452c80742965bb1ca3d37c03f954,0x55d398326f99059ff775485246999027b3197955,18,18,25,0,0,72
0x007a5e4e2c6d377852e843a6d624120af450a073,3,0xa03110800894b3ccf8723d991d80875561f96777,0xbb4cdb9cbd36b01bd1cbaebf2de08d9173bc095c,18,18,25,0,0,73
0xcf470b9e36d99691b1f52998b368df5be318ff9f,3,0x55d398326f99059ff775485246999027b3197955,0x85e43bf8faaf04ceddcd03d6c07438b72606a988,18,18,25,0,0,74
0x2b948b5d3ebe9f463b29280fc03ebcb82db1072f,3,0x55d398326f99059ff775485246999027b3197955,0xbfd48cc239bc7e7cd5ad9f9630319f9b59e0b9e1,18,18,25,0,0,75
0xa28ade7adc9e2a95ac3b5d735259888039a12f70,3,0x55d398326f99059ff775485246999027b3197955,0xc338156c9d47b1fc7d0bcdc411a8de3938918458,18,18,25,0,0,76
0xeb30f42523b5e1f6c51e2ee6a638a35d40263d11,3,0x28ba6ef35f27f1ed3873cc788698d2ddb28d2a82,0x55d398326f99059ff775485246999027b3197955,18,18,25,0,0,77
0x6b27bb584f44f55e865432dceb9ebbe9a17fd4a8,3,0x7130d2a12b9bcbfae4f2634d864a1ee1ce3ead9c,0xf585b5b4f22816baf7629aea55b701662630397b,18,18,25,0,0,78
0x6ae42e93dcd117d78b145544be7b65c412a9f80a,3,0x55d398326f99059ff775485246999027b3197955,0x94fba46c2470f241523851603c6f98200b1f1669,18,18,25,0,0,79
0x755fb83bcd944655ea0d3e8cf5c021e645a5a54f,3,0xbb4cdb9cbd36b01bd1cbaebf2de08d9173bc095c,0xf1094ca0c4b2ef11b9fcd36550ac322a39e666f1,18,18,25,0,0,80
0x8adeab5b9a6abcde14022e12a2a337b7f62fa718,3,0x55d398326f99059ff775485246999027b3197955,0xaf588a95b857c2259f57f810ac9402e52813fe38,18,18,25,0,0,81
0xe3a00d1a031c505446b028956edc9e0768a11376,3,0x55d398326f99059ff775485246999027b3197955,0x75a320c97205dd2e70e09085d1408c73a73d4d8f,18,18,25,0,0,82
0x5086776caab8aef34719996c7f987253e74eb614,3,0x55d398326f99059ff775485246999027b3197955,0xbead909efe27b94aa8ab884a624dcc76f8a1424f,18,18,25,0,0,83
0xd28dae6c3961bc22c399c078cecc550addf742cc,3,0x641ec142e67ab213539815f67e4276975c2f8d50,0xbb4cdb9cbd36b01bd1cbaebf2de08d9173bc095c,18,18,25,0,0,84
0x42fff4bcb7e95b32f3164c1fff8623026797d3ed,3,0x55d398326f99059ff775485246999027b3197955,0xf353f5f4eb46c157c7a3f7acea1c0913ee141319,18,18,25,0,0,85
0x0688cab3711651a000aab47b8947d32724c33bdf,3,0x55d398326f99059ff775485246999027b3197955,0x81b281f0bb69ba6382fb6ce9dd2f2ad0b709ec7f,18,18,25,0,0,86
0xff87bda5270d2fbcc8b131dbd630996214861450,3,0x8ac76a51cc950d9822d68b83fe1ad97b32cd580d,0xc76979538aad5c50ede8fe561830e35ab49c8888,18,18,25,0,0,87
0x5743b2bc41c844c99de3a7f0e5da046224f6786e,3,0x19ef250285b0f632bc17fafa67c7efecf0d3b864,0x55d398326f99059ff775485246999027b3197955,18,18,25,0,0,88
0xacf2bec0dc2cf1ce84ca56c7c55e78a7b9fddcf4,3,0x2d83990ba25064347d168a3b5e3337a684150999,0x55d398326f99059ff775485246999027b3197955,18,18,25,0,0,89
0xac299b124c2d5296ebad24e01c2cf75befa62c7b,3,0x55d398326f99059ff775485246999027b3197955,0xa25e45f182a86bc770a0eca60bf5afc39e3a01b2,18,18,25,0,0,90
0x2ad9c1ad5b06f953b69d39d6685d725cd330b9c5,3,0x8ac76a51cc950d9822d68b83fe1ad97b32cd580d,0xaf44a1e76f56ee12adbb7ba8acd3cbd474888122,18,6,25,0,0,91
0xaf0eb8f2f114917ef0026105c070cf08423f488e,3,0x0df0587216a4a1bb7d5082fdc491d93d2dd4b413,0xbb4cdb9cbd36b01bd1cbaebf2de08d9173bc095c,18,18,25,0,0,92
0x21f7e547828c1442a01c7c9b036c57ecdd9f1cc9,3,0x55d398326f99059ff775485246999027b3197955,0xf67e1181b86d353f04766ac99e6539361b96cfb1,18,18,25,0,0,93
0xb31de9c0aee87e20388a43ae7b90333eef5b7656,3,0xbb4cdb9cbd36b01bd1cbaebf2de08d9173bc095c,0xc8826070b07b70f5b5952c9a30f7a08c83fb6335,18,18,25,0,0,94
0xc3621e5d5791c2ca7fd8b13b59d7d412f464368a,3,0x55d398326f99059ff775485246999027b3197955,0xa1bc783fd120d9f25879ef0cdb3ebe9242dc7771,18,18,25,0,0,95
0xae20cb1363ed52f924f0f0bb1346ceea765eaa7f,3,0x3f0b69bdb2dd542340f5458b2c9e3a4ff0b4814c,0x55d398326f99059ff775485246999027b3197955,18,18,25,0,0,96
0xf0f989bf042180fceb77345e6d5d4184e4359ba1,3,0x55d398326f99059ff775485246999027b3197955,0xd6678b5d93023bf73e7c1d7c8b33eb234a2c7777,18,18,25,0,0,97
0xa5246ebcbe63af87cc5fdc9956b23f3e1bde00a1,3,0x55d398326f99059ff775485246999027b3197955,0xec86b5b8ab7a99bca3bec9a64db0c6712b89bf77,18,18,25,0,0,98
0xf0ab39b4864427cdf324cd62bb238f6ef9bbab6a,3,0x55d398326f99059ff775485246999027b3197955,0x8e39a93ee8dfdcf026c4aed021bc882443932167,18,18,25,0,0,99
0x7ba30c5d31af4e1d14cd2de2a7ebb1a14c00ef7c,3,0x55d398326f99059ff775485246999027b3197955,0xc9ef9c76b2df7b544d6c0a4ca0fe92c0ec66c3c5,18,18,25,0,0,100
0x26228dee9d234c4b12f280fb16d2d779f5f6354d,3,0x55d398326f99059ff775485246999027b3197955,0x7d2ba25b1c208c8489d0a99b72a1060a8fef834e,18,18,25,0,0,101
0x45d8e0b40b26191ed56883a036f98099162d196b,3,0x55d398326f99059ff775485246999027b3197955,0x5b08ffccdfd351d5a9ff9feed14cbbacecfcda37,18,18,25,0,0,102
0x0ec12db33551afba853b691b4edf49196ea0e99a,3,0xbb4cdb9cbd36b01bd1cbaebf2de08d9173bc095c,0xd5eaaac47bd1993d661bc087e15dfb079a7f3c19,18,18,25,0,0,103
0x280e31bf64ba9e8fd34709eebbc624ad7b1e134c,3,0x55d398326f99059ff775485246999027b3197955,0x61148aabc3dd9ac0ccc3cf23d43e18465d77a999,18,18,25,0,0,104
0x724696a86abab3de74aac24696e8db31ac50fb82,3,0x0c27f037074178267d89f68ca32bc4ffd1901927,0xbb4cdb9cbd36b01bd1cbaebf2de08d9173bc095c,18,18,25,0,0,105
0x00b1742ae140435a5791dd1f3f6827f213867829,3,0x55d398326f99059ff775485246999027b3197955,0xecd59df3366629edc80fb4111f9655114d877b99,18,18,25,0,0,106
0xed2ec734193626282e105a4a44bf39c1f6b44d78,3,0x0566b9a8ffb8908682796751eed00722da967be0,0xbb4cdb9cbd36b01bd1cbaebf2de08d9173bc095c,18,18,25,0,0,107
0x9d673fdcd92ff174b669a23403bd86f59d6ac459,3,0x0a8cdd89e99e6921595beb032b8cb8e8314bf310,0x55d398326f99059ff775485246999027b3197955,18,18,25,0,0,108
0xe9a8272e1bd69f4201f4804f13c0527ca0b99c50,3,0x55d398326f99059ff775485246999027b3197955,0xc59d5f8eaae58bcbde67099f103c8be06f999999,18,18,25,0,0,109
0xa5eeac909bc1130f6c7b8306e2dd78970959f5e9,3,0x2fdebbe41dceba0c51af6c6f70436fe19e6bbfff,0x55d398326f99059ff775485246999027b3197955,18,18,25,0,0,110
0x4c7d99296663a396146984e4b9d7d4f0796740e7,3,0x55d398326f99059ff775485246999027b3197955,0xbcb1a6cce62b41b540df1a35dc966afcdb2aaae8,18,18,25,0,0,111
0x68774cd2b845cca10365c7897f3f44b4a0a07daa,3,0x1756c9d97f5cf9199b16df76ca5d520bffa3c31c,0xbb4cdb9cbd36b01bd1cbaebf2de08d9173bc095c,18,18,25,0,0,112
0x4eec1eb6f8a17d3559332414f7554f01169d3855,3,0x55d398326f99059ff775485246999027b3197955,0xe537c95c6242e45a1e6d514ae6de4ddb2c7800d1,18,18,25,0,0,113
0x3ca1392e4a95aa0f83e97458ab4495a58ca91bd6,3,0x55d398326f99059ff775485246999027b3197955,0x97ecc27f79eaa69f80ab49bc97ba3750a7087ccc,18,18,25,0,0,114
0x87a9ec1f3c25b5c162772e88fd2d14c3dcf60a26,3,0x55d398326f99059ff775485246999027b3197955,0xc708ec07d9d6f981f9ebbaaf6580a33ad2755177,18,18,25,0,0,115
0xf77823803f1a936ffe97229e619a2f95b88e94dd,3,0x55d398326f99059ff775485246999027b3197955,0xd4713664b4997299bb41273432a77fbb44eed6dc,18,18,25,0,0,116
0xad3597c75186860b6714a034255c8d1cbdeb456f,3,0x2da91257961b87e69fa13b2e20931d517dc97597,0x55d398326f99059ff775485246999027b3197955,18,18,25,0,0,117
0xd4fe4e85a0cc85e0b69fba21b0d18cd7bcac6877,3,0x55d398326f99059ff775485246999027b3197955,0x677476c15f339d341f4b82cc06a7672403def5f0,18,18,25,0,0,118
0xd01d1b917faffc8b59c1d2cad1093027438f38de,3,0x55d398326f99059ff775485246999027b3197955,0xcd4ab72f52f6abec6aa518e0c6da80eba9edad18,18,18,25,0,0,119
0x2589cb215192ac0b9ab155336f779cfbaa103ac0,3,0xa73964ea595194af9d17b1d2c5d571d067726d2c,0xbb4cdb9cbd36b01bd1cbaebf2de08d9173bc095c,18,18,25,0,0,120
0x85e08ac87e627b5fe866021433b37e0ec813720c,3,0x00fb5a67dc9da410d9e3745769dae1ac385836a6,0x55d398326f99059ff775485246999027b3197955,18,18,25,0,0,121
0x4e316f48934cbd068b89c7f1459dff0edc8c7364,3,0x3fd3f01f841d9fa4de9c53d18fe35982c29d1531,0x55d398326f99059ff775485246999027b3197955,18,18,25,0,0,122
0xf715e9244652ec3a42eedfbd22a1f17e525c473f,3,0x2b280b233b681f54c04e91341b6b601a1ef1ff77,0x55d398326f99059ff775485246999027b3197955,18,18,25,0,0,123
0xc736b22af35ccd04e4d8671461c129f874feded1,3,0x7130d2a12b9bcbfae4f2634d864a1ee1ce3ead9c,0xe014d1c27934a59c1ff2cd2a3320afd635fcbdfd,18,18,25,0,0,124
0x0c7e40e742fb50a2ba1c7c8c16d66f044094f857,3,0x7aaaa5b10f97321345acd76945083141be1c5631,0xbb4cdb9cbd36b01bd1cbaebf2de08d9173bc095c,18,18,25,0,0,125
0x293ba369a5f8f483a65b943e7f8cdbc1b5befb90,3,0x55d398326f99059ff775485246999027b3197955,0xa300c46a7c0d168d40fe3742ce8c0d4960a1211c,18,18,25,0,0,126
0x52672c173fa7f00d921437708927bfe9bb8892f5,3,0x04f46cdfe8dd348e41902eef1aff19ace1661f4c,0x55d398326f99059ff775485246999027b3197955,18,18,25,0,0,127
0x0055731579f3ee9be56ae6077c01256716c53692,3,0xbb4cdb9cbd36b01bd1cbaebf2de08d9173bc095c,0xd3106b7b3bea5471e5af4aacca258a40fd596177,18,18,25,0,0,128
0x3097664355e455e19688fd2127359ee40ca337b7,3,0x53fcff1abe4105322d3b7cadf9db55fee8380708,0xbb4cdb9cbd36b01bd1cbaebf2de08d9173bc095c,18,18,25,0,0,129
0xa24cf556e66279f53c93f70bd507a0084060bd6d,3,0x71cce0035d82c21cf4b908bcd8f1117fff0fa623,0xbb4cdb9cbd36b01bd1cbaebf2de08d9173bc095c,18,18,25,0,0,130
0xe9ab1d77b5c02c827a18e526c79433a0985bfbf0,3,0x7130d2a12b9bcbfae4f2634d864a1ee1ce3ead9c,0xf19c362d779ade83d4f8708c6c36297b6ad57528,18,18,25,0,0,131
0x80b6eeecbe19911e35cc1e7fea2017b67f91b5f3,3,0x1cab1a3cc28a9c6934eb4f911f31524d9bad5034,0x55d398326f99059ff775485246999027b3197955,18,18,25,0,0,132
0x7963ae03e86190ed1e6c985536699ef0df6cc9a0,3,0x55d398326f99059ff775485246999027b3197955,0xd27aaeead8fde08ba292c1e08f53a14c00e7f7c8,18,8,25,0,0,133
0x2f22ba3de7cc65849f9c00f2a214ef599d10e34f,3,0xbb1106c7deb7cc60efa51391760b14aed8cb5bed,0xbb4cdb9cbd36b01bd1cbaebf2de08d9173bc095c,18,18,25,0,0,134
0xf0e9d97a3fabea3bd24173bfaa178a6bc23040e5,3,0x55d398326f99059ff775485246999027b3197955,0x7fec1496601d877d5fab45bb465e3e0a1fb2e13b,18,18,25,0,0,135
0x3c79593e01a7f7fed5d0735b16621e2d52a6bc58,3,0x51363f073b1e4920fda7aa9e9d84ba97ede1560e,0xbb4cdb9cbd36b01bd1cbaebf2de08d9173bc095c,18,18,25,0,0,136
0x5837e9c66666d8bcac3e3b0d38cd910225d9e0f2,3,0xbb4cdb9cbd36b01bd1cbaebf2de08d9173bc095c,0xc9bfb93d75645c4681bb63794abf1acad44725e7,18,18,25,0,0,137
0xa4913a3a39da5ea47aa2937fe69c143f7b9412b8,3,0x55d398326f99059ff775485246999027b3197955,0xc67399e4416566db120f6d5e879a247c9b131419,18,18,25,0,0,138
0xb14173e6e9790c346acfe9bc02b54aa81841427a,3,0xafb64e73def6faa8b6ef9a6fb7312d5c4c15ebdb,0xbb4cdb9cbd36b01bd1cbaebf2de08d9173bc095c,18,18,25,0,0,139
0x04134cf96d5a67a7cd9f87d6f94a5fdb15803983,3,0x521ef54063148e5f15f18b9631426175cee23de2,0xbb4cdb9cbd36b01bd1cbaebf2de08d9173bc095c,18,18,25,0,0,140
0x21981d9ed11c90b8c505175e87757f7c746ff621,3,0x55d398326f99059ff775485246999027b3197955,0xf04fab6dda66261eabfd65e92a6b81ddaf6a950a,18,18,25,0,0,141
0xb928da80c2c02323fab64e64142af1c546871010,3,0xbb4cdb9cbd36b01bd1cbaebf2de08d9173bc095c,0xe94444ba62208431a27c764e2e28794e81f5b235,18,8,25,0,0,142
0xda2f9568a1ccfd70f9ca31b631468846148d6c82,3,0xbb4cdb9cbd36b01bd1cbaebf2de08d9173bc095c,0xd5a5f01f16386a6b357e1e6c3f7747661c2f311f,18,18,25,0,0,143
0x2cb655905123caa05075efc962db2ae7fd12a6ea,3,0x42e4703d070a8df1c347c28806c0b01b168a6081,0x55d398326f99059ff775485246999027b3197955,18,18,25,0,0,144
0x452696a43b6c8b825bebbd13e1e2830a9b4b6f1b,3,0x259414d4b5eade92d5c9e32eb8caf04ebd89f7d3,0xbb4cdb9cbd36b01bd1cbaebf2de08d9173bc095c,18,18,25,0,0,145
0xe0498ad763e9097d73bb42d482f89bbd26eaffb0,3,0x55d398326f99059ff775485246999027b3197955,0xf67b17547063980ca486dadbc85e22818690d3e9,18,18,25,0,0,146
0x54b904e2a7702059b1d4a0442cb4a408382770cd,3,0x1172df0e8869e1b347c267ee166128ebcc9fd38d,0x55d398326f99059ff775485246999027b3197955,6,18,25,0,0,147
0x721cfef7a23f7794f361d57b0212a7a15fd61ad1,3,0x55d398326f99059ff775485246999027b3197955,0xca861e289f04cb9c67fd6b87ca7eafa59192f164,18,18,25,0,0,148
0x3b54617806d500eebefc5ee6528d120b99007ae4,3,0x56119285a1ab4138f1e1c68f3f1d7f51b1f19d23,0x8ac76a51cc950d9822d68b83fe1ad97b32cd580d,18,18,25,0,0,149
0x27ff0c27b9690619753896d227c85bd68a953268,3,0x55d398326f99059ff775485246999027b3197955,0x6bc5abcc56874d7facb90c2c3812cc19aaf9b204,18,18,25,0,0,150
0xec851e95c2b1467cb3be0338019eb4a1d3b815f6,3,0x7777ca3b39f446d4b3472d6ea5080682686a7777,0xbb4cdb9cbd36b01bd1cbaebf2de08d9173bc095c,18,18,25,0,0,151
0xc33bacff9141da689875e6381c1932348ab4c5cb,3,0x82ec31d69b3c289e541b50e30681fd1acad24444,0xbb4cdb9cbd36b01bd1cbaebf2de08d9173bc095c,18,18,25,0,0,152
0x933477eba23726ca95a957cb85dbb1957267ef85,3,0x6ec90334d89dbdc89e08a133271be3d104128edb,0xbb4cdb9cbd36b01bd1cbaebf2de08d9173bc095c,18,18,25,0,0,153
0xc2f1a40d3ba746b913c798057d8010800aace255,3,0xb3a6381070b1a15169dea646166ec0699fdaea79,0xe9e7cea3dedca5984780bafc599bd69add087d56,18,18,25,0,0,154
0xb4e8c92065a69c63ff17af7e4bcfd97a42bad062,3,0x4dbb3ee986572978d37ada693166ab3510807c7a,0xbb4cdb9cbd36b01bd1cbaebf2de08d9173bc095c,18,18,25,0,0,155
0xb95d1a2f2259a411183c731374798cf69b4349e0,3,0x55d398326f99059ff775485246999027b3197955,0xac03dc74eee1209b7e150acf683cb98d72efbdba,18,18,25,0,0,156
0x12ce2aefe80ab81e92e6afc4ad8d4f980e461f25,3,0x55d398326f99059ff775485246999027b3197955,0xac3c0cd3e2d02944f443d7b439d536b0de0aa8aa,18,18,25,0,0,157
0xd8eeaabc6b99df2210cd568eecd60a77e1f3fb09,3,0x55d398326f99059ff775485246999027b3197955,0x860314608176498cf63d9f88f06e8131b699f843,18,18,25,0,0,158
0x705efae2f1225ea9a035d69d816605024a6a2381,3,0x55d398326f99059ff775485246999027b3197955,0x796b08f7ba8d1859ea4b9fbfece57d06a1b49f88,18,18,25,0,0,159
0xdb3f433f4b64626b8a5e33df123c4a66486c9cdf,3,0x3a9f29f3cf6f1b89d08d873308963bd1bb1908c9,0x55d398326f99059ff775485246999027b3197955,18,18,25,0,0,160
0x1bb54e9a0317b0e20cbfbbdd4c5d17cda7b28197,3,0x2170ed0880ac9a755fd29b2688956bd959f933f8,0x28ba6ef35f27f1ed3873cc788698d2ddb28d2a82,18,18,25,0,0,161
0xee16dc1cfd0bf93dcc0a238b7d39c827fcee85d8,3,0x55d398326f99059ff775485246999027b3197955,0x7bf7f2a48825e2fdf36027b20b3a75175743f352,18,18,25,0,0,162
0x697ea7d61f5e536bfe581e60ce9f8db73659717a,3,0x6bc5abcc56874d7facb90c2c3812cc19aaf9b204,0xbb4cdb9cbd36b01bd1cbaebf2de08d9173bc095c,18,18,25,0,0,163
0xa3c6bec8cde3153e003dcf98d0bf6bb7dfd3a22b,3,0x55d398326f99059ff775485246999027b3197955,0x64e4fea6e4f3637025c7bcd878e2b238b01f7d4e,18,18,25,0,0,164
0x2cc99291902b0d7c21df0c36a3c2dcb65cdc6ff7,3,0xbb4cdb9cbd36b01bd1cbaebf2de08d9173bc095c,0xca1027a3c6f7711019d85631c9264cadd795331d,18,18,25,0,0,165
0x13dc643e8790393919fc356f8ec9dab52ad60f62,3,0x55d398326f99059ff775485246999027b3197955,0xfebd86486f120d7616f79620c7cc8fe7623ded1d,18,18,25,0,0,166
0xbf1a6088c81022b2478a3efd78e3bb86329fe5ca,3,0xbb4cdb9cbd36b01bd1cbaebf2de08d9173bc095c,0xcdec75d1acbc90452152d1c3d9ff014c960ac9ac,18,18,25,0,0,167
0x434106837a650d3445b8a264b20325eafc0616ae,3,0x00dc463ee4313b815fc61c0ad4fc2ef569b5a133,0x55d398326f99059ff775485246999027b3197955,18,18,25,0,0,168
0x5607d38703454faac4b5bc6d5303e9667c3fed96,3,0x1a4d41219c547f3a0ee36cf3d9e68f80699cf283,0x7130d2a12b9bcbfae4f2634d864a1ee1ce3ead9c,18,18,25,0,0,169
0x8339c9fcdea13f279965e68c6ddade88d4f01672,3,0x19c018e13cff682e729cc7b5fb68c8a641bf98a4,0x55d398326f99059ff775485246999027b3197955,18,18,25,0,0,170
0x036d22f8904057a09dda630ffdd9db44247ce97c,3,0x26ad450ee1b92446076e8345d61e3df812135b37,0x55d398326f99059ff775485246999027b3197955,18,18,25,0,0,171
0x83c222091efbe41bad5be4b1dc111154be8b20ee,3,0x55d398326f99059ff775485246999027b3197955,0xb4a19465db8e2e7c56d2ec60a3dfe070287617f1,18,18,25,0,0,172
0xcf6687274830d895224f183d4ab9f0e9b5990520,3,0x55d398326f99059ff775485246999027b3197955,0x966ed6e8ba9313769b69c0616cf2fd860e5d13fc,18,18,25,0,0,173
0xa651c8deb3ff9f8d56a26e72042b7a8a1f433480,3,0xbb4cdb9cbd36b01bd1cbaebf2de08d9173bc095c,0xc51a9250795c0186a6fb4a7d20a90330651e4444,18,18,25,0,0,174
0x66e667f82fa9829e772a1229b869789da83ff821,3,0x2b79bf838d002696c97edc83c9021527d1fd1d93,0xbb4cdb9cbd36b01bd1cbaebf2de08d9173bc095c,18,18,25,0,0,175
0x8d1e7bb5d096f3343eb769e38249ce118618ab04,3,0xbb4cdb9cbd36b01bd1cbaebf2de08d9173bc095c,0xf79f839717a7979160664a70b32eb177fe497f71,18,18,25,0,0,176
0xfed93ef321aae92530684eb6e7c45cca22811d34,3,0x1095dc37ab3b09c4d303f16e20d0ad4a50f39819,0xbb4cdb9cbd36b01bd1cbaebf2de08d9173bc095c,18,18,25,0,0,177
0x63735d9fd95bf60f3922484907a74e057c29bf78,3,0x555d8355a31d62c68e13074bae90dc548ab6faf9,0x55d398326f99059ff775485246999027b3197955,18,18,25,0,0,178
0x4f1bbd8c581fc4652cc03e15f7df7545d2a9f06c,3,0x55d398326f99059ff775485246999027b3197955,0x68bdac5af38a283c9091a65eb1b57896329d8cfc,18,18,25,0,0,179
0x0eb9da1e37293cc04418f37a7d11fe42c1f26a15,3,0xbb4cdb9cbd36b01bd1cbaebf2de08d9173bc095c,0xf04fab6dda66261eabfd65e92a6b81ddaf6a950a,18,18,25,0,0,180
0x9b7ef80f2aa99c1e10d6723709e8317781bdc325,3,0x55d398326f99059ff775485246999027b3197955,0xca909dbde9a2f9042276371aaa1f146a6ed8c213,18,18,25,0,0,181
0x54e2d5d694b1c4e06a12a6270705102d3adb4138,3,0xa6bd5f3eb53f76aee9250088643989e610066f74,0xbb4cdb9cbd36b01bd1cbaebf2de08d9173bc095c,18,18,25,0,0,182
0x823b8881ff4b4c5d6d72b192e5f5435f526ae7c0,3,0x85e43bf8faaf04ceddcd03d6c07438b72606a988,0xbb4cdb9cbd36b01bd1cbaebf2de08d9173bc095c,18,18,25,0,0,183
0xf81887bac5cba92b133e013c244b8fcdf95924cc,3,0x0076acbaabf0e8f88765d14f17d87e76102e9999,0xbb4cdb9cbd36b01bd1cbaebf2de08d9173bc095c,18,18,25,0,0,184
0xc11e2cb9908b67439748d45f1f96deebc9437e93,3,0xbb4cdb9cbd36b01bd1cbaebf2de08d9173bc095c,0xc87643ead6591775baf25e6cedc7d292dd5046dd,18,18,25,0,0,185
0x791717f776dfe3ef706d4c77fdbbe16ad201db90,3,0x279375e24696d27d6aedfa69cf4cab7a1540c3c8,0xbb4cdb9cbd36b01bd1cbaebf2de08d9173bc095c,18,18,25,0,0,186
0x703f1c0b4399a51704e798002281bf26d6f9c2e6,3,0x55d398326f99059ff775485246999027b3197955,0xc9882def23bc42d53895b8361d0b1edc7570bc6a,18,6,25,0,0,187
0xae3691adfec53fe142ae0595f91811b1113d886f,3,0x1f36fb2d91d9951cf58ae4c1956c0b77e224f1e9,0xbb4cdb9cbd36b01bd1cbaebf2de08d9173bc095c,18,18,25,0,0,188
0xead4bda01d030e43f6e9910b1f3a3665c6efecb0,3,0x55d398326f99059ff775485246999027b3197955,0xc30b1b31f4aec34c87e8d40a856967ecf1c1ad30,18,18,25,0,0,189
0x9723298a08596d8882d8e534790d21b05bb08691,3,0xbb4cdb9cbd36b01bd1cbaebf2de08d9173bc095c,0xdee89bd697071e15f1ceac5780b5d41af3ce032c,18,18,25,0,0,190
0x0857b5a2ee459ab1fbd90e4ef2403cfba7a16f55,3,0x7708c942ac949828c9658ea5189482f0e9d3060a,0xbb4cdb9cbd36b01bd1cbaebf2de08d9173bc095c,18,18,25,0,0,191
0xeca19f3079009b7dfa626313e74c807d05bd8603,3,0x55d398326f99059ff775485246999027b3197955,0xa2ef8fd3b704048ca4e5f613f7f5b1b94374af8c,18,18,25,0,0,192
0x626ae6b43a89739964aa95196a1c6f5a8e06cf7a,3,0x55d398326f99059ff775485246999027b3197955,0x9a79d9c9e521cb900d2584c74bb41997eb7bf49f,18,18,25,0,0,193
0xf06a8ef0a6f2753bf1e4b3ea512a1263c796a54e,3,0x55d398326f99059ff775485246999027b3197955,0xdb6694638973635c9251ef1dbe46055f860a0f30,18,18,25,0,0,194
0x55f53667e55d2b0a1bd9ec2ecf6c81eac330b354,3,0x55d398326f99059ff775485246999027b3197955,0xfbab57f0455ac899f114eb34357f5f809c888888,18,18,25,0,0,195
0x6949e96a17ebdd639f1b047ee629bfd1cfc0793b,3,0x03e371ca25af7ad1aa4282adb50b8fd944e20245,0x55d398326f99059ff775485246999027b3197955,18,18,25,0,0,196
0x5440e5ff9e0e101f678dd015d64e0599d9afd822,3,0x55d398326f99059ff775485246999027b3197955,0x781e1f621f80d45881439ac1f745145dba48f365,18,18,25,0,0,197
0x326c6f9fa6b281d86092808f6096a001c2b815dd,3,0x1042aa383cab145dc77121ca75650804a5c134ff,0xbb4cdb9cbd36b01bd1cbaebf2de08d9173bc095c,18,18,25,0,0,198
0xbda19bb24ef8aa2ae8b5c6741d92f3eb1b805330,3,0x55d398326f99059ff775485246999027b3197955,0x617c0440334bb4a63b75847345f906c782b419ab,18,18,25,0,0,199
0x324e826d10d00f9503c5bcddbc282d537f1f393f,3,0x25abc9a43b172fa24eb4208b93af2a5faac08181,0xbb4cdb9cbd36b01bd1cbaebf2de08d9173bc095c,18,18,25,0,0,200
0xf3d34a4226bf85fec14100c05a7d4891bb5d51f2,3,0xbb4cdb9cbd36b01bd1cbaebf2de08d9173bc095c,0xc8ef4398664b2eed5ee560544f659083d98a3888,18,18,25,0,0,201
0x856c342a61190909e758c503a5024d37ca0ff538,3,0x55d398326f99059ff775485246999027b3197955,0xdebd7da0868fed2fc49cb1c011a7d5f8f825dac5,18,18,25,0,0,202
0xf0a949d3d93b833c183a27ee067165b6f2c9625e,3,0x0a43fc31a73013089df59194872ecae4cae14444,0xbb4cdb9cbd36b01bd1cbaebf2de08d9173bc095c,18,18,25,0,0,203
0x1006251a25b21e80679311a448a590983ef37010,3,0x55d398326f99059ff775485246999027b3197955,0xbd6081fa7320f025357026e546702fde11b089ad,18,18,25,0,0,204
0x7e3d2748a5f03947939417f405e8cfb262788c91,3,0x28da7cdec01eb82c66cbb37a17376de25e125231,0x55d398326f99059ff775485246999027b3197955,18,18,25,0,0,205
0xcab6628ea4eb20270428d547c6a877055d717edd,3,0x55d398326f99059ff775485246999027b3197955,0xd63d8462595bb4f1708c4f7fe83a8d4bab999999,18,18,25,0,0,206
0x7a7c03332e885afbde7c8c4dc09ce0383cd0ffa3,3,0x9012f779bf967355435bd2b29b0fb0e3235a7777,0xbb4cdb9cbd36b01bd1cbaebf2de08d9173bc095c,18,18,25,0,0,207
0x7393291313df697b6ff83ab40b5cf68f981a49a1,3,0x55d398326f99059ff775485246999027b3197955,0x8d92214f073cd0d53bd95f821031d763e3eb8ec2,18,18,25,0,0,208
0xbefd5c1f8c9dbe1417809c4833d00c3fd4f7a956,3,0x55d398326f99059ff775485246999027b3197955,0x66791df08f5b401f7baa7445e472006a25d3c48c,18,18,25,0,0,209
0x8ec2082fc30ed2648b5d6802897c0aa5d761a70f,3,0x779c5774d83e69a8c44bef501214d334d495da7c,0xbb4cdb9cbd36b01bd1cbaebf2de08d9173bc095c,18,18,25,0,0,210
0xe7d75e07f3a00b10c390a533c19f5d2d1c9ce313,3,0x55d398326f99059ff775485246999027b3197955,0xeacad6c99965cde0f31513dd72de79fa24610767,18,18,25,0,0,211
0x589e1c953bcb822a2094fd8c7cbbd84a7762fb04,3,0x74836cc0e821a6be18e407e6388e430b689c66e9,0xbb4cdb9cbd36b01bd1cbaebf2de08d9173bc095c,18,18,25,0,0,212
0x56b681876b7a6df313e34ad4efc74146a75ea51e,3,0x55d398326f99059ff775485246999027b3197955,0xc7d2fab3e1f81f3c8fb1669a2f9dff647eaea3e9,18,18,25,0,0,213
0xc7d7e7c87b29cd0f908918d714c5eaf220f5f250,3,0x2da24eb5b7d1eac994fc8859c907dd6917f138f6,0x55d398326f99059ff775485246999027b3197955,18,18,25,0,0,214
0xa1704bc30e3a85b160a4fefca7c91794eb90ad5e,3,0x55d398326f99059ff775485246999027b3197955,0xf2daf3f85e4b79ba6224dbfcac2562079663f501,18,18,25,0,0,215
0x4b3b5b1335d33e0a9ebd583db9845ad17094eca7,3,0x55d398326f99059ff775485246999027b3197955,0x85973c97919c999e5d3d8832290152a3acdf8a6e,18,18,25,0,0,216
0xd6b652aecb704b0aebec6317315afb90ba641d57,3,0x20d6015660b3fe52e6690a889b5c51f69902ce0e,0xbb4cdb9cbd36b01bd1cbaebf2de08d9173bc095c,18,18,25,0,0,217
0x5668c89414913ba124b36ef364b8c2db0a55ec7a,3,0x08c29ecb777d898e823c59a210eb7c88ee4bfba1,0x55d398326f99059ff775485246999027b3197955,18,18,25,0,0,218
0x2b66160d86c9000867584d25e4f3af87b38ce74f,3,0x55d398326f99059ff775485246999027b3197955,0x694735f4d751bfd1208b01b780028c39ff542b6f,18,18,25,0,0,219
0xf568ec85f7f1a1cbcf0db065baa1c2213c8dd781,3,0x55d398326f99059ff775485246999027b3197955,0xdb134af5926326d7c98a01703b71521062a899a8,18,18,25,0,0,220
0xde66a759f93240b35e997590e06d265bd720e3a7,3,0x55d398326f99059ff775485246999027b3197955,0xf4eac9e04b25c97199b66a00c0a5a887a6b3e364,18,18,25,0,0,221
0xc979b1563b7cf99670b0bc80e960e5004adc2cc6,3,0xbb4cdb9cbd36b01bd1cbaebf2de08d9173bc095c,0xdd325c38b12903b727d16961e61333f4871a70e0,18,18,25,0,0,222
0xdfb56816becec7114393d12d65ce492abd9d192f,3,0x269c8b0241d3e5562c097e93cc7eff4d54a62667,0x55d398326f99059ff775485246999027b3197955,18,18,25,0,0,223
0x400db103af7a0403c9ab014b2b73702b89f6b4b7,3,0x4d7fa587ec8e50bd0e9cd837cb4da796f47218a1,0x55d398326f99059ff775485246999027b3197955,18,18,25,0,0,224
0x688c87d8453c2a60abb1e9e272148ccb66604dca,3,0x55d398326f99059ff775485246999027b3197955,0xb4c2d2a3d18a78d84d5227903a57fa17f8ab2d50,18,18,25,0,0,225
0xead419a152a579e97acedcec954313bd437e79f3,3,0x1d327e288449030f505364ef77e24dabb5e6d2db,0x55d398326f99059ff775485246999027b3197955,18,18,25,0,0,226
0x2053af7fb8cd5eeefeddf2c24cf81b7fdcd536f4,3,0x4c5d122cf8da182b9effccba746af66d346ec3be,0x55d398326f99059ff775485246999027b3197955,18,18,25,0,0,227
0xcc59e19753aaef66a6512b67c99dbea8c01b3d86,3,0x55d398326f99059ff775485246999027b3197955,0xe7a6c6549a00fb20cf48112ed6a09750d339ab7d,18,18,25,0,0,228
0xea29b9e2ec1f21bbf957919706a4c53b0d4d9599,3,0x32e10097c0b142a607bf9ed336981b291101c656,0xbb4cdb9cbd36b01bd1cbaebf2de08d9173bc095c,18,18,25,0,0,229
0xca4122de1ad3f3063df012732a802026905515d0,3,0x55d398326f99059ff775485246999027b3197955,0xdac444181aa59086b2bd5fe8d99647fdf3e33333,18,18,25,0,0,230
0xdf172e31ec2753831b7831786a05119f27c91722,3,0x096de0910d49e8ba441e0bc6dc47347e54aacdab,0x55d398326f99059ff775485246999027b3197955,18,18,25,0,0,231
0x7ef0841e1c4854a02ba08a1d9e69f3d1e3533dcc,3,0x55d398326f99059ff775485246999027b3197955,0xe9c7a827a4ba133b338b844c19241c864e95d75f,18,6,25,0,0,232
0x0c09cebe826dae71d5e59458b742539f603530f7,3,0x2170ed0880ac9a755fd29b2688956bd959f933f8,0xace3d31ebac0c3ddfc1d2aa5c5ecc8c67509d15c,18,18,25,0,0,233
0x001b3389c5efb25272e95c27c3d99a2bd9ca9e4c,3,0x59e69094398afbea632f8bd63033bdd2443a3be1,0xbb4cdb9cbd36b01bd1cbaebf2de08d9173bc095c,18,18,25,0,0,234
0x66cd75f1938e4f287f70f49b295207e9363f6a68,3,0x6ae0a238a6f51df8eee084b1756a54dd8a8e85d3,0x7130d2a12b9bcbfae4f2634d864a1ee1ce3ead9c,18,18,25,0,0,235
0x9b8c6d0a7a2d9b8557c557fd24f9eb8bad32da43,3,0x6f02cd1f6dc567a75b33c51b80cebfc19b5088ee,0xbb4cdb9cbd36b01bd1cbaebf2de08d9173bc095c,18,18,25,0,0,236
0xaff3d780770d7c50252b10b3c51d11e6e3acbb08,3,0x00f9516535e844282a774380a4ad4e4941699999,0xbb4cdb9cbd36b01bd1cbaebf2de08d9173bc095c,18,18,25,0,0,237
0x2b807a7eaad3ae70b643bed5a53d346515a0b540,3,0x55d398326f99059ff775485246999027b3197955,0x7046e5702374337ee120d6b524fc5da11c111111,18,18,25,0,0,238
0xc7ee4fec29211f41c901e8c65eef20c660d4071d,3,0x48c6b2a82a21230347b70ceada249208c0920412,0x55d398326f99059ff775485246999027b3197955,18,18,25,0,0,239
0x99a14120e8319f79f4c4bdcd53e2c9ea25db33d0,3,0x53e3ba715f8050d84d1bee69dec8152eead1c375,0x55d398326f99059ff775485246999027b3197955,18,18,25,0,0,240
0x69c684d1229a7f4a4116298d01fb3b6e9708cf0a,3,0x55d398326f99059ff775485246999027b3197955,0xed4481009049b6a81af970155250ff45b6aec284,18,18,25,0,0,241
0x32819f1a656e123b6ab891e08608b850a3b91dff,3,0x55d398326f99059ff775485246999027b3197955,0x6efb1d0687e1e6a643c370e86571ff245a189999,18,18,25,0,0,242
0x44f382cec44c33067cb12fcfc08457eb6734be02,3,0xba96731324de188ebc1ed87ca74544ddebc07d7f,0xbb4cdb9cbd36b01bd1cbaebf2de08d9173bc095c,18,18,25,0,0,243
0x1edf89c70f7c46c6a74bf8c10b3571d8fe98d3b1,3,0x20f412e225ff4f288c61d7d476c774662cb6147a,0x55d398326f99059ff775485246999027b3197955,18,18,25,0,0,244
0x3b3a9fc0842af4f5ef45e1bda160cd612026f5de,3,0x55d398326f99059ff775485246999027b3197955,0x668dcf7a6de44c7ca8f129d37ffb1c876725fc5a,18,8,25,0,0,245
0x995e7c0d7e91d43a28c83ce5f1603e778f971e21,3,0xbb4cdb9cbd36b01bd1cbaebf2de08d9173bc095c,0xe7054a3fdd4e90b111b103221ad1fda01c454875,18,18,25,0,0,246
0xfa9ec3ba0314c9d369e792f5af5b35e57cecca0a,3,0x55d398326f99059ff775485246999027b3197955,0xb04505af497a97bd449acdb661ff1ca5ba12af1a,18,18,25,0,0,247
0xbd3e9db55e67053b3d68923500040a7b70fc679d,3,0x348e9ecb19a3f141a60845a29a32c701dc0ecb3b,0xbb4cdb9cbd36b01bd1cbaebf2de08d9173bc095c,18,18,25,0,0,248
0x0ff34021fb055596f65c813ffd90e4e929350c93,3,0x55d398326f99059ff775485246999027b3197955,0xe94444ba62208431a27c764e2e28794e81f5b235,18,8,25,0,0,249
0xdd82f2c7d25a87c8b6133d2c581f282869477abc,3,0x55d398326f99059ff775485246999027b3197955,0xac85dcda7ceeb5534789913f495c8d616d00b8e9,18,18,25,0,0,250
0x1e3f249a999b134508dc1fdfe8d86e43d503faeb,3,0x55d398326f99059ff775485246999027b3197955,0xff7b20bb9ddbcdaa2da04287a6586ec7b6666666,18,18,25,0,0,251
0x472e71c0e729cbe32b883502f833e6e8f2cd78d2,3,0xbb4cdb9cbd36b01bd1cbaebf2de08d9173bc095c,0xd6fdde76b8c1c45b33790cc8751d5b88984c44ec,18,18,25,0,0,252
0x1b4fed1da56adc9197a61490efb13362f3f620fb,3,0x26131eb28a342cdf75fafa9effd3ce20c6ca518a,0x55d398326f99059ff775485246999027b3197955,18,18,25,0,0,253
0x9f75d299c9b63dee5cf91cb0dc3da8c50fabf0f9,3,0x557f419a50a0243e7d465ec581bb05bbd7f636f9,0x55d398326f99059ff775485246999027b3197955,18,18,25,0,0,254
0x5166508edf57c5218b0755acefd0fe25f253c084,3,0xbb4cdb9cbd36b01bd1cbaebf2de08d9173bc095c,0xd28e716fa02543962b3129f9e4d919c65f434444,18,18,25,0,0,255
0xc380a7b2165e598b82adf8a79c421511e3d175e0,3,0x510aeb87665d3fce5395a62045c5b7ae8990bf35,0xbb4cdb9cbd36b01bd1cbaebf2de08d9173bc095c,18,18,25,0,0,256
0x198d75fccc1c3f0346c3709e841585eb964068bb,3,0x55d398326f99059ff775485246999027b3197955,0xb2eeed3e53acb6003ac89fe4eb1d06da356b9fc0,18,18,25,0,0,257
0x2f6b63bde0d3c2c28e186f253dd85c7dc1c9a8c7,3,0x55d398326f99059ff775485246999027b3197955,0x7c2b276663959a0d760444c72a26b2d52ec89541,18,18,25,0,0,258
0x04adeadd9f17c5605829a70962b643bd042c04e0,3,0x980b37a82b60a32965b6e56356d14e0410ea440f,0xbb4cdb9cbd36b01bd1cbaebf2de08d9173bc095c,18,18,25,0,0,259
0x75f26f9a04241a71e9fdc501744b655ab393cefa,3,0x0b1bad99d867683781ce38d4d7a899d3354ebff0,0x55d398326f99059ff775485246999027b3197955,18,18,25,0,0,260
0x9e65a66c329b6b57c742a02498ed19f9662bb7d9,3,0x883f9e4048010b9954c0c4f7c31c86a575971294,0xbb4cdb9cbd36b01bd1cbaebf2de08d9173bc095c,18,18,25,0,0,261
0x78b7220f37b8f6e30d03018558b0c8c4430662c7,3,0x1ae369a6ab222aff166325b7b87eb9af06c86e57,0xbb4cdb9cbd36b01bd1cbaebf2de08d9173bc095c,18,18,25,0,0,262
0x96df5524fc5924936d5e03f743d7e34d53c4fd99,3,0x55d398326f99059ff775485246999027b3197955,0xb3243b1482c7b0b1e17a4436af42e234383851b2,18,18,25,0,0,263
0xfaac5c601c3779aeedff56241296868472f2ba83,3,0x95154cc56a9fe0a38be005688301dc64266bf82d,0xbb4cdb9cbd36b01bd1cbaebf2de08d9173bc095c,18,18,25,0,0,264
0x263263895511cb5d46fb1a7496bab096f5716633,3,0x55d398326f99059ff775485246999027b3197955,0xd86846fcd0d71777ec161fb58b39a175b356648d,18,18,25,0,0,265
0x4ae0d0f3925d712e06ce175b0f2636b2751b92e6,3,0x9e06e1203bdc3747ee3ab5fa9488619bcf2a2666,0xbb4cdb9cbd36b01bd1cbaebf2de08d9173bc095c,18,18,25,0,0,266
0x10e1a96756c05b369eadc5e9cfbe52189350f556,3,0xbb4cdb9cbd36b01bd1cbaebf2de08d9173bc095c,0xe11f1d5eee6be945bee3fa20dbf46febbc9f4a19,18,18,25,0,0,267
0x038329e696cc2f9b7ef647a34e08dd36954103b4,3,0xbb4cdb9cbd36b01bd1cbaebf2de08d9173bc095c,0xbb8203e945866a1f3eced6e5b22679e5a540be91,18,18,25,0,0,268
0x632cd65253f6d20e403ec02270e1b8abdf2a3b46,3,0x55d398326f99059ff775485246999027b3197955,0x5ead0de3d0fa7f45aad680253bdda61cd75ceab6,18,18,25,0,0,269
0xb15614ff1e4cc8a798530e3f35424db883138418,3,0x55d398326f99059ff775485246999027b3197955,0xa56ca9364f7293ca2ff54a7a380b5343d61e8519,18,18,25,0,0,270
0x742f3a595c83d6a9aa3417c2c7c3f36fb6ee4ac4,3,0x32477cf0e324f9a9cb49e8803fa4de9f80f8d0d4,0x55d398326f99059ff775485246999027b3197955,18,18,25,0,0,271
0x46b9217342cdc50c89ffa84a12be45b2639eaf4a,3,0x8d0d000ee44948fc98c9b98a4fa4921476f08b0d,0xbb4cdb9cbd36b01bd1cbaebf2de08d9173bc095c,18,18,25,0,0,272
0x41a69d67a516fb32bd712a8a4e008c670a021c81,3,0x55d398326f99059ff775485246999027b3197955,0x696b443d0976a7cb1cc45c22085c2b5da5a1d90c,18,18,25,0,0,273
0x30b857c99eb6eecc2dcccc300da251ed2bb4879b,3,0x80f3c51a3fbdc38194852ee239e729ccd2c0c40c,0xbb4cdb9cbd36b01bd1cbaebf2de08d9173bc095c,18,18,25,0,0,274
0xbef7811af4f4015d15ed39a7854be57b0c013923,3,0x55d398326f99059ff775485246999027b3197955,0xbf0a6aad34102fed9c12a33e0fe09aff42356de9,18,18,25,0,0,275
0xa4f3a99f3c57d14133743f90b046068668b81ff1,3,0x55d398326f99059ff775485246999027b3197955,0xc0edcddd6d5417c22467e3d5642efa1820e454f8,18,18,25,0,0,276
0x3fa5642d8f9f61140b3f3183707e67431a9a8906,3,0x55d398326f99059ff775485246999027b3197955,0xeb4b7e19faeb989ac595bc6a621b3101501ba781,18,18,25,0,0,277
0x46dc62b66a0805794c93d06676a8a4ae1c2b2740,3,0x55d398326f99059ff775485246999027b3197955,0xf51fe8ea265bfed2ac00dce490cd6c9ac99beb06,18,18,25,0,0,278
0x6a03863638c0ea796bfd5d9e4100e11d39e69bab,3,0x3d0e22387ddfe75d1aea9d7108a4392922740b96,0xbb4cdb9cbd36b01bd1cbaebf2de08d9173bc095c,18,18,25,0,0,279
0xae6cdff726aadc32adf315b0f7cf873627968fa4,3,0xa0c8c80ed6b7f09f885e826386440b2349f0da7e,0xbb4cdb9cbd36b01bd1cbaebf2de08d9173bc095c,18,18,25,0,0,280
0x0bfe6c2d776c4def16e4d84b6f6ba4cb0ee85590,3,0xbb4cdb9cbd36b01bd1cbaebf2de08d9173bc095c,0xe4b135fc74cc2af96758e832c0de2778da34d327,18,18,25,0,0,281
0xace3ee678ea9db387f5d33f858bb35ad80f62340,3,0x2f38b48ec2e0291c0bb6795b190733287cba70d6,0xbb4cdb9cbd36b01bd1cbaebf2de08d9173bc095c,18,18,25,0,0,282
0x21597370c2b598c4e781bb7368fddeaaabb38789,3,0xaaa9214f675316182eaa21c85f0ca99160cc3aaa,0xbb4cdb9cbd36b01bd1cbaebf2de08d9173bc095c,18,18,25,0,0,283
0x9eb0bc7a207f77811ee365729d00152622a745b7,3,0x6d5ad1592ed9d6d1df9b93c793ab759573ed6714,0xbb4cdb9cbd36b01bd1cbaebf2de08d9173bc095c,18,18,25,0,0,284
0x49fd154a3784fb2f9b56cdbcaa0eef07865338f5,3,0x55d398326f99059ff775485246999027b3197955,0x80f1ff15b887cb19295d88c8c16f89d47f6d8888,18,18,25,0,0,285
0xea5f226ab34ef996f2d2a1bc2dac3f150f57f08b,3,0x1c7e6330f01ead540b55ea8f5d8e82091dea469b,0x55d398326f99059ff775485246999027b3197955,18,18,25,0,0,286
0x8f4e63b100a5dccabad406e9dc0df66380b56d9c,3,0x55d398326f99059ff775485246999027b3197955,0xdff5dbdfe08678af2a13452cc48f1dd88195f5c2,18,18,25,0,0,287
0x003a4cfb01a315eeed86fe535d6c6338c6633f41,3,0x79114cc342a4c2a82ce6cc649992e26511b4d95d,0xbb4cdb9cbd36b01bd1cbaebf2de08d9173bc095c,18,18,25,0,0,288
0xb784c4e1f1919f3165e099d6b16df1c4257aa106,3,0x55d398326f99059ff775485246999027b3197955,0xf46099b9a14a9767e398cd19fa996c23b2e9cb9d,18,18,25,0,0,289
0x19077a5bc30ecbff7ae99a9edca109e8961f3308,3,0x55d398326f99059ff775485246999027b3197955,0xfec366f0b9454822268f19a15b4c173c70c8c63d,18,18,25,0,0,290
0x2a072e3f2c7d5bd9d9d37bf605cb820791aef55c,3,0x55d398326f99059ff775485246999027b3197955,0x60b10129e83451b974260918a7a8e5ae3c44512b,18,18,25,0,0,291
0xab17cd40dadd8b2c2f85eb6327c25bca52a32243,3,0x55d398326f99059ff775485246999027b3197955,0xd178fd071e03575da73e28fe55307f544b7fabbe,18,18,25,0,0,292
0x007dbb1215db47a7c42bc9444fabfc4996d5865f,3,0x4a08a4edc8ca14456823844488c37a66497896e6,0x55d398326f99059ff775485246999027b3197955,18,18,25,0,0,293
0xd2a7c972ae60c4d3998e7d5e9be6fd44cb7ee3d0,3,0x05b6af1701b97701e8809d2e448dbad05ec77777,0xbb4cdb9cbd36b01bd1cbaebf2de08d9173bc095c,18,18,25,0,0,294
0x684f40bb10d9bb4209485f893f03979ecfe0b6a0,3,0x5098e966d6b82a88163124cdc71c2d27bcfd8087,0x55d398326f99059ff775485246999027b3197955,18,18,25,0,0,295
0xf15280d0a958f4500a5da8ae6baa586f3e222466,3,0x829baea0a3869044c6c846b860010611f4d32f08,0xbb4cdb9cbd36b01bd1cbaebf2de08d9173bc095c,18,18,25,0,0,296
0x6ddba6aa83ee34635e59c97e60983e39e4d43287,3,0x44448099080b40dce6bb33eda948aca5925d7d89,0xbb4cdb9cbd36b01bd1cbaebf2de08d9173bc095c,18,18,25,0,0,297
0x13ff54435b30155692464e6d730bed3801737e57,3,0x55d398326f99059ff775485246999027b3197955,0xb8ad18b8232680dd1745214126f4f8005a6862aa,18,18,25,0,0,298
0x4243c4d248d169d9c9a84b0e40740cc017f4e056,3,0x39ea7d26a53fac2da406cc85daf843cee3777fc0,0x55d398326f99059ff775485246999027b3197955,18,18,25,0,0,299
0x969e25f87d8f8966c0117e7d40a89d2bbf82c981,3,0x2170ed0880ac9a755fd29b2688956bd959f933f8,0xec7bac72d9f8f4dfd32b9fd5e569a11af6e302ef,18,18,25,0,0,300
0x3dbc4d96869b855ccce35576e0bd4b967f61c67c,3,0xaba91fa7b4d090be80c4108e925628106e9be49e,0xbb4cdb9cbd36b01bd1cbaebf2de08d9173bc095c,18,18,25,0,0,301
0x58495ea0271d957632415b5494966899a1fa0be3,3,0xa49fa5e8106e2d6d6a69e78df9b6a20aab9c4444,0xbb4cdb9cbd36b01bd1cbaebf2de08d9173bc095c,18,18,25,0,0,302
0x3fa6a5438cfe9901d8d9d9678aa9b255d3a57ef4,3,0x55d398326f99059ff775485246999027b3197955,0xe44c90caade97e0720d577d887ef483c17117b24,18,18,25,0,0,303
0xdc0c87891e01b9171f63e7a9251ed33607e32acf,3,0x7102f5bb8cb3c6e7d085626e7a1347aafdf001f6,0xbb4cdb9cbd36b01bd1cbaebf2de08d9173bc095c,18,18,25,0,0,304
0x8f344485739a9692c925bcefebec478720e1e076,3,0x55d398326f99059ff775485246999027b3197955,0xc0336b81f1e26804099aa9bca426928c7859d5f6,18,18,25,0,0,305
0xba89808831f2cd8629cdea0bd9f8a6d0fd037f74,3,0x74ac77d7ca54c38eb5ea2e638a80a5182558d3a2,0xbb4cdb9cbd36b01bd1cbaebf2de08d9173bc095c,18,18,25,0,0,306
0xee1a78848b6ba8faa709521ce5e100a6270366ff,3,0x55d398326f99059ff775485246999027b3197955,0xe2e80f7a13848fc3ad55db61aff10e392442ce30,18,18,25,0,0,307
0x683c425d917e8fef34c8bbbeab57246dd2a8b718,3,0x87230146e138d3f296a9a77e497a2a83012e9bc5,0xbb4cdb9cbd36b01bd1cbaebf2de08d9173bc095c,18,18,25,0,0,308
0x6d9fb98601799b3b22f90e430d7b3a55c49f1b9a,3,0x55d398326f99059ff775485246999027b3197955,0xe014d1c27934a59c1ff2cd2a3320afd635fcbdfd,18,18,25,0,0,309
0xf366696df61171b9832d4746309d38e20c9a09be,3,0x55d398326f99059ff775485246999027b3197955,0xd6edbb510af7901b2c049ce778b65a740c4aeb7f,18,18,25,0,0,310
0x851e2ce6779157a7c4bd082d6bb0a20146987125,3,0x4d2419c8331cbdab58f6817f9a3b6f1f47021d4e,0x55d398326f99059ff775485246999027b3197955,18,18,25,0,0,311
0xd4a5fc911dd9049e4d7961dbd543e449be81648a,3,0x55d398326f99059ff775485246999027b3197955,0xeb1414d0a1e9eb6b3dd1a3f402b7fe3b0cc18600,18,18,25,0,0,312
0x0687c3982e6af0f917d7922922e07ce6190c421a,3,0xaffeabc20b2cafa80d2d7ff220ad37e4ec7541d7,0xbb4cdb9cbd36b01bd1cbaebf2de08d9173bc095c,18,18,25,0,0,313
0xc70734ef92893cf7ae131b13874f8c531584fc4e,3,0xb82beb6ee0063abd5fc8e544c852237aa62cbb14,0xbb4cdb9cbd36b01bd1cbaebf2de08d9173bc095c,18,18,25,0,0,314
0x09e61856a0f4d63e26ea07c1ed8f65d06b61d2eb,3,0x51e6ac1533032e72e92094867fd5921e3ea1bfa0,0x8ac76a51cc950d9822d68b83fe1ad97b32cd580d,18,18,25,0,0,315
0x30c3a27d92343fb1c1ee7d2d6b608ded714975da,3,0x5a6117ee2ea174d5875e3c1880ecd7bc8da651b6,0xbb4cdb9cbd36b01bd1cbaebf2de08d9173bc095c,18,18,25,0,0,316
0xef14742b79158f73b75cea9ba8f05757215ff2d2,3,0xa4306041e88f996ff7893760a35e5884bdeb39ba,0xbb4cdb9cbd36b01bd1cbaebf2de08d9173bc095c,18,18,25,0,0,317
0xc5ec49b93673f7ab92564ffaacd7d64c03f53dd7,3,0x327753b71f11df3d6809b2436667475fab8c956e,0x55d398326f99059ff775485246999027b3197955,18,18,25,0,0,318
0xf5cdad0c319e125c2aefd2de1cc902b7a2d9c8dd,3,0x55d398326f99059ff775485246999027b3197955,0x604448c8f009135e913c7e0e4bef692b0003a02a,18,18,25,0,0,319
0xc5f39b91f8a0dda0abe8bc33022e8728271175ed,3,0x88d7e9b65dc24cf54f5edef929225fc3e1580c25,0xbb4cdb9cbd36b01bd1cbaebf2de08d9173bc095c,18,18,25,0,0,320
0x2e98167c69b1e7632ecbacb54ec95022513ee4dd,3,0x55d398326f99059ff775485246999027b3197955,0xa1743aac1aca839fb73e532c164ab1f4d2168888,18,18,25,0,0,321
0x91afdb0a86e628205091b0ff6234636152f71c87,3,0x3204f53572e2c63e15f3d66b09795839334db902,0x55d398326f99059ff775485246999027b3197955,18,18,25,0,0,322
0xb59b5ebbd32729460f35359cc815866dfdc0f177,3,0x0d6d1c448c47da1afbdc2fb0f27de238c2999999,0x55d398326f99059ff775485246999027b3197955,18,18,25,0,0,323
0xf61938d6ca2f5c66aeb4518da7ce6e0add8aaebc,3,0x55d398326f99059ff775485246999027b3197955,0x6b3f74c38fa36b60f9a22b7859176c9e34d1950b,18,18,25,0,0,324
0x71126840df480df83ab0e1d4ac3944b8c116a70e,3,0x277912d854d83144cecb988d034d61509fbc8c2a,0xbb4cdb9cbd36b01bd1cbaebf2de08d9173bc095c,18,18,25,0,0,325
0x5a24b50ad734a87a59ff04a98520b32f48346e28,3,0xbb4cdb9cbd36b01bd1cbaebf2de08d9173bc095c,0xc3028fbc1742a16a5d69de1b334cbce28f5d7eb3,18,18,25,0,0,326
0xef8ca227652bdcd298cf374a65f9f6e3a4bc1d84,3,0x214447e0173a1435829d0cccfdc4f55d7db6ba76,0x55d398326f99059ff775485246999027b3197955,18,18,25,0,0,327
0xaff4dafe3c2f150fa0e393100b770ca215915d78,3,0xa254cd4875b115e44b7d1dfbc555e0d372a9171e,0xbb4cdb9cbd36b01bd1cbaebf2de08d9173bc095c,18,18,25,0,0,328
0x7e6216b44a10c6f515497070be18f2e34106d540,3,0x55d398326f99059ff775485246999027b3197955,0x8f71bcf5d717b664db8ec82a0cad3e589a2cbf17,18,18,25,0,0,329
0x891584b17d6ad2d0871d69dd6bab05f0af2bd8fa,3,0x76f6cd75ce81e88916f8d933ab76efe18ced6ad3,0xbb4cdb9cbd36b01bd1cbaebf2de08d9173bc095c,18,18,25,0,0,330
0xca300f8115413051202111e82c99a06916ce8d5a,3,0x55d398326f99059ff775485246999027b3197955,0xb45e6dd851df10961d1aad912baf220168fcaa25,18,18,25,0,0,331
0xba6f7543c22822ebc40582a2086d0b78b881f708,3,0x55d398326f99059ff775485246999027b3197955,0x88d7e9b65dc24cf54f5edef929225fc3e1580c25,18,18,25,0,0,332
0xb71c8e910a1d90943453ac212bf0a1815fd5607d,3,0xbf8f9c3f240283835003fa9fb9fd780ecaa3e2d7,0xe9e7cea3dedca5984780bafc599bd69add087d56,18,18,25,0,0,333
0x40f66e19c61fcd9d0b23f79814e2063596febe0f,3,0x0d1b68e4642e6cffd2ae0d6085cfb6bbfd6f9dd8,0x55d398326f99059ff775485246999027b3197955,18,18,25,0,0,334
0x4a2887b1543ff3e7acbc0768cb49cfcf2db96ae3,3,0x22d38beffd41f8dea24c5131d3bbc24e90ce63d8,0x55d398326f99059ff775485246999027b3197955,18,18,25,0,0,335
0x17ab7fcfed595627668ed436b4c28d4d405f561b,3,0x565d40e2ef60f0b4e5bd0136bb2c58ace83fdaa5,0xbb4cdb9cbd36b01bd1cbaebf2de08d9173bc095c,18,18,25,0,0,336
0x0c07bf76471dd8a3a5d4821a549905c53e35c22c,3,0x55d398326f99059ff775485246999027b3197955,0xe72faf475342ff84f45944ea90a5830a8654a7b4,18,18,25,0,0,337
0xf6ef86b96fb1e768ac8bb333fa56cb5b2a3af5a9,3,0x4d8bd2c6e83d8456799b282039187beca21397bd,0x55d398326f99059ff775485246999027b3197955,18,18,25,0,0,338
0xc50a63aca4c6e9ece32c99831bedf71725908729,3,0x4486e1ff0f55fe8828d60a5db4db23d5f5e7fb8f,0x55d398326f99059ff775485246999027b3197955,18,18,25,0,0,339
0x4d99b3392aaac433c939efa5ad8596f2a0bbbdf4,3,0x8e64064eb9deb1918864385e752ccbf901ea1111,0xbb4cdb9cbd36b01bd1cbaebf2de08d9173bc095c,18,18,25,0,0,340
0x50c76ba5383f0c0f8ced757d53ec2f775576d5b2,3,0x55d398326f99059ff775485246999027b3197955,0x799ec3e38304b2a4c8da7e3c8341fb8888888888,18,18,25,0,0,341
0x161100b0dbefc4b5190a6cb60e75eef432576db1,3,0x188c3b28aa03a5704b258fe314b86195c1bcdbe4,0x55d398326f99059ff775485246999027b3197955,18,18,25,0,0,342
0x3e8cd7422462629691cdaeb6eb5f251a79ff5765,3,0x55d398326f99059ff775485246999027b3197955,0xaebbbff4930d85de54d953a787fcdfcfab9957f7,18,18,25,0,0,343
0x53442ef80902b77bbcfd7206562a9653ad6952e4,3,0x13a5c811093dd001c328b59a0cc9dec88951f042,0xbb4cdb9cbd36b01bd1cbaebf2de08d9173bc095c,18,18,25,0,0,344
0xb2f3279107da5fde24e6d7337cf4ecaf6c5ada26,3,0xbb4cdb9cbd36b01bd1cbaebf2de08d9173bc095c,0xfebfa339e44c28e2aa9e62ea1027c9cb4e378605,18,18,25,0,0,345
0xe240cc14d3a6facd88b40c59c5ef0cb5e722af4d,3,0x1f74b4d3ad8d64226928aa3c07d291cd650c454c,0x55d398326f99059ff775485246999027b3197955,18,18,25,0,0,346
0x21b72d77e1701ecff89c3757e844ddca3aff6454,3,0x40d3d5fcad6c81041650bd348d046b0db1730993,0x55d398326f99059ff775485246999027b3197955,18,18,25,0,0,347
0x62833fc9e698efff46f88382c9bb47e74d3a57d7,3,0x55d398326f99059ff775485246999027b3197955,0x9914090b803f75e853a9ecb3553cca8a165f5467,18,18,25,0,0,348
0x70f14a12e90b2dbb3bb156f105c16c71fde37ce4,3,0x55d398326f99059ff775485246999027b3197955,0x8544faa8cbb2da5744509494a8b8164a3ebeecf4,18,18,25,0,0,349
0x507f9d2e55ab71281a31a4945e97f23fcf1b1a88,3,0x55d398326f99059ff775485246999027b3197955,0x5ccaf6c99c1ef76e9295e122a3cf9bc6c7a52d8d,18,18,25,0,0,350
0xcd40c14f8ffea0c4952f00cdd700303d273d4874,3,0x7cc1c126be3128c1f0441a893cd6220498b27650,0xbb4cdb9cbd36b01bd1cbaebf2de08d9173bc095c,18,18,25,0,0,351
0x2466ce856888e2c5cde426dd471062ff10919421,3,0x1f7229b0e1ca66b3599860c66b161edbb840f179,0xbb4cdb9cbd36b01bd1cbaebf2de08d9173bc095c,18,18,25,0,0,352
0xcea0a93535db92aeea3f3805ce5c8e1c0ae2fb14,3,0x55d398326f99059ff775485246999027b3197955,0xf8ef81718c140ca6577f5a57e373c68c91ceeb76,18,18,25,0,0,353
0xc251c3242fe004feb65de2c9d1fe45f3a0fa1168,3,0xbb4cdb9cbd36b01bd1cbaebf2de08d9173bc095c,0xd76f84a1d7b9628280f9e9c6910866cecdc7f3a5,18,18,25,0,0,354
0xddb5ce05beeafb7a3b52e4ed07d0d209ae846126,3,0x55d398326f99059ff775485246999027b3197955,0x9fdd6c5359d2a6f5924491fe831809f0d1988888,18,18,25,0,0,355
0xe94a77cbcc0590b0738c48b2594c08e456fed89d,3,0x55d398326f99059ff775485246999027b3197955,0xe070cca5cdfb3f2b434fb91eaf67fa2084f324d7,18,18,25,0,0,356
0x43609e5974a6076537b7b409bfe8a27cd935fbb1,3,0x55d398326f99059ff775485246999027b3197955,0xe09fc6ec2a076324268c295ef89fa7953fe720f5,18,18,25,0,0,357
0xcdd4038848b2682b1bd27d4085eb64bf5b2b8e9e,3,0xbb4cdb9cbd36b01bd1cbaebf2de08d9173bc095c,0xca861e289f04cb9c67fd6b87ca7eafa59192f164,18,18,25,0,0,358
0x7ba10b876995ddb5d656e1ae8233f6ceb66091af,3,0x4a5384701f9c0b59d455058a5ad6daa14e112e8e,0xbb4cdb9cbd36b01bd1cbaebf2de08d9173bc095c,18,18,25,0,0,359
0xd53581993c408c77562df93b6c185f7a97678017,3,0x55d398326f99059ff775485246999027b3197955,0x7e18e913d171d3dda0081c659fd93e5d14e161c8,18,18,25,0,0,360
0x207e625b926df434d3066680c50f3742d2a402cf,3,0x55d398326f99059ff775485246999027b3197955,0xba826dec4b9f4137cf3fd7ca983d22ded5809bc8,18,18,25,0,0,361
0x258b62531e0d6c8d1e2e7ff23904fd851def77ca,3,0x44440f83419de123d7d411187adb9962db017d03,0xbb4cdb9cbd36b01bd1cbaebf2de08d9173bc095c,18,18,25,0,0,362
0xedd6b225877066f7381b1a002adda02e347c8a5c,3,0x55d398326f99059ff775485246999027b3197955,0x6d4dc2a3826d8d2f6afd9968bebb2147840ad420,18,18,25,0,0,363
0xa5cf212d889dc9c05d47924cf2e909fb50df928f,3,0x9f3bcbe48e8b754f331dfc694a894e8e686ac31d,0xe9e7cea3dedca5984780bafc599bd69add087d56,18,18,25,0,0,364
0xdd083096ede26fe663855f37dd4b1444fa5ea2b0,3,0x55d398326f99059ff775485246999027b3197955,0x5e2b6d0c61f89445484ad20a46f5a2382ccb9d33,18,18,25,0,0,365
0x7c7e559ef11a733e4bcedece1a59889c605e87c2,3,0x55d398326f99059ff775485246999027b3197955,0xd1ba69a44888ee50819c554d3d6f4ee457622894,18,18,25,0,0,366
0xb3438cdd3a5a1b33eee2866417be4b40b3bb8508,3,0xbb4cdb9cbd36b01bd1cbaebf2de08d9173bc095c,0xfcbf8568ae98ec91cc360e1e216008c91a045b91,18,18,25,0,0,367
0x272c9c291a24349c5cc79ac10d6d4c9fb780b950,3,0x2170ed0880ac9a755fd29b2688956bd959f933f8,0x85e43bf8faaf04ceddcd03d6c07438b72606a988,18,18,25,0,0,368
0x0b4a3eeb0c77f92568df1b017310f6d4763a72e1,3,0x3c8777eb9555cbd40b3ca4818ab066abf3a32027,0x55d398326f99059ff775485246999027b3197955,18,18,25,0,0,369
0x91e5de867f67cf90d3f658b22aff4e8c881d4d2a,3,0x47a9b109cfb8f89d16e8b34036150ee112572435,0xbb4cdb9cbd36b01bd1cbaebf2de08d9173bc095c,18,18,25,0,0,370
0x915b45df1b5ad873b6c2f02f39e197dd0ce94572,3,0x55d398326f99059ff775485246999027b3197955,0x97aa6203d304d3fb4b297fe6aa02cd1e0737d78a,18,18,25,0,0,371
0xf37037019ad9b762992ccdcfe4eb5cacd5669735,3,0x55d398326f99059ff775485246999027b3197955,0xac60f566567fbc9c229e10e1fb73e69c8bbfd6e2,18,6,25,0,0,372
0xed26240476f561248ed5a7a2ddc5f498d7eca7b1,3,0x55d398326f99059ff775485246999027b3197955,0xbcb29423ada483efea287fab056bdf698cf9f788,18,18,25,0,0,373
0x98a3901da2112d5f416c3c4a8632ac1abc1ff3e9,3,0x55d398326f99059ff775485246999027b3197955,0xe726e5ff355b0ccdce740570b16fc6abe4333333,18,18,25,0,0,374
0x346575fc7f07e6994d76199e41d13dc1575322e1,3,0xbb4cdb9cbd36b01bd1cbaebf2de08d9173bc095c,0xf7de7e8a6bd59ed41a4b5fe50278b3b7f31384df,18,18,25,0,0,375
0x087633d30811c010a17a553b73060b657b5da599,3,0x55d398326f99059ff775485246999027b3197955,0xa0bad5b7d2d733b17b2ad3e91b751a6b2f49d5b6,18,18,25,0,0,376
0xb1205f9c32155f12fddc3904c41b048e20ed01a3,3,0x87ddfe95cabdaecf2984d31838f5d4362aa0ed32,0xbb4cdb9cbd36b01bd1cbaebf2de08d9173bc095c,18,18,25,0,0,377
0x737046ef759691fbc778cd59fdec77b1534c39a5,3,0x26193c7fa4354ae49ec53ea2cebc513dc39a10aa,0xbb4cdb9cbd36b01bd1cbaebf2de08d9173bc095c,18,18,25,0,0,378
0x152b4f9fe8a00e6000d944b13ff45957803ceb4e,3,0x76764c2899be6c6828ccfa41edec983881c15cef,0xbb4cdb9cbd36b01bd1cbaebf2de08d9173bc095c,18,18,25,0,0,379
0xb7230454cc8f6a1c0ae87382e6749706aec2f2dd,3,0x29bb8670154b4bbb52e23fd138eaf7ef1d832d46,0x55d398326f99059ff775485246999027b3197955,18,18,25,0,0,380
0x118e37aff646d58707d553f39293feffd4be1a2b,3,0x03aa6298f1370642642415edc0db8b957783e8d6,0x8ac76a51cc950d9822d68b83fe1ad97b32cd580d,18,18,25,0,0,381
0x486c9c2d2f2fa98d3f5bc84ce8f9b194bd4334a3,3,0x6ad7e691f1d2723523e70751f82052a8a2c47726,0xe9e7cea3dedca5984780bafc599bd69add087d56,18,18,25,0,0,382
0x4b4fc534a3c2f7ed7884ea02881fb7cc651ebf7e,3,0x55d398326f99059ff775485246999027b3197955,0xe632ce6edeb114c36ab04821a9518e735304c201,18,18,25,0,0,383
0x5430af2c9082789043eea7d77503dc19237d7342,3,0x3518d7aee5248b9307b8a82b7c3fa49e073c4444,0xbb4cdb9cbd36b01bd1cbaebf2de08d9173bc095c,18,18,25,0,0,384
0xaf76e1329cd60789b97bfa100f6a25dcb578c482,3,0x4a80ae9f4a67be9cccdc13d13b2a7dc76c1f4444,0xbb4cdb9cbd36b01bd1cbaebf2de08d9173bc095c,18,18,25,0,0,385
0x060f77f13ae9cbf97a064190ded9eab4b5af848c,3,0x55d398326f99059ff775485246999027b3197955,0x608d694538f507e06e1a3ecf074d4dd87f3b7777,18,18,25,0,0,386
0xca9a98c6fd1c8cb3e28b6d2e5cf1fce0526bb82e,3,0x55d398326f99059ff775485246999027b3197955,0xc44763072e67845195cd94e285550d04fd5b14b5,18,18,25,0,0,387
0x81b3e23aae7cba1041d308e8dfdba5e074867cc3,3,0xbb4cdb9cbd36b01bd1cbaebf2de08d9173bc095c,0xe618ef7c64afede59a81cef16d0161c914ebab17,18,18,25,0,0,388
0x2aaf38cf74414def7b6be1b0852884eb3c0e33fa,3,0x5bb4d589467c25a5ac8db930372dc5da30c3410e,0xe9e7cea3dedca5984780bafc599bd69add087d56,18,18,25,0,0,389
0x97d63b84fc2a49889dbc36cbac76806dda9bfe26,3,0x55d398326f99059ff775485246999027b3197955,0x6a19e998509437b523470925c0d94adb6fea5734,18,18,25,0,0,390
0xe1870dc2441e0d416e099830646d4beab6ce29d0,3,0x5c48dcc8d1735d9cd3180fa95992ff22d95a88e3,0xbb4cdb9cbd36b01bd1cbaebf2de08d9173bc095c,18,18,25,0,0,391
0x507dcf6092978cd7edd65c8e1b503983031535b0,3,0x02533c1e9abbafe5816ed8b27c0d22a8731075e0,0xbb4cdb9cbd36b01bd1cbaebf2de08d9173bc095c,18,18,25,0,0,392
0x5aac7375196e9ea76b1598ed4be19b41fa5ba651,3,0x55d398326f99059ff775485246999027b3197955,0x56f46bd073e9978eb6984c0c3e5c661407c3a447,18,18,25,0,0,393
0x90b6496b6a87c14bd0385384346848c8554ea2cc,3,0x55d398326f99059ff775485246999027b3197955,0xae478986c89afa9203acbb753c3dfe139c999999,18,18,25,0,0,394
0x8aaddec27be4bec1bf3b3f9dc322817fb8298425,3,0xaff08796d28d1018f16fc2a76baf401fea647777,0xbb4cdb9cbd36b01bd1cbaebf2de08d9173bc095c,18,18,25,0,0,395
0xb2a4f395efd275e4d878f7d466a028d1100fe34f,3,0xa527e42298361b425bcdc42bb6bc9712c15fd77f,0xbb4cdb9cbd36b01bd1cbaebf2de08d9173bc095c,18,18,25,0,0,396
0x1cd4868397a93123eff22bd951a517b1b2dd8282,3,0x705e537e2c8be47e6ebf39dc30b3c63944dcfba2,0xbb4cdb9cbd36b01bd1cbaebf2de08d9173bc095c,18,18,25,0,0,397
0x46ecc4fc590a76d91c4e181deab0ceded3e0e0a3,3,0x55d398326f99059ff775485246999027b3197955,0xcc0c0b44e6cb1a7feaefdfab16c3f1444e33dbd7,18,18,25,0,0,398
0xb3db5f4f4dbdb6d75aa7c2dce23ecd2d1b557a54,3,0x47c454ca6be2f6def6f32b638c80f91c9c3c5949,0x55d398326f99059ff775485246999027b3197955,18,18,25,0,0,399
0xd9b3fb88c51ff7c3732f21a2104324b77f4345a4,3,0x55d398326f99059ff775485246999027b3197955,0xd23f77f9ea9eccf94fc99f9ed15780fc45fc21e0,18,18,25,0,0,400
0xa871f6a76a5e6409ce7d086d2e2a0d9e0438eead,3,0x55d398326f99059ff775485246999027b3197955,0xb2054b867c503350927930d0302528b9825d0db5,18,18,25,0,0,401
0xa2a5a5f488b03f6c2733917b1fd13e86e4bc50b6,3,0x7130d2a12b9bcbfae4f2634d864a1ee1ce3ead9c,0xad4f3b563f2363e7593ddcaab322604cedf55952,18,18,25,0,0,402
0xfb83a61aa0be2d60f4a70b571c06f8a1a1835102,3,0xbb4cdb9cbd36b01bd1cbaebf2de08d9173bc095c,0xc31f5adf4e081dd5377ce3e4791195b0f6f851e7,18,18,25,0,0,403
0x8c451feb149bcb178a307e7f32b4f1ff3b45d02f,3,0x55d398326f99059ff775485246999027b3197955,0xa7049322517ddcbdbbfd24b8a07e40eea5bbb71e,18,18,25,0,0,404
0x17b1878e9d0d5f8a4b1238f032b3ed6a0a49bbe0,3,0x3c10e343095e4fddf5cc36fcd41e298cf9ad2eaa,0x55d398326f99059ff775485246999027b3197955,18,18,25,0,0,405
0x8892138836eb5ec0f9c9e810efd19d542cf566b8,3,0x36f2fd027f5f27c59b8c6d64df64bcc8e8c97777,0xbb4cdb9cbd36b01bd1cbaebf2de08d9173bc095c,18,18,25,0,0,406
0x0ec93609327a67bce2d636792795f88b8fd2575c,3,0x55d398326f99059ff775485246999027b3197955,0x980b86d84546064f5ecf82c3d7d2329d026f3f2d,18,6,25,0,0,407
0x7f001b3ceec1283501434cbe079c83d38c96ea41,3,0x2c0aa9b2c06b67c437cc96df092d2cd54e311715,0xbb4cdb9cbd36b01bd1cbaebf2de08d9173bc095c,18,18,25,0,0,408
0xf79501dc9a6b78279a5b723fbf2d62234fa0fca6,3,0x3e17ee3b1895dd1a7cf993a89769c5e029584444,0xbb4cdb9cbd36b01bd1cbaebf2de08d9173bc095c,18,18,25,0,0,409
0x8f80350f7ed2e724798170974f21fc38de1a3423,3,0x1a694db0d264ebd10d2620270e2618784039f92f,0x55d398326f99059ff775485246999027b3197955,18,18,25,0,0,410
0x98248c0bd49f2cdf69ff1f57b05fafe58a292c71,3,0x01d51638b4677cd85e4b8f4ccb771b7904e556b4,0xbb4cdb9cbd36b01bd1cbaebf2de08d9173bc095c,18,18,25,0,0,411
0xe07dfd272b551c58b383b7203f7eaa0f02f233f3,3,0xbb4cdb9cbd36b01bd1cbaebf2de08d9173bc095c,0xdfc8bd03fe68cf56e5c24d59291705da946037c3,18,18,25,0,0,412
0x61494101a4b321b6cacda94146b5ca0032e01c98,3,0x55d398326f99059ff775485246999027b3197955,0xcb551dbeaeaf4a665debcdacd7b5185bca0e5b50,18,18,25,0,0,413
0xbecde8e5b48b65e18d8c19e40b026357ca8deb6d,3,0xbb4cdb9cbd36b01bd1cbaebf2de08d9173bc095c,0xd10d6f1d4b905b67735a62079743723e6f3c19c3,18,18,25,0,0,414
0x1c0d335c9cb47092148c32182a55e5b0c75e9067,3,0xbb4cdb9cbd36b01bd1cbaebf2de08d9173bc095c,0xffda10b7fd9cf172e0502a6bc0e5e355516c5232,18,18,25,0,0,415
0x813f6850561c0194af014fda281a570ee7550214,3,0xbb4cdb9cbd36b01bd1cbaebf2de08d9173bc095c,0xd0dfc951cd7787859f0ed61966bc243038888888,18,18,25,0,0,416
0xc6931c3b4184b3ff9263621affaf3c3d5c81073f,3,0xac7ae2eca9aa162590f884efd36f29056953b49f,0xbb4cdb9cbd36b01bd1cbaebf2de08d9173bc095c,18,18,25,0,0,417
0x68c29784920c7c6cb8e578e40aabf148cd6cb286,3,0x55d398326f99059ff775485246999027b3197955,0x6922b4c51d7a045eb91774e5dd46f233667ddbe1,18,18,25,0,0,418
0x8e8773a6c71af57244398e1bda0cb521e263460c,3,0x67f785d5cf3784e8f35876df323acf193350081f,0xbb4cdb9cbd36b01bd1cbaebf2de08d9173bc095c,18,18,25,0,0,419
0xb8b412ff0944cd1f17940336c88108341d83a539,3,0x55d398326f99059ff775485246999027b3197955,0xcd76bc49a69bcdc5222d81c18d4a04dc8a387297,18,6,25,0,0,420
0xee2f63a49cb190962619183103d25af14ce5f538,3,0x44443dd87ec4d1bea3425acc118adb023f07f91b,0xbb4cdb9cbd36b01bd1cbaebf2de08d9173bc095c,18,18,25,0,0,421
0xebafa9fef336c673863599bf2246c29480d041ff,3,0x5bb4d589467c25a5ac8db930372dc5da30c3410e,0x8ac76a51cc950d9822d68b83fe1ad97b32cd580d,18,18,25,0,0,422
0x87f417ade76394801631334ad89a06b556883a76,3,0x3b5670e54b9d0443e2fbd786e6fa22447c3150bc,0x55d398326f99059ff775485246999027b3197955,18,18,25,0,0,423
0x4755b51fa4a77bce729ed1e3df017d5ea6bae994,3,0xbb4cdb9cbd36b01bd1cbaebf2de08d9173bc095c,0xf77dcb1d378ff8b83a1948f7982cb6a9802d1037,18,18,25,0,0,424
0x37ce42c34e45e4574cf97ee5f0705159195920ec,3,0x4f8a17350c05cc15deb72ad80fe9240b61f65bf3,0x55d398326f99059ff775485246999027b3197955,18,18,25,0,0,425
0x1a8fa53fa95517eef430a1bfb2999f9c16c3cf11,3,0x53a3fbc07f52ccec9a329867115182499337ffff,0xbb4cdb9cbd36b01bd1cbaebf2de08d9173bc095c,18,18,25,0,0,426
0x2955e33bb120714abf11ace2766e614e6e5955b2,3,0x4e8277ab31e4956b2cd48449793a57656dfc03d2,0x55d398326f99059ff775485246999027b3197955,18,18,25,0,0,427
0xe69f0811367bd3ccdda87d6535d04d456b23e675,3,0xbb4cdb9cbd36b01bd1cbaebf2de08d9173bc095c,0xefe8c9503b3c069ecbc2ed0723b60f8994658cbc,18,18,25,0,0,428
0x0ce4b8e10fbc071c21258a0dc3c7f7750fdbcd55,3,0x55d398326f99059ff775485246999027b3197955,0x5dafe9042325e1290662e4d8aa1b1ead7942fb58,18,18,25,0,0,429
0x05c9adb5fdd858439596e40861fb9d70780ce003,3,0x55d398326f99059ff775485246999027b3197955,0xc9fe92ccdd1eba028c4b35e876c7216adadfc2af,18,18,25,0,0,430
0x3c4247bd202a5b36cc17376554630ab8cd85d726,3,0xbb4cdb9cbd36b01bd1cbaebf2de08d9173bc095c,0xe0191fefdd0d2b39b1a2e4e029ccda8a481b7995,18,18,25,0,0,431
0x5a97b3a538a7d43db322a2db8d941d89e069de51,3,0xbb4cdb9cbd36b01bd1cbaebf2de08d9173bc095c,0xfc8774321ee4586af183baca95a8793530056353,18,18,25,0,0,432
0xf45e5c487cc3f7b77b328b3f460169db628feb8e,3,0x55d398326f99059ff775485246999027b3197955,0xf17f7827403c166fda782ceb17b29900d1a2ad15,18,18,25,0,0,433
0xcd5225e34d00010e23620ee624aa4e023db91f6b,3,0xbb4cdb9cbd36b01bd1cbaebf2de08d9173bc095c,0xe7244e92956428a058c37557551ecfdfd54890ac,18,18,25,0,0,434
0x06b2babdc0429a1cbe8df68cbb384d08422863c2,3,0x4341cd8d7bd4db0b7eb4d05a09f58017b029077b,0x55d398326f99059ff775485246999027b3197955,18,18,25,0,0,435
0x17d53800ae816574a56e45e84d84728991b57931,3,0x4444202f285c188690780f6cdc5f6c27767a8ee2,0xbb4cdb9cbd36b01bd1cbaebf2de08d9173bc095c,18,18,25,0,0,436
0x207b298f4e08facb491f13e8335969e12c912d3e,3,0xb25583e5e2db32b7fcbffe3f5e8e305c36157e54,0xe9e7cea3dedca5984780bafc599bd69add087d56,18,18,25,0,0,437
0xaec58fbd7ed8008a3742f6d4ffaa9f4b0ecbc30e,3,0x2cc8b879e3663d8126fe15dadaaa6ca8d964bbbe,0x55d398326f99059ff775485246999027b3197955,18,18,25,0,0,438
0xd2bc686a83459777c52d80d0a344927b6621ea48,3,0x191c6ce3fbcb9753d6dd099934a357fd9c01b21e,0x55d398326f99059ff775485246999027b3197955,18,18,25,0,0,439
0x410b89cc46819671aec0fff195c6e48e8c8ede70,3,0xbb4cdb9cbd36b01bd1cbaebf2de08d9173bc095c,0xdab6f0edb9d9fab6b60d5b0b48936d14d9baa999,18,18,25,0,0,440
0xb62bb233af2f83028be19626256a9894b68aae5e,3,0x17e65e6b9b166fb8e7c59432f0db126711246bc0,0xbb4cdb9cbd36b01bd1cbaebf2de08d9173bc095c,18,18,25,0,0,441
0x3906a602824f62961ea40e465cf3aa1707be3c1c,3,0x55d398326f99059ff775485246999027b3197955,0x7391b20259f14c66a25c80c781e6095d5301682f,18,18,25,0,0,442
0x3cab81d63414175900e8f01fcfc685e8aec175b6,3,0x0699ecde26379cc24e6383a755b836d01255267a,0x55d398326f99059ff775485246999027b3197955,18,18,25,0,0,443
0xe48ceda9099f8019f4309d9f341820927b769ab6,3,0x4d52562386c7aa854c7e9331843c5aa2e5e07777,0xbb4cdb9cbd36b01bd1cbaebf2de08d9173bc095c,18,18,25,0,0,444
0xc00aebb9575b74b57abe717ceb2ca834589457c4,3,0x26b43374f44e0752d72e85eaebe3aa70a76bf52f,0x55d398326f99059ff775485246999027b3197955,18,18,25,0,0,445
0x5be85e89d810a4c08540b530bb64a80501713a11,3,0x55d398326f99059ff775485246999027b3197955,0x8d39785865cca3b4b331c9509a72d44b33333333,18,18,25,0,0,446
0x73abb219d29a0b3ec7ef6cad92cd85ee39b2c33f,3,0xbb4cdb9cbd36b01bd1cbaebf2de08d9173bc095c,0xf3c7cecf8cbc3066f9a87b310cebe198d00479ac,18,18,25,0,0,447
0x4e1e378d90646fb71483c2bb764043ec3284e567,3,0x04c7a45c8d7dcfae321437d0793bc7ee2717a310,0xbb4cdb9cbd36b01bd1cbaebf2de08d9173bc095c,18,18,25,0,0,448
0x359dc695210610e2341bb4d1bbaee57063440e28,3,0x55d398326f99059ff775485246999027b3197955,0x5992bcd0145f8a7bcd5a1cc12138964bba08cb1e,18,18,25,0,0,449
0xd1e005e77596f49577ba83cf0c13bd598ad2bfe1,3,0x3a810e262d6bab07dbdb44056309a9f650a956d3,0xbb4cdb9cbd36b01bd1cbaebf2de08d9173bc095c,18,18,25,0,0,450
0x518f70d2157190a6bbb77a5366695602ad9415c9,3,0x55d398326f99059ff775485246999027b3197955,0xbe6cc993a17cff738f0daead930efc128328a4ad,18,18,25,0,0,451
0xf0c2654f5f8235e9fe6afd9e40967f3849f86443,3,0x55d398326f99059ff775485246999027b3197955,0xf0ff93cf4e1db26191dfbe212e2d974320866666,18,18,25,0,0,452
0xc4c9af2647c5b4858742787a4dbf6ff916f134ea,3,0x55d398326f99059ff775485246999027b3197955,0xe7a64c6ef6b4173a36518c36b7379aaeb6a7df8d,18,18,25,0,0,453
0x157bf832b4f9a40201de77f34699b45cfcd53404,3,0xbb4cdb9cbd36b01bd1cbaebf2de08d9173bc095c,0xfb585322fbd121ce20b857e2ccd85a43ad496573,18,18,25,0,0,454
0xce277b8ff65e13855a4a79e5052b7790ab568d7d,3,0x97126e24bf911f647eaaae80ba5bfd6da41012f2,0xbb4cdb9cbd36b01bd1cbaebf2de08d9173bc095c,18,18,25,0,0,455
0x5685c3a0050b4b6c8010878e65f7c5a85e1eeeca,3,0x55d398326f99059ff775485246999027b3197955,0x5ed3a6f4814f6c9ece1383bb6e544336e0a2591a,18,18,25,0,0,456
0xfe3842d48d28daef0e7076397c1ccb3853b75f3e,3,0x0362422946c280c94654ebc31d2732107fb74ff3,0x55d398326f99059ff775485246999027b3197955,18,18,25,0,0,457
0xd723473a7e520e17df51993bc6eedcfd90a9e469,3,0x32967c39fdd1b7ad1ba36cbbabb33e5560b88581,0x55d398326f99059ff775485246999027b3197955,8,18,25,0,0,458
0xd55061bfe169f797641f986e0b399c7cf2ead09d,3,0x3ac8e2c113d5d7824ac6ebe82a3c60b1b9d64444,0xbb4cdb9cbd36b01bd1cbaebf2de08d9173bc095c,18,18,25,0,0,459
0x6132cbd39648aaac8d376d9b25a485d3099e956a,3,0xbb4cdb9cbd36b01bd1cbaebf2de08d9173bc095c,0xf024f349f08bd6a45abb201f9e7eb8eeaddd20bc,18,18,25,0,0,460
0xbfe32d0cba5b8ef67130ca96bb29337360b271cc,3,0x72a76965eb8f606675f119dae89deda557fdbf01,0xbb4cdb9cbd36b01bd1cbaebf2de08d9173bc095c,18,18,25,0,0,461
0xecf6aa34b19e31311eb92768888bddd25aa72933,3,0x55d398326f99059ff775485246999027b3197955,0x899e2a220cbc6eb1ab154211353eded74bc1e266,18,18,25,0,0,462
0x9247a22981ad64e9bd1d8b9b303a2122cd88838c,3,0x55d398326f99059ff775485246999027b3197955,0x5722ce859d00d6c59354c0750263180ffdc8ab7f,18,18,25,0,0,463
0x6889a23380956b1abfa7b2b1de86fc098f9f3e59,3,0x6e0d41cec51a90bfff8ff3154167899ec9de4104,0x7130d2a12b9bcbfae4f2634d864a1ee1ce3ead9c,18,18,25,0,0,464
0x5c6d8dd1b053314bebf9fc765bc263d3790c18c4,3,0x55d398326f99059ff775485246999027b3197955,0xe37dbf20a4fff3b88233e456355dc49b76b6fe19,18,18,25,0,0,465
0xbc9573be52c2b6520340dca3e9709fb838f09296,3,0xbb4cdb9cbd36b01bd1cbaebf2de08d9173bc095c,0xc8f7fa56aa38d36766e7abb8086977b6298640b8,18,18,25,0,0,466
0xf5d3cba24783586db9e7f35188ec0747ffb55f9b,3,0x0012365f0a1e5f30a5046c680dcb21d07b15fcf7,0xbb4cdb9cbd36b01bd1cbaebf2de08d9173bc095c,18,18,25,0,0,467
0x525ed27231f975c9e0c45b551212b75f3654b7ad,3,0x4a3ddbaf5ef5b75991585797c8e0f3681d41d438,0xbb4cdb9cbd36b01bd1cbaebf2de08d9173bc095c,18,18,25,0,0,468
0x2c97b52d9390590ef0dd4346188d82431a9cde88,3,0x9d7107c8e30617cadc11f9692a19c82ae8bba938,0xbb4cdb9cbd36b01bd1cbaebf2de08d9173bc095c,18,18,25,0,0,469
0xc948a0df9394f3f0c9d4570c8d14458ced147657,3,0x7b8779e01d117ec7e220f8299a6f93672e8eae23,0xbb4cdb9cbd36b01bd1cbaebf2de08d9173bc095c,18,18,25,0,0,470
0x9bb484a4e1be7d9c9af83ccef0d510fb379c3dbd,3,0xbb4cdb9cbd36b01bd1cbaebf2de08d9173bc095c,0xf29cccc3460506e8f9bc038d4716c05b76b0441e,18,18,25,0,0,471
0x828e5d71403f7456b38cb830935c40426668086d,3,0xaab09b5cd1694d12c8c980306f5e2f5d65b00e1c,0xbb4cdb9cbd36b01bd1cbaebf2de08d9173bc095c,18,18,25,0,0,472
0x6097db595da66bd3cd73ee737b2cf46fbcbad781,3,0x287db351d5230716246cfb46af8153025eda6a0a,0xbb4cdb9cbd36b01bd1cbaebf2de08d9173bc095c,18,18,25,0,0,473
0xf6d1c97eee752abfd1924a635d6208fd3e7bb738,3,0x55d398326f99059ff775485246999027b3197955,0xdbc039c8c239459b083df9bae3853516bf42da9c,18,18,25,0,0,474
0xae556cdaa66c8eae170c7a814b4c6c996970d3b0,3,0x51e6ac1533032e72e92094867fd5921e3ea1bfa0,0x55d398326f99059ff775485246999027b3197955,18,18,25,0,0,475
0x7a50f72f6091745d3cc3f1388b0ca5f2f14eff19,3,0x62d0a8458ed7719fdaf978fe5929c6d342b0bfce,0xbb4cdb9cbd36b01bd1cbaebf2de08d9173bc095c,18,18,25,0,0,476
0x328dcd7980a9cfc98b92934a74a1435cc0ee6617,3,0x55d398326f99059ff775485246999027b3197955,0xf19c362d779ade83d4f8708c6c36297b6ad57528,18,18,25,0,0,477
0x6637914482670f91f43025802b6755f27050b0a6,3,0x55d398326f99059ff775485246999027b3197955,0x6bc9b4976ba6f8c9574326375204ee469993d038,18,18,25,0,0,478
0x1f7df58c60a56bc8322d3e42d7d37a0383d42746,3,0x55d398326f99059ff775485246999027b3197955,0xce7de646e7208a4ef112cb6ed5038fa6cc6b12e3,18,6,25,0,0,479
0x07095e4c4f61fe9ba4904ae8f0481793cf5c12db,3,0x55d398326f99059ff775485246999027b3197955,0x965b85d4674f64422c4898c8f8083187f02b32c0,18,8,25,0,0,480
0x76ff3869071b00cebe9fbfd49ec34f13fe6fab58,3,0x3d2b9bd1364c661ae8b0e9df24a9b99fb6b89cff,0x55d398326f99059ff775485246999027b3197955,18,18,25,0,0,481
0xd504bcaebad45a1c92b14b14a9ab29a566ed2d42,3,0x66969ecd173451f00a4652a53acc6246569d4444,0xbb4cdb9cbd36b01bd1cbaebf2de08d9173bc095c,18,18,25,0,0,482
0x0434dba6ea2cb96f419e2f4386bb09af81654157,3,0x189740edc5a8620118a40a2ea7cd417c14c17777,0x55d398326f99059ff775485246999027b3197955,18,18,25,0,0,483
0x67700cef964d608e54f8c8e1e514501e10015552,3,0x55d398326f99059ff775485246999027b3197955,0x6849aa47bcbb69c663e576a8011ced12f1594c87,18,18,25,0,0,484
0x419a21ebfe2b108f44dbf19b5da12cce28991c76,3,0x68fbd4d89ba15343e7d2457189459b7ac80a20a3,0xbb4cdb9cbd36b01bd1cbaebf2de08d9173bc095c,18,18,25,0,0,485
0x6e526ebf0360ab0c8fab5e67e539ad28d2931a82,3,0x55d398326f99059ff775485246999027b3197955,0xabbabea17cf19ecca2ce8eb5413529f02a70168c,18,18,25,0,0,486
0xaf2f7db792607b831060d12f8fa0d2574262e99a,3,0xbb4cdb9cbd36b01bd1cbaebf2de08d9173bc095c,0xd280e0fea29bcae6ed9dd9fb4b9e5fa90f5c249d,18,18,25,0,0,487
0x39f861018a800e9e7fc98cac9c15176802f78ccd,3,0x55d398326f99059ff775485246999027b3197955,0x6df655d3a5e2c3cef26ea9166a6d1ed35acaa1b7,18,18,25,0,0,488
0xef59abb1605deee760cac4d2d9712d8c324f20d1,3,0xbb4cdb9cbd36b01bd1cbaebf2de08d9173bc095c,0xd6bb010019c9d3ea177e6d2e9af7938c6e53da55,18,18,25,0,0,489
0xf9ffce570b00d78356c2bf2a70ad8318482aac04,3,0x7130d2a12b9bcbfae4f2634d864a1ee1ce3ead9c,0xfa39ed187c7b89fcedabcf0310b3c4ac88f76fd8,18,18,25,0,0,490
0x3e3bf0f2b258655ec457548bafc5d948033fd305,3,0x55d398326f99059ff775485246999027b3197955,0x66e1c0a762a7600c6da3d6c826232379241d3d97,18,18,25,0,0,491
0x66fe9c4e1260386483bf91cb7106e75ba5d91a60,3,0xb72a20c7b8bd666f80ac053b0f4de20a787080f5,0xbb4cdb9cbd36b01bd1cbaebf2de08d9173bc095c,18,18,25,0,0,492
0xbdbaaa318557bf585b12561b658b26c920f84902,3,0x55d398326f99059ff775485246999027b3197955,0xae21bfe30aff40a66bc9a950d61c1a6b1c82ad2a,18,18,25,0,0,493
0x7a859c431c83eadbf8fee7499b3ad2e3b337ea48,3,0xbb8203e945866a1f3eced6e5b22679e5a540be91,0xe9e7cea3dedca5984780bafc599bd69add087d56,18,18,25,0,0,494
0x90c96d8a2879a0d886f1d878089f5d4331523b79,3,0x4af60aa1ca7589ab2ec4a0239cbd5630938f4667,0x55d398326f99059ff775485246999027b3197955,18,18,25,0,0,495
0x0dfa50c4b16d047f87a27a60247c9958c7b8547e,3,0x98afac3b663113d29dc2cd8c2d1d14793692f110,0xe9e7cea3dedca5984780bafc599bd69add087d56,18,18,25,0,0,496
0x1a2f3ecbd659b0b6c8742216b638e9d797a8c63d,3,0x45e57907058c707a068100de358ba4535b18e2f3,0xbb4cdb9cbd36b01bd1cbaebf2de08d9173bc095c,18,18,25,0,0,497
0xc5c4f99423dfd4d2b73d863aee50750468e45c19,3,0x32b407ee915432be6d3f168bc1eff2a6f8b2034c,0xbb4cdb9cbd36b01bd1cbaebf2de08d9173bc095c,18,18,25,0,0,498
0x26f2c19bc4dca4bf5d38a700e547329394da8912,3,0xb51499f983a8b186ea2fef4074e3a93dcc9ca355,0xbb4cdb9cbd36b01bd1cbaebf2de08d9173bc095c,18,18,25,0,0,499
0xc712c71c2b0cc5cec2fb398a95cd853ea852f6b7,3,0xbb4cdb9cbd36b01bd1cbaebf2de08d9173bc095c,0xdde52fd66ac9b1dbd98c77738531e3098ef61602,18,18,25,0,0,500
0x8de6da81c8ee7c94e261f3d355ba6b6a92c7b3e7,3,0x55d398326f99059ff775485246999027b3197955,0x59a80dbcea7c3537d91fdc780a4b58b888888888,18,18,25,0,0,501
0x51d6e1dbe1bd149259a17594e1394de7634241ce,3,0x0173295183685f27c84db046b5f0bea3e683c24b,0xbb4cdb9cbd36b01bd1cbaebf2de08d9173bc095c,18,18,25,0,0,502
0x1988c9f1b2b0993d8d8d2606d1629b0d47d6c72c,3,0x40aa15935bbe68d2a581b0d0244b5dcacd4bfb5e,0x55d398326f99059ff775485246999027b3197955,18,18,25,0,0,503
0x8073232741dbee7c4b18e658e49aeb84208aba43,3,0x28f44949855f8717825fe34f21640bfcda888888,0x55d398326f99059ff775485246999027b3197955,18,18,25,0,0,504
0x7b5ac3df085d242b9f4092664342a961e6ed1f21,3,0x4444f20947325dc5d37643bcaaa537c85cfcb524,0xbb4cdb9cbd36b01bd1cbaebf2de08d9173bc095c,18,18,25,0,0,505
0x313cef77f1645b2e08f739ef9ae0de4616c015ae,3,0x850026ad9ece0505a45148b843cc338a77405555,0xbb4cdb9cbd36b01bd1cbaebf2de08d9173bc095c,18,18,25,0,0,506
0x42990c44f801206775053bd9cf655a3ce606fa85,3,0x55d398326f99059ff775485246999027b3197955,0xd17f6050db07d27981ec540eb90f0f0ac7777777,18,18,25,0,0,507
0x42ebfa37f82ef1819c1718bf083d3fc45427395a,3,0x7efb55d9ac57b23cc6811c9068db3cf83cbdfe39,0xbb4cdb9cbd36b01bd1cbaebf2de08d9173bc095c,18,18,25,0,0,508
0x003c1ebf39e1304977b066651b153bd54467270b,3,0xac0c43f1be20a96ead0b67e8a8d197075e483611,0xbb4cdb9cbd36b01bd1cbaebf2de08d9173bc095c,18,18,25,0,0,509
0x2ef0479969ccd8f314d21778f5af9f82d6fb2099,3,0x55d398326f99059ff775485246999027b3197955,0x63f4415533009faa752a2e76205c20fb2dc52a90,18,18,25,0,0,510
0xe3efac59639fc35e6208e65d08f4f6d04df317c9,3,0x55d398326f99059ff775485246999027b3197955,0x67d6de840209c62f7a7bc50f5528fcf8c6666f8f,18,18,25,0,0,511
0x84858eff9f49d93039a09d392df2ec6e46d2ea07,3,0x27f9787dbdca43f92ccc499892a082494c23213f,0x55d398326f99059ff775485246999027b3197955,18,18,25,0,0,512
0x829f540957dfc652c4466a7f34de611e172e64e8,3,0xb1ebdd56729940089ecc3ad0bbeeb12b6842ea6f,0xbb4cdb9cbd36b01bd1cbaebf2de08d9173bc095c,18,18,25,0,0,513
0x306f8dfbc6244454efd5dfda03ac241ee37eb7b5,3,0x7130d2a12b9bcbfae4f2634d864a1ee1ce3ead9c,0xfcbf8568ae98ec91cc360e1e216008c91a045b91,18,18,25,0,0,514
0x72f9600d60d8a3196e8c3a9ad69eee51b8d72d49,3,0x44836708ff32246635d8d08c785f4e779e294598,0xbb4cdb9cbd36b01bd1cbaebf2de08d9173bc095c,8,18,25,0,0,515
0x275692f19fe9a5d0b8d1e465237d7822d1c7e7bb,3,0x55d398326f99059ff775485246999027b3197955,0xf770a28da6724a1af95a66965178763952e3fedd,18,18,25,0,0,516
0xb2505b8a1ab470acfbc12dd255e7fa298a23ab67,3,0x9212cf1f9f4a9c69bb010146ba5b0725169d4444,0xbb4cdb9cbd36b01bd1cbaebf2de08d9173bc095c,18,18,25,0,0,517
0x0dde752a951f3a4d7de6c056e14fa47659d47052,3,0x55d398326f99059ff775485246999027b3197955,0xf011239a6e475b318feb8470cca6c62acfdb89db,18,18,25,0,0,518
0x73b5d21ef41e615fd5dfc322dd7aec8a4ec2ff53,3,0x55d398326f99059ff775485246999027b3197955,0x97ea8f26e763fe938f69924765652b0c99a66666,18,18,25,0,0,519
0x93341f3d84565893475a8d7810d95673918ba9e5,3,0x1a86e2637810e24022ee0ee88ca80e69b19ac4ce,0x55d398326f99059ff775485246999027b3197955,18,18,25,0,0,520
0x913b42b45482f5845277191b564a2787bfcc6395,3,0x143593101a22ca46f15396bd6522ba3d7b1c8dab,0x55d398326f99059ff775485246999027b3197955,18,18,25,0,0,521
0xb99400ff63d4fa6cd444701219c66ecb2aafc9de,3,0xbb4cdb9cbd36b01bd1cbaebf2de08d9173bc095c,0xccd8a5f16d5a2477809a9956429ffc7be1bf6222,18,18,25,0,0,522
0x82309c423b083e92359a36ea468e70ca33daa71a,3,0x9f2eea5375992f8eb33eb1fdf56476c6f1a89ded,0xbb4cdb9cbd36b01bd1cbaebf2de08d9173bc095c,18,18,25,0,0,523
0x58c9b1131536d0e2c86faa5fba48ece3053b33ba,3,0x52698c1fd3773c371774870588c209be40d1fb4e,0x55d398326f99059ff775485246999027b3197955,18,18,25,0,0,524
0x5d04bcc2be457aa51916a9bf1460bc6c058b9277,3,0x68d903860ca20d6ec8d7297d7b37e0c129a3c605,0xbb4cdb9cbd36b01bd1cbaebf2de08d9173bc095c,18,18,25,0,0,525
0x0021d459117e02f3a45736e625aa58fb60f2a68f,3,0x55d398326f99059ff775485246999027b3197955,0xaa713fac74ba4b18e77caa226ab99e92bc7a4973,18,18,25,0,0,526
0x6dc203799550a96bf22b78106bd97f70acb2328d,3,0x9168496de3ae9b818bf0869f1aa4f9af06ff4df3,0xbb4cdb9cbd36b01bd1cbaebf2de08d9173bc095c,18,18,25,0,0,527
0x277edafc0f7fb60f43136ede017e5645baa70279,3,0x55d398326f99059ff775485246999027b3197955,0x5b9702f7cbcf0fb501020e01499391d879c16baf,18,18,25,0,0,528
0x770a7a9194560093bd8944b0d38fcf4f03baeb36,3,0x8ac76a51cc950d9822d68b83fe1ad97b32cd580d,0xd935154557993a7e10231d07ca641244a8f51d87,18,18,25,0,0,529
0x7ec80188702c5f34416c2887e4112d6bb6b54c77,3,0xa839bc9882b5d994649ab69fe4d7290204677f40,0xbb4cdb9cbd36b01bd1cbaebf2de08d9173bc095c,18,18,25,0,0,530
0x1ccfac364dc6970493806d96e20700aa119253b6,3,0x0940c64159c98311cccc938de791ff2a6655d3df,0x55d398326f99059ff775485246999027b3197955,18,18,25,0,0,531
0x126fadb82cc4ab91e6cd03accaf209fb6d1ffaab,3,0x02e75d28a8aa2a0033b8cf866fcf0bb0e1ee4444,0xbb4cdb9cbd36b01bd1cbaebf2de08d9173bc095c,18,18,25,0,0,532
0x865638d48b278284bdc1c37d68c1436f8ec7b0dd,3,0x55d398326f99059ff775485246999027b3197955,0x70894312b5eb80699fa71c0f47e3717cfedc7b60,18,18,25,0,0,533
0x5bb8be986020b131d3925023939f3da3c31c00c4,3,0x55d398326f99059ff775485246999027b3197955,0xe846d164b88ed2e1209609fea3cf7a3d89d70d2d,18,18,25,0,0,534
0xdf3eb0d8473df117afc484fe9b81c59e885e4f67,3,0x2170ed0880ac9a755fd29b2688956bd959f933f8,0x7242cc64c3b016e25179b8416c1ed96fe23c1803,18,18,25,0,0,535
0xa6f0fa070839cf0c0032dcd3743c64990c785b1a,3,0x55d398326f99059ff775485246999027b3197955,0x9b1188e01b45a283cde53888ed1558fb6f9ae692,18,18,25,0,0,536
0x14ba9d3191a44a5defceacb251ce44fba7ebafc4,3,0x4ea636b489f51e2c332e2a6203bf3fcc0954a5f4,0xbb4cdb9cbd36b01bd1cbaebf2de08d9173bc095c,18,18,25,0,0,537
0x4593aaa45664ff42a96fd97b934dcb117e4bcdd8,3,0x1a4d41219c547f3a0ee36cf3d9e68f80699cf283,0x55d398326f99059ff775485246999027b3197955,18,18,25,0,0,538
0x866b3e3872a4aefe6fa5ab3e05466d9c0b09fa6d,3,0xa3de968553ee82194366b5cc676646fa8a4057b9,0xbb4cdb9cbd36b01bd1cbaebf2de08d9173bc095c,18,18,25,0,0,539
0x8f7de3e84b88245d3bed19c1e20dedf50a9f5e8c,3,0x55d398326f99059ff775485246999027b3197955,0x8fa654041bbc53df87db8df8ca3727b0c59c3199,18,18,25,0,0,540
0x43035d67b163742fd3f3cd1310d6c2fbe17c82f6,3,0x3e7f1039896454b9cb27c53cc7383e1ab9d9512a,0x7130d2a12b9bcbfae4f2634d864a1ee1ce3ead9c,18,18,25,0,0,541
0x6d92a5b5c02251760372fa24b3d493ee76c2d556,3,0xbb4cdb9cbd36b01bd1cbaebf2de08d9173bc095c,0xf19c362d779ade83d4f8708c6c36297b6ad57528,18,18,25,0,0,542
0x30ee599b1593a072fc58499dd26e97396eaf455a,3,0x55d398326f99059ff775485246999027b3197955,0xb6a7c99407006b93431a7f3b8f811c7c2b9a8a25,18,18,25,0,0,543
0x29c112b065781810b28fe1d92b06013efc1022f7,3,0x2013a45418b1fdf7d0e1fa046e6cc27faa290be5,0xbb4cdb9cbd36b01bd1cbaebf2de08d9173bc095c,18,18,25,0,0,544
0x1789153b0d954b610d6870bc4138f08e5a7e1717,3,0x50c319ea5891683164e8e19f42d46cfe17c31193,0x55d398326f99059ff775485246999027b3197955,18,18,25,0,0,545
0x03c79031993104956588623e4122fa3a43ae6e51,3,0x41e1351e3070cdf27f67486818898ac5aea01bad,0x55d398326f99059ff775485246999027b3197955,18,18,25,0,0,546
0x062f88e2b4896e823ac78ac314468c29eec4186d,3,0x23ce9e926048273ef83be0a3a8ba9cb6d45cd978,0xbb4cdb9cbd36b01bd1cbaebf2de08d9173bc095c,6,18,25,0,0,547
0x5ae06f4767914a0173ba82801aafe9268950edce,3,0x55d398326f99059ff775485246999027b3197955,0xecf142c84c6cca721496311ffab79e0b7a0e510a,18,18,25,0,0,548
0x2e78f95b12a2948b1f2e7554036511df0399a4b9,3,0x43ab9d667bdf094f9ed96687c5121a97013be7c1,0x55d398326f99059ff775485246999027b3197955,18,18,25,0,0,549
0x3a6fd74e00a2e52d01113589a35524e3f33719aa,3,0x55d398326f99059ff775485246999027b3197955,0x66fff5bb007c4885a00fc14bdb1eee389b804ef7,18,8,25,0,0,550
0xe41a120b624d8551fee97a6b10eaeef789acad6d,3,0x55d398326f99059ff775485246999027b3197955,0x7dc1da2cb2c83c14e48055d753d6afb5f8dd0118,18,18,25,0,0,551
0xd08c0087c063b19d4a2c7754c9a6d22d1ad7a562,3,0x55d398326f99059ff775485246999027b3197955,0xb4637a9749508a02c809a7a63515f75a6da066f1,18,18,25,0,0,552
0x5840b79d19c053a79923df738a251426d8879308,3,0x134c54bba70f7fe1f89ce2e40c7419ee6d3d3cd5,0x55d398326f99059ff775485246999027b3197955,18,18,25,0,0,553
0x52dd7f8f360253ee82ed6d69b994ad0b7a470938,3,0x39b77cf57788a1d41180ed8e83894b825c65e915,0x55d398326f99059ff775485246999027b3197955,18,18,25,0,0,554
0x1914390963b754e9e1387b9970ef8eff92a3fa45,3,0x086ddd008e20dd74c4fb216170349853f8ca8289,0xbb4cdb9cbd36b01bd1cbaebf2de08d9173bc095c,18,18,25,0,0,555
0xb92558f22dda194654d4e4f6bffac3b17e020930,3,0xbb4cdb9cbd36b01bd1cbaebf2de08d9173bc095c,0xe7149b411daaf657375de19c7d9dc5f4a40252cc,18,18,25,0,0,556
0x772b1ba8cd2d32d0ef0e9b50169efaf273816d93,3,0x55d398326f99059ff775485246999027b3197955,0xf63e6d94dd6894e7a02fb3b958a3d456215cf9d4,18,18,25,0,0,557
0x19f7cc934e3a799c9ce10c6c86680d5ea4cd358b,3,0x277ae79c42c859ca858d5a92c22222c8b65c6d94,0xbb4cdb9cbd36b01bd1cbaebf2de08d9173bc095c,18,18,25,0,0,558
0x404e29525beebcee4154de3b6217c6f0a8d1824c,3,0x55d398326f99059ff775485246999027b3197955,0x82bffdc6a403bfe3b84787379684b392d6422c47,18,18,25,0,0,559
0xd059dca0ad8bc51803fd487e6ed8244c1fdad97e,3,0x2bf4be7c4520c41d012eb09a034179e03b898534,0xbb4cdb9cbd36b01bd1cbaebf2de08d9173bc095c,18,18,25,0,0,560
0x6154f09ba4efed2bc22b239cb8663b4cbeb45c0b,3,0xbb4cdb9cbd36b01bd1cbaebf2de08d9173bc095c,0xf2161a8e9114ec13f2fe7ea1df0b1cf9af3e3ad1,18,18,25,0,0,561
0x17d9ed502de079dbcd4bff01489539e07aa18ef2,3,0x55d398326f99059ff775485246999027b3197955,0x934dc1d11b920609c09064119f5734054c4c8a04,18,18,25,0,0,562
0xfdce5372b5071916f7063d11c9e89fdb0e9023db,3,0x55d398326f99059ff775485246999027b3197955,0x84042d5785406809f51205038957fc2ee5ae7086,18,18,25,0,0,563
0xdd3d7bc562556d4eea4873a551f7a4526a1af53a,3,0x342b8eaa9a4e58e9ed4b7a5ed52a07f3231dc50e,0x55d398326f99059ff775485246999027b3197955,18,18,25,0,0,564
0xf963bd12a4653e82ca7b739e76ec4c67808aff34,3,0x55d398326f99059ff775485246999027b3197955,0xf86af2fbcf6a0479b21b1d3a4af3893f63207fe7,18,18,25,0,0,565
0x41637276689aa04d154db1cd9eae231710ad2e23,3,0x55d398326f99059ff775485246999027b3197955,0xa4db2a37dce5106f977e9fdbee00a2ee1e777777,18,18,25,0,0,566
0x8c0921886e7a25352b574591ab8f2ab3293162c7,3,0xbb4cdb9cbd36b01bd1cbaebf2de08d9173bc095c,0xfc70b66f3b5f33b6f6b4239cf7c02cad6b131419,18,18,25,0,0,567
0x869258730a871785f74ef3bac9c2d5535fe6154c,3,0x55d398326f99059ff775485246999027b3197955,0xab2f5729c2128bd8a8a15e59e64eee516c6af8bd,18,18,25,0,0,568
0xdf1f25d45128b58311e020786ebd278b07a4e4d0,3,0x55d398326f99059ff775485246999027b3197955,0x832ab3f581add131d50c24d9a85087648bd16934,18,18,25,0,0,569
0xc0761eb18fa2bf37b78177ab107002654f30d069,3,0xb4e4e2ba82420b07847654b163c35e2d7774af38,0xbb4cdb9cbd36b01bd1cbaebf2de08d9173bc095c,18,18,25,0,0,570
0x51d4f78817dd2efa704f31eb35eeaca3b9958792,3,0x9904657036b07019fc21a7f4cf05246e825c8bad,0xbb4cdb9cbd36b01bd1cbaebf2de08d9173bc095c,18,18,25,0,0,571
0xf38bcf68c0fc91f517cd6fbed728e2c31ad1db56,3,0x1184c14af1ea6a7ce5df501ac91b8b0d9dcfad17,0xbb4cdb9cbd36b01bd1cbaebf2de08d9173bc095c,18,18,25,0,0,572
0x12aaefb438079c79668adf2ae1889f2b4413cd8f,3,0x55d398326f99059ff775485246999027b3197955,0xaeb4723c8600f62266916e4ae5deca5888333333,18,18,25,0,0,573
0x2347c5cf3b2c891d33323b3d670210776695691a,3,0x55d398326f99059ff775485246999027b3197955,0xb0c2700eef5302fc81f183fa35139037287aac0a,18,18,25,0,0,574
0xe5c0a46fa0226d869f176480b4191a962cc6ed14,3,0x5b7d4840db82b0c0f5bf5b59d9a760fecef6c44c,0xbb4cdb9cbd36b01bd1cbaebf2de08d9173bc095c,18,18,25,0,0,575
0x68eaa7f7a9970c986c22099ea62d89c1a683cc21,2,0xbb4cdb9cbd36b01bd1cbaebf2de08d9173bc095c,0xfbe049df1364fe120a0e7f0ddf586dbb38c79219,18,18,25,0,0,576
0xee31a48b044a28b2e007e1250def65b07f0bba9e,3,0xbb4cdb9cbd36b01bd1cbaebf2de08d9173bc095c,0xe75b8cf742bb13342688d740c271368412664444,18,18,25,0,0,577
0xe1a126787b9bc983710c3c03cb3521d2c0732dae,3,0x3201e591bafc30b4a0c7ebff4d665b45b17e2005,0x55d398326f99059ff775485246999027b3197955,18,18,25,0,0,578
0xcc37e64448a578764a792ba34a07a4e55c9024fd,3,0x33e0b24aaea62500ca79d33e26efe576bbf5bacf,0xbb4cdb9cbd36b01bd1cbaebf2de08d9173bc095c,18,18,25,0,0,579
0xcf44dd2d86e3cc763224f943f9ae501a6d618f08,3,0x55006895f398d7713d69081144b19d8c9022b582,0xbb4cdb9cbd36b01bd1cbaebf2de08d9173bc095c,18,18,25,0,0,580
0x6f1653c1d2695dc1f375c102b880cb0aeb5c8d20,3,0x55d398326f99059ff775485246999027b3197955,0xb1a824327484ab8adbc7318297a4df9551a93648,18,18,25,0,0,581
0xc6bd50aa0f04b390399e14d7cdc20961c76a58e8,3,0x55d398326f99059ff775485246999027b3197955,0xfcb022fc4a72e3ce5bca867bb888fc88b03e9e81,18,18,25,0,0,582
0x00efa2b70b20259b595dde2d6cbea23b04b6c203,3,0xb38c9d498bab8deefa5ffe8e1d7ca000ef6c3362,0xbb4cdb9cbd36b01bd1cbaebf2de08d9173bc095c,18,18,25,0,0,583
0xb8aa6de5dc2d63e8002e5ceff74019aa26011f38,3,0xbb4cdb9cbd36b01bd1cbaebf2de08d9173bc095c,0xef28c34144fb986483a0916e6f2dbfafca226c3b,18,18,25,0,0,584
0xe12c28106cbf87bca147bad286e66e783337e611,3,0xbb4cdb9cbd36b01bd1cbaebf2de08d9173bc095c,0xe2cd7905c6c119bc5e771d9434aa3b87d27c703c,18,18,25,0,0,585
0x32cd27b418ba6a0f54e9687870e5f60d318afd43,3,0x7a685c6dbd6c15e6d600f7c713f9252ebb3c472a,0xbb4cdb9cbd36b01bd1cbaebf2de08d9173bc095c,18,18,25,0,0,586
0x62c565342d700891238ed066a851effb1bb32f31,3,0x55d398326f99059ff775485246999027b3197955,0xeda29189b2a13a07d5ec3620e4f447cf63b55f35,18,18,25,0,0,587
0x4640eafb60a04c9cf69faebe324ceb990db00b8c,3,0x55d398326f99059ff775485246999027b3197955,0xaf2b5c52f7f7362593ad5d8b164ae1191ee32548,18,6,25,0,0,588
0xe4c7147c610c7fb95257aece46813a9c301f4ae6,3,0x8f3304bd33b187ea689421def865e6e3012d7716,0xbb4cdb9cbd36b01bd1cbaebf2de08d9173bc095c,18,18,25,0,0,589
0x2daf10dcfd4419c106936d01b4208ffcf02f3b03,3,0x55d398326f99059ff775485246999027b3197955,0x66dd9453de827befef20d47702c13328c2951588,18,18,25,0,0,590
0x80be46664bc28451ab3faed26ce17d613d368e83,3,0x55d398326f99059ff775485246999027b3197955,0xd1662590fe3e6bc8e0f8370118d50a046ad3dd6f,18,18,25,0,0,591
0xbabfb8eac3d264e5e55a22f7bd83e73aa3227e9f,3,0xbb4cdb9cbd36b01bd1cbaebf2de08d9173bc095c,0xfe8bf5b8f5e4eb5f9bc2be16303f7dab8cf56aa8,18,18,25,0,0,592
0x2f52b8f25bb76dee48e9d9b20c366111952eeb41,3,0x090e1612015518e406fd8cf4e17423cdf47e5327,0xbb4cdb9cbd36b01bd1cbaebf2de08d9173bc095c,18,18,25,0,0,593
0x13f80c53b837622e899e1ac0021ed3d1775caefa,3,0xa73164db271931cf952cbaeff9e8f5817b42fa5c,0xbb4cdb9cbd36b01bd1cbaebf2de08d9173bc095c,18,18,25,0,0,594
0x842b3121487207635fb2c03920a7c615ed1f94a6,3,0x55d398326f99059ff775485246999027b3197955,0xdec9e0320c7fba5d50ab63ef94add73669401325,18,18,25,0,0,595
0xfa32207b0b292d7d9b657e57ddc0ad7565194777,3,0xa34340d127301a6eb977506b177f0408a7568e0e,0xbb4cdb9cbd36b01bd1cbaebf2de08d9173bc095c,8,18,25,0,0,596
0x66b6d48755360330a0fdb7bf5438d3adadd0f28c,3,0x3e098c23dcfbbe0a3f468a6bed1cf1a59dc1770d,0xbb4cdb9cbd36b01bd1cbaebf2de08d9173bc095c,18,18,25,0,0,597
0x90e19422d9cbc510bac30f87bd943f57c02e36a8,3,0xbb4cdb9cbd36b01bd1cbaebf2de08d9173bc095c,0xd6423f99863e13b0a3fa00b5e1e5597792f74f8c,18,18,25,0,0,598
0x17bc51cfcde8321763fda97b3d640ccce47d61b2,3,0x762db5055ec834d747dede0fe362d2f23f9eff4e,0xbb4cdb9cbd36b01bd1cbaebf2de08d9173bc095c,18,18,25,0,0,599
0x0796455fd5aec4724190c64b91611057f9f2aefe,3,0x43a8cab15d06d3a5fe5854d714c37e7e9246f170,0xbb4cdb9cbd36b01bd1cbaebf2de08d9173bc095c,18,18,25,0,0,600
0x10fcc1da8540989cb36c6c5887f784cf834afb6e,3,0x05ad901cf196cbdceab3f8e602a47aadb1a2e69d,0xbb4cdb9cbd36b01bd1cbaebf2de08d9173bc095c,18,18,25,0,0,601
0xc30ab63caf23b73528d002c59ab7a5235bfdc6a7,3,0x34dcb6635b9b23da7a753fde158f8bfcb199186f,0xbb4cdb9cbd36b01bd1cbaebf2de08d9173bc095c,18,18,25,0,0,602
0x71b2e796d32050dd8cbd1171fc3e68f9f800dee8,3,0xbb4cdb9cbd36b01bd1cbaebf2de08d9173bc095c,0xc78dabf21594c76ad98a0b3ed103fcfcd9499999,18,18,25,0,0,603
0x65fa1d9b726047faa79dc77466aa6328617b839b,3,0x53d9d8550bfe101fa943725833dd0b1f95d9ec2f,0x55d398326f99059ff775485246999027b3197955,18,18,25,0,0,604
0x2d66a3f8bb716d6fc4b650155c3f1002c4ae6f33,3,0x55d398326f99059ff775485246999027b3197955,0xeccf5b5b0a7c482da8008faf8a9f20a2d51005f9,18,18,25,0,0,605
0x61873e5ae3f5987cb06edd9cf3300f51d10072e0,3,0xbb4cdb9cbd36b01bd1cbaebf2de08d9173bc095c,0xd893b0a45a83e6a7be1caa904626f38a81cbbd0d,18,18,25,0,0,606
0x7f01f344b1950a3c5ea3b9db7017f93ab0c8f88e,3,0xbb4cdb9cbd36b01bd1cbaebf2de08d9173bc095c,0xbe96fcf736ad906b1821ef74a0e4e346c74e6221,18,18,25,0,0,607
0x4a482bde49b4ddd626615012a4f6f9e661050a62,3,0x33af7644b1f60c8e8d62689b19d60a5d132164fc,0xbb4cdb9cbd36b01bd1cbaebf2de08d9173bc095c,18,18,25,0,0,608
0x1524efbaf2088a53ae98c79df8eb1bfb26743351,3,0x35bb94258eb3fb42114dbdc0e29e00e5abe0bc46,0xbb4cdb9cbd36b01bd1cbaebf2de08d9173bc095c,18,18,25,0,0,609
0x27795f5310232b241934ab4e1ec520d17a8b16b9,3,0x55d398326f99059ff775485246999027b3197955,0x818835503f55283cd51a4399f595e295a9338753,18,18,25,0,0,610
0xe6edc555061d1d9fe0145867b7ea7b07da840898,3,0xbb4cdb9cbd36b01bd1cbaebf2de08d9173bc095c,0xf1c599e9a5fbdea408a7409c0176a2fe42c64444,18,18,25,0,0,611
0x8530a54147b483e32637fdaf903298eba1cb0950,3,0xad4f3b563f2363e7593ddcaab322604cedf55952,0xbb4cdb9cbd36b01bd1cbaebf2de08d9173bc095c,18,18,25,0,0,612
0x4512c111070e2828fb6514a3907446ed3f7c55b2,3,0x36c90e97f03e36fd964887c74daeed804fa78fcf,0x55d398326f99059ff775485246999027b3197955,18,18,25,0,0,613
0x95571f76cf0d0613b181ee7aba2d3a4f790d1304,3,0x55d398326f99059ff775485246999027b3197955,0x6b2c495de29342f71ac63594d986f174779bc7a2,18,18,25,0,0,614
0x77d49894870ccdba1a63fa0dee27f0313646ba3d,3,0xa7536d3c8b307f9c208ec84b54af0e38a4839a5e,0xbb4cdb9cbd36b01bd1cbaebf2de08d9173bc095c,18,18,25,0,0,615
0x0d8f6b58bee2cccbae873a6fc05512d78670352e,3,0x12ef97ebe8a51bb7cff3e1799c8f7936db9d13d3,0xbb4cdb9cbd36b01bd1cbaebf2de08d9173bc095c,18,18,25,0,0,616
0x5734a2460ab02547e56d54a7c15e4b513c78e8c1,3,0x55d398326f99059ff775485246999027b3197955,0x894ccaaf338b29ab3a87788a072955594aaf6f0c,18,18,25,0,0,617
0x3a60e6d6ceab7b863d482f84151fbb12dc563b9b,3,0x55d398326f99059ff775485246999027b3197955,0xf1f95d12af84756f5f30e517f20116e2dfef313e,18,18,25,0,0,618
0xea105a0ba698ac69646b99af4b6d82a258aaa1b3,3,0x52edf48aa7a6af7c90c93479ab77f3461e097777,0xbb4cdb9cbd36b01bd1cbaebf2de08d9173bc095c,18,18,25,0,0,619
0x9d2d5cc00c8cf233aefd8a177b904f8d3abb5d46,3,0x55d398326f99059ff775485246999027b3197955,0xb6761b4d7b913ef048c92e3bb1305883422e819a,18,18,25,0,0,620
0x6e7437820779566c9b2bc59df1c6bc4894999f2f,3,0x48ec16b19fb96dd04ea7a1a3fec18321e2ed4444,0xbb4cdb9cbd36b01bd1cbaebf2de08d9173bc095c,18,18,25,0,0,621
0x3c46a31e04f6f70e67c805fdbc577f16c199fd7f,3,0x780622e3043d329abd7b1fd522c9b6c877cfb8c0,0xbb4cdb9cbd36b01bd1cbaebf2de08d9173bc095c,18,18,25,0,0,622
0x7ced3977b169338e1b72afb26a7e0d0b219bb3e5,3,0x8b1fdb47011cd5ba211b39865fb467dbd03e6268,0xbb4cdb9cbd36b01bd1cbaebf2de08d9173bc095c,18,18,25,0,0,623
0x83f26cda0ca934536ce89df513fc85d52ce8972c,3,0x284c57e21abc46063c893d1f53893fac557bddab,0x55d398326f99059ff775485246999027b3197955,18,18,25,0,0,624
0xb71c171333e6426179bdd3db24007a27f5f3e268,3,0x557805bbe627ad81adecf4a94ef028141cebabdf,0x55d398326f99059ff775485246999027b3197955,18,18,25,0,0,625
0xeaa6a3e5c5c1de41f4ea5a596dc81500b80a1a4a,3,0x55d398326f99059ff775485246999027b3197955,0x74cdcbce04b3c3f039ede48362fe47df4c61b8ab,18,18,25,0,0,626
0x4720c77caccbf41732b9de3bce1c889076c2ad4f,3,0x5f43310f55f2377010724ec55de77707d5c6531b,0xbb4cdb9cbd36b01bd1cbaebf2de08d9173bc095c,18,18,25,0,0,627
0xbb3c05bafaeedd810168a67fa351306f6523235f,3,0xe9e7cea3dedca5984780bafc599bd69add087d56,0xf000ae36296c0bbada50722f96b3400d1bef6c4b,18,18,25,0,0,628
0xc03cbd752e218f0471c246c140c59168d26710c2,3,0x527d5cbb37c56304121f05d54e4fb75737517ae0,0xbb4cdb9cbd36b01bd1cbaebf2de08d9173bc095c,18,18,25,0,0,629
0x4c7cc204b04f5f3f1891db3f4af89895aec53c26,3,0x2a425aa58305c902b468e895fc206bb7fac77777,0x55d398326f99059ff775485246999027b3197955,18,18,25,0,0,630
0xcd9d281a588b69ecdffa411363661954aa339c7b,3,0x55d398326f99059ff775485246999027b3197955,0x8bf9dc93b6f81a5fc70d0b451596fd2b09fe92c3,18,6,25,0,0,631
0xabdb7db9fb87713fa61dff78b4fb877f215792af,3,0x743f798dd6dd9c8baa243b83d873da569ed74444,0xbb4cdb9cbd36b01bd1cbaebf2de08d9173bc095c,18,18,25,0,0,632
0x8c409bedc9e23054f9a6d2a0a6b6a39c8c56e2ec,3,0x55d398326f99059ff775485246999027b3197955,0xba6607f4b475396c239982cb5a81312231fac111,18,18,25,0,0,633
0xbca6e433980c2e437ce665b637eb95874f2080b3,3,0x55d398326f99059ff775485246999027b3197955,0x9cc484ded7a7851a03f05a03e8d19eb5f5a73f20,18,18,25,0,0,634
0x0381fa2235a33cb8b09892af4752c384fcedad3e,3,0x3a3ddb76afd8bb5c05195106f7b389526092b27a,0x55d398326f99059ff775485246999027b3197955,18,18,25,0,0,635
0x8437c9cd3ee8998813e97cf3113825a714920fe8,3,0xbb4cdb9cbd36b01bd1cbaebf2de08d9173bc095c,0xe1e93e92c0c2aff2dc4d7d4a8b250d973cad4444,18,18,25,0,0,636
0x1addb6f2f7cd57b9391f65795e7be23c073b82b2,3,0x32bbb60889a6b4e16d75c1add60b58bb323a71a5,0x55d398326f99059ff775485246999027b3197955,18,18,25,0,0,637
0xe4a80583a960a39b48f4fafeee24bdef1954566c,3,0x55d398326f99059ff775485246999027b3197955,0xa5376f880f9898f2c3b839f46eeee00900666666,18,18,25,0,0,638
0xd6b6188f853c6095aa53fb15f204ad18ec8f47fe,3,0x2ef9bdc46c5a3663695d2caec03c152176fea098,0x55d398326f99059ff775485246999027b3197955,18,18,25,0,0,639
0x8fe3c52ea50f5f02707e693a4abcb24583a802ae,3,0x27dcc73cbbbe57d006303316dd3e91a0d5d58eea,0xbb4cdb9cbd36b01bd1cbaebf2de08d9173bc095c,18,18,25,0,0,640
0x4b92a34aa2beec3fcdffeb5251c1654ee004e5f4,3,0x55d398326f99059ff775485246999027b3197955,0x743f15f4d2481774d970f286f0ebad9c3daed6e9,18,18,25,0,0,641
0x37df1590a073a10f7f5ec517addfb7865e7995f8,3,0xbb4cdb9cbd36b01bd1cbaebf2de08d9173bc095c,0xe4fd7278263c19d6b1cbf6307bd61346b85482b2,18,18,25,0,0,642
0x12dabfce08ef59c24cdee6c488e05179fb8d64d9,3,0xbb4cdb9cbd36b01bd1cbaebf2de08d9173bc095c,0xd3c304697f63b279cd314f92c19cdbe5e5b1631a,18,18,25,0,0,643
0x51c6ff37f73cb699fdff4c8f1d66c4a741704184,3,0x55d398326f99059ff775485246999027b3197955,0xa0be726710050ad7c62a419f955b06cf5c89d42f,18,18,25,0,0,644
0x92e36b578881fd05bfdff2a70b86ee88054e3692,3,0x55d398326f99059ff775485246999027b3197955,0x756887582647356ce8877e56fb3cc5fefeb62aed,18,18,25,0,0,645
0x44cd681f591c7ae42248f4f82976500eb1541897,3,0x7130d2a12b9bcbfae4f2634d864a1ee1ce3ead9c,0xbb8203e945866a1f3eced6e5b22679e5a540be91,18,18,25,0,0,646
0x0c2e898fe3ba100eaba8d7ffbc5beb54f9301191,3,0xb5ca75428f7f9f95c7155c73f2ea07fd3d8d03c4,0xbb4cdb9cbd36b01bd1cbaebf2de08d9173bc095c,18,18,25,0,0,647
0x0819c7d59a536b694e568726ec8f0ebd39faa986,3,0x55d398326f99059ff775485246999027b3197955,0xb8903ebd00684e068edf0c6f95acc1b4db888888,18,18,25,0,0,648
0x1397221cc0682efbd4950f9793d8fd5337fe061a,3,0x4d8c829c02585aa62d2bbaf562099bf749637580,0xbb4cdb9cbd36b01bd1cbaebf2de08d9173bc095c,18,18,25,0,0,649
0xcce95bfefb9ebcad4d6eb2fbe14ba14bfa85b659,3,0xbb4cdb9cbd36b01bd1cbaebf2de08d9173bc095c,0xf045e05c268621601ac7b18496d22c66c09963b4,18,18,25,0,0,650
0x64b266cd63ff3239e6491d6c2c58a5b8552c8724,3,0x5c65badf7f97345b7b92776b22255c973234efe7,0xbb4cdb9cbd36b01bd1cbaebf2de08d9173bc095c,18,18,25,0,0,651
0x6502530453b1fbacfdd0ed798e583df6f844589e,3,0x69d10c8bd0de1a9345afa36819490d8bbce0e5a3,0xbb4cdb9cbd36b01bd1cbaebf2de08d9173bc095c,18,18,25,0,0,652
0x7a9ccdaa99a7aeac8c3c83b6f5573835e486f243,3,0xbb4cdb9cbd36b01bd1cbaebf2de08d9173bc095c,0xea738b6f1c888b2eced0fad66918defefe7c4494,18,18,25,0,0,653
0xcfad858d8afd26d764e8f0233da3ef1b8a30ce38,3,0x33755f32acf9a3bd013ccec10659f8b29f32909a,0x55d398326f99059ff775485246999027b3197955,18,18,25,0,0,654
0x6ecd2d476feeb919137c9860ffd80040daf0d171,3,0x4444e4e6efe36c2d6581db03ffb3dd60f503afb4,0xbb4cdb9cbd36b01bd1cbaebf2de08d9173bc095c,18,18,25,0,0,655
0xedcb6f8379041ab369e39dbd67dc24ba4cf326ec,3,0x50f912791682564f5a833fd956b9fc2746b134d9,0xbb4cdb9cbd36b01bd1cbaebf2de08d9173bc095c,18,18,25,0,0,656
0xcd1546eaa460a73b1623564972791b7ad8a11443,3,0x3d2ee26046aeb0d039ab080f05604629edd27527,0xbb4cdb9cbd36b01bd1cbaebf2de08d9173bc095c,18,18,25,0,0,657
0x2ebce3b84633b9d1bf3011830e2004601f377177,3,0x55d398326f99059ff775485246999027b3197955,0xcf16c089cbb219023050a1077a227b9424912440,18,18,25,0,0,658
0x2c97e80187d5a3c59c211cadd42b01b08c905713,3,0x1fd6eed923829084cf7499d0c61990554dd61d15,0xbb4cdb9cbd36b01bd1cbaebf2de08d9173bc095c,18,18,25,0,0,659
0xf7a6819d9b9008cc8f09a463f83f236df38b52f9,3,0xa49f7e4c67d62d11b0867079f5c63cf4a600b55c,0xbb4cdb9cbd36b01bd1cbaebf2de08d9173bc095c,18,18,25,0,0,660
0x73c07818291483b561649bbc9634c0b53efbfd52,3,0x59cf9cf7eb44e414b772a7dfb454379e5db0267d,0xbb4cdb9cbd36b01bd1cbaebf2de08d9173bc095c,18,18,25,0,0,661
0x6221f12997a83aaa779aa4a7a70b53423c3c4dc8,3,0x4ee98216499b81a9942e7aa77970b68c792ff679,0x55d398326f99059ff775485246999027b3197955,18,18,25,0,0,662
0x3de032d5d11c94d2d79dba0c34d7851ffaa05dd8,3,0x2aa504586d6cab3c59fa629f74c586d78b93a025,0x55d398326f99059ff775485246999027b3197955,18,18,25,0,0,663
0x406b14a67a26ed4f1d78e7aac7e75dd13c165573,3,0x8ac76a51cc950d9822d68b83fe1ad97b32cd580d,0xe621f3d3c39c9d6de3240961ed7025315847151e,18,18,25,0,0,664
0xff8a475fb2b7bca40eb420805ba5a0f18dc1df40,3,0x0a9461d0044c489b73d436c2b9e3888279ad117a,0x55d398326f99059ff775485246999027b3197955,18,18,25,0,0,665
0x0dc88beefd2309ae98d166c8a442ba2732fa7ff0,3,0x21ef274d4c538872cf04378ddc74cf2ab5ab2e25,0xbb4cdb9cbd36b01bd1cbaebf2de08d9173bc095c,18,18,25,0,0,666
0xdb83989444b75a1abb3fdbd6586e935c73b9f673,3,0x1382992c4f997a21256be58dc546e9937a5f7777,0xbb4cdb9cbd36b01bd1cbaebf2de08d9173bc095c,18,18,25,0,0,667
0x0790113841944c70135af29f577626d57659ddf0,3,0x55d398326f99059ff775485246999027b3197955,0x5aa313b10ee68852940e2e60516d238d844ac25b,18,18,25,0,0,668
0x0d70501e37271d6ca0bb25cbb85f563913e403bb,3,0x14b792a2d8252cf8fbfa5b8f29e3388576c33a31,0xbb4cdb9cbd36b01bd1cbaebf2de08d9173bc095c,18,18,25,0,0,669
0xcaea8faa63b18ca7b2d7e787b4afe557dad09b77,3,0x11f8a796712146cd27ea626001c58b1e258a034a,0xbb4cdb9cbd36b01bd1cbaebf2de08d9173bc095c,18,18,25,0,0,670
0xa008628be32853eeaa82f84faa909c66e1ed9c24,3,0xbb4cdb9cbd36b01bd1cbaebf2de08d9173bc095c,0xf8d7ec2636c7e23eb97b784733e19a057bf943c4,18,18,25,0,0,671
0x3fc593d15c34d2f91ca3b4f2097dddaf3c4de86c,3,0xbb4cdb9cbd36b01bd1cbaebf2de08d9173bc095c,0xc9882def23bc42d53895b8361d0b1edc7570bc6a,18,6,25,0,0,672
0xa285059bbc89fe9b43414d098318675462aaa3e6,3,0xacb921bf2dac2f7e8e101aad9ca013d6af5c648a,0xbb4cdb9cbd36b01bd1cbaebf2de08d9173bc095c,18,18,25,0,0,673
0x3a738febabbdc9e645f51333c25c9323e1278680,3,0x25b85324e003519e39be6a70aa56be59e2682e4c,0x55d398326f99059ff775485246999027b3197955,18,18,25,0,0,674
0xebab26710695206790e27bda903c13fb43e6d70b,3,0x55d398326f99059ff775485246999027b3197955,0xa5fd05f869ddc25072464769e8c08848570654b4,18,18,25,0,0,675
0xbd7feac91cb1accf3b0309d9a7332df389ba25f9,3,0x55d398326f99059ff775485246999027b3197955,0x642bc597ee3d67fd359279b9d870adfd5da85c00,18,18,25,0,0,676
0xa34e55cfbf90f9f41db43d4accd430d7d1d5d99b,3,0x9a5bf65d7ef1a0b48f7ff4174cfe10fc0deaa849,0xbb4cdb9cbd36b01bd1cbaebf2de08d9173bc095c,18,18,25,0,0,677
0xc49d65da802adcab60228eb528d6d0e99b069f0f,3,0xbb4cdb9cbd36b01bd1cbaebf2de08d9173bc095c,0xd4da5056c73dbc21730f651b895c8bcd73d5b2eb,18,18,25,0,0,678
0x4667067707b187d7f3e2199abb03caaa62fd8cbf,3,0x2bf3b9490cc1eb06836b9a0acf8588f1c57317fe,0xbb4cdb9cbd36b01bd1cbaebf2de08d9173bc095c,18,18,25,0,0,679
0x542fd248e7debffebc8b3626f68855d0325bcca8,3,0x13107fda6ca5961432fa7d66bdbb65d70d44778f,0x55d398326f99059ff775485246999027b3197955,18,18,25,0,0,680
0x624c685121bbafefc207772871113f8e5da94f7f,3,0x55d398326f99059ff775485246999027b3197955,0x5875b4d5ba663f976120180209e66db7c15fcd29,18,18,25,0,0,681
0xdcbf8355557ee374edd5f7b85e1d7999e0ceb53b,3,0x009c69b994ae68e90f20a63ce1659ab949547073,0x55d398326f99059ff775485246999027b3197955,18,18,25,0,0,682
0xf7f5dbc931b2212f931073b786964f4fe4ad61bf,3,0xb847541705e7386022a8473318791d05fb36d79d,0xbb4cdb9cbd36b01bd1cbaebf2de08d9173bc095c,18,18,25,0,0,683
0x06956e2d32d97ccaad6fdd8c8de16b00aa29c05e,3,0x55d398326f99059ff775485246999027b3197955,0xff4d5f186c28e48da20dcf5a462db1c399e0a718,18,18,25,0,0,684
0x2553c79d12df14d04097bd9ee601eec90c9acd4c,3,0x9dfee72aea65dc7e375d50ea2bd90384313a165a,0xbb4cdb9cbd36b01bd1cbaebf2de08d9173bc095c,18,18,25,0,0,685
0x057225489426f49666626320da85461c9cd6614d,3,0x55d398326f99059ff775485246999027b3197955,0x869b4bd98480bf29dced0b84ee5c95c9430efa56,18,18,25,0,0,686
0x691842e57259c599ffc80bca8441d2490ce11085,3,0xbb4cdb9cbd36b01bd1cbaebf2de08d9173bc095c,0xe1dfd41fba67ab6e26a7072fa97508506093ac01,18,18,25,0,0,687
0xace7a7e5d8247821bb7fbea9a39d95668e6abab3,3,0x8ac76a51cc950d9822d68b83fe1ad97b32cd580d,0xb347e5d0b459786b687936ae45f96a9aa39dcabb,18,18,25,0,0,688
0x7b16f3837be8b329a5d686e91d27c81e5b6e5f5c,3,0x31471e0791fcdbe82fbf4c44943255e923f1b794,0x55d398326f99059ff775485246999027b3197955,18,18,25,0,0,689
0xff59f141e98a03eb22371583b01f9faef098497c,3,0x8ac76a51cc950d9822d68b83fe1ad97b32cd580d,0x8dc103496018de1002a0a4b324e6239620e73dd5,18,18,25,0,0,690
0xd867327ad7d4b0e187fc8906f8905b5a026a0f55,3,0x1a36f0d6abe4db5894fdc03128ec0ed0a84b07b3,0xbb4cdb9cbd36b01bd1cbaebf2de08d9173bc095c,18,18,25,0,0,691
0x254c6fa722abb6cde0250a5449ee529a3cdab187,3,0x55d398326f99059ff775485246999027b3197955,0x5f603716b6bc5be702a40f782afa8fc78df2f520,18,18,25,0,0,692
0x1f617b4fcc29c35cd879e8bd408a3fb944b65192,3,0x89af13a10b32f1b2f8d1588f93027f69b6f4e27e,0xbb4cdb9cbd36b01bd1cbaebf2de08d9173bc095c,18,18,25,0,0,693
0xb6e6aabce90c53342c6633580dda0fc501870d1a,3,0x55d398326f99059ff775485246999027b3197955,0x867f85518ccf91734a72e131d1d92b28cbfc5dfd,18,18,25,0,0,694
0x923c8d049fcae8e2e0ccfb25cee647a809d5c81f,3,0x55d398326f99059ff775485246999027b3197955,0x6fefd97f328342a8a840546a55fdcfee7542f9a8,18,18,25,0,0,695
0x2eb5b06116a0f9324d287fa89bb06e2b9a33563e,3,0x06ac2a7be48fdf32c7f2ea6b895aeb81aa34ffff,0xbb4cdb9cbd36b01bd1cbaebf2de08d9173bc095c,18,18,25,0,0,696
0xa4d4cf40d4eee090b9454cd914709b45d406d7d4,3,0x55d398326f99059ff775485246999027b3197955,0xb0ad9c2313b9719ea0ccd43d7e7e1fd07e7cbd90,18,18,25,0,0,697
0x52de75231ad3533fc3270035c054b650f6dce879,3,0x7447e3a43b207ba1ff72845a9cb1045708e87777,0xbb4cdb9cbd36b01bd1cbaebf2de08d9173bc095c,18,18,25,0,0,698
0x798c00c2bcd9a6fe821b25e20886378c5db521bc,3,0x219adc84b2ccfadf733d394312c1f3adf3268cc1,0x55d398326f99059ff775485246999027b3197955,18,18,25,0,0,699
0x30b46e6be9e25814af28eafa2b915f5e1fa0a560,3,0x55d398326f99059ff775485246999027b3197955,0xd787d70facdd3e46177269b80101983d813a9978,18,18,25,0,0,700
0xf9e0e037aeffa2e9c8c2f290d702da95c5310dbf,3,0x31dc14ac114558943441d26439bc4fc6508f5d43,0x55d398326f99059ff775485246999027b3197955,18,18,25,0,0,701
0x17397bb571918906a175c148bc7a7c8a90fc9f65,3,0x55d398326f99059ff775485246999027b3197955,0x73b3b1b2cacab92963144277458e2e9851517022,18,6,25,0,0,702
0xe5e7dd79feaf6653a78fe038c72317dfd1a6d8ea,3,0x873a5dfd10af54e54df6e2d646190ac6b5f62736,0xbb4cdb9cbd36b01bd1cbaebf2de08d9173bc095c,18,18,25,0,0,703
0x302189c1ab6e332c536adb0c7bca4acadcb8bb28,3,0x55d398326f99059ff775485246999027b3197955,0x67d9790ef53ad2d93bcffccc32d9c4b830827c30,18,18,25,0,0,704
0x28f6f5bb7f79a2f1c43392afc95bff74910dfbaa,3,0x9851feb263dd6e559c2b934f2873401cfb09ecb5,0xbb4cdb9cbd36b01bd1cbaebf2de08d9173bc095c,18,18,25,0,0,705
0x7062326862fc74d8731deca1d95ca1418896d67c,3,0x582c12b30f85162fa393e5dbe2573f9f601f9d91,0xbb4cdb9cbd36b01bd1cbaebf2de08d9173bc095c,18,18,25,0,0,706
0x07f42cd76a6f81bf045a44815fe12e9394c21bac,3,0xbb4cdb9cbd36b01bd1cbaebf2de08d9173bc095c,0xf2aa7906b5b4bda32240453bf052e8cf50be9221,18,18,25,0,0,707
0x7eadf9d978d11c69722f2b7c8d2f84514f54a326,3,0x55d398326f99059ff775485246999027b3197955,0x65630645e76237fb7d5e17e3cee13d408b01f4d8,18,18,25,0,0,708
0x4b21ac81ab645592db6de19a7dd687f520dca79b,3,0x55d398326f99059ff775485246999027b3197955,0xfc90162cb6bb7645f396ea2720dc53ee349642a8,18,18,25,0,0,709
0x2b274ee689e942e4622dc088074573615442be18,3,0x62858686119135cc00c4a3102b436a0eb314d402,0xbb4cdb9cbd36b01bd1cbaebf2de08d9173bc095c,18,18,25,0,0,710
0xdcd72d9f174acff56803bd14d31d10a9500c473b,3,0x55d398326f99059ff775485246999027b3197955,0x6fd4162d1a04fdb25725b15808ad98d6658c6fee,18,18,25,0,0,711
0x0661da7a52a5527258ca2e4ff3ea766c5155cd8f,3,0x9969e077fa0a13ce7013ff72ec4ac8cf6a88330f,0xbb4cdb9cbd36b01bd1cbaebf2de08d9173bc095c,18,18,25,0,0,712
0x5ff55b45a20e470407254f33d2440a6404bc124b,3,0x63f8a2ba8c9c37f17dd5a9fa81e384eec7999999,0xbb4cdb9cbd36b01bd1cbaebf2de08d9173bc095c,18,18,25,0,0,713
0xe9a9653238ff9e79cd0c4ce06744ed9c0cb85d68,3,0xbb4cdb9cbd36b01bd1cbaebf2de08d9173bc095c,0xd8a2ae43fd061d24acd538e3866ffc2c05151b53,18,18,25,0,0,714
0x4ba242f5af0e096a418b98a1fb1abbea7a9e0ab4,3,0x55d398326f99059ff775485246999027b3197955,0x65e7a112db1142eae919201b1232f7aa488ed83c,18,6,25,0,0,715
0x605f91a9f1b2fca83e6b9f2dc16f3764cdce8080,3,0x4c2200082ad960f03bf105971e5d85bb835ddb83,0x55d398326f99059ff775485246999027b3197955,6,18,25,0,0,716
0xb172ef99c0ea0f9c1ce1cf2f67f40537c12e738b,3,0x2456bbad80bfad346aecea45fa38c81a6963132d,0xbb4cdb9cbd36b01bd1cbaebf2de08d9173bc095c,18,18,25,0,0,717
0x6bfbffbce71e42149a5d3d0b11dab0a9fb03fdd9,3,0x3ac0e50bb5204d5d8d1ddb31fd1117af0145d458,0xbb4cdb9cbd36b01bd1cbaebf2de08d9173bc095c,18,18,25,0,0,718
0x4f3066df23cb802f03c02340ac2abc25ce882432,3,0x96e8d3a52dd950aacc8d1749932e1c14bc76e371,0xbb4cdb9cbd36b01bd1cbaebf2de08d9173bc095c,18,18,25,0,0,719
0xe2bfbd30c12b46a64b398971ef3cbb1d61eda5f3,3,0x0b165ed2633e08fe5e778e085e95c1c9b52e300d,0x55d398326f99059ff775485246999027b3197955,18,18,25,0,0,720
0x534a7772740f05dc7055cb371c4d6af5faec3c6e,3,0x67e1188dc073e5cea1e2b6713195cf03ded1a023,0xbb4cdb9cbd36b01bd1cbaebf2de08d9173bc095c,18,18,25,0,0,721
0x6d72c79597ab8ab51b954e97074fc56d9e859ace,3,0x37f96ebf0c24ddaec0470f5260b3d7b1f4e4f812,0xbb4cdb9cbd36b01bd1cbaebf2de08d9173bc095c,18,18,25,0,0,722
0x7369f8606c3450dbedae5e6f9764e139d2ee79f6,3,0x55d398326f99059ff775485246999027b3197955,0xf0c333cb29f69c189bb7ceb42009ced103d199d3,18,18,25,0,0,723
0x09ba3f09aab104d87c46888102113e760bf71317,3,0x1d0ac23f03870f768ca005c84cbb6fb82aa884fd,0xbb4cdb9cbd36b01bd1cbaebf2de08d9173bc095c,18,18,25,0,0,724
0x74d120e2d26653b925a3c6bdc755c0f6d5768b0a,3,0x3669aa36b6f3f08707843689c34210e8d197c602,0x55d398326f99059ff775485246999027b3197955,18,18,25,0,0,725
0x19eef9676a4c7024a95dcb3f1c97e8c77f8b125c,3,0xbe0229db482384fddbe15239c2f7e0349f2794c3,0xe9e7cea3dedca5984780bafc599bd69add087d56,18,18,25,0,0,726
0x650b6c108bf27932adc926f88e7b4e5b0c05ae02,3,0xbb4cdb9cbd36b01bd1cbaebf2de08d9173bc095c,0xf7e74a374043766393bdfe33bb0a5d9f3d2a8fe6,18,18,25,0,0,727
0x05268b633c020190ccf75de070f3f5eead2ebb24,3,0x11000b7a01f18e763b3f8def9c1bf490522725bb,0xbb4cdb9cbd36b01bd1cbaebf2de08d9173bc095c,18,18,25,0,0,728
0x22af7297243c4eef12e2d5a4f888b92e56bf127c,3,0xbb4cdb9cbd36b01bd1cbaebf2de08d9173bc095c,0xeccbb861c0dda7efd964010085488b69317e4444,18,18,25,0,0,729
0x8afa9bae074d01c8025f0144b9b5f1bffddce24b,3,0x55d398326f99059ff775485246999027b3197955,0xd443d4353cbd3e03a5e7a7eec27c5fa179a237f5,18,18,25,0,0,730
0xc9d28cf01112697711cea56e74efcdde17efb036,3,0xbb4cdb9cbd36b01bd1cbaebf2de08d9173bc095c,0xf0d978ef1c40ee8deb493e59e732f56a847e4444,18,18,25,0,0,731
0x3d0b9a5d6e55032b4bdac43ce539e7d4bfa11eca,3,0xbb4cdb9cbd36b01bd1cbaebf2de08d9173bc095c,0xcdc80a63d24bb2b3c7de48ef4a69a00000000000,18,18,25,0,0,732
0x10da269f5808f934326d3dd1e04b7e7ca78bb804,3,0xbb4cdb9cbd36b01bd1cbaebf2de08d9173bc095c,0xc17c30e98541188614df99239cabd40280810ca3,18,18,25,0,0,733
0xd28887e926c566527b92bb487c14c8332f2416d0,3,0xbb4cdb9cbd36b01bd1cbaebf2de08d9173bc095c,0xe7784072fc769d8b7f8c0a3fa008722eef5dddd5,18,18,25,0,0,734
0x47c6058b0fff389ec3491b592917d628605df131,3,0xbb4cdb9cbd36b01bd1cbaebf2de08d9173bc095c,0xf35337435b8be1ca3a911bacfabc48fe6c3d9950,18,18,25,0,0,735
0xe9aac8931f36aeb7515099d8aa66fb1b35b4fa0e,3,0x55d398326f99059ff775485246999027b3197955,0x92ae38d6e0ad17f00d0b007edbab1347f6eeccfd,18,18,25,0,0,736
0x79733327603b067f6ec6a2f111a16799cfbaf99b,3,0x4444b1e4de34df52cf91e30cc7c0336ee03d7c1b,0xbb4cdb9cbd36b01bd1cbaebf2de08d9173bc095c,18,18,25,0,0,737
0x108752b2a22c731ede3edac2205c63ae553e221a,3,0xbb4cdb9cbd36b01bd1cbaebf2de08d9173bc095c,0xce24439f2d9c6a2289f741120fe202248b666666,18,18,25,0,0,738
0x4774b69e9c8cf3cf70567d395b0037d592c6600e,3,0x55d398326f99059ff775485246999027b3197955,0x67e5a7173b28ab3132bcff4e9ccb545a3ff4aaf4,18,18,25,0,0,739
0xc110b605ef7096054271227419684bc6811fa1cf,3,0xbb4cdb9cbd36b01bd1cbaebf2de08d9173bc095c,0xf185e167a9d0f6518d303f515ff62772a6381d4b,18,18,25,0,0,740
0x51c66a7ca22a340b4f2bedfddf4e26d2b391fe24,3,0x6cb625ea79baa5656b9fef6a0bea110a91ab54ff,0xbb4cdb9cbd36b01bd1cbaebf2de08d9173bc095c,18,18,25,0,0,741
0x5796a06b015a88bc4379edebbea95dd0423371fd,3,0x55d398326f99059ff775485246999027b3197955,0xeb09e61726922ec613567a63761339dad49d5d3a,18,18,25,0,0,742
0xe35e003af146d77a399352dfdc78c06c8ab4320a,3,0xbb4cdb9cbd36b01bd1cbaebf2de08d9173bc095c,0xf3ce80dcc39c8f6986cd18796d7c9be15c5a03a0,18,18,25,0,0,743
0x880a2c14ba126e54f52ac57bd85e32b79a26d96c,3,0x3ca86227283f946f4c48448eb8cb1800fb5e01d3,0x55d398326f99059ff775485246999027b3197955,18,18,25,0,0,744
0x2861e34373ef8e1a18ce7834f1b6851a68cdf856,3,0x11a55cda744b7421c95c55c03c2450b83efa9e31,0xbb4cdb9cbd36b01bd1cbaebf2de08d9173bc095c,18,18,25,0,0,745
0xa0445edb2eacacc337983635d5def613bb8e6cff,3,0xb1f0ba284811a649ea30240ea03a75496fa18998,0xbb4cdb9cbd36b01bd1cbaebf2de08d9173bc095c,8,18,25,0,0,746
0x7ac443da58259a664e9bb7f4c85ed913d222a8ee,3,0xbb4cdb9cbd36b01bd1cbaebf2de08d9173bc095c,0xcae3d82d63e2b0094bc959752993d3d3743b5d08,18,18,25,0,0,747
0x344c83fa5ae2e4de9f5ff8eb6d1e6ffe3325ddbb,3,0x67b47971426bb2180453b3993ff2ec319e704444,0xbb4cdb9cbd36b01bd1cbaebf2de08d9173bc095c,18,18,25,0,0,748
0x999e5d25a9fdc92b7f0828d5111dbcff754a5504,3,0x268c956dd1817807959916e95499f00f41166789,0xbb4cdb9cbd36b01bd1cbaebf2de08d9173bc095c,18,18,25,0,0,749
0x06043b346450bbcfde066ebc39fdc264fdffed74,3,0xa64455a4553c9034236734faddaddbb64ace4cc7,0xbb4cdb9cbd36b01bd1cbaebf2de08d9173bc095c,8,18,25,0,0,750
0x96bd82c5fb2810f4943cefecbb1056458070a642,3,0x0eec96a144dedeec98cbdc9e04fdef2ac349ffff,0xbb4cdb9cbd36b01bd1cbaebf2de08d9173bc095c,18,18,25,0,0,751
0x573a67c44dfd23c5abc035e86054a9a1dce19f73,3,0x7847bffd0eb96c53a96af526643e2546efec0828,0xbb4cdb9cbd36b01bd1cbaebf2de08d9173bc095c,18,18,25,0,0,752
0xcf3ef3212c5e0fb23bb0f142d7d1a2dc989b359a,3,0x55d398326f99059ff775485246999027b3197955,0xf884c4cd69807cffebb1e4fd8529ce048ba14444,18,18,25,0,0,753
0xcfc1cfc06f9cc43beade89a61bbb74607ee02d0a,3,0xb4e65d7038d1f600138a3ea0f9ea42258f32677b,0xbb4cdb9cbd36b01bd1cbaebf2de08d9173bc095c,18,18,25,0,0,754
0x36649a4ced21f01ec8a7a9e258d11012e2e0e1ce,3,0x535e7e506a82fed35cd464270c8605f970b2bede,0x55d398326f99059ff775485246999027b3197955,18,18,25,0,0,755
0xaf49f39a30ae4b2df48e369c140ee94c52339117,3,0xbb4cdb9cbd36b01bd1cbaebf2de08d9173bc095c,0xc825e3eb47d82877988bf6669e49fdcb6f1a269f,18,18,25,0,0,756
0x7aba3da0bcef8d8a29c6bc23d72da9d456305976,3,0x0b0930cc9bf439a4f5fce2d7f1fc26b288efb2e2,0xbb4cdb9cbd36b01bd1cbaebf2de08d9173bc095c,18,18,25,0,0,757
0xb5d9e2e385bba0899b0096e70bb46ec60af07231,3,0x488535e0a2503252798f381b2df08a6280e994b2,0xbb4cdb9cbd36b01bd1cbaebf2de08d9173bc095c,18,18,25,0,0,758
0x40b1028ed2068557c9649da6f9c6be19e43ccc45,3,0x4444f4955ec4a6ebe1ec5419bd567f59f32f457d,0xbb4cdb9cbd36b01bd1cbaebf2de08d9173bc095c,18,18,25,0,0,759
0xf3b3e880af15b399ba1129a11de8f914ed754a3a,3,0x421a8d17e12a19d79e855e2ab9a53f623279f5a3,0xbb4cdb9cbd36b01bd1cbaebf2de08d9173bc095c,18,18,25,0,0,760
0x4fbe8db0171b0384d5e839e406a4dc133059cd48,3,0x0c69c2f36b515321fa356fa1607dce7f65dfffff,0xbb4cdb9cbd36b01bd1cbaebf2de08d9173bc095c,18,18,25,0,0,761
0x80733fea085eb15a263baa08f43a27d9c1a67728,3,0x29b86ecb7d434a5571f959f1c9a812b7aab34894,0xbb4cdb9cbd36b01bd1cbaebf2de08d9173bc095c,18,18,25,0,0,762
0x59cef138ccd7eefd3189d2533a3987047544deb5,3,0x55d398326f99059ff775485246999027b3197955,0x70ddef2114b6369656e5b52456bea372901c23b1,18,18,25,0,0,763
0xd62af4601e91ec2e64632d64793c888fb1c83879,3,0x5154c8f86e65271fb9361e6f309ab9115e5671b1,0x55d398326f99059ff775485246999027b3197955,18,18,25,0,0,764
0x0d9de8e770dd12369099e0fad4903a7b42a907e9,3,0x4a846d300f793752ee8bd579192c477130c4b369,0x55d398326f99059ff775485246999027b3197955,18,18,25,0,0,765
0x76c42dda1de814ac60951c2c89c77dbecfb86ffb,3,0x2a846aaaf896ef393ccb76398c1d96ea97374444,0xbb4cdb9cbd36b01bd1cbaebf2de08d9173bc095c,18,18,25,0,0,766
0x0f818f20495fd5a351c88b5783064b66273dab46,3,0x212f0915399c49e4a2e3a1bc17a3be522017ffff,0x55d398326f99059ff775485246999027b3197955,18,18,25,0,0,767
0xc50de4ab451ffe9dd7814fe2f4959c3bb25301d9,3,0x55d398326f99059ff775485246999027b3197955,0xddd6f2cf82c7c29d5b5c3b81385525bf56aed007,18,18,25,0,0,768
0x499341d30cbddef150e072d157fc0d7eb94fecc7,3,0x89495fd4e860505312f6538ee0869f1920eca2ae,0xbb4cdb9cbd36b01bd1cbaebf2de08d9173bc095c,18,18,25,0,0,769
0xabdc1010c0c428b914c5fc99cf9ec8cac772e0fe,3,0xbb4cdb9cbd36b01bd1cbaebf2de08d9173bc095c,0xd3329ea00ad126a79e702ee600853a1a8cd043cf,18,18,25,0,0,770
0xf5848ebe54063001112b7f6ca5d19fc651a52df5,3,0x2383596efa3a0fc13efdcd776410deff25017417,0xbb4cdb9cbd36b01bd1cbaebf2de08d9173bc095c,18,18,25,0,0,771
0xa21e449b9d003314bc7d8766108c6c6f050eb3bf,3,0x8682bace40610eefcf14b1af9ccd92b77bf88471,0xbb4cdb9cbd36b01bd1cbaebf2de08d9173bc095c,18,18,25,0,0,772
0x27b3b20920a68540e1d7f96832d214acd7446435,3,0x52a0c09989c6c5cd0c8a6eb9e99611bfd8eac594,0x55d398326f99059ff775485246999027b3197955,18,18,25,0,0,773
0xd3f22fd2755edb23b765b74ff4d0bf056bc244d9,3,0x55d398326f99059ff775485246999027b3197955,0xf3c35a84ef311c847ce4da33c3c31c57770b3760,18,8,25,0,0,774
0xbec0254f6d36435c707799c6ed8de8fc3814693e,3,0x55d398326f99059ff775485246999027b3197955,0x7921f18d516b42fc8bf26c13c363cac63c22f3c4,18,18,25,0,0,775
0xbee567474f87f7725791f2872d165fb69e0bbcdd,3,0x06dc293c250e2fb2416a4276d291803fc74fb9b5,0xbb4cdb9cbd36b01bd1cbaebf2de08d9173bc095c,18,18,25,0,0,776
0x59c47a9fb03e09d1f0c83c397c47f0274e7b5155,3,0x55d398326f99059ff775485246999027b3197955,0xde0e5e4e557d3cd2c827e8a11474b0a2a86ef71d,18,18,25,0,0,777
0xc4fc2b345384b475284bc3347926e487aecf7e7a,3,0x55d398326f99059ff775485246999027b3197955,0x9bb6c19905c4ec8b8d10ceed5ce1781885b137a9,18,6,25,0,0,778
0x1f7b009acfb88aa5e1be0b26bbb7006fe8bda4c5,3,0xbb4cdb9cbd36b01bd1cbaebf2de08d9173bc095c,0xcf640fdf9b3d9e45cbd69fda91d7e22579c14444,18,18,25,0,0,779
0x836afa71ded43c21de42978ff5f5daab29ef851d,3,0x55d398326f99059ff775485246999027b3197955,0x6a3adfc5abd415e12bece98b465a65200104a4f1,18,18,25,0,0,780
0x2e09388c85240cceed0bf867ce0ada54fdc7598f,3,0xbb4cdb9cbd36b01bd1cbaebf2de08d9173bc095c,0xbd7b8e4de08d9b01938f7ff2058f110ee1e0e8d4,18,18,25,0,0,781
0xb09ad00b73c06edcba8fcb4b901624df80c4bb83,3,0x493a57e5d0e31a44bfc5dd09c8606dfaaa9f4dc9,0x55d398326f99059ff775485246999027b3197955,18,18,25,0,0,782
0xdeb2511c6d39baf41a770e095ff9ad64bace03a9,3,0x37d39950f9c753d62529dbf68fcb4dca4004fbfd,0xbb4cdb9cbd36b01bd1cbaebf2de08d9173bc095c,18,18,25,0,0,783
0x8dd1610052d4d7ccbeb687417a2333a90b012e27,3,0x1a1e69f1e6182e2f8b9e8987e83c016ac9444444,0xbb4cdb9cbd36b01bd1cbaebf2de08d9173bc095c,18,18,25,0,0,784
0xf0c127d0dc998ac17141e1793134c9a1ba767699,3,0x2170ed0880ac9a755fd29b2688956bd959f933f8,0x6caa245b6aaf72a8cdaca77f144bf2df7af9774e,18,18,25,0,0,785
0x25fc05e73f766b2be965491c69d58fe2edf03c3a,3,0x3ab7014d0e896a8e486fbf5bc590eeb93d6f44bf,0x55d398326f99059ff775485246999027b3197955,18,18,25,0,0,786
0xd8f303a3e01acdf4cbb99622ed08eee18ee670d4,3,0x0ce574848f5e7c87a066ac2a52fd56dacbc335f9,0x55d398326f99059ff775485246999027b3197955,18,18,25,0,0,787
0x40e241cf0daff97c495f350d43b43b096f373083,3,0xbb4cdb9cbd36b01bd1cbaebf2de08d9173bc095c,0xdfe94a1159095af9b0c962b0b826e4f293573e66,18,18,25,0,0,788
0xd2e08c7a8ef4e044462d9bedab37614a33c5905b,3,0x55d398326f99059ff775485246999027b3197955,0xd2f6a4cb94a0e3ff1497b74fb5a00e2362a25991,18,18,25,0,0,789
0x88a02d94f437799f06f8c256ff07aa397e6d0016,3,0xbb4cdb9cbd36b01bd1cbaebf2de08d9173bc095c,0xbe1a001fe942f96eea22ba08783140b9dcc09d28,18,18,25,0,0,790
0x448bc7c9617b398dfd88eb4e660baefcd0964e63,3,0x019601ee0aa825ec2a53c413924be30d7ee1e573,0x55d398326f99059ff775485246999027b3197955,18,18,25,0,0,791
0xf31cb18759fe8356348c81268b859d2a32bf2117,3,0x55d398326f99059ff775485246999027b3197955,0xf563e86e461de100cfcfd8b65daa542d3d4b0550,18,18,25,0,0,792
0x0feee985a67dcb99f5fccb38a579c8e18496f454,3,0x543c7ebb52d56985f63f246a5b3558aff79037d7,0xbb4cdb9cbd36b01bd1cbaebf2de08d9173bc095c,18,18,25,0,0,793
0x89abf233e6e3c9294d5b3cb80912d190b07a8986,3,0x8306d5723b68228e934b63f5efc2c571eeb14444,0xbb4cdb9cbd36b01bd1cbaebf2de08d9173bc095c,18,18,25,0,0,794
0xdf421eee1dd4647ad30d4bb660e9507dc565f808,3,0xbb4cdb9cbd36b01bd1cbaebf2de08d9173bc095c,0xc5bb458dffda0d15200ae2172bfed12f4eff4444,18,18,25,0,0,795
0x8f605432aef4b610f8db5dfbb45dca2c1aea76ee,3,0x6e8ce91124d57c37556672f8889cb89af52a6746,0xbb4cdb9cbd36b01bd1cbaebf2de08d9173bc095c,18,18,25,0,0,796
0x15a76811da32a82cc7dba635abbdb6bece809b53,3,0x630c1f370e4562898f03792e05641f57dc5a3fa8,0xbb4cdb9cbd36b01bd1cbaebf2de08d9173bc095c,18,18,25,0,0,797
0x53388a1c923dcc0966f1f907f0b6d58eb6921459,3,0x55d398326f99059ff775485246999027b3197955,0xfc72921923401e45e74665954e1675a0798002e8,18,18,25,0,0,798
0xeadb6eae01f953877d0d3a22e5e9987738d2f248,3,0x55d398326f99059ff775485246999027b3197955,0x61089f8163d1447e6f50c244b32241fb59f34567,18,18,25,0,0,799
0x65d4172acad3d97b4516ef8b6a0a18fc5c061eab,3,0x0b7a67ce2ca475e1c4305d12d7ba7c1c1f330f02,0x55d398326f99059ff775485246999027b3197955,18,18,25,0,0,800
0x9697b523c9f5d15db2920b89859d5eec60e796a7,3,0x55d398326f99059ff775485246999027b3197955,0xb2d09c5723c2d8fcfc89ae50a6d8919dcb2c9aad,18,18,25,0,0,801
0x8767ef345800be08540013ccf30ff82307bf617d,3,0x55d398326f99059ff775485246999027b3197955,0x581f0103bf8e8a292d9319ec4232ac98affc4bcc,18,18,25,0,0,802
0x2d694b3fcdabedd3ff341954a7d4f245d8e116d3,3,0x1cfd7618378d0641bce3059f17b8338287de6666,0x55d398326f99059ff775485246999027b3197955,18,18,25,0,0,803
0x9429d4754685f01f2494e089041479de64f66d69,3,0x8701a2336fec1b2a618589d8d71ca6c61a951cd4,0xbb4cdb9cbd36b01bd1cbaebf2de08d9173bc095c,18,18,25,0,0,804
0x3988a867ce4a6f107d7812302d9bc786ba3fc2d8,3,0x166c52d0633484c9ac0203dcbdc97bc32aaef720,0x55d398326f99059ff775485246999027b3197955,18,18,25,0,0,805
0xa4e8f9335ecb64db3b175c080c40b3e5886b6afc,3,0x55d398326f99059ff775485246999027b3197955,0xfbf174090b3cc8ebb9f39b697035a54c5c45b4d6,18,18,25,0,0,806
0xb36c81707e5ca2bd6f68cd6b71b3178d29c48a4b,3,0x86bb94ddd16efc8bc58e6b056e8df71d9e666429,0xbb4cdb9cbd36b01bd1cbaebf2de08d9173bc095c,18,18,25,0,0,807
0x9f5f87df2fbf59f8bfc1022109591a2c8d3375f9,3,0x3c2e501b08cf5c16061468c96b19b32bae451da3,0xbb4cdb9cbd36b01bd1cbaebf2de08d9173bc095c,18,18,25,0,0,808
0x778e664809ac8d1c3147154f3a6764d97b242d44,3,0x55d398326f99059ff775485246999027b3197955,0x9832abf2a0c7172a89ddb14c8fd34272a5b2d104,18,18,25,0,0,809
0x3fc065b02ebea2d8780ee81a70e015ca8cdf5a88,3,0xbb4cdb9cbd36b01bd1cbaebf2de08d9173bc095c,0xf5ed7a3c2b6f3f41dafd1cb86cfa05cf29207d08,18,8,25,0,0,810
0xe3a235583ef3fd75795922e2b9df413b704853dd,3,0x55d398326f99059ff775485246999027b3197955,0x65a7245cd011f3c280db9790d3120ad3183eb0e6,18,18,25,0,0,811
0x8e86a6c334ab270084bf8273d5293488f2578207,3,0x73b84f7e3901f39fc29f3704a03126d317ab4444,0xbb4cdb9cbd36b01bd1cbaebf2de08d9173bc095c,18,18,25,0,0,812
0xf6f6dfbb989559a2f2394792753fc839cbc5c00d,3,0xa27781a1b162dedd3efcd340ad8c6308996fe5fb,0xbb4cdb9cbd36b01bd1cbaebf2de08d9173bc095c,18,18,25,0,0,813
0xad7ff941f640b61d144bdf666b5b300135a73bc6,3,0x67a60f211cd07b3e8568356f5be8bcf6d5f26ca8,0xbb4cdb9cbd36b01bd1cbaebf2de08d9173bc095c,18,18,25,0,0,814
0xb55cd13d77df381ef1c54412fd6435e702eabe54,3,0x4fcfeb5092e333a884051700482d5ab6e77e0e41,0x55d398326f99059ff775485246999027b3197955,18,18,25,0,0,815
0x26de6c26dd5560c181011907d8f70c202c2a29d6,3,0xbb4cdb9cbd36b01bd1cbaebf2de08d9173bc095c,0xe6df05ce8c8301223373cf5b969afcb1498c5528,18,18,25,0,0,816
0xe82ce351bcd8ad8e2017db0c66b8608019c87ffc,3,0x1baadfd674c641149b0d5a39e697ec877ab47083,0x55d398326f99059ff775485246999027b3197955,18,18,25,0,0,817
0x17d97c7971a76b7155414d444461802c808f535a,3,0x55d398326f99059ff775485246999027b3197955,0xb1054be5da766bc627c1294d17982bc6ce080251,18,18,25,0,0,818
0x432615a6832cf8332a4eaebe2c0e33d0ca210970,3,0x6d8d8df799279e761a4f49edc319b3bd50f14444,0xbb4cdb9cbd36b01bd1cbaebf2de08d9173bc095c,18,18,25,0,0,819
0x44f508dcda27e8afa647cd978510eac5e63e16a4,3,0x8ac76a51cc950d9822d68b83fe1ad97b32cd580d,0xb7e2713cf55cf4b469b5a8421ae6fc0ed18f1467,18,18,25,0,0,820
0xcb3e6942d718b9f1dc73cf51d2ac421d5f6d7702,3,0x185674a45c57ebb884c609c2619740f2994767e9,0xbb4cdb9cbd36b01bd1cbaebf2de08d9173bc095c,18,18,25,0,0,821
0xb2536d5696b01c8119778639ea5e422aa2c70c27,3,0x22d106bf322337a6b08e2c675f45a7ece3888888,0x55d398326f99059ff775485246999027b3197955,18,18,25,0,0,822
0x5e3c15cf83718c156a3d191b3a7afe61124d3ea7,3,0x40af8fd127dcd302d7ffa6f37cf5a002e54ac68c,0xbb4cdb9cbd36b01bd1cbaebf2de08d9173bc095c,18,18,25,0,0,823
0x0126aea9a41ab8db0c73673879a61fa3a5524f7c,3,0x55d398326f99059ff775485246999027b3197955,0x9d113d38f9f202107f72f049403b892cb8254444,18,18,25,0,0,824
0x6c519d8f000487f54a7b06c1dd4123fd464e4ccc,3,0xbb4cdb9cbd36b01bd1cbaebf2de08d9173bc095c,0xd59af4e5a8c8d3e091d300f5416e7ef7ff28d875,18,18,25,0,0,825
0x57be05f604229d6af0a18453673725df53ef7d63,3,0xbb4cdb9cbd36b01bd1cbaebf2de08d9173bc095c,0xccdf812aa7cdee4ff7cb89546d7f1718bb8d46e1,18,18,25,0,0,826
0x1baa21674cd0c493b1e6c7e03f9c2917ea6cc201,3,0xbb4cdb9cbd36b01bd1cbaebf2de08d9173bc095c,0xdb0170e2d0c1cc1b2e7a90313d9b9afa4f250289,18,18,25,0,0,827
0x23254a4f37f96ba1bb009696c39cf24e4cb7305e,3,0x55d398326f99059ff775485246999027b3197955,0xf815fbb0520b5216132c1f418fc8bf79ef4b368d,18,18,25,0,0,828
0x19ae1813d020302e624bd4a02703e0241264baf8,3,0xbb4cdb9cbd36b01bd1cbaebf2de08d9173bc095c,0xc269d59a0d608ea0bd672f2f4616c372d8554444,18,18,25,0,0,829
0x4ed345fff7f015c0b03369ba3a41abca8c43439c,3,0x6dca47b91e479806533c98a85f3e9816de310d4b,0xbb4cdb9cbd36b01bd1cbaebf2de08d9173bc095c,18,18,25,0,0,830
0x7219e1a1e14c3f7e52db43a4a2db21d30957e080,3,0xbb4cdb9cbd36b01bd1cbaebf2de08d9173bc095c,0xdd540a1e727fe562a63b4d7925f229e4e693cc0e,18,18,25,0,0,831
0x52711f2cd4337f90dfd9178558b887f930cfe8f7,3,0x2d7a47908d817dd359f9aba7feaa89c92a289c7e,0xbb4cdb9cbd36b01bd1cbaebf2de08d9173bc095c,18,18,25,0,0,832
0x2e8012c1b8475d7e89e156a9ca41901c05e79353,3,0x55d398326f99059ff775485246999027b3197955,0x991c9a17762c0e55c2b3539fff08354ce72e6b6c,18,18,25,0,0,833
0xfaff03395668bf0b053e5febf889112de64d8530,3,0x2170ed0880ac9a755fd29b2688956bd959f933f8,0xc6647f11f6bcb66c4f48e6cc9f9f43d4432962d4,18,18,25,0,0,834
0xef77f1cd0926190e0d023cf83541c304ae73ba11,3,0x1567007264b46df17519691731b0f3e0751ced7f,0x55d398326f99059ff775485246999027b3197955,18,18,25,0,0,835
0x6f92f5a970325ba64360a18c376d175045a4ae6d,3,0xa2dd9651f54320022af562ce5b25aea69b3b444c,0xbb4cdb9cbd36b01bd1cbaebf2de08d9173bc095c,18,18,25,0,0,836
0xa7752ec01ecc021e12781c6a17c8b0a938e69aa6,3,0x00795cd423d29de3007192df770fc0e0c8b3ad33,0x55d398326f99059ff775485246999027b3197955,18,18,25,0,0,837
0x0436f4d1e21e294cb1c48365322890bfcfbb8e0e,3,0xbb4cdb9cbd36b01bd1cbaebf2de08d9173bc095c,0xc53ca0d56c420e8f913316e84d2c492ede99c61e,18,18,25,0,0,838
0x5bb0ff5ade966396a1cc9e089b48a604e1923f30,3,0x0d34b8134aff0e6f1b8a8cce4e144d6dc5a43ff7,0x55d398326f99059ff775485246999027b3197955,18,18,25,0,0,839
0x957a48c02e1d92f9dbe1294b2e8f5f9b1e42ce5f,3,0x314bc6c98a28bd0580651233c351f2994cc12645,0xbb4cdb9cbd36b01bd1cbaebf2de08d9173bc095c,18,18,25,0,0,840
0x63eacacc982e9e93e8321d3df9ff4d616da04f7a,3,0x44445d29fcc302d5dd512538819d2bcce6038a6f,0xbb4cdb9cbd36b01bd1cbaebf2de08d9173bc095c,18,18,25,0,0,841
0x210ad0909ac2aa5774bae376d596c7f6cc31e5ad,3,0x55d398326f99059ff775485246999027b3197955,0x8ee32f6e0d3a627e4dec47dff5e5b4cfc42bb16c,18,18,25,0,0,842
0xb8d12882506eb461db59f19667afb04d1f7d0516,3,0x17fabaf66256fb40f350576bafa1807429708e34,0xbb4cdb9cbd36b01bd1cbaebf2de08d9173bc095c,18,18,25,0,0,843
0xab20bbfdea869b2c9ad5016cede93bda4b315723,3,0x5a75d88b15ca79e1687c38ce1335168dd0f5b191,0xbb4cdb9cbd36b01bd1cbaebf2de08d9173bc095c,18,18,25,0,0,844
0xd0dd842b36bd5c952aeeb86e852efc44ac5f4b5e,3,0x92e5292baeb9b70268e7472ee614256925d48336,0xbb4cdb9cbd36b01bd1cbaebf2de08d9173bc095c,18,18,25,0,0,845
0x0f59b369bdbfc37789065d3cff70b50603e2e8ee,3,0x14d158df59cd8ba430f669473c0e50573e58310a,0xbb4cdb9cbd36b01bd1cbaebf2de08d9173bc095c,18,18,25,0,0,846
0x5842ea953331328086f41e279b2d574099a37e91,3,0x55d398326f99059ff775485246999027b3197955,0xdb7319a5df44dca6f4cdd84f7696ae02a0b661c2,18,18,25,0,0,847
0xe472eab088cb7cf263089a5f4066327d139625ce,3,0x07f805698e8e610d52fbf6fb3d8e636eac060b5e,0xbb4cdb9cbd36b01bd1cbaebf2de08d9173bc095c,18,18,25,0,0,848
0x88c49c715ef9a4fe6dc943d44bb57be919efcbd6,3,0x3eb7650567c870dec6032cd8dd56777a60e60a8d,0xbb4cdb9cbd36b01bd1cbaebf2de08d9173bc095c,18,18,25,0,0,849
0xd3034c5a248b5bb52924d8efe3cca497f1300604,3,0xbb4cdb9cbd36b01bd1cbaebf2de08d9173bc095c,0xf9f41f9568392a87da068c294dbf4621a6df6579,18,18,25,0,0,850
0x7e1573762fc04d103e10066b976ffee357e54585,3,0xbb4cdb9cbd36b01bd1cbaebf2de08d9173bc095c,0xcb911f0759d58b17181c0aeeb2467957511e4444,18,18,25,0,0,851
0x82e0382e9f3ffe2bec4d14b25f2d18381ae8afea,3,0xbb4cdb9cbd36b01bd1cbaebf2de08d9173bc095c,0xeece7b1ad18a12136ba4c145438de7ecfacbd4d2,18,18,25,0,0,852
0xe4ef1bd080f2e1bc6434bd4b1bb3a961862f74f7,3,0x55d398326f99059ff775485246999027b3197955,0xd600786c582454a636809ddaf03964a0d773747a,18,18,25,0,0,853
0xa23a104a9387fd55ba08f3b65c47aba6846315c2,3,0x2aa7a9dd8ed42ec792cbe99266c3d77594c76f91,0x55d398326f99059ff775485246999027b3197955,18,18,25,0,0,854
0xa67fd4e59e16b49d04c7f573bc7ddc99496263dd,3,0x1aa9d1df9ec8d5d205f0595612a6ecf0cf017777,0xbb4cdb9cbd36b01bd1cbaebf2de08d9173bc095c,18,18,25,0,0,855
0x70085f99e792b18b863e1ccc1e1e1f11b4f8ee19,3,0xbb4cdb9cbd36b01bd1cbaebf2de08d9173bc095c,0xf0c99b0288508d004f4abeca34d830ce7682977c,18,18,25,0,0,856
0xbfb0e0256cff622a81b44994e43137fc65311536,3,0x29d00fa820f7a3c6063f7e37cd580b479a333333,0xbb4cdb9cbd36b01bd1cbaebf2de08d9173bc095c,18,18,25,0,0,857
0xcb5e617b4f93d922ef15dd93fc214fa48bd9b42f,3,0xa776f5b86cc520861f55a261515264e3bd86e72e,0xbb4cdb9cbd36b01bd1cbaebf2de08d9173bc095c,18,18,25,0,0,858
0x4101bc203dffe35c82ec15d2053f670ace351249,3,0x55d398326f99059ff775485246999027b3197955,0x6ef068143534559d54ab202648c2b100269235f2,18,18,25,0,0,859
0xbcd6277939fe60567a62d6e5f672d39f909aa488,3,0x8a452daaf59f79fd511484b5ce9474e32dd189ce,0xbb4cdb9cbd36b01bd1cbaebf2de08d9173bc095c,18,18,25,0,0,860
0x6e9e83b71734d67a91f9cd462f51adca74f55b25,3,0x55d398326f99059ff775485246999027b3197955,0x5a42ab57dfc9cfef4de37c0e608c2d8d7137c775,18,18,25,0,0,861
0xf10298c8353584933c4dd5f215eda26a3974b834,3,0xb9fbd1f37146ea92a3c1a5309902644427c0aa12,0xbb4cdb9cbd36b01bd1cbaebf2de08d9173bc095c,18,18,25,0,0,862
0x21688ca270b12fd22be75cf9b3cea95a74fd0be2,3,0xae3d4ff1ea1e509ea0e01732b78dee0c61587777,0xbb4cdb9cbd36b01bd1cbaebf2de08d9173bc095c,18,18,25,0,0,863
0x4a1534cbb5b6001a72f4489ad4b07ea68cf1829f,3,0xe9e7cea3dedca5984780bafc599bd69add087d56,0xf0fb4a5acf1b1126a991ee189408b112028d7a63,18,18,25,0,0,864
0x930fa50e593137f9711ddfe720173de27949b8cf,3,0xbb4cdb9cbd36b01bd1cbaebf2de08d9173bc095c,0xe1443170fab91fba2c535b3f78935d6fce55348d,18,18,25,0,0,865
0xaf239b4cec7f790b1b0d09085f79d516bc375fbf,3,0xbb4cdb9cbd36b01bd1cbaebf2de08d9173bc095c,0xd01bc67a6d82a4e07e505d198a55316ec01684a8,18,18,25,0,0,866
0x13a1fb0e1aec72a667b59b124967147eaac1a8a5,3,0xbb4cdb9cbd36b01bd1cbaebf2de08d9173bc095c,0xbdebdf77948cc2143384121fdd76a5ac4b25ffff,18,18,25,0,0,867
0x5855595c390114eec51cc4d432af8aa36b2938da,3,0x7128b8e084f96b8a20e7e7623e162fdc4553cca6,0xbb4cdb9cbd36b01bd1cbaebf2de08d9173bc095c,18,18,25,0,0,868
0xee724c834994368c6bca7a4bde7d5b9c35928ae9,3,0xbb4cdb9cbd36b01bd1cbaebf2de08d9173bc095c,0xeaedbd6ce365bf275fd53f8e1bb3ec4513414444,18,18,25,0,0,869
0x8f7c9e89081be74541bbc07907a4d6cd07dd452c,3,0x43b35e89d15b91162dea1c51133c4c93bdd1c4af,0x55d398326f99059ff775485246999027b3197955,18,18,25,0,0,870
0xf44eedd4a9e5a007ab31e91b58511bfceab49fa1,3,0x30ea7c369b87fe261de28a1eefafe806696a738b,0xbb4cdb9cbd36b01bd1cbaebf2de08d9173bc095c,18,18,25,0,0,871
0xe42a45b9ac34bf02a557fff3e4d0372683c3edaa,3,0x32561fa6d2d3e2191bf50f813df2c34fb3c89b62,0xbb4cdb9cbd36b01bd1cbaebf2de08d9173bc095c,18,18,25,0,0,872
0x8c46930c8a84dc5f8f9f545be1e255ce41d0b206,3,0x671ecbcb89ee3f85e2199294e723d309d98c4444,0xbb4cdb9cbd36b01bd1cbaebf2de08d9173bc095c,18,18,25,0,0,873
0xc23e7ca632a2db435704e2ed0978d253d4f578d1,3,0x4eaf5492838f34aaf6a5e1c603872da94baedc7d,0x55d398326f99059ff775485246999027b3197955,18,18,25,0,0,874
0x6d9cbbd856df65ce26448ee049bec773c9b9720c,3,0x55d398326f99059ff775485246999027b3197955,0x8bc09a2864478bf9633f3790cc8e5b1148a068fa,18,18,25,0,0,875
0xe1985574a00e35611180d07745a1f68dd5b6c6f9,3,0xb2ee388ba25e1db122d0f12ecc9d5ca0e045a95d,0xbb4cdb9cbd36b01bd1cbaebf2de08d9173bc095c,18,18,25,0,0,876
0x8e6f8b636df9a5f15faaacd803a4aae43cf97b0e,3,0xbb4cdb9cbd36b01bd1cbaebf2de08d9173bc095c,0xbb85b62bf3ffd8061a40811491cf3229045b0aaa,18,18,25,0,0,877
0x0eaaac4951bd37bf79a24b0485807614b358e0a7,3,0xad0b6a90d616580806798bd45ca2045f53aa366e,0xbb4cdb9cbd36b01bd1cbaebf2de08d9173bc095c,18,18,25,0,0,878
0x2eebe0c34da9ba65521e98cbaa7d97496d05f489,3,0x00e1656e45f18ec6747f5a8496fd39b50b38396d,0xbb4cdb9cbd36b01bd1cbaebf2de08d9173bc095c,18,18,25,0,0,879
0xc050e31c6c567d55eb32228b5406ea0e5a496a60,3,0x1e6dcd8559c4cdbc0044ed00383a08b69f462a06,0x55d398326f99059ff775485246999027b3197955,18,18,25,0,0,880
0xcfa716dc9709a0f1e61249788af8453d83f5a597,3,0x97f4447c886524fdffb2e39960f662b2c64d3d60,0xbb4cdb9cbd36b01bd1cbaebf2de08d9173bc095c,18,18,25,0,0,881
0xe6c99b43d0c9743129706192f1db396c96997814,3,0xaef08e537ae4577c107a877f6816285d4ca16d69,0xbb4cdb9cbd36b01bd1cbaebf2de08d9173bc095c,18,18,25,0,0,882
0x8b5fb2d8172efb73d276f593cb8ac77e155c149b,3,0x55d398326f99059ff775485246999027b3197955,0x659a70ed406043264c154cd1a4b5c3caadacd7f2,18,18,25,0,0,883
0xfb9af81522c1fc1915f45cb8e2ae2cde860fa10a,3,0xbb4cdb9cbd36b01bd1cbaebf2de08d9173bc095c,0xcb224b5b50f149f8d0537bfb584f90561e819e58,18,18,25,0,0,884
0xde0bfe53e8cab38c70c71ad898fef124cadb195f,3,0x55d398326f99059ff775485246999027b3197955,0xfd3f86d951bcddd209241884c021636c2a60e195,18,18,25,0,0,885
0x358efc593134f99833c66894ccecd41f550051b6,3,0xa645995e9801f2ca6e2361edf4c2a138362bade4,0xbb4cdb9cbd36b01bd1cbaebf2de08d9173bc095c,18,18,25,0,0,886
0x1e9c6953b3d610518e2e1fe489bd9320309e03f1,3,0x55d398326f99059ff775485246999027b3197955,0xbb8203e945866a1f3eced6e5b22679e5a540be91,18,18,25,0,0,887
0x7e46a98a43e55b2e231b2663ba0728c29ba4378d,3,0x3b21e0c37a329d5abd3e8906b3710c665afbaf4b,0xbb4cdb9cbd36b01bd1cbaebf2de08d9173bc095c,18,18,25,0,0,888
0x26c0623847637095655b2868c3182b2285bdaeaf,3,0x38c63a5d3f206314107a7a9fe8cbba29d629d4f9,0x55d398326f99059ff775485246999027b3197955,18,18,25,0,0,889
0x298c4a3ee26f0e9151175a4f4354ea09eeae7628,3,0xbb4cdb9cbd36b01bd1cbaebf2de08d9173bc095c,0xf9c6e80e9a5807a1214a79449009b48104f94444,18,18,25,0,0,890
0x6e6edb5b4fbb83ad41c5502d9ff05e76aa90a278,3,0x3e7f1039896454b9cb27c53cc7383e1ab9d9512a,0xbb4cdb9cbd36b01bd1cbaebf2de08d9173bc095c,18,18,25,0,0,891
0xe5a571e3d5036eb07aec0971b6fdba65bdf4e540,3,0x55d398326f99059ff775485246999027b3197955,0xf892fc3c0c45471fd06ace8533b29eb84d3f2953,18,18,25,0,0,892
0x66417fc86b6441d758683c6312bbd6bffe60ce97,3,0x9028d2aa136a4f1a03949324d2db901230577777,0xbb4cdb9cbd36b01bd1cbaebf2de08d9173bc095c,18,18,25,0,0,893
0xe168265efd2fb641361fa3961dc3db30a8258644,3,0x895d473abffaa469279f6b7055375349f9a53bc6,0xbb4cdb9cbd36b01bd1cbaebf2de08d9173bc095c,18,18,25,0,0,894
0x692efa8538c59c2c8aba531a69bac82904826dd1,3,0x55d398326f99059ff775485246999027b3197955,0xa87f42497eeb2fa59c44ed09bc005a734fe7e5eb,18,18,25,0,0,895
0x933f4885044521bea6b9f4de7680b8a970ee2ea4,3,0x3249fa9e11efece7cb03b4ad2994f46e54a35843,0xbb4cdb9cbd36b01bd1cbaebf2de08d9173bc095c,18,18,25,0,0,896
0x651352526ae3ba3068fa1d210bcaa0eb6d4430c8,3,0x17f1b7f7d9bb1d17ce01561dc4de658d4c343910,0xbb4cdb9cbd36b01bd1cbaebf2de08d9173bc095c,18,18,25,0,0,897
0x07e8696234b5c5f5a301b6d3af692914c01cd093,3,0x66fde17c6bbd7e0f523b396c9fb02bec29e427d2,0xbb4cdb9cbd36b01bd1cbaebf2de08d9173bc095c,18,18,25,0,0,898
0x6e6f39db0e959d0fd335797b996f9a96d7222cf1,3,0x130e60ac604e1899d1d638dc56c9c7cc1fca7777,0xbb4cdb9cbd36b01bd1cbaebf2de08d9173bc095c,18,18,25,0,0,899
0x592adbe5099b9f8d7df7a2c02e1a0904ba90f697,3,0xb1295d7ccff5457b9342d87d4e115ab0aab9c7bb,0xbb4cdb9cbd36b01bd1cbaebf2de08d9173bc095c,18,18,25,0,0,900
0x353c9ce2653a5f4d8aca2bf8d619ccbe1afd1763,3,0xaec0a38e1d4106720231b505d700f154e1c54971,0xbb4cdb9cbd36b01bd1cbaebf2de08d9173bc095c,18,18,25,0,0,901
0x65cd3fb234be71fca05b8f02c7bbc5ed02b534ef,3,0x55d398326f99059ff775485246999027b3197955,0x8f15e4efa7f8c6c1645e908b91c2641dea7c6fd6,18,18,25,0,0,902
0x07971aff482284c11517fc39566413080fdba7b4,3,0x136e2ff1463397b2e4bdb828c73693ea6bd3e03a,0xbb4cdb9cbd36b01bd1cbaebf2de08d9173bc095c,6,18,25,0,0,903
0xf4a2d7268c59a9706821f86be84fe78fc5add3c0,3,0x243a6d8189d30884ed9e45bc4a2daec73f8adaa0,0xbb4cdb9cbd36b01bd1cbaebf2de08d9173bc095c,18,18,25,0,0,904
0x5a04f220dc0b2e09e452dc72c134c22a2cee39cf,3,0x55c3aa8188f089d0bfad471b017367261c666666,0x55d398326f99059ff775485246999027b3197955,18,18,25,0,0,905
0x5bc37ae740ec995360731f876e63085b1057c4b2,3,0xbb4cdb9cbd36b01bd1cbaebf2de08d9173bc095c,0xcdb3d3642fb4d48d2b5e4fb4a014448a2761c063,18,18,25,0,0,906
0x97f14a442e22a4940809aa557afd63ca7907bf19,3,0xb0abd9e24769dae9eee658498eabb35edf3f57e9,0xbb4cdb9cbd36b01bd1cbaebf2de08d9173bc095c,18,18,25,0,0,907
0x923d0cff589104af7fb811baa7b4d98b0502ed5f,3,0x28d82c4d7315c02d19562db1080a713eb5cc2639,0xbb4cdb9cbd36b01bd1cbaebf2de08d9173bc095c,8,18,25,0,0,908
0xeadff72abda0709cd795cefa3a44f45a22440144,3,0x1f88e9956c8f8f64c8d5fef5ed8a818e2237112c,0x55d398326f99059ff775485246999027b3197955,18,18,25,0,0,909
0x5d81744d1772ff8f6b635cf750389380cde1840b,3,0x18b554698b3e947ea7ca743fbea1e624e127804b,0x55d398326f99059ff775485246999027b3197955,18,18,25,0,0,910
0x3ac6fa032db62d7dd3d85e10b32d1682349a530f,3,0x07ebbaa2e8a5d54b689a3429a8445b1072d8e17e,0xbb4cdb9cbd36b01bd1cbaebf2de08d9173bc095c,18,18,25,0,0,911
0xff7765d429494f825a5257b40a0cb0c92f4a8a9c,3,0x55d398326f99059ff775485246999027b3197955,0xf6f7d26394fa93051db3414163c839585dbc2caf,18,18,25,0,0,912
0xbc26a60799357df1dd051eff33e91a00c40561fe,3,0xa5486138c29f5f3602ff46ee32170bec8c501d22,0xbb4cdb9cbd36b01bd1cbaebf2de08d9173bc095c,18,18,25,0,0,913
0x8c9c130371344cf45ef894a1f8a314f0ae5cd6fd,3,0x4c32964715e9a42f8d119bfa8917d57822d3adf1,0x55d398326f99059ff775485246999027b3197955,18,18,25,0,0,914
0xe2f166778b9f712c3ecc7d6a8b57937d71c84c4c,3,0xbb4cdb9cbd36b01bd1cbaebf2de08d9173bc095c,0xe2b16f618eb6016bc2625e98335f1844ee90236a,18,18,25,0,0,915
0xb205ae2ca77c163bbd704b796c4dae1c594639ea,3,0x497f0be668a75771fa4a6bf807cc7b37b0674444,0xbb4cdb9cbd36b01bd1cbaebf2de08d9173bc095c,18,18,25,0,0,916
0xcadbf7b3d3e576f7562606d9ab96ecff5472bd87,3,0x95c91eef65f50570cfc3f269961a00108cf7bf59,0xbb4cdb9cbd36b01bd1cbaebf2de08d9173bc095c,18,18,25,0,0,917
0xadf1795aa9110e2c8f8d9659defa3c5c043a9438,3,0xa64d0db9f378e2fa2129807c2674d69791259ce4,0xbb4cdb9cbd36b01bd1cbaebf2de08d9173bc095c,18,18,25,0,0,918
0x6d16fbb7275ca7c4dfdc23fb96b3b94637be88e0,3,0x08aed8578daabf12d48031fa5d9727e4afd42dee,0xbb4cdb9cbd36b01bd1cbaebf2de08d9173bc095c,18,18,25,0,0,919
0x42d31085ca1618bc7bef51698eff04d8bde3b8f4,3,0xbb4cdb9cbd36b01bd1cbaebf2de08d9173bc095c,0xfac78bfcf76051c64d891de1a830472766a77777,18,18,25,0,0,920
0x2b0c1aad08ec669b3c270e0ffac2e0cba33f1aba,3,0x55d398326f99059ff775485246999027b3197955,0xc344fa4129457a8806a09172cb6b7afa3c65caf9,18,18,25,0,0,921
0xb08c1fa72fd78ec53a2f3ddd892291ac281a0a55,3,0x55d398326f99059ff775485246999027b3197955,0x9f7b0f336f7fc969b4713615d6c42af86bb7c903,18,18,25,0,0,922
0xe338f059821b5cd4f5b6cfc58ca7108a7dd4ea46,3,0x38c369055918797144cab3305f87c7cf7b6be1a8,0xbb4cdb9cbd36b01bd1cbaebf2de08d9173bc095c,18,18,25,0,0,923
0x720310e396ad845278c500823a33edefe6de2019,3,0x1a4d41219c547f3a0ee36cf3d9e68f80699cf283,0xbb4cdb9cbd36b01bd1cbaebf2de08d9173bc095c,18,18,25,0,0,924
0xdb206a0a5fc9d0a7875ec2f27662e92fa807bc17,3,0x55d398326f99059ff775485246999027b3197955,0x79c2c078aa5cd8c9aac26a4cc4058054973cbb51,18,18,25,0,0,925
0x85a7e0aaaaf2959e69606a6c12dfcd07b4059182,3,0x55d398326f99059ff775485246999027b3197955,0xf072a2a0003d0d5c8caaeb5ab0279d7cfcd3319e,18,18,25,0,0,926
0x9ca366216db6e643959f1c212ccce6f567160433,3,0x44448aca77cc60e77c90b6a60851b1bb843cc2ee,0xbb4cdb9cbd36b01bd1cbaebf2de08d9173bc095c,18,18,25,0,0,927
0x97012a512a0ba1e3bc46ac5c6f20c2929eeca497,3,0x55d398326f99059ff775485246999027b3197955,0xd3c6e3a5e6268113c1cc92651165755333f15599,18,18,25,0,0,928
0x77a0945242e83ddd88851ce0c146c2ddee514e50,3,0x55d398326f99059ff775485246999027b3197955,0xa9342d3053a7db1077fc0e11321d1d32d0b9caeb,18,18,25,0,0,929
0x5c66c1ca02122aa68c83abd93391b3a609cc9b70,3,0x8b6bf63e2b1c221dc0fb01ae85868b83ddee1b54,0xbb4cdb9cbd36b01bd1cbaebf2de08d9173bc095c,18,18,25,0,0,930
0xea45b176d933f0e3215007fb1baacc5ff179e628,3,0x55d398326f99059ff775485246999027b3197955,0x82778b5f212e91c1fe3f20fde71b7a9fa4d2548c,18,18,25,0,0,931
0x7e7f181b1a7c61988963c1118362f3298c0780dd,3,0xbb4cdb9cbd36b01bd1cbaebf2de08d9173bc095c,0xe0b0c16038845bed3fcf70304d3e167df81ce225,18,18,25,0,0,932
0x12227cfe8b833238e2d0fae349a449c1676e5589,3,0x679d2c23497d4431311ac001618cd0b8789ac29c,0xbb4cdb9cbd36b01bd1cbaebf2de08d9173bc095c,18,18,25,0,0,933
0xc9b79ff8cb9f2bd73d051dd0b73510ef34e85a34,3,0xbb4cdb9cbd36b01bd1cbaebf2de08d9173bc095c,0xc343b475c6b5cfe444481392b2de7afdd059f897,18,18,25,0,0,934
0x3666a886aa2415f923597c0028b1c8d7a3a8ad92,3,0x55d398326f99059ff775485246999027b3197955,0xd0af580ebba74bd612182af78da97e0158555555,18,18,25,0,0,935
0x74d4ee4ca29ca2fb69b31e9cbd4523b707e64662,3,0x2170ed0880ac9a755fd29b2688956bd959f933f8,0x5bfdaa3f7c28b9994b56135403bf1acea02595b0,18,18,25,0,0,936
0x4b6ea94fc9bfb06072bfec6d8411512b4c6cda38,3,0xbb4cdb9cbd36b01bd1cbaebf2de08d9173bc095c,0xca18ff41e63539e67ace684e90e36d04dcf74e72,18,18,25,0,0,937
0xbf169a44fba81d13528abb4e528200d350f2708d,3,0x7130d2a12b9bcbfae4f2634d864a1ee1ce3ead9c,0xfcb8a4b1a0b645e08064e05b98e9cc6f48d2aa57,18,18,25,0,0,938
0x053f85f8179a9e4972339f42c4b355b71aec8d4f,3,0x707cbb83dfb8d885554cdadf3939fd4c810bda41,0xbb4cdb9cbd36b01bd1cbaebf2de08d9173bc095c,18,18,25,0,0,939
0x846d140e692c1d88f468f15aaf534a6630caf8be,3,0x158d41854b4f6a0f55051989ea5e27705c277180,0xbb4cdb9cbd36b01bd1cbaebf2de08d9173bc095c,18,18,25,0,0,940
0xb12ce504597deb3546c4585fd87c13f55f6b9254,2,0x55d398326f99059ff775485246999027b3197955,0xa9341e3b649b1f36413b3e6c7e664817886a8ddd,18,18,25,0,0,941
0x707e5d91d63dfd92d935ae423f6fc2fef7017b5d,3,0x76ef2a25b1ea6eb5dc4d079ae82c767d55b0a99e,0xbb4cdb9cbd36b01bd1cbaebf2de08d9173bc095c,18,18,25,0,0,942
0x5b6250877c0e6cb23bf28d18f2f20670f93df97c,3,0x55d398326f99059ff775485246999027b3197955,0xd37852b1fe014a76308a12cd1a497eda468e2e09,18,18,25,0,0,943
0x826814bea1bd46c966d499ecc16362284f984c16,3,0x0547010f8bdc8de796e2b80144f92d9815ef4444,0xbb4cdb9cbd36b01bd1cbaebf2de08d9173bc095c,18,18,25,0,0,944
0x81bd3627b93e801fc195f41496dc1a51f4cad04c,3,0x55d398326f99059ff775485246999027b3197955,0x569955249dd82713aa9290b44209b5a7b20ac9f4,18,18,25,0,0,945
0xd1c0145b786cbe4fc23f47d394171b10e9e19735,3,0x3d06cb9e8fa1c7638a8b3d8d8b8755f1f6b7164b,0xbb4cdb9cbd36b01bd1cbaebf2de08d9173bc095c,18,18,25,0,0,946
0x9400ad3c7506ae4e34ae9b55fc61e906691c3b12,3,0x55d398326f99059ff775485246999027b3197955,0xe77e41c26b6460afccb9971ca11fa968647c43b7,18,18,25,0,0,947
0xd1c2d8bbba177a3bc9cc343f6688d92ed1e20b10,3,0x55d398326f99059ff775485246999027b3197955,0x794bad5ea0b8d41be5cfd3f83919a83d3c788888,18,18,25,0,0,948
0x1fc01d171d227aec7b3ddb738c7126241306b4ac,3,0x55d398326f99059ff775485246999027b3197955,0xe9aecc9f697538dd02f86fe7abc490c3a2ded791,18,18,25,0,0,949
0x5f15276b6216e619daab0f1cb20cbe11025cde86,3,0x55d398326f99059ff775485246999027b3197955,0xad1987307b72fed1a20ba23b3ad5476d6a85c75a,18,18,25,0,0,950
0x445e40dc6a03a601ce8fc7b604a45307947ce127,3,0xb8e3bb633f7276cc17735d86154e0ad5ec9928c0,0xbb4cdb9cbd36b01bd1cbaebf2de08d9173bc095c,18,18,25,0,0,951
0x19b2caf222446d28906d0f3e66c877379951cbcb,3,0x932fb7f52adbc34ff81b4342b8c036b7b8ac4444,0xbb4cdb9cbd36b01bd1cbaebf2de08d9173bc095c,18,18,25,0,0,952
0xd43163f5aa0e2863e0751d759900610b55a3f3a7,3,0x03802cae86c9ee4b7f19361e8e830e68e7147063,0x55d398326f99059ff775485246999027b3197955,18,18,25,0,0,953
0xe478aa91968a89ce95d9b3a184ed19fa2c2ec8fb,3,0xba29b4c65ead170a0cca065e65dfdcbaa2a7d156,0xbb4cdb9cbd36b01bd1cbaebf2de08d9173bc095c,18,18,25,0,0,954
0xfe155cbbb949e3594146ddcee3b3fae4b6321aa7,3,0x1f1c90aeb2fd13ea972f0a71e35c0753848e3db0,0x55d398326f99059ff775485246999027b3197955,18,18,25,0,0,955
0xebb9bbd6aa5a393dfcaaccf3f004ea5b9ee2e35a,3,0x0019450b0fb021ad2e9f7928101b171272cd537c,0xbb4cdb9cbd36b01bd1cbaebf2de08d9173bc095c,18,18,25,0,0,956
0x51b688fed2c17be6eb873a015f4262e4d10227db,3,0xbb0e081fd4ef6e01773e39490d4d4a98ccfc39d0,0xbb4cdb9cbd36b01bd1cbaebf2de08d9173bc095c,18,18,25,0,0,957
0x3f9075207ff612f7166c642b57fb4e1dcc5e3680,3,0xb0ca0eff45ea5073dc55b66df637de13829afa1d,0xbb4cdb9cbd36b01bd1cbaebf2de08d9173bc095c,18,18,25,0,0,958
0xc784375e30c1f14e5ba6ba0507186dc7ea6b784e,3,0x1a5f9d77ca46646cd4937fd8d093f460b66f4444,0xbb4cdb9cbd36b01bd1cbaebf2de08d9173bc095c,18,18,25,0,0,959
0x79282cebda2ef3f0baec8564885f9d39dfeab41b,3,0xbb4cdb9cbd36b01bd1cbaebf2de08d9173bc095c,0xc70540d476213b0bb5d462de8692f1ff332bbaf1,18,18,25,0,0,960
0xa7858785b681136cd2794aa1454215e89aca9590,3,0x55d398326f99059ff775485246999027b3197955,0xd68ce95aeff81d28dc8f5c3095d04711d7be51d8,18,6,25,0,0,961
0xb39959323cb9cd4cccd669fd89cb711da670d358,3,0x55d398326f99059ff775485246999027b3197955,0xe655549794afa8817945de67994f39141d9b1529,18,18,25,0,0,962
0xf5e222110ef71e1cd825703b207dbc10a11b58e4,3,0x64abc804dd486e74bd1470b6f7447de80fafcac4,0xbb4cdb9cbd36b01bd1cbaebf2de08d9173bc095c,18,18,25,0,0,963
0x68df4fb1dd4b369218daeff7e0a325b6b43b1a4c,3,0x436232ecf19834a5f19877eaa28ff06e176f84b5,0x55d398326f99059ff775485246999027b3197955,18,18,25,0,0,964
0xef5e0436c3289773559f69fcbd7d133bf685bf22,3,0x745497b34553c4fc72ed11aef2d9080f08337452,0xbb4cdb9cbd36b01bd1cbaebf2de08d9173bc095c,18,18,25,0,0,965
0x7b0eeb5dafbc7e0a82379aef5960108b09aa42b6,3,0xbb4cdb9cbd36b01bd1cbaebf2de08d9173bc095c,0xcd876e7f2cd4434471ede82b4b6c284b5328dcd8,18,18,25,0,0,966
0x059198f062162fd20ca731ca26171fe72acc88c0,3,0xbb4cdb9cbd36b01bd1cbaebf2de08d9173bc095c,0xcb7d1f02cc0564c09a90df811ce94a975a1377ee,18,18,25,0,0,967
0x48c84063cae9fa40dcab85da61d53ee29a1195a6,3,0x9ac96c97ce260b025b65b4312512db13576ccc95,0xe9e7cea3dedca5984780bafc599bd69add087d56,18,18,25,0,0,968
0x8707aa003466e0c569470a0a783b33dcc4debd1b,3,0xbb4cdb9cbd36b01bd1cbaebf2de08d9173bc095c,0xd7c5d2a3b7868e6dd539e145c98a565f29ef3fa4,18,18,25,0,0,969
0x6dfcac46c74cda0d2e66a88f400c6eb64cf982f0,3,0xbb4cdb9cbd36b01bd1cbaebf2de08d9173bc095c,0xc024b76c943075f11943542d03c055913b263807,18,18,25,0,0,970
0x650bfef8479c1e582232c726feb0ecb1f296ad8a,3,0x55d398326f99059ff775485246999027b3197955,0xd474c49e1b3921e3d6af39e0854e40841e99e1a2,18,18,25,0,0,971
0x4c1acb8b457fd69967d7fc89d25669335c33c7e6,3,0x08bc237aa00f275b758542c9f5c125b568bc390a,0xbb4cdb9cbd36b01bd1cbaebf2de08d9173bc095c,18,18,25,0,0,972
0xd212fd8e159246f76d739cef5a211e6b78f79a36,3,0xbb4cdb9cbd36b01bd1cbaebf2de08d9173bc095c,0xfb526228ff1c019e4604c7e7988c097d96bd5b70,18,8,25,0,0,973
0x4b3e9737f365733d5962e6e709611c90ca16562b,3,0x39df88a0bdcae9d31187ca3ef12725654e7b7777,0xbb4cdb9cbd36b01bd1cbaebf2de08d9173bc095c,18,18,25,0,0,974
0x53e612de99034615358ed0a0c742cdf59b724e45,3,0x55d398326f99059ff775485246999027b3197955,0xd229138cb571a3c436338c0ac90fbd60111df843,18,18,25,0,0,975
0xec4ebe5df43ad2dcb01210bda3e17cf5bd61cc8c,3,0x55d398326f99059ff775485246999027b3197955,0xba7fc05ef28b6c332daa2152495c14d03276417f,18,6,25,0,0,976
0x1d81f8f2d1a513f2da660ae09358b93d7abc4997,3,0x69696969761f7b99790b4d18482f88db8def4aef,0x8ac76a51cc950d9822d68b83fe1ad97b32cd580d,18,18,25,0,0,977
0x69a8e2d2047541f08c50f7bc611dd48656981c99,3,0x3e7f1039896454b9cb27c53cc7383e1ab9d9512a,0x55d398326f99059ff775485246999027b3197955,18,18,25,0,0,978
0x3dc2878f9f60476dbbb18af7531fbe1a603c8dc0,3,0x7d03759e5b41e36899833cb2e008455d69a24444,0xbb4cdb9cbd36b01bd1cbaebf2de08d9173bc095c,18,18,25,0,0,979
0xe4956b1990a407c289cb0af8f0555e088f65d989,3,0xbb4cdb9cbd36b01bd1cbaebf2de08d9173bc095c,0xeceb785a646f2c5ac759aa30d0fc85841ba004f3,18,18,25,0,0,980
0x0ad6b8875b49eb420a8d273260cfa3531c24e7f9,3,0x0f5351b9eaefd6687dff143de6ea5d01cb9c1205,0xbb4cdb9cbd36b01bd1cbaebf2de08d9173bc095c,18,18,25,0,0,981
0xbd151f68ac89416be83ff9a5e7a1a9831cc0fa48,3,0x7d38315b92d0e7a85b35b2b7fe969b25935619d7,0xbb4cdb9cbd36b01bd1cbaebf2de08d9173bc095c,18,18,25,0,0,982
0x3d51b4bcadad9485724e6e188638b50b52708d60,3,0xbb4cdb9cbd36b01bd1cbaebf2de08d9173bc095c,0xc86875d594f2cdf3ad15cac093a005981624c65e,18,6,25,0,0,983
0x9ead680964fd835960511a9e83df074c36c464ca,3,0x55d398326f99059ff775485246999027b3197955,0x7dfb6de1e8e6b8c562bc06f8a5873002f732c380,18,18,25,0,0,984
0xc4a13d9c061bb6fc254cc31d4737c6d5427b3aa8,3,0x55d398326f99059ff775485246999027b3197955,0x5b0b5c848a843c83c20dcfa25cde6e122898a614,18,18,25,0,0,985
0xa7b88503d0607e7f6f0dab23a0ab440b1962f213,3,0x4ad663403df2f0e7987bc9c74561687472e1611c,0xbb4cdb9cbd36b01bd1cbaebf2de08d9173bc095c,18,18,25,0,0,986
0xe138c4b92c1ec0d14b222f488ee39297eadfedd3,3,0x55d398326f99059ff775485246999027b3197955,0x7424ff9dfe37621dc70ce0b9f1f98d57af5247ae,18,18,25,0,0,987
0x161a23ba630c14b2ae19b77931544d1300c20676,3,0x40faa38b7a51ca97c58f061ea6bcc8f752b627a6,0xbb4cdb9cbd36b01bd1cbaebf2de08d9173bc095c,18,18,25,0,0,988
0xe55be3754b659360ea8a36a473459bd0c2c16a57,3,0x6a0055d1e457ba691a23abd83bd73c04ffa641df,0x8ac76a51cc950d9822d68b83fe1ad97b32cd580d,18,18,25,0,0,989
0xc87237e0b0b4d5f7f71132377384982ab31fe460,3,0x1592c5704f9e8c20bf7707c5d42626cecda912c0,0xbb4cdb9cbd36b01bd1cbaebf2de08d9173bc095c,18,18,25,0,0,990
0x19237338335cf2572136d522d098416d463566e9,3,0xbb4cdb9cbd36b01bd1cbaebf2de08d9173bc095c,0xca830317146bfdde71e7c0b880e2ec1f66e273ee,18,18,25,0,0,991
0x8acb24d6a6f0898a94dc43e3d730a6d8879bb193,3,0xb6adb74efb5801160ff749b1985fd3bd5000e938,0xbb4cdb9cbd36b01bd1cbaebf2de08d9173bc095c,18,18,25,0,0,992
0xac82087191487b742267f43cc537eefee69800ae,3,0x55d398326f99059ff775485246999027b3197955,0xa293eead99409522eb26dab2f96e168cad0455e2,18,18,25,0,0,993
0x35c05b69476600490b1cac3ab1d137f1b0732476,3,0xb9c255c115636d8cbe107fc953364b243cacdbce,0xbb4cdb9cbd36b01bd1cbaebf2de08d9173bc095c,18,18,25,0,0,994
0xb645905cc81d9247d75bc1137a082f28b40b3c29,3,0x05937aaee9af6ca73c3ac131ace4f21acbf03c5e,0xbb4cdb9cbd36b01bd1cbaebf2de08d9173bc095c,18,18,25,0,0,995
0x306e1009d8e17a2425aadedbd5f645e4083eb71a,3,0x9085b4d52c3e0b8b6f9af6213e85a433c7d76f19,0xe9e7cea3dedca5984780bafc599bd69add087d56,18,18,25,0,0,996
0xb393c645288942267ba93b35d2970b5ecc031166,3,0x55d398326f99059ff775485246999027b3197955,0x9d66af7bf19935950e2e823050d044aa77d1f629,18,18,25,0,0,997
0x1394938567760162bc604fcca6daed9dbe1433ca,3,0x5343b4586a3f2a3365df92ee705c3bf446c54668,0x55d398326f99059ff775485246999027b3197955,18,18,25,0,0,998
0x1a889d7370ae7c2c235e682dfc83fada1f70ba86,3,0x55d398326f99059ff775485246999027b3197955,0x979c9d96825716a9a32f4bb64ab7daa12d34100b,18,18,25,0,0,999
0xdc707337a1f3b4356e0e97497b5d78856b525f26,3,0xbb4cdb9cbd36b01bd1cbaebf2de08d9173bc095c,0xcf53bbc94fbd9a109aacc44afc390faa056db6b6,18,18,25,0,0,1000
0x2ec4d5e1181beeb935da16a163e2d044fcd1a13c,3,0x55d398326f99059ff775485246999027b3197955,0xfa39ed187c7b89fcedabcf0310b3c4ac88f76fd8,18,18,25,0,0,1001
0xa39f1a83b2b032c743f387cb2abacd62fc58fb14,3,0x55d398326f99059ff775485246999027b3197955,0xed6bda9bbc2fabd2169976a44cc0d7c27a6a4b68,18,18,25,0,0,1002
0x61d50f1bd18c64dcc31507ec1f5b925d3de9cce2,3,0x6fbb278c4eaa5218495a1858447b26d905ac0010,0xbb4cdb9cbd36b01bd1cbaebf2de08d9173bc095c,18,18,25,0,0,1003
0x61ad4fcdc5ee6e4a76af9911d374f202c4b24a91,3,0xbb4cdb9cbd36b01bd1cbaebf2de08d9173bc095c,0xfb1a84f9346d1311f92615c80f7c300a92b516fb,18,18,25,0,0,1004
0x9a0233ba1a826baaa4b8230ad12198b046dfb4f8,3,0x0ab47f2babc143b6f1e44443c87083dea8fdfea3,0xbb4cdb9cbd36b01bd1cbaebf2de08d9173bc095c,18,18,25,0,0,1005
0xec48398a873f449bae002b2a49b743368c08a9ca,3,0x55d398326f99059ff775485246999027b3197955,0x6409a8e4cb06822694e1b1d195c07d822374d310,18,18,25,0,0,1006
0xbef45926c2c1e3dc8f003006271381aa03ca6518,3,0x3544a07e9f771ef0f6c80c6e79715869ed291086,0xbb4cdb9cbd36b01bd1cbaebf2de08d9173bc095c,18,18,25,0,0,1007
0x2ce4ae0e7d05bc6ec0c22cdf87ff899872c2cf7f,3,0x9a3321e1acd3b9f6debee5e042dd2411a1742002,0xe9e7cea3dedca5984780bafc599bd69add087d56,18,18,25,0,0,1008
0x9222f7e4db677b23842de307e4221a409d1931ae,3,0x860a077442d8fb875b25bce7a5522340a3506666,0xbb4cdb9cbd36b01bd1cbaebf2de08d9173bc095c,18,18,25,0,0,1009
0x54f81918cb194b2c4e709af945f1760158084f7f,3,0x7130d2a12b9bcbfae4f2634d864a1ee1ce3ead9c,0xe94444ba62208431a27c764e2e28794e81f5b235,18,8,25,0,0,1010
0x379ddfd61ad43afb679f434de621dc1d592a87b6,3,0x55d398326f99059ff775485246999027b3197955,0x59f811162c338fae5395386bf0b2703796a90a1d,18,18,25,0,0,1011
0x7511f8198ab3be58e1b05f2d3df5d568d8b0ef3b,3,0x2629eb2edef0f45b9f250f4ec934bbc8628dbaca,0xbb4cdb9cbd36b01bd1cbaebf2de08d9173bc095c,18,18,25,0,0,1012
0xfac7c6ce1e64db0e52ebc6929f542cca72be69fe,3,0x06278743169ec1d910c0a8bb5a6d3b522a425dd1,0xbb4cdb9cbd36b01bd1cbaebf2de08d9173bc095c,18,18,25,0,0,1013
0x53bab56bd40a5befcc12b6a911dbcc5b9e18085a,3,0x55d398326f99059ff775485246999027b3197955,0xbb46693ebbea1ac2070e59b4d043b47e2e095f86,18,18,25,0,0,1014
0x56be0d289d756d476dca53143bb5b6be6b2f2d79,3,0x55d398326f99059ff775485246999027b3197955,0x8f7bcecbcdbb818b376a96f3805269247b888888,18,18,25,0,0,1015
0x3e611a5b10f49ae8304851653e3d67d9ff0c70a8,3,0xbb4cdb9cbd36b01bd1cbaebf2de08d9173bc095c,0xd4b52510719c594514ce7fed6cc876c03278ccf8,18,18,25,0,0,1016
0x6593030a2b0c16b872b9da436accb4f67f841b0d,3,0xbb4cdb9cbd36b01bd1cbaebf2de08d9173bc095c,0xe615c5e7219f9801c3b75bc76e45a4dab3c38e51,18,18,25,0,0,1017
0xd7d6fbafce86b5fe382cf441347c26fd71c0ea77,3,0x0c8382719ef242cae2247e4decb2891fbf699818,0x55d398326f99059ff775485246999027b3197955,18,18,25,0,0,1018
0xdbe36fc6ef1b51dd71fdbd136a03f413b83327aa,3,0x2d2d8449ec0bb78c497c36ffaac583dff4bd4444,0xbb4cdb9cbd36b01bd1cbaebf2de08d9173bc095c,18,18,25,0,0,1019
0xa8a91d4234f0354e7dced215a977a26f67472af3,3,0x610d1887a7d9fa93719bce0bb43f59be09fc2223,0xe9e7cea3dedca5984780bafc599bd69add087d56,18,18,25,0,0,1020
0x3f6fda6b19cd4523072181c4cbb2507193bc087f,3,0x55d398326f99059ff775485246999027b3197955,0xb9d1b6f9794cee6ea127efa62faa631cd072279c,18,18,25,0,0,1021
0x861306732eaeffc0758e021685c5d6e4d6a12d5f,3,0x0d1afece252ff513c5d210aeae88f6c7d37e6ab2,0xbb4cdb9cbd36b01bd1cbaebf2de08d9173bc095c,18,18,25,0,0,1022
0x72f698d628bd5a4e867c99a6680613b7425ce1c9,3,0x4444536331bad0c0b9c1d7dc74b00632926de675,0xbb4cdb9cbd36b01bd1cbaebf2de08d9173bc095c,18,18,25,0,0,1023
0xe77128c1c4d1775a55cc44b40ce7658bcc7ef382,3,0xa1ed61902f13e162305f59e1b2475e269e647777,0xbb4cdb9cbd36b01bd1cbaebf2de08d9173bc095c,18,18,25,0,0,1024
0x71b97908b90d074fd6b9ca3a252531750adf9699,3,0x55d398326f99059ff775485246999027b3197955,0x5d615655b68f3c9b4c707c5eb945949e52ed1632,18,18,25,0,0,1025
0x67b1f4022140a0169c3f24f01cf3d670ba5b9b75,3,0xafcc12e4040615e7afe9fb4330eb3d9120acac05,0xbb4cdb9cbd36b01bd1cbaebf2de08d9173bc095c,8,18,25,0,0,1026
0x9b487fe6c7f4d62df0a63dbfb0b56b60e55c55f5,3,0x925c8ab7a9a8a148e87cd7f1ec7ecc3625864444,0xbb4cdb9cbd36b01bd1cbaebf2de08d9173bc095c,18,18,25,0,0,1027
0x79447068bb4f3d59a1e11ac5403ffb2ac286a90d,3,0xbb4cdb9cbd36b01bd1cbaebf2de08d9173bc095c,0xd02193a88ff17d40c0bb97d316067b3fd4cb3b9d,18,8,25,0,0,1028
0x8b079d5e53e2e33eec0fcd85de2ba241c476a056,3,0x55d398326f99059ff775485246999027b3197955,0xf88fd128317a10f6b5d713fb47ccabc6ce444fda,18,18,25,0,0,1029
0xb430f4533cd55374f9dff1f2456bb1667c5b8688,3,0x55d398326f99059ff775485246999027b3197955,0xaf391c535ec5cfb72b3c0fa935285faffcc6450a,18,18,25,0,0,1030
0x316f25864cb5d756f6845774fe1f17310cb3eaf1,3,0x748727281ff3787c95b9a23e0730e3f6054c886c,0xbb4cdb9cbd36b01bd1cbaebf2de08d9173bc095c,18,18,25,0,0,1031
0x3a0f06fdead660646d4e368c711c700ead990bbe,3,0xbb4cdb9cbd36b01bd1cbaebf2de08d9173bc095c,0xfc86168f78e329347a1be1910ee9c54f496a9999,18,18,25,0,0,1032
0x6af426033f50e5634f07047347221bb8dbeb58a3,3,0x429c5e7b43b9a9839b2bedbab11b9b2cf5a56789,0xbb4cdb9cbd36b01bd1cbaebf2de08d9173bc095c,18,18,25,0,0,1033
0x0671e6ad514e6121f8781d3d338048ae702bb3ac,3,0x018c425abc59042dab3ecd23ad357e858e8303f4,0xbb4cdb9cbd36b01bd1cbaebf2de08d9173bc095c,18,18,25,0,0,1034
0x7b969fbaa2ba2944c6720559b8ed4ff9bdd4dfbe,3,0xbb4cdb9cbd36b01bd1cbaebf2de08d9173bc095c,0xc0e5e4220db84aac145dbdb5610a777cacce23a8,18,18,25,0,0,1035
0xc07ad22bfc3b881e757c6b6ae0ca937aaf0fd803,3,0xbb4cdb9cbd36b01bd1cbaebf2de08d9173bc095c,0xd28a0bbcc4ba22f749cb79f3b104d2a55d6665ac,18,18,25,0,0,1036
0xdb79f966bf3ede1e6c1183c9fc3a67d740c2eee0,3,0x69c2fcae7e30b429166bd616a322e32bec036bcf,0xbb4cdb9cbd36b01bd1cbaebf2de08d9173bc095c,18,18,25,0,0,1037
0xed0dfaa8926e1871daa72a74b2b01c8597afa1ac,3,0x55d398326f99059ff775485246999027b3197955,0xbcf621d79f1da2136f732ac9c0fe7af2268d2b79,18,18,25,0,0,1038
0xb8502121d7bf4bd79d25ce210b01dafab234c3f1,3,0x55d398326f99059ff775485246999027b3197955,0xc4a1cc5ca8955a4650bdc109bddf110e33a1e344,18,18,25,0,0,1039
0x93f0d7062ee1825dc6150168a716f3a67e20315e,3,0x6f6312245b45f96461b10647097187cc2cbdb374,0xbb4cdb9cbd36b01bd1cbaebf2de08d9173bc095c,18,18,25,0,0,1040
0x46dedf10af209dfe7201ee2de3ded44d9e4c3a3c,3,0x291be4b6ea733148ad1d2489dd59da28f92b710e,0xbb4cdb9cbd36b01bd1cbaebf2de08d9173bc095c,18,18,25,0,0,1041
0x11f0f4aea8d929d50858d67b64894f80d106576b,3,0x5ce12f6d9f2fcaf0b11494a1c39e09eeb16ca7e8,0xbb4cdb9cbd36b01bd1cbaebf2de08d9173bc095c,18,18,25,0,0,1042
0x1c90e8a9cc76297a2427f6831e6c6b20c5a5386b,3,0xbb4cdb9cbd36b01bd1cbaebf2de08d9173bc095c,0xda0638ea374c4c5bf2914e6f4d5b2335deb8d80d,18,8,25,0,0,1043
0x82ccb56fa3b1ed26304d38450d17177b90e28092,3,0x1c872564901b5d7849ff8c9c7d933c487da89e3b,0xbb4cdb9cbd36b01bd1cbaebf2de08d9173bc095c,18,18,25,0,0,1044
0x0cc3383655018a960de8f386b7d614fc79712aff,3,0x55d398326f99059ff775485246999027b3197955,0xdbf04058821bee93a04ffa5b70d441a51a9afb22,18,18,25,0,0,1045
0x0ff54e8fcf8ca5af56ff685d13fa5b373fbb62a1,3,0x78f1a611cceba2ff17ea53570dbee7d43629e8bc,0xbb4cdb9cbd36b01bd1cbaebf2de08d9173bc095c,18,18,25,0,0,1046
0x30487acc54483f241fe2b6211e03fb6e65307958,3,0x55d398326f99059ff775485246999027b3197955,0xf8a614a5b1947eff8eae8de9590fce854bf05026,18,18,25,0,0,1047
0xe97767283b00a0808ee0ac7860a2e9045a99e4e5,3,0xb05678ed0c9559955559de864829a0c8af574444,0xbb4cdb9cbd36b01bd1cbaebf2de08d9173bc095c,18,18,25,0,0,1048
0xedc76ed9c6a49e2a0c689202fcf548e4a44aad10,3,0x55d398326f99059ff775485246999027b3197955,0xc91e7a08f72b44f800831a22bf69a0b7e1735226,18,18,25,0,0,1049
0x4e2dea5d8fb29ae5718997f64aadcae72b794be0,3,0x9a9c5ac31a1637c1279bbb5f99ad05e0da99eec1,0xbb4cdb9cbd36b01bd1cbaebf2de08d9173bc095c,8,18,25,0,0,1050
0x7d1c282bb821e54e07c3c1cc84b83a52b1405ed0,3,0xbb4cdb9cbd36b01bd1cbaebf2de08d9173bc095c,0xcb7bf0218ccbf340c6676706c60a41c1e9cbdd44,18,18,25,0,0,1051
0x9608029100e2c15397c9808ba3eef4a959436108,3,0x8f49733210700d38098d7375c221c7d02f700cc8,0xe9e7cea3dedca5984780bafc599bd69add087d56,18,18,25,0,0,1052
0x8f530140cfe40e9b41ac8edbe88a3f6e4c1d4ed2,3,0x4e21d66d7244b21613277502118a2f5b78678342,0xbb4cdb9cbd36b01bd1cbaebf2de08d9173bc095c,18,18,25,0,0,1053
0x1c1c72e692ba3bae83309e3b8e59414efb01de31,3,0x3702117bb800dee5b833f72180c4310392cdd6b9,0x55d398326f99059ff775485246999027b3197955,18,18,25,0,0,1054
0xe09818fb24ecdef883b91632dadffd826b013169,3,0x7130d2a12b9bcbfae4f2634d864a1ee1ce3ead9c,0xec975525d810a9957d272a515e2e77675d3ce16c,18,18,25,0,0,1055
0x204c5311b9f040d40425c0ce8b5bddae1cb50974,3,0xbb4cdb9cbd36b01bd1cbaebf2de08d9173bc095c,0xce186ad6430e2fe494a22c9edbd4c68794a28b35,18,18,25,0,0,1056
0x64aad4c7a69458379235a46999480becd1312c21,3,0x7cfaaad25c3e791cc68aefa28777cdf7cc666f86,0xbb4cdb9cbd36b01bd1cbaebf2de08d9173bc095c,18,18,25,0,0,1057
0x40d9e8a846109c3e77964330a9116d9dd64b9560,3,0x39aea3d999eddbfbe73015b9b274cb912a144444,0xbb4cdb9cbd36b01bd1cbaebf2de08d9173bc095c,18,18,25,0,0,1058
0x5f88f841d3e0dc3e3b287c5477d94d3e3470026c,3,0x55d398326f99059ff775485246999027b3197955,0xb72bd62295f76f68e25340822b740a676ca42c6e,18,18,25,0,0,1059
0x1b7aa2a40b713c19c775a8192b6ad5cbd0ff8851,3,0x55d398326f99059ff775485246999027b3197955,0xcaedec9156910a8e39688b9a009d0d1952ee7777,18,18,25,0,0,1060
0xb14d8aeac49969d1bcd699488d3b096b4a79c63d,3,0x55d398326f99059ff775485246999027b3197955,0x66440038e6a1052a11005c25c307a24251c78888,18,18,25,0,0,1061
0x3b2d3fca79a01aaf7b05976abfc1a92dc5854400,3,0xbb4cdb9cbd36b01bd1cbaebf2de08d9173bc095c,0xd60c687c2ef47d291ac1fc54986ad5db0face72f,18,18,25,0,0,1062
0x54b313d3e292caf367017068ed752398e28ede1c,3,0x55d398326f99059ff775485246999027b3197955,0x93023f1d3525e273f291b6f76d2f5027a39bf302,18,18,25,0,0,1063
0x5ba49664d2e190e03be22e81f9e3954938606fc2,3,0x5f980533b994c93631a639deda7892fc49995839,0xbb4cdb9cbd36b01bd1cbaebf2de08d9173bc095c,8,18,25,0,0,1064
0x0e0803744e879583df4edd0e2feb33c5a84c2cde,3,0x55d398326f99059ff775485246999027b3197955,0x81afd511565cfd8384679fcec1b39ba9798de543,18,18,25,0,0,1065
0x90b6402bedd9fb848be76847d2205680680b0511,3,0x1d99f02da14a8de85885fe47e68b9c7c78ac2b28,0x55d398326f99059ff775485246999027b3197955,18,18,25,0,0,1066
0xb068f73fc5147858f5cda3e9bddb8642ecdf871c,3,0xbb4cdb9cbd36b01bd1cbaebf2de08d9173bc095c,0xf6001f6509bd5ab20faac32339082fb254034444,18,18,25,0,0,1067
0xc2feca00ee31b292c40a8fb47e917b4926637973,3,0xaf7c3e578621aabab184c706bad94ffb1a2e0179,0xbb4cdb9cbd36b01bd1cbaebf2de08d9173bc095c,18,18,25,0,0,1068
0x246cce34006e17285cd86c29b723be5ab2755cc3,3,0x55d398326f99059ff775485246999027b3197955,0x7851c105371b7a1b3851a19de5f160ec275de0a5,18,18,25,0,0,1069
0xad1f46ac6b90c1032782d8a870cf74354ebbd8c2,3,0x1a4d41219c547f3a0ee36cf3d9e68f80699cf283,0x2170ed0880ac9a755fd29b2688956bd959f933f8,18,18,25,0,0,1070
0xbe0c20687be1f75b2a9afae55420463b4febf59e,3,0x0009e0a32f8a37348935dd85e981be636f604080,0x55d398326f99059ff775485246999027b3197955,18,18,25,0,0,1071
0x716feafbe5e4d2c180dd49cbcbd37499f2e0b9aa,3,0x22f8f49377d5539b5a2920957398842655184b5e,0x55d398326f99059ff775485246999027b3197955,18,18,25,0,0,1072
0xfea962de14d0119edcc0d7cb3bf952ca00feb9d7,3,0xbb4cdb9cbd36b01bd1cbaebf2de08d9173bc095c,0xfb69e2d3d673a8db9fa74ffc036a8cf641255769,18,18,25,0,0,1073
0x38c1f706ee6a05e53b15fbe0cfd05b1d9cdb3d0b,3,0x8810b82ba5bb12392b9d2983dee2b46904cf2cb5,0xbb4cdb9cbd36b01bd1cbaebf2de08d9173bc095c,18,18,25,0,0,1074
0xe566bc804437d24a1bc8b5430aa4d76b14a4108e,3,0x2170ed0880ac9a755fd29b2688956bd959f933f8,0xf19c362d779ade83d4f8708c6c36297b6ad57528,18,18,25,0,0,1075
0x0e37eac08da6fb723af843d0d31f6fa2ad2c57a1,3,0x1cc658261cb0d099f090f1e6113fe6695bfc2c4d,0xbb4cdb9cbd36b01bd1cbaebf2de08d9173bc095c,18,18,25,0,0,1076
0xc572db8bffc8197a74bcc968e37f4f92347ce778,3,0x30dd5fcd7980aa5758dd5f56d2cf1f4c13ba3312,0xbb4cdb9cbd36b01bd1cbaebf2de08d9173bc095c,18,18,25,0,0,1077
0x6a1ffe04d63f892f079c30fb619b8db5fe17ff9c,3,0xbb4cdb9cbd36b01bd1cbaebf2de08d9173bc095c,0xc1a59a17f87ba6651eb8e8f707db7672647c45bd,18,18,25,0,0,1078
0x219a2e0d19ebe7eebaba752e33fa7f3184b6326f,3,0x7c33d9c9685408645486497c708ab491402e0886,0xbb4cdb9cbd36b01bd1cbaebf2de08d9173bc095c,18,18,25,0,0,1079
0x59741f88c6a0b85fad8bbba2771f236413e7b7ae,3,0x55d398326f99059ff775485246999027b3197955,0xd3265508368718820ef57ffd4e88541f1ce18959,18,18,25,0,0,1080
0x84773b2b98613c88834b450af42aec37a232db4f,3,0x837a130aed114300bab4f9f1f4f500682f7efd48,0xbb4cdb9cbd36b01bd1cbaebf2de08d9173bc095c,18,18,25,0,0,1081
0x9e6f82d5454e0d91c89189bfbcc61e89fe5720d9,3,0x55d398326f99059ff775485246999027b3197955,0xfd899d4436489935186a364e81c2d82a145c73bb,18,18,25,0,0,1082
0x401abd5327542c25bad057614935bfd98186a8a1,3,0x1d3437e570e93581bd94b2fd8fbf202d4a65654a,0x55d398326f99059ff775485246999027b3197955,18,18,25,0,0,1083
0x66981aaa1a6a176d2ce5ced2f52fe81c31dedc80,3,0xa0be1ebb0b208f764a01f3784df3d2b48ed901dc,0xbb4cdb9cbd36b01bd1cbaebf2de08d9173bc095c,18,18,25,0,0,1084
0x7e361d661ba5bd153b7ad92611c66a1667c34f07,3,0x519c7bf141c4995ec766541c3987cde31ec2ecb9,0x55d398326f99059ff775485246999027b3197955,18,18,25,0,0,1085
0x763c3d2dfba234e5714a097cd4f71288cf7f29ca,3,0x2970134f4e01a8ae77b36c37c7b688b4adec76cf,0xbb4cdb9cbd36b01bd1cbaebf2de08d9173bc095c,18,18,25,0,0,1086
0x287ee11b33108f40c54c172acd24ff64fdd54ed6,3,0xbb4cdb9cbd36b01bd1cbaebf2de08d9173bc095c,0xc4a1cc5ca8955a4650bdc109bddf110e33a1e344,18,18,25,0,0,1087
0x6da9b5a7a59f887d9c3c83726225bd684a6261a7,3,0x55d398326f99059ff775485246999027b3197955,0xf2874b590a7d743725c923426d43387a50cbd1be,18,18,25,0,0,1088
0x5ca96e8bde0bc587dac9e02422fd205b1102daa4,3,0x6a0b66710567b6beb81a71f7e9466450a91a384b,0xbb4cdb9cbd36b01bd1cbaebf2de08d9173bc095c,18,18,25,0,0,1089
0xc44dece06e11fe9dde866348715f8f8e6d730e3f,3,0x639928999f491a21858bb38ade14eaa19210a38f,0xbb4cdb9cbd36b01bd1cbaebf2de08d9173bc095c,18,18,25,0,0,1090
0xba983bf3c1e87689237aac63b236e5e65e06a88e,3,0xbb4cdb9cbd36b01bd1cbaebf2de08d9173bc095c,0xdf5ba79f0fd70c6609666d5ed603710609a530ab,18,18,25,0,0,1091
0xc8091d51d1ead1747b0a7f2fe69018adc58003d2,3,0x9b4b7e5e48bb2f6c9a94c21484d67b7c1cfef37c,0xbb4cdb9cbd36b01bd1cbaebf2de08d9173bc095c,18,18,25,0,0,1092
0x9069ed2f7f5637cea440ae837dfe6dabf0fe5c9d,3,0x55d398326f99059ff775485246999027b3197955,0x989ed937110d58a44591be60d231ff2372364444,18,18,25,0,0,1093
0x55b6e0f33a1c4f4014699e18041c8adae09ac16b,3,0x40671e899e915d39036935f7cffe35a5348e0a5c,0xbb4cdb9cbd36b01bd1cbaebf2de08d9173bc095c,18,18,25,0,0,1094
0xd1e0fc685ddc79109755042eb0404422c6182d10,3,0xbb4cdb9cbd36b01bd1cbaebf2de08d9173bc095c,0xc81688968bd1e8da313b8f2936852ec4307cd17f,18,18,25,0,0,1095
0xd367e7ea6d26f408b1ccdaafdb251dda6dced821,3,0x2e44ab95549b8a12afdb970bde5a6a78365e4444,0xbb4cdb9cbd36b01bd1cbaebf2de08d9173bc095c,18,18,25,0,0,1096
0xb1693a00d54003bc412341eed859312186f1fa33,3,0x834a0ad7ae0aa18c69369e9c995b7129ed197f74,0xbb4cdb9cbd36b01bd1cbaebf2de08d9173bc095c,18,18,25,0,0,1097
0xb3eb93fd1b5d739ea7bfe97c3d7e71f236aa0797,3,0x0162c59446b9ac5eb77012432038845c8b7ee3e2,0xbb4cdb9cbd36b01bd1cbaebf2de08d9173bc095c,8,18,25,0,0,1098
0x6c8386f7b880e9ffeb18714ed0493f62e44058a8,3,0x55d398326f99059ff775485246999027b3197955,0x990bf7f83677e8e7737eaed23b7ef08dafb389d8,18,18,25,0,0,1099
0xf3637dd54e003f9bccb1e1391e2c61401e20836e,3,0x8f1fe4e6707cd4236b704759d2ee15166c68183a,0xbb4cdb9cbd36b01bd1cbaebf2de08d9173bc095c,18,18,25,0,0,1100
0x255cef6960bbc47c469201148411cb57a45f65f8,3,0x55d398326f99059ff775485246999027b3197955,0xa347fcf5eb152403aed529d15e9d1014d7808ce6,18,18,25,0,0,1101
0x3ae068ce0a906be6629c9b606798bb7a7f0e903e,3,0x55d398326f99059ff775485246999027b3197955,0xe7103c04c29227ca7f3048d90610ba728c6df563,18,18,25,0,0,1102
0xf990309cd66d7a9729ffad6b687869beddadccbc,3,0x80d04e44955aa9c3f24041b2a824a20a88e735a8,0xbb4cdb9cbd36b01bd1cbaebf2de08d9173bc095c,18,18,25,0,0,1103
0xe539add62c7c3434bee2a4fc352dd0e4c1064a9c,3,0x2e591b13d3caf27adf1db47d75278315d0754444,0xbb4cdb9cbd36b01bd1cbaebf2de08d9173bc095c,18,18,25,0,0,1104
0x047126c401989e43dc06eeb6ec5a7f72b7c47cc8,3,0x52d8b6884292d60dae1d9c4f6afe4794fd7e5131,0x55d398326f99059ff775485246999027b3197955,18,18,25,0,0,1105
0x9b10878e2abd0b8e4ecc329342a0e9f75ec48150,3,0x55d398326f99059ff775485246999027b3197955,0xddb341e88bb2dd7cb56e3c62991c5ad3911518cc,18,18,25,0,0,1106
0xf8c33277db4c5ec53e0145cb8b9a62801e23a753,3,0xab9ed2c3d76a1877d959c0d7e8de48a33c55205c,0xbb4cdb9cbd36b01bd1cbaebf2de08d9173bc095c,18,18,25,0,0,1107
0x922a3976f6eb780c44760986b579dd70952577ef,3,0xbb4cdb9cbd36b01bd1cbaebf2de08d9173bc095c,0xdf65bd6704808bb0c65a9d83a31c85ab986feeb0,18,18,25,0,0,1108
0x2ae96149296d107e726ed62402c8e7b4c0db483c,3,0xbb4cdb9cbd36b01bd1cbaebf2de08d9173bc095c,0xd4cc9538bbd3eda848da2292c0e383835703f138,18,18,25,0,0,1109
0x0082792bee5aea77c15c6af53fffee6125540376,3,0x55d398326f99059ff775485246999027b3197955,0x67009eb16ff64d06b4f782b3c552b924b1d1bb93,18,18,25,0,0,1110
0x494876d71fcc51d132ae68da19f9f8c80caea3f9,3,0x8ac76a51cc950d9822d68b83fe1ad97b32cd580d,0xc3fb6c208c52ae3c8dd4d1ff10a3db2cbce48031,18,18,25,0,0,1111
0xf92d36072d4bbe0cd1b7e282217380751b869652,3,0xbb4cdb9cbd36b01bd1cbaebf2de08d9173bc095c,0xede5020492be8e265db6141cb0a1d2df9dbae9bb,18,18,25,0,0,1112
0x5513af8e37489106dae832ebca9a314c5fcde6c5,3,0x42fe1937e1db4f11509e9f7fdd97048bd8d04444,0xbb4cdb9cbd36b01bd1cbaebf2de08d9173bc095c,18,18,25,0,0,1113
0x70f6f07bd191fb090a915b8a03bf34567108bf72,3,0xbb4cdb9cbd36b01bd1cbaebf2de08d9173bc095c,0xe7f72bc0252ca7b16dbb72eeee1afcdb2429f2dd,18,18,25,0,0,1114
0xbf6123e6c91981a1d81c8435c5b8231fed05610b,3,0x2e15eafdc19f5b996874ab5e582520d92a72c62a,0x55d398326f99059ff775485246999027b3197955,18,18,25,0,0,1115
0xcd76521a85ae897cfa5a8d998c8c38cb8381ede0,3,0x34d5e8d87f7a7a4f08da392f4cca4be222f875d2,0x7130d2a12b9bcbfae4f2634d864a1ee1ce3ead9c,18,18,25,0,0,1116
0x4ba0eed26ce4e5c196726bdc63fab5d4e114a6c0,3,0x9810681b9cc70e963b08f8a414f60a2bccc9a408,0xbb4cdb9cbd36b01bd1cbaebf2de08d9173bc095c,18,18,25,0,0,1117
0x579bb1902e405d056071ad43f4abbf3d42ba0615,3,0x7ffc1243232da3ac001994208e2002816b57c669,0xbb4cdb9cbd36b01bd1cbaebf2de08d9173bc095c,18,18,25,0,0,1118
0xaa0d48e8f0aad11723d89572e05dacfc7185ce8e,3,0x55d398326f99059ff775485246999027b3197955,0x63132d08e4b01ba7de3a5db15d70d4b29dee17d4,18,18,25,0,0,1119
0x7dd868074fdeb464f47b14f3c64f96072d92cd30,3,0x1b6609830c695f1c0692123bd2fd6d01f6794b98,0xe9e7cea3dedca5984780bafc599bd69add087d56,18,18,25,0,0,1120
0xa1be482461793e828812c9dbd9cd8def43ca1e25,3,0x7d99d2c760de063080b1300b5b09fa4e7bd60638,0xbb4cdb9cbd36b01bd1cbaebf2de08d9173bc095c,18,18,25,0,0,1121
0x58c34146316a9a60bfa5da1d7f451e46bdd51215,3,0xbb4cdb9cbd36b01bd1cbaebf2de08d9173bc095c,0xe3233fdb23f1c27ab37bd66a19a1f1762fcf5f3f,18,18,25,0,0,1122
0x1f80768ccc8841f9219bc76dd41cb91f626149a8,3,0x152907e20a5fb5b25151473cab53b1b037343989,0xbb4cdb9cbd36b01bd1cbaebf2de08d9173bc095c,18,18,25,0,0,1123
0xa02e8735cdc35aea44a770cb511513826e6c68c5,3,0x61fc93c7c070b32b1b1479b86056d8ec1d7125bd,0xbb4cdb9cbd36b01bd1cbaebf2de08d9173bc095c,18,18,25,0,0,1124
0x3ee0ff53e4deab536c26ac2d8c9aaab7f0820072,3,0xbb4cdb9cbd36b01bd1cbaebf2de08d9173bc095c,0xd905d10f2f03fb5ef8129e373c57a311cb6fc201,18,18,25,0,0,1125
0x11bf311dc6017095d1c16659f0180ce812d97da7,3,0x176054ae3e2755140e2ecacf7fb29e2ee9d899c2,0xbb4cdb9cbd36b01bd1cbaebf2de08d9173bc095c,18,18,25,0,0,1126
0x757bba87583d3ae56c67bca3061711c6d3c48f25,3,0x2c44c71df4dbd3634e43ab0bc6dcb809d5286443,0x55d398326f99059ff775485246999027b3197955,18,18,25,0,0,1127
0x47d4e630512296733a8be10da4503054e482df4a,3,0x8e856cf66b912aceb4d95a3ed92a47efeb27eaa6,0xbb4cdb9cbd36b01bd1cbaebf2de08d9173bc095c,18,18,25,0,0,1128
0x2e0f4747403a301a245750e01169e61024829029,3,0xbb4cdb9cbd36b01bd1cbaebf2de08d9173bc095c,0xbb8554e86461d62b205ab9c1a3256542ba3234e4,18,18,25,0,0,1129
0x30bd9a057b74e2a785818de765bef4422a00f570,3,0x26422633da3cf7f40c6bb485ffd3d204f23a550e,0x55d398326f99059ff775485246999027b3197955,18,18,25,0,0,1130
0xc3ea38894e2717f3c0e06a53160b40c5b5e9a033,3,0x0012365f0a1e5f30a5046c680dcb21d07b15fcf7,0x55d398326f99059ff775485246999027b3197955,18,18,25,0,0,1131
0xc1d3bea9a5413dc9dc8d8f00e6526bbc762c1862,3,0x6430dcc0eb8752a4a0417afa5e57009148c7258f,0xbb4cdb9cbd36b01bd1cbaebf2de08d9173bc095c,18,18,25,0,0,1132
0xc8cda791a42236b11a772ecf3df12d5c00c51c2b,3,0xbb4cdb9cbd36b01bd1cbaebf2de08d9173bc095c,0xd584c8a6adaf8bfacf6d9772a184590849804444,18,18,25,0,0,1133
0xb0a81f676b91faceb60786074b994a236f6cb80f,3,0x55d398326f99059ff775485246999027b3197955,0xe9192a537093c46089c890dd880dff0039d71c00,18,18,25,0,0,1134
0x8eaf44566e2a6de749f770e22c9f90bfaf296105,3,0x644c7abd03ce609c02e9021187e2aeb55170ddc0,0xbb4cdb9cbd36b01bd1cbaebf2de08d9173bc095c,18,18,25,0,0,1135
0x60abf2e74d4e7d8c18c1fa18531db5818e1138d7,3,0x3e573bf50b7625d9976fd65a8c0cdfbbc7b63a10,0x55d398326f99059ff775485246999027b3197955,18,18,25,0,0,1136
0x37fde04facad467da1df1b0168fed0dea7da0938,3,0xb0557906c617f0048a700758606f64b33d0c41a6,0xbb4cdb9cbd36b01bd1cbaebf2de08d9173bc095c,18,18,25,0,0,1137
0xfb84df2ed99cea84d1b7d38974f65202e936b580,3,0x6cad12b3618a3c7ef1feb6c91fdc3251f58c2a90,0xe9e7cea3dedca5984780bafc599bd69add087d56,18,18,25,0,0,1138
0x3cdbb3c7bc4294097dc03e1c384d1e49a2c0a2b9,3,0x55d398326f99059ff775485246999027b3197955,0xb5d37605f2950800dbc11582693dc07155ab5103,18,18,25,0,0,1139
0x638e4e7cd29aaf30321ece09eb62716696328b18,3,0x7453190391f2e8c19198d06845210b78a0b34444,0xbb4cdb9cbd36b01bd1cbaebf2de08d9173bc095c,18,18,25,0,0,1140
0xad4d3b9e117558e5efdad18ffab3a9e9fb21bd29,3,0xbb4cdb9cbd36b01bd1cbaebf2de08d9173bc095c,0xe574857bb1ee8c1c465f9209efbe932860823117,18,18,25,0,0,1141
0xf20f7a659ccd7b8db4630164280b85693e687f40,3,0x55d398326f99059ff775485246999027b3197955,0xd70dfb66f754d076805a283b0dfb643aaadf8666,18,18,25,0,0,1142
0x55a07314fa663665a1956692fc6351c8f0e6b1e9,3,0x55d398326f99059ff775485246999027b3197955,0xc73241a545ec9461e084606d81719fb0dc490267,18,18,25,0,0,1143
0x465733f724adc7a8f4e208ec318f951c26672c51,3,0xa7db8a592b809d658f36fa222e7dd4f3519e6fb5,0xbb4cdb9cbd36b01bd1cbaebf2de08d9173bc095c,18,18,25,0,0,1144
0xf9dba99e000a85e4f04a855a8b45ab4ce751096a,3,0x724e740766b0ecc806ea1d7eec63e563e9407925,0xbb4cdb9cbd36b01bd1cbaebf2de08d9173bc095c,18,18,25,0,0,1145
0xce2798e103a6f0c27a93f728408c7b5aefb4af6c,3,0x77f12d651cba459b23d429216ab865a80f3efd59,0xbb4cdb9cbd36b01bd1cbaebf2de08d9173bc095c,18,18,25,0,0,1146
0x8782cd93f84a190c1609819fd8dfb27009b9e9ec,3,0x4444a5aa742aa838389e4e0624fe706ae46818ab,0xbb4cdb9cbd36b01bd1cbaebf2de08d9173bc095c,18,18,25,0,0,1147
0x68f9a6c20ad93a53eb121ed6d22bf66836e47cb7,3,0xb204062137413a0e07b87ec87dcf1f35c190ebdd,0xbb4cdb9cbd36b01bd1cbaebf2de08d9173bc095c,18,18,25,0,0,1148
0xeb34f7780799a3c05dca600aded7912004e3018a,3,0xbb4cdb9cbd36b01bd1cbaebf2de08d9173bc095c,0xc26cdfca6999d2aa45ab09ae2e4e9458b2fa18a2,18,18,25,0,0,1149
0xc19986f8fcaa07599f1e0121cea80bc500496e8f,3,0xe9e7cea3dedca5984780bafc599bd69add087d56,0xfd0ed86319bbf02359266d5fa1cf10bc1720b2e0,18,18,25,0,0,1150
0x819f8c4ad44e74ef788723aaa0cd5b74d29b2dc5,3,0xbb4cdb9cbd36b01bd1cbaebf2de08d9173bc095c,0xd38de430d355a7a8337204c2a4c80392e61475a6,18,18,25,0,0,1151
0x65b51bc890c24c0da163289b68480020222b4332,3,0x339c72829ab7dd45c3c52f965e7abe358dd8761e,0xe9e7cea3dedca5984780bafc599bd69add087d56,18,18,25,0,0,1152
0xfef3014a9a16180e5f70ae528401308cc56a29d9,3,0x55d398326f99059ff775485246999027b3197955,0x66ac37616e5a9a7d912183c24f92639fe07dcfb2,18,18,25,0,0,1153
0x1eb23c1f06856d57bc769520cf12e9a21cb65140,3,0x3cb20d96e866d128bc469a6e66505d46d7f9baba,0x55d398326f99059ff775485246999027b3197955,18,18,25,0,0,1154
0x05088dca208df8efe7fc3978cb1ee407db14f376,3,0x55d398326f99059ff775485246999027b3197955,0x73af06338ccbce738799419244238a0a06351827,18,18,25,0,0,1155
0xb5f060597a425bd4e264095aac428c0eb892a6f1,3,0x998f3c448b8072515527ec65a99eef12e229ca8b,0xe9e7cea3dedca5984780bafc599bd69add087d56,18,18,25,0,0,1156
0x4ab83af5fa05e3b8bebc23e62e4f2913982ab9a0,3,0xbb4cdb9cbd36b01bd1cbaebf2de08d9173bc095c,0xf2ca01004cfdadce943a6928b48c9ad8863f2989,18,18,25,0,0,1157
0x0a27edd41b27fdf8f1335ef1bc01929986f83857,3,0x55d398326f99059ff775485246999027b3197955,0xd75242bbca0a1000378d62bc3153698ea1962607,18,18,25,0,0,1158
0x5e2bdf3cc8bd9582397fa20bf0546afa5a2ff202,3,0x55d398326f99059ff775485246999027b3197955,0x84330745fa722804d01b8d6f83040ac5ea18e95e,18,18,25,0,0,1159
0x701a9bc4eecf2b4eedab98e95bd777de6710b8f6,3,0x1a0d665ff8582fe135a8867bfd38b5e48baf7777,0xbb4cdb9cbd36b01bd1cbaebf2de08d9173bc095c,18,18,25,0,0,1160
0x521c79bfb7c0f528fbb2366b494f14b60ce055f3,3,0x55d398326f99059ff775485246999027b3197955,0xba552586ea573eaa3436f04027ff4effd0c0abbb,18,18,25,0,0,1161
0x6683c38c9a1348f43c59a8bf1c8c3f5e5b454b6e,3,0x92456a7e2dadda3723bf3b232ac9f705778c9d16,0xbb4cdb9cbd36b01bd1cbaebf2de08d9173bc095c,18,18,25,0,0,1162
0xcdb4ed34b21308dfbcbd96815560a29a565c9ffe,3,0x1e71525664b90393449494768a0120996d0be5b1,0x55d398326f99059ff775485246999027b3197955,18,18,25,0,0,1163
0x0440de8cc081547dcd81505d40c0740dce0f2388,3,0x2170ed0880ac9a755fd29b2688956bd959f933f8,0xd06b94a6af942ac2eefc4658f23b2c2e34131419,18,18,25,0,0,1164
0x98c8fcf5e49d383718fec8bdf0c78d4a9cae80f9,3,0xbb4cdb9cbd36b01bd1cbaebf2de08d9173bc095c,0xd87dc2841aab1ba556f4823eb3e5d35abb9b9dc9,18,18,25,0,0,1165
0x5c23936d44a6dd50dded0f1eb1c3b1817e6a9638,3,0x215b54d32c79c86cf3f483cab1b42d496e9f3212,0x55d398326f99059ff775485246999027b3197955,18,18,25,0,0,1166
0x64f695136778d6f80ab23a19c32b57150cb652c8,3,0x82dd30c377c7365a7b2ba1bbf8d11ea1ba163bcc,0xbb4cdb9cbd36b01bd1cbaebf2de08d9173bc095c,18,18,25,0,0,1167
0xa5047a14ff6a674a4f671609f77f0434127b0c30,3,0x505735a4f0a4385f192b3080a48caf2c373f23a7,0xbb4cdb9cbd36b01bd1cbaebf2de08d9173bc095c,18,18,25,0,0,1168
0x7a9069cf38f2e447fcac356a3f85e43269cd3640,3,0x55d398326f99059ff775485246999027b3197955,0xab7e37268cb8a7417a81badcd665b6b43fd06a06,18,18,25,0,0,1169
0x007f51cda9242d1da71dca5d9c406db5046f16a7,3,0xbb4cdb9cbd36b01bd1cbaebf2de08d9173bc095c,0xeb0bdd8f51c867d787f0fc6b2dee360ca31628e3,18,18,25,0,0,1170
0xfe6ca82c4464e52b8320d0c0b01b4ab977833663,3,0x465707181acba42ed01268a33f0507e320a154bd,0xbb4cdb9cbd36b01bd1cbaebf2de08d9173bc095c,18,18,25,0,0,1171
0x87578a59b28d3ee6a9fa5d9f3a31c8314bd84b61,3,0x55d398326f99059ff775485246999027b3197955,0x863cfceeb1253b1b92cd2b308bad6f4f8b1b3387,18,18,25,0,0,1172
0x3406fe1f16d7b75090caf9625e013b8399483744,3,0x002d0619eab294d21fef071f8b780cae7e999999,0x55d398326f99059ff775485246999027b3197955,18,18,25,0,0,1173
0x74a850746cdae268577a9460b2fa3f0a38908197,3,0x55d398326f99059ff775485246999027b3197955,0x9999d7ee1535cc420064c6465c7bb2c9d4ab913b,18,18,25,0,0,1174
0xe465a6f2394675b69ee914b9f4460dab5064fe59,3,0x55d398326f99059ff775485246999027b3197955,0x9fe70801c3b26f466d7e7b884659e88c7492a126,18,18,25,0,0,1175
0x1cd94466bf2e6acbcedee2578dc1fe979e65dac3,3,0xbb4cdb9cbd36b01bd1cbaebf2de08d9173bc095c,0xc55dfe376a9949bd12725298ac2e06da8c6e4fe4,18,18,25,0,0,1176
0x367988ecbf4707340bf899004d018ed2170a4f7b,3,0xbb4cdb9cbd36b01bd1cbaebf2de08d9173bc095c,0xd25db5c22a62041376f6f79372c8e204c7be7bdb,18,18,25,0,0,1177
0x1bf8e6f0f957418389474f544e89549ba8a51e6f,3,0x9e0335fb61958fe19bb120f3f8408b4297921820,0xbb4cdb9cbd36b01bd1cbaebf2de08d9173bc095c,18,18,25,0,0,1178
0x0f2b9300eee422ff2ccd9cc02d21c2e5f2be7ac1,3,0x140139d08c8cefdf9d44c30891dfd703fe92e6f2,0x55d398326f99059ff775485246999027b3197955,18,18,25,0,0,1179
0x19d35d8d7356ec9dea4f199f5838516565c0d243,3,0x3f8338ea36ea855c8ce21325781992a992736c42,0xbb4cdb9cbd36b01bd1cbaebf2de08d9173bc095c,18,18,25,0,0,1180
0xd469f2e7d1329836733adbac6b53e09b775a6e03,3,0x037838b556d9c9d654148a284682c55bb5f56ef4,0xbb4cdb9cbd36b01bd1cbaebf2de08d9173bc095c,18,18,25,0,0,1181
0x4a436f22586688768e10a75c419d25de3dac97b8,3,0x4444def5cf226bf50aa4b45e5748b676945bc509,0xbb4cdb9cbd36b01bd1cbaebf2de08d9173bc095c,18,18,25,0,0,1182
0xadba8bfa877a4ff639c7e4eb3c081ce0de6da5bd,3,0x5d379c25890a7cb16bcf61530b55a0d15c4788bb,0xbb4cdb9cbd36b01bd1cbaebf2de08d9173bc095c,18,18,25,0,0,1183
0xcf3f200215f55a289ac8c4c2cd7f1ec17d375197,3,0xbb4cdb9cbd36b01bd1cbaebf2de08d9173bc095c,0xe815f6941d19d1e20b0e1f92471c6143809f4444,18,18,25,0,0,1184
0x5ffb9f99625bafe882b9d614305e5c17a5c65a53,3,0x688a09c98b3469eaab48a2bee1c48b9d133e6567,0xbb4cdb9cbd36b01bd1cbaebf2de08d9173bc095c,18,18,25,0,0,1185
0x3ca2fd2b85c9368bdfee32e182be472dd0275fe4,3,0xbb4cdb9cbd36b01bd1cbaebf2de08d9173bc095c,0xc77ac1e0bcdfa80070cc7cfd7418d2eb073f6a77,18,18,25,0,0,1186
0x5c10bd6604a2f77cb9c0b75bba14a7a11e7d73ac,3,0x55d398326f99059ff775485246999027b3197955,0xabe776435f7459e2f5ba773bfb753ed19a053dd0,18,8,25,0,0,1187
0x5ef3d2a13af35c67287b1eaf10627cfdd9ccba59,3,0x6cd99293df11edfe823322a0ab8704d2ced6ffff,0xbb4cdb9cbd36b01bd1cbaebf2de08d9173bc095c,18,18,25,0,0,1188
0xf945752a178e7d0bcfdf3bab643afdc93d358749,3,0x55d398326f99059ff775485246999027b3197955,0x7b1c40245606f231cba852e6148cf0b2a8079615,18,18,25,0,0,1189
0x58f943c1e66f1bdb9a9f0bfd1235dc8966226dfd,3,0xbb4cdb9cbd36b01bd1cbaebf2de08d9173bc095c,0xda1e806ffc0ee2e541a212183306071c3a375b74,18,18,25,0,0,1190
0x6df9c6e8774a92c481cb51bb57d6f27864e13e35,3,0x55d398326f99059ff775485246999027b3197955,0x67a6316a7b4f0f6da55b008439f3f5496f823f13,18,18,25,0,0,1191
0xf65aff049c28c54df3f0f5c67a4024b9e919a57b,3,0xbb4cdb9cbd36b01bd1cbaebf2de08d9173bc095c,0xd098daa204d64b73f62a0cb3a1b69894496c1319,18,18,25,0,0,1192
0xfa23c5248b94826b106f4be83ef8fdf4812d21d4,3,0xbb4cdb9cbd36b01bd1cbaebf2de08d9173bc095c,0xec47fb102aeadce873edd42740cff14ea67e63f8,18,18,25,0,0,1193
0x81921ed4d3a590aa3c0f7d1a062c9c9ee66b8f40,3,0x55d398326f99059ff775485246999027b3197955,0xd332f37a24b2ee94ce60f49caa1368db634f6666,18,18,25,0,0,1194
0x1b7c4b6b5ec0ea450cfbd36452792e71c876f45c,3,0x4e63c0de139b1abb00e73ebd906eddc58cf57777,0xbb4cdb9cbd36b01bd1cbaebf2de08d9173bc095c,18,18,25,0,0,1195
0x598ed341dec2aab7051353fa83b92c5123e0feeb,3,0xbb4cdb9cbd36b01bd1cbaebf2de08d9173bc095c,0xbffe24a9d92c5485306cb1d018303182ef545ff7,18,18,25,0,0,1196
0x57ff08d69b3f2c76071350e0ce7e152606f193f6,3,0xbb4cdb9cbd36b01bd1cbaebf2de08d9173bc095c,0xe92785618b5df29dfd4a12a6e34e8c6bf615c21e,18,18,25,0,0,1197
0xe068c6200954816cf7ce343f5c543e4d95520f74,3,0x1aa551c6bc3878dfee81c33f679ab315ee3badbc,0x55d398326f99059ff775485246999027b3197955,18,18,25,0,0,1198
0x8b4ad896bf0fa37ce639753447ae1442c33aab06,3,0xbb4cdb9cbd36b01bd1cbaebf2de08d9173bc095c,0xce30b968d5e76a67f3946e0598f95d551ce03ac3,18,18,25,0,0,1199
0x0851f88dee6313e34355cbd4caa3e97222f3caf5,3,0x444416a582466fdae0f2fcdf0a859675f8ff6e9f,0xbb4cdb9cbd36b01bd1cbaebf2de08d9173bc095c,18,18,25,0,0,1200
0x58604d87d22e9d265aeaa2352d994fb6f626d636,3,0x55d398326f99059ff775485246999027b3197955,0xf7d6243b937136d432adbc643f311b5a9436b0b0,18,18,25,0,0,1201
0xc298732968ebd148f5a6e9a664bc3dac4d9f6f42,3,0xbb4cdb9cbd36b01bd1cbaebf2de08d9173bc095c,0xfa39ed187c7b89fcedabcf0310b3c4ac88f76fd8,18,18,25,0,0,1202
0xc481a357bff1ed4deb1cea4d57a4f6989d11f738,3,0x39aedf241cd639c8300a67b6d642e2108a3ffb77,0xbb4cdb9cbd36b01bd1cbaebf2de08d9173bc095c,18,18,25,0,0,1203
0x7875411f0445e29f1008bb85ad7ff9f0eb48210b,3,0x94a9996c99d46ed97efbb141fe36c927870e3333,0xbb4cdb9cbd36b01bd1cbaebf2de08d9173bc095c,18,18,25,0,0,1204
0x3d58ca4929ce947917874a97f6e1fc2310e3304b,3,0x1186df57cf573018c5f25d84c6e77f4af1777777,0xbb4cdb9cbd36b01bd1cbaebf2de08d9173bc095c,18,18,25,0,0,1205
0xf17bf80c1d0eeb1fdee48340e829947bd28847d0,3,0x55d398326f99059ff775485246999027b3197955,0x9ddd58655bc7407bb9ccde6d027bd31474d874f6,18,18,25,0,0,1206
0xe4aaaf8e0938c7fa75d510dd29b254f68674f400,3,0xbb4cdb9cbd36b01bd1cbaebf2de08d9173bc095c,0xfa2e4ec5a818c2d2c352f4b152c06338d476b646,18,18,25,0,0,1207
0x90b2ffd887bab701ef39ba482a67fbee125bf465,3,0x55d398326f99059ff775485246999027b3197955,0xb849c4d843769d42812fb600b1bcc8a6ba843466,18,18,25,0,0,1208
0x1113ad7c12e42e800f0528ea214df5472c4d0dfe,3,0x4444bad119fb966d8e3173f2c0f0d2e2419c4943,0xbb4cdb9cbd36b01bd1cbaebf2de08d9173bc095c,18,18,25,0,0,1209
0x4b8b18386a841ecf41bf04098077e288884ad49a,3,0x55d398326f99059ff775485246999027b3197955,0x7b985a5eb655238d910b52b7e25b2648c1eabc45,18,18,25,0,0,1210
0x1e4274168f4de7843fd4aabf2c07147d1a4142fb,3,0x934dc1d11b920609c09064119f5734054c4c8a04,0xbb4cdb9cbd36b01bd1cbaebf2de08d9173bc095c,18,18,25,0,0,1211
0x06c511569348b727d88ff79cabbf06e9cb385fd0,3,0x1eb20885598413fcb8809730b0833635f0817777,0xbb4cdb9cbd36b01bd1cbaebf2de08d9173bc095c,18,18,25,0,0,1212
0x9801726bd80519b94b974d5e93c79d15a5b32208,3,0x55d398326f99059ff775485246999027b3197955,0xc0928356248aa9903c9a54f79a735612386b1ff7,18,18,25,0,0,1213
0x14a710e292df765c9f1e762e5cd615513e84f7af,3,0x355ca46d287c9ea861b56a56bda616e9d0685fc8,0x55d398326f99059ff775485246999027b3197955,18,18,25,0,0,1214
0x207477c46d095128b85e49c257b52415a8c8b160,3,0x55d398326f99059ff775485246999027b3197955,0x8b8373e769f80044b9ab68bb227d18f767ee02f2,18,18,25,0,0,1215
0x4bc0f2da8468f29023f99efce2a9d6b69b042996,3,0x2121056836a54c9d8ccaffdb129ef3ec3832ee1c,0xbb4cdb9cbd36b01bd1cbaebf2de08d9173bc095c,18,18,25,0,0,1216
0x06518ebee08eee8d2a548b07610289ecbf19afc2,3,0x55d398326f99059ff775485246999027b3197955,0xcf4ac66eb6f1b7c6d3800ae2479e2d6134108523,18,18,25,0,0,1217
0x9b22403637f18020b78696766d2be7de2f1a67e2,3,0x55d398326f99059ff775485246999027b3197955,0x7268b479eb7ce8d1b37ef1ffc3b82d7383a1162d,18,18,25,0,0,1218
0xdb0b7e3398c01011dc7aea6c3186b684bad5dac8,3,0x0646e138105f79c0649747fca82987b051dca28d,0xbb4cdb9cbd36b01bd1cbaebf2de08d9173bc095c,18,18,25,0,0,1219
0x17472dd696d02c4c1217460025497f56bdccb5b6,3,0x7ede72bbaa15edd455b3a009759cf6075d819784,0xbb4cdb9cbd36b01bd1cbaebf2de08d9173bc095c,18,18,25,0,0,1220
0x9bce578abb591dd88e213bcfaeb5bdf56a33b236,3,0x2789033dfe80593f69d689f65892a75afa491111,0xbb4cdb9cbd36b01bd1cbaebf2de08d9173bc095c,18,18,25,0,0,1221
0xf7c19060addb58d944eaa35e266dfd5b957b53ac,3,0x7130d2a12b9bcbfae4f2634d864a1ee1ce3ead9c,0x85cb66cd719eac51c5520ba3fa273c7ed7995982,18,18,25,0,0,1222
0xb4a9d62cbe7aa8c32f9cd0ee47a16b8d1341dff2,3,0x804522679e2922ec26fb3c86d33a95b35b3dfabe,0xbb4cdb9cbd36b01bd1cbaebf2de08d9173bc095c,18,18,25,0,0,1223
0xa0cb2c8f37db9148688d92025ad0fabb74dd6593,3,0x78c3ade403438b37638304f9fbbfb1b76608c1bd,0xbb4cdb9cbd36b01bd1cbaebf2de08d9173bc095c,18,18,25,0,0,1224
0x1f6b2a35f1ca3ab808ef0c50f055ce5e24ea9801,3,0xa524b11473b7ce7eb1dc883a585e64471a734444,0xbb4cdb9cbd36b01bd1cbaebf2de08d9173bc095c,18,18,25,0,0,1225
0x7b8ad8edc470bc667e4c9cb9e52dba6d58f2bf12,3,0xa4ef4035d504f7d5e001e0e53acaea0745a0dd6b,0xe9e7cea3dedca5984780bafc599bd69add087d56,18,18,25,0,0,1226
0x52495d46b8a1d57b52d7c6ec76d13ab13c41fdce,3,0x55d398326f99059ff775485246999027b3197955,0xd554fb7f853b8f02f571d35a95996968bf541319,18,18,25,0,0,1227
0xd39600dbcc61f6e6313ba46969dfbddbbea7404f,3,0x55d398326f99059ff775485246999027b3197955,0xbf6fdb357f96fdcb13f9aea3118f659ebbcabad8,18,18,25,0,0,1228
0x2dc525454614858f3ca9e2f4f8e4ee8fddf9c80e,3,0x3053ad3b31600074e9a90440770f78d5e8fc5a54,0xbb4cdb9cbd36b01bd1cbaebf2de08d9173bc095c,18,18,25,0,0,1229
0xb33797e8351f818e5ae225dc7334dbf158126964,3,0x196eb1d21c05cc265ea0a1479e924e7983467838,0x55d398326f99059ff775485246999027b3197955,18,18,25,0,0,1230
0x7faad36f656ebbbbe28386cd07486b1e2744518f,3,0x0d4629ff6d6ca422178dc66a21eea0dfb182e72c,0x55d398326f99059ff775485246999027b3197955,18,18,25,0,0,1231
0x21454a4856954cd287f8f78d5f6dc1c792e87cca,3,0x55d398326f99059ff775485246999027b3197955,0xdf29fce9c0534dcc1c6d9982603f4fa0740b4444,18,18,25,0,0,1232
0x6fe69c7699608d9888aec050c263f39806a41a03,3,0x55d398326f99059ff775485246999027b3197955,0xe9c133d3d94263c7ac7b848168138d7cf2ceba14,18,18,25,0,0,1233
0xf2ae7ee648600ef6ba8759a18b9947e0be98cf27,3,0xbb4cdb9cbd36b01bd1cbaebf2de08d9173bc095c,0xd8f61cdeca41def1a7923f308a042f678109f54b,18,18,25,0,0,1234
0xcbd672cd0c8e878f9add55bb64666d32bb824cb3,3,0x3cd82b316bce3cccbb2a1ca3741a4603b8febffa,0xbb4cdb9cbd36b01bd1cbaebf2de08d9173bc095c,18,18,25,0,0,1235
0x369afe013e7f1f847615b51cd646853de12f29fc,3,0x8424b4c691473c873067b65d5f40f3ff0bf7463e,0xbb4cdb9cbd36b01bd1cbaebf2de08d9173bc095c,18,18,25,0,0,1236
0x7f7296a9b85b996b0e58f6e6264b3d5d64f6daf0,3,0x02030d968558fd429eafa6e5b0c7a95a4903233b,0x55d398326f99059ff775485246999027b3197955,18,18,25,0,0,1237
0x4cc6716b15c530647c5103e0beff457c309fac0b,3,0x352824407074ea155a6b255546d50b741994c300,0x55d398326f99059ff775485246999027b3197955,18,18,25,0,0,1238
0x06d2cff095a12d488495b233c1bb2e91a7287b60,3,0x76e4432aea80f15d556e5a4e7bc388defd327777,0xbb4cdb9cbd36b01bd1cbaebf2de08d9173bc095c,18,18,25,0,0,1239
0x535f47600d6d2b5845bc93c90b1304d01cd98203,3,0x9efafaa23ce61c389854db226db36d28f8891e30,0xbb4cdb9cbd36b01bd1cbaebf2de08d9173bc095c,18,18,25,0,0,1240
0x41b67b278896418130d3cb7a2bda3572c00c0bf6,3,0x44448367f79bdf56b812a9d5e0eed19e9fea9b7a,0xbb4cdb9cbd36b01bd1cbaebf2de08d9173bc095c,18,18,25,0,0,1241
0x57c5c3264d60f7bc34b3862e5f26e69b175be9ff,3,0xb8580ed43a4a525ad35cd23c8fe9b726f292b480,0xbb4cdb9cbd36b01bd1cbaebf2de08d9173bc095c,18,18,25,0,0,1242
0xce93115f8c1b3d271114fd7a3c648a07b199320f,3,0x55d398326f99059ff775485246999027b3197955,0x93820ad97affdc046228663ab3a1912d51e5a071,18,18,25,0,0,1243
0x243638864e9c0fc9df620124108650e9c4d1ed5a,3,0xbb4cdb9cbd36b01bd1cbaebf2de08d9173bc095c,0xbc9bb68c561a1ff1b3fbc954fcead1d4862ac5cf,18,18,25,0,0,1244
0xe80f7bd16925af6b254a9866c36f3db2175f3f2a,3,0x60f16960a03040ae9095f64be429cb5508604444,0xbb4cdb9cbd36b01bd1cbaebf2de08d9173bc095c,18,18,25,0,0,1245
0x33e4fd6701a2bd20d23e01511003906c0c022f55,3,0x109e9f6c41d2b3fbbe0889dc94a6bdba6c918164,0xbb4cdb9cbd36b01bd1cbaebf2de08d9173bc095c,18,18,25,0,0,1246
0x97d56ef01dbfc661fcd3a4a0d0fd7d834fee1ca6,3,0xaffbf5d4693c93f23c35a08e31439ea53d952351,0xbb4cdb9cbd36b01bd1cbaebf2de08d9173bc095c,18,18,25,0,0,1247
0x73445f587ea6e9f7d4caff0ad34ebe70824368c1,3,0x4a7921a85e9ad2aad0e50cc0f7259ebb64176eb6,0xbb4cdb9cbd36b01bd1cbaebf2de08d9173bc095c,18,18,25,0,0,1248
0x1297b16344cfac1586a595450a5fb6a5c5f29e73,3,0x81e5174b44f8d08c6e121caf9a1e99d600833214,0xbb4cdb9cbd36b01bd1cbaebf2de08d9173bc095c,18,18,25,0,0,1249
0x0196ef0cc55d7ae288baee6f6a62954d94c4c94f,3,0x311e85452ec46d03d056317b979d444ea717dc7e,0xbb4cdb9cbd36b01bd1cbaebf2de08d9173bc095c,18,18,25,0,0,1250
0x4b8e36ed938fbd28803d634269361bc8ea36408a,3,0xbb4cdb9cbd36b01bd1cbaebf2de08d9173bc095c,0xe3a3db33b9d4e90f7e7c8a08edc3a7bc1e2ac5cb,18,18,25,0,0,1251
0xe504a77f5a2c349cbcb9dafb6949297d44fafcba,3,0xbb4cdb9cbd36b01bd1cbaebf2de08d9173bc095c,0xe87e15b9c7d989474cb6d8c56b3db4efad5b21e8,18,18,25,0,0,1252
0x60e1687fd240f0db0a693bc1cac322e5b3dfa986,3,0xa1dd29e09a00ebad7e8db0a33ed52e72b0fd7777,0xbb4cdb9cbd36b01bd1cbaebf2de08d9173bc095c,18,18,25,0,0,1253
0x065e800b129cba16213ace8595979d3b1d31f061,3,0x5367e477d3da4df3dd0a97f020fd223b734b05f1,0x55d398326f99059ff775485246999027b3197955,18,18,25,0,0,1254
0xb9b540661a362a7e4eaf17084b2430a1782a9249,3,0x55d398326f99059ff775485246999027b3197955,0x59c6833917d65f0e4800fc0bfb0b7a1584a965bc,18,18,25,0,0,1255
0x31464c7648f913d16194e06d9aadd2e490a42a62,3,0x1b625b0d5ab6cca6f0a66763c199b370ad9220a3,0xbb4cdb9cbd36b01bd1cbaebf2de08d9173bc095c,18,18,25,0,0,1256
0x56d71e864b96f9b1516a8a3dadc757fa0b3ccfa8,3,0x4358380b15fbf19d3d12dc73f1be133e924a7777,0xbb4cdb9cbd36b01bd1cbaebf2de08d9173bc095c,18,18,25,0,0,1257
0x2398e858ac6ad9dea4496bc6ecacea4ce77cc67e,3,0x55d398326f99059ff775485246999027b3197955,0xcf4907621f0d9803c7288423b4303226b696b533,18,18,25,0,0,1258
0x3d2d3c07b384a98c0538ebe8159345ad0fd926f6,3,0x44444e15232ff6dfed49b550d672707a283b3910,0xbb4cdb9cbd36b01bd1cbaebf2de08d9173bc095c,18,18,25,0,0,1259
0x16e07f35315ac0d5b9639a34392b03d99523e740,3,0x55d398326f99059ff775485246999027b3197955,0xb324335cce5bcc18c65be7537e597073da0c1688,18,18,25,0,0,1260
0x3a0ca6a1fdca06ca78699ae53382ff0df6e4806f,3,0x55d398326f99059ff775485246999027b3197955,0x69635f1c95896622ee493e1bfc28b99973d42b2d,18,18,25,0,0,1261
0x48d807e5cb92617953a88cce78dcf31012f4d6b6,3,0xbb4cdb9cbd36b01bd1cbaebf2de08d9173bc095c,0xe9c803f48dffe50180bd5b01dc04da939e3445fc,18,18,25,0,0,1262
0x1599bac26b5d07ed20b5bd87fa69ec92f4d01371,3,0xbb4cdb9cbd36b01bd1cbaebf2de08d9173bc095c,0xd533fa739d24871108cd868064b71d9c705a5126,18,18,25,0,0,1263
0xa74688675add1f17581f2d695c08bffc90797879,3,0x2e42c9eac96833c6e16dc71c743cecc114ccd7e3,0xbb4cdb9cbd36b01bd1cbaebf2de08d9173bc095c,18,18,25,0,0,1264
0x5b0d9cae742d684cdbfce825935ad3ec4008c384,3,0x55d398326f99059ff775485246999027b3197955,0xa7266989b0df675cc8257d53b6bc1358faf6626a,18,18,25,0,0,1265
0x941530c2b61291a329351d1f1e45e1c3032f32a5,3,0xbb4cdb9cbd36b01bd1cbaebf2de08d9173bc095c,0xe82d5e015713ea2bd14b30377350626ec5172a9e,18,18,25,0,0,1266
0xc520e73801bcbcd45b45280861aef4fc4f747302,3,0x3bc8a5785abc4760ec751777d4b0c18dca0454e2,0x55d398326f99059ff775485246999027b3197955,18,18,25,0,0,1267
0xe15971a239c93d030e76bc4f26889d3896235c5d,3,0x55d398326f99059ff775485246999027b3197955,0x8566d939385129ea273d002d2389852d02b42026,18,18,25,0,0,1268
0xe74e5729329350df58a3ce7e7997b1728d8fc0b1,3,0x4bf25b791f825e37f89d76a78523c5d66d8bc7ed,0x55d398326f99059ff775485246999027b3197955,18,18,25,0,0,1269
0xcad0a1c3f68a0527b5808505a911a582dc0c279f,3,0x00919757790af3ca2ee7c89f2f65cb579b12ffff,0xbb4cdb9cbd36b01bd1cbaebf2de08d9173bc095c,18,18,25,0,0,1270
0x4362dd7bdc82e313998bf8f15b7f1eb60343d730,3,0xbb4cdb9cbd36b01bd1cbaebf2de08d9173bc095c,0xd88a2defe8312bdd5fe3523722a5a1a97f89c848,18,18,25,0,0,1271
0x01e183d12cebb26ea152bde29a63785aacd1c4b3,3,0xbb4cdb9cbd36b01bd1cbaebf2de08d9173bc095c,0xccf7a903d2f6126e17f0624a351d457ef49cb79d,18,18,25,0,0,1272
0x9a41dfad0c53ad3215fbe2b56b62c4a1aaa5847d,3,0x55d398326f99059ff775485246999027b3197955,0xfbb3d214b615950c6971fd3593ef95a242b37b67,18,18,25,0,0,1273
0x6394693d4b55f59f4c8d791edd5432fae54a3e7b,3,0x86a53fcd199212fea44fa7e16eb1f28812be911d,0xbb4cdb9cbd36b01bd1cbaebf2de08d9173bc095c,18,18,25,0,0,1274
0x5afb879a12fc7aa1c069e748d1791967fcb88430,3,0x55d398326f99059ff775485246999027b3197955,0x7ceb1bcb473385ef31fd3c37055cf95992fe79d5,18,18,25,0,0,1275
0xf70eefc3b73ad1cbb9376a5f4aa53b6b9bff6db4,3,0xaafdfa264797a49b937e33bcf18296d336cfceea,0xbb4cdb9cbd36b01bd1cbaebf2de08d9173bc095c,18,18,25,0,0,1276
0x5b7e72a8ab57a0c743ab2613a51aebf36ff1843a,3,0xbb4cdb9cbd36b01bd1cbaebf2de08d9173bc095c,0xf19daceb58a3a07e07214c4d32c01bf616e0dced,18,18,25,0,0,1277
0x464fc57429b7773263f51d76d3d8d60c3a247a5c,3,0x55d398326f99059ff775485246999027b3197955,0x57cc38c2592eb9691222984a285474d159bdf67f,18,18,25,0,0,1278
0x597d9816ddb9624824591360180a70be6fd26182,3,0x55d398326f99059ff775485246999027b3197955,0x89f4e8011c35831130c4c3ab95e53de9411d2fcc,18,18,25,0,0,1279
0x3ae9dc6e37bb97d88e815b0683a03751e0748d0b,3,0x323232382a94dc22642350c7dd4320b28e6e7564,0xbb4cdb9cbd36b01bd1cbaebf2de08d9173bc095c,18,18,25,0,0,1280
0x1df65d3a75aecd000a9c17c97e99993af01dbcd1,3,0xbb4cdb9cbd36b01bd1cbaebf2de08d9173bc095c,0xe53d384cf33294c1882227ae4f90d64cf2a5db70,18,6,25,0,0,1281
0x4bdece4e422fa015336234e4fc4d39ae6dd75b01,3,0x2466858ab5edad0bb597fe9f008f568b00d25fe3,0xbb4cdb9cbd36b01bd1cbaebf2de08d9173bc095c,18,18,25,0,0,1282
0x7e924193a07f18fbaf6b481c45ebb943c31f41f6,3,0x55d398326f99059ff775485246999027b3197955,0xfd15f6884d369961938dd02e934f917f6a594444,18,18,25,0,0,1283
0x397a65f1e175e9d6a52de9bfa1a6af39d3adbccf,3,0x55d398326f99059ff775485246999027b3197955,0xe4f1ae07760b985d1a94c6e5fb1589afaf44918c,18,18,25,0,0,1284
0x6a6a4477ac8da669f091a42b8bf1caba20be5f43,3,0x55d398326f99059ff775485246999027b3197955,0xa3151d727eaff706f2480a120a71eb8af626a722,18,18,25,0,0,1285
0x26ff3b9129c060f821d9d282f71b8514a0972644,3,0xbb4cdb9cbd36b01bd1cbaebf2de08d9173bc095c,0xee6eff5854cb50b344e495728ef188fad4fa7777,18,18,25,0,0,1286
0x0d75f9d5ff45b5b72a44d980b2e8ba7e8e2dab87,3,0x73ee71cb9f0276f093f113c94c084a7a58ffd1e9,0xbb4cdb9cbd36b01bd1cbaebf2de08d9173bc095c,18,18,25,0,0,1287
0x86213ec713bc32dccac12413a49aaf1419faaf4f,3,0x599beec263fa6ea35055011967597b259fc012a4,0xbb4cdb9cbd36b01bd1cbaebf2de08d9173bc095c,18,18,25,0,0,1288
0x3bbc2682c7f24e552e4536692239270669790418,3,0xbb4cdb9cbd36b01bd1cbaebf2de08d9173bc095c,0xce1b3e5087e8215876af976032382dd338cf8401,18,18,25,0,0,1289
0xafc2f80cf718a19645423ea9598c142660b0a2aa,3,0x9301e20d79c01d61f81bc9a8a73d5c58f4c9b7db,0xbb4cdb9cbd36b01bd1cbaebf2de08d9173bc095c,18,18,25,0,0,1290
0x23d24bcf07f61c89fd93d9ea39defe71ec84d630,3,0x3eee8930bb1d9acf6f16e2adc226a5133d7fee2e,0x55d398326f99059ff775485246999027b3197955,18,18,25,0,0,1291
0xb1d706a100c315f90ecf8d51aa384486f62a2022,3,0x059659b0b8a57db04981d183dfa8b528a6fa53c2,0xbb4cdb9cbd36b01bd1cbaebf2de08d9173bc095c,18,18,25,0,0,1292
0x14a101fc28e647bc2ce9a3f62c4e5804c9d2bcd9,3,0x26740be159dc0a11ce53e32f530f056d4b205c0c,0xbb4cdb9cbd36b01bd1cbaebf2de08d9173bc095c,18,18,25,0,0,1293
0x3bbb016c926ff12278dbec8e77053e8663328d50,3,0x4912034f6a34fb6a1b99d83b11c8ab8058607d71,0xbb4cdb9cbd36b01bd1cbaebf2de08d9173bc095c,18,18,25,0,0,1294
0x5eb283231815c0253f44a7bc4cf9a1e01c55ef72,3,0x55d398326f99059ff775485246999027b3197955,0x925fc4142cd819f79d980ade0c744c5359dd348d,18,18,25,0,0,1295
0x806300897d743630d6861b3c8206d907edcb69a2,3,0xa418be5a0d7c3d6faa347e2b86e3565b972e7308,0xbb4cdb9cbd36b01bd1cbaebf2de08d9173bc095c,18,18,25,0,0,1296
0x31f10ff537df723225b1b609f47da54be33a2bba,3,0x19263f2b4693da0991c4df046e4baa5386f5735e,0xbb4cdb9cbd36b01bd1cbaebf2de08d9173bc095c,18,18,25,0,0,1297
0x2bb3bc19a8bebb5852096a90a75e2d160681826d,3,0x55d398326f99059ff775485246999027b3197955,0xc7ab2c545aa6f0ce5571120f84a9abbc9f4736db,18,8,25,0,0,1298
0xa29f127486b7922ba85ca3a643b45a9c16d2fe58,3,0x0b69833f9f43a5a9cd92d853fddf13f61f514b54,0xbb4cdb9cbd36b01bd1cbaebf2de08d9173bc095c,18,18,25,0,0,1299
0x31ebd1337ba691874f71c5389cd7272ebc05cbad,3,0x55d398326f99059ff775485246999027b3197955,0xaf6bd7085836fcd843884ad0c292c09fe17d72b6,18,18,25,0,0,1300
0xa8cc356016609d6604e778229e9e87f8e5631448,3,0x525f77e01825c67266dafe7387e8fa710c888888,0x55d398326f99059ff775485246999027b3197955,18,18,25,0,0,1301
0x5c4744ab9e9fec921b74a958b92c1f182f7ca54a,3,0x55d398326f99059ff775485246999027b3197955,0x567fd5658f48c1c826a912ea1ba37696a6b32006,18,18,25,0,0,1302
0x7b639aac14156e6119f7f6b11c9dc7c9a7758f4f,3,0x55d398326f99059ff775485246999027b3197955,0xe356337a72d4990a3cfd4d13367659f14f304545,18,18,25,0,0,1303
0x24a096598f0cea56dd30cefd601acbbeb79da9c4,3,0x5d4dfa7c368aa0bdd091a4841f22dd3b0525ca27,0xbb4cdb9cbd36b01bd1cbaebf2de08d9173bc095c,18,18,25,0,0,1304
0x04e6e5b51d2b5d8bc23afa938f71b50a14ba644a,3,0x6e0c46ec78525c4b238929265dfb61769823fb20,0xbb4cdb9cbd36b01bd1cbaebf2de08d9173bc095c,18,18,25,0,0,1305
0xf69760e797a7ccb8dde867ced92c32ee92b9e78b,3,0x55d398326f99059ff775485246999027b3197955,0x9521728bf66a867bc65a93ece4a543d817871eb7,18,18,25,0,0,1306
0x0c3003431a0e63acafbb7663480ffd041e1b732d,3,0x8905b5cf296c9d32b010b7f4d80923d393d87fa5,0xbb4cdb9cbd36b01bd1cbaebf2de08d9173bc095c,18,18,25,0,0,1307
0x2f308f3c6994fc1ed690a318f07d67564dcc5aab,3,0x5f1b95784a033cd6842cf26eb9a9687f91ad9e78,0xbb4cdb9cbd36b01bd1cbaebf2de08d9173bc095c,18,18,25,0,0,1308
0x099ebbb1341fd130226531651ee655304b5dc611,3,0x319b7525f671b489d7108c712a35bcd55ddb3f3b,0x55d398326f99059ff775485246999027b3197955,18,18,25,0,0,1309
0x98121ebbffe831ee3a0dac0afdef9a8c02fe823b,3,0x55d398326f99059ff775485246999027b3197955,0xf8e8391bf7383de5e710edd7b455841ee1982026,18,18,25,0,0,1310
0x765858d29c0f18469f48eaf708efc69f75a68628,3,0xbb4cdb9cbd36b01bd1cbaebf2de08d9173bc095c,0xf8b03a8eaf8398ffe8f2a2848478de57a41b4444,18,18,25,0,0,1311
0x60420144f0aff350e16b201cd76b556774f9f8b5,3,0x19e3cad0891595d27a501301a075eb680a4348b6,0xbb4cdb9cbd36b01bd1cbaebf2de08d9173bc095c,18,18,25,0,0,1312
0x3f8db1331ce8ceb46146a47baeb8b64b6d94589f,3,0x487a7a9e0b50ca5a4d605373ea93e898874c38e8,0x55d398326f99059ff775485246999027b3197955,18,18,25,0,0,1313
0xb88357f5d7e27125a42888d66662c415c556a1b7,3,0xa30d02c5cdb6a76e47ea0d65f369fd39618541fe,0xbb4cdb9cbd36b01bd1cbaebf2de08d9173bc095c,18,18,25,0,0,1314
0xa011bf19a3043df1cbd2bee5a1a5e42a30e1168a,3,0x5ffc02901b45489aba023f4ed081d0fad9a9d3d9,0xbb4cdb9cbd36b01bd1cbaebf2de08d9173bc095c,18,18,25,0,0,1315
0x9337a38cb850b18e97e017d2b95e985a523a86db,3,0x55d398326f99059ff775485246999027b3197955,0xaaac7c0336ecb6c74ca4db60aba3f7d64acaaed3,18,18,25,0,0,1316
0x6e0e7c7ab880ffc116b888029ccd02f1ff421412,3,0x55d398326f99059ff775485246999027b3197955,0xd1ac46e77a35ac8dbcd6b25e28c55bc110191e29,18,18,25,0,0,1317
0x8a71e31fd7259b52b5b59317da8a45d3612ed42b,3,0x000ae314e2a2172a039b26378814c252734f556a,0xbb4cdb9cbd36b01bd1cbaebf2de08d9173bc095c,18,18,25,0,0,1318
0xee4d3ae02d56cd9285419c21bdea455c4431b0aa,3,0xbb4cdb9cbd36b01bd1cbaebf2de08d9173bc095c,0xe9f6cec1aaef2c0b0e15c50d05878adf85823f0c,18,18,25,0,0,1319
0x49e6b169b1042fd210248be252a69245be282c9a,3,0x3f8a14f5a3ee2f4a3ed61ccf5eea3c9535c090c8,0xbb4cdb9cbd36b01bd1cbaebf2de08d9173bc095c,18,18,25,0,0,1320
0x3407e13d31b11769c0c6cca38037d2b388ae4ae3,3,0x8918bb91882ce41d9d9892246e4b56e4571a9fd5,0xbb4cdb9cbd36b01bd1cbaebf2de08d9173bc095c,18,18,25,0,0,1321
0x5c7f3aaba7943d90f10166ed53f9179ce7d8d989,3,0x55d398326f99059ff775485246999027b3197955,0xe7875e08e3c85dd49d4ff52a7d4c3a9c75c8a6a1,18,18,25,0,0,1322
0x6f65672cd98dbabafe39a97f9a4c8c63a7fbfa0b,3,0xaf13c431d8d8bcc1bc2a6617f638c345c4005ea5,0xbb4cdb9cbd36b01bd1cbaebf2de08d9173bc095c,18,18,25,0,0,1323
0x052132de9e9d6aac2d80cdc0164fbe80ead50492,3,0x55d398326f99059ff775485246999027b3197955,0x649b3b88c6abe5a50bfac307fb1fd3dc6d200000,18,18,25,0,0,1324
0xfac766f773b518184774d8d63675b3af5e3dd6ba,3,0xbb4cdb9cbd36b01bd1cbaebf2de08d9173bc095c,0xc90166c89dcc26b88ba0de568ffad9c38346a9ad,18,18,25,0,0,1325
0x3b55bef5584713f6ed4c8e5e59102940b168c0a0,3,0x55d398326f99059ff775485246999027b3197955,0x9eb026b4861b679e2c6653389868ace280985f4b,18,18,25,0,0,1326
0xb221aa58deaad1ed433450ddc1d6fe79a5080775,3,0x55d398326f99059ff775485246999027b3197955,0xe85562c6ff86a8ff0268222aff0205a26d37d68e,18,18,25,0,0,1327
0x3fb910f48b36e692740de377652a034a8448b753,3,0x152ad7dc399269fa65d19bd7a790ea8aa5b23dad,0x55d398326f99059ff775485246999027b3197955,18,18,25,0,0,1328
0x87776c4cb2e988ab5512d7db28a41bc18c56fdb3,3,0x55d398326f99059ff775485246999027b3197955,0xd54753a8ba9ace853bac404f36fcbc8aae52a854,18,6,25,0,0,1329
0x10ed2b754db5d6763d7c95a905e12309d9f783a3,3,0x55d398326f99059ff775485246999027b3197955,0xb79c66fbb8bfe90a9e69d8250441c8db363c40f2,18,18,25,0,0,1330
0x6da6c5d4cd92f39f2d9c2d3e88c55fdaeb892a8f,3,0x15c5be2f72d2f8211ca1cf3d29f058f2b844ffc6,0xbb4cdb9cbd36b01bd1cbaebf2de08d9173bc095c,18,18,25,0,0,1331
0x007a0788b5df7136b997c91d60223d5ba76e231e,3,0x30feeddc925b4b1d6dcbf94e29ea78177ce77148,0xbb4cdb9cbd36b01bd1cbaebf2de08d9173bc095c,18,18,25,0,0,1332
0xc0ecbb1c1c0e0b55bc665deb1b903aa3674222c6,3,0x55d398326f99059ff775485246999027b3197955,0xc1dfcfffd17b0b8276df2531b59ff0d84397475e,18,18,25,0,0,1333
0xa272c1f88682a995aa82021c0ac97752c073a4a2,3,0x5a2cb99047f4aeb8c68710a738f41af1350b4087,0xbb4cdb9cbd36b01bd1cbaebf2de08d9173bc095c,18,18,25,0,0,1334
0x7ba0bf9c491e62f51a223497d4cfb533565ed9ec,3,0x4444140f59535d58b165f71667765228d9308f3f,0xbb4cdb9cbd36b01bd1cbaebf2de08d9173bc095c,18,18,25,0,0,1335
0x48b35670e77c1ca7507ccdee8e40713b6825a471,3,0x3374bdb800708d1b3173eac918c58d766c7ddd28,0x55d398326f99059ff775485246999027b3197955,8,18,25,0,0,1336
0x15e8b285434da41e67cf55cc86a75126135310e7,3,0x277ec8feb77ad8c436fef4f5460d65ba1dc250ce,0xbb4cdb9cbd36b01bd1cbaebf2de08d9173bc095c,18,18,25,0,0,1337
0x468ab88634c3ef291405adb795f29db7487c0f91,3,0x55d398326f99059ff775485246999027b3197955,0x8188a5de7242f1bd2df5770d4dec05ee48f24444,18,18,25,0,0,1338
0xc283660596f9b60a37e5475dfff6d49134bbe7b6,3,0x55d398326f99059ff775485246999027b3197955,0xae0af7ac715050d219a6719c02445449cc3c11e2,18,18,25,0,0,1339
0x850e4de3d117536033e061765367c7dc938e6fe0,3,0x91278fd0bf3e725af1cf1b6a8b9b7f49dddd7777,0xbb4cdb9cbd36b01bd1cbaebf2de08d9173bc095c,18,18,25,0,0,1340
0x381e049b31dafb188e843296208b426e1d86b43c,3,0x68449870eea84453044bd430822827e21fd8f101,0xbb4cdb9cbd36b01bd1cbaebf2de08d9173bc095c,18,18,25,0,0,1341
0x0e1daf63f3963c1b55ea395593c998e5f47496f8,3,0x2951f50a55d31f3c325c2da0666ab9b116627215,0xbb4cdb9cbd36b01bd1cbaebf2de08d9173bc095c,8,18,25,0,0,1342
0x6229787b1da1ac88447dc008ce34cf83b388cb7f,3,0xbb4cdb9cbd36b01bd1cbaebf2de08d9173bc095c,0xd1c9a0c574d989a130536baad5102c35f815eed6,18,18,25,0,0,1343
0xeca67e167d0ddd6dc586494305b1ec68b978cd5b,3,0xbb4cdb9cbd36b01bd1cbaebf2de08d9173bc095c,0xebd9266f2bddb450fa19e85327f6fa84fb148b31,18,18,25,0,0,1344
0x34062d810fe9f2e09bb4b1c9f7ed727095ca7cee,3,0x7130d2a12b9bcbfae4f2634d864a1ee1ce3ead9c,0x7423fcb6ef55a75507fd170d0932f4455aa02622,18,18,25,0,0,1345
0x43b952bbad65a145767706d3aa42efd5f7b20430,3,0x4444e0678cf275b07c4183766a5fb4388f43482d,0xbb4cdb9cbd36b01bd1cbaebf2de08d9173bc095c,18,18,25,0,0,1346
0xa1e68f70ac1e4b06502823d547c59ea5d1ae3100,3,0xbb4cdb9cbd36b01bd1cbaebf2de08d9173bc095c,0xf2d6dfe55e619c2097a1b094a2d12ecf4a2e7cf6,18,18,25,0,0,1347
0x1c05535c3f51b6c4eb3ab86cd3b8be64271b2564,3,0xbb4cdb9cbd36b01bd1cbaebf2de08d9173bc095c,0xbb78cd9d658201119a78395de350e3f531c12273,18,18,25,0,0,1348
0x95099b0e09ab9efc9ee745d0d63e49c344bad012,3,0x55d398326f99059ff775485246999027b3197955,0xe0b8304a0a1a6154627622d23b42e15d3cbf1931,18,18,25,0,0,1349
0x99f71667fc4c1512f140a199e70e8cb46e955aac,3,0x55d398326f99059ff775485246999027b3197955,0x82571c9b6099c376ea34c9ceb246ff06c663c800,18,18,25,0,0,1350
0x9f740d1a0067f5ca62565dd9e68976c641d3bc0c,3,0x55d398326f99059ff775485246999027b3197955,0x89c48fe146aff05571a7443f82b5471483671465,18,18,25,0,0,1351
0xb3e6d15e01bd555083be4fd9a60cc1adb921319f,3,0x55d398326f99059ff775485246999027b3197955,0x7f61fe59364ab6494f3528e37dc85fc77cb96a3a,18,18,25,0,0,1352
0xff3cbec7633529569d634e3b2b655c02d9382266,3,0x55d398326f99059ff775485246999027b3197955,0x68c132e515d63a41929528b4f40f3a8099771885,18,18,25,0,0,1353
0x640986f43f793bef4be08f01917fdfa556a4aa9c,3,0x535e67270f4feb15bffbfe86fee308b81799a7a5,0xbb4cdb9cbd36b01bd1cbaebf2de08d9173bc095c,18,18,25,0,0,1354
0x5c0ca456190f2bdba165872bb1fe3e57dd48af70,3,0x099ea74ed0a30f6dcc5c7d5630ece2ab5d147812,0x55d398326f99059ff775485246999027b3197955,18,18,25,0,0,1355
0x851f4f26961fa5c23f9386eba63d8f69eee565b3,3,0x6dc3d0d6ec970bf5522611d8eff127145d02b675,0xbb4cdb9cbd36b01bd1cbaebf2de08d9173bc095c,18,18,25,0,0,1356
0xc479bc1013ec40315e80ad814cdc1d7d2241f766,3,0x1c45366641014069114c78962bdc371f534bc81c,0xbb4cdb9cbd36b01bd1cbaebf2de08d9173bc095c,18,18,25,0,0,1357
0xd16e57367519ead068cfcde7cf3b95a03994ace7,3,0xb4404dab7c0ec48b428cf37dec7fb628bcc41b36,0xbb4cdb9cbd36b01bd1cbaebf2de08d9173bc095c,18,18,25,0,0,1358
0x4f39b9bf4092f3418ef34b59f3e2f2d063252614,3,0xbb4cdb9cbd36b01bd1cbaebf2de08d9173bc095c,0xd9059e4597ba1f88c30a0ea607a6b001aa324353,18,18,25,0,0,1359
0x607539926269f88eb03ccf0394e83fb328b2fe12,3,0x1d61d2616464f9a227d05dded4f586697fe6fe77,0xbb4cdb9cbd36b01bd1cbaebf2de08d9173bc095c,18,18,25,0,0,1360
0xd25f7a409d60a5dccc9fc37c5ad7d8e55f71b410,3,0x4232c77eed9327cd9f884e79495e85c989666666,0x55d398326f99059ff775485246999027b3197955,18,18,25,0,0,1361
0xd23131922873e398c668253bb61ed3dce7529f50,3,0xbb4cdb9cbd36b01bd1cbaebf2de08d9173bc095c,0xbeb77c2c80c453b2f77db1e6f7002ca9b5c4a358,18,18,25,0,0,1362
0x0b2fb74c2eddf44ba5a16afedfc2dacbc6f2893b,3,0x55d398326f99059ff775485246999027b3197955,0x8437100ed18dbea089e0fa3caaae7f6f40e4a05c,18,18,25,0,0,1363
0x4daea83688151c11a8fa00255de9942ea00142d5,3,0xbb4cdb9cbd36b01bd1cbaebf2de08d9173bc095c,0xdd325b4501de2ca0c1e19c5994acf808708d463f,18,18,25,0,0,1364
0x83d5475bc3bfa08ac3d82ba54b4f86afc5444398,3,0x55d398326f99059ff775485246999027b3197955,0xeac9873291ddaca754ea5642114151f3035c67a2,18,18,25,0,0,1365
0xebb053ea164285e3fd74cb4696e13b69699b0c5b,3,0xbb4cdb9cbd36b01bd1cbaebf2de08d9173bc095c,0xdedb4ae20aebd3db93abc029ec47870d8b36ee5f,18,18,25,0,0,1366
0x3b6dc65b47091fe353445bfd813d9854883d4a04,3,0xd52efe1039d706722b3d696e74ad4095dc3d3860,0xe9e7cea3dedca5984780bafc599bd69add087d56,18,18,25,0,0,1367
0x01b617a04d45f250c59e8e649c4678978c8a8cb5,3,0xbb4cdb9cbd36b01bd1cbaebf2de08d9173bc095c,0xe71f55571d3009e63b7804e2411cdfec33ef7785,18,18,25,0,0,1368
0x466c4429fc8a51313426993854cf79ec8380be15,3,0x55d398326f99059ff775485246999027b3197955,0xb11ec29be152501ed3a6f061db992647aaa8006e,18,18,25,0,0,1369
0x5b00ddc56675a3d493a8f4785f89d3d3787106bb,3,0x44a2d1429a13e806be325192f3d2aaabccc48511,0xbb4cdb9cbd36b01bd1cbaebf2de08d9173bc095c,18,18,25,0,0,1370
0xfd91166ebe444bba23c4d0a3af456b73ee480c4b,3,0xbbc29198037cc76634a1c8bea110facb53d1eb2c,0xe9e7cea3dedca5984780bafc599bd69add087d56,18,18,25,0,0,1371
0x19775ccdfb5536380d70cd6fe5a2df12e4c49f87,3,0x55d398326f99059ff775485246999027b3197955,0x92e8401a353bbf5b49b2eb99f22900ac04f57777,18,18,25,0,0,1372
0x7394c9807af3f1349fab92bf15e58d7d3da66c5d,3,0xbb4cdb9cbd36b01bd1cbaebf2de08d9173bc095c,0xce52cbbb1400c21c1af678a6935ac8876f322f81,18,18,25,0,0,1373
0x0bfbaa57a45e21baa1272befff6286cac2add3a1,3,0xbb4cdb9cbd36b01bd1cbaebf2de08d9173bc095c,0xf1e083a825db31c844b8b6be0b16a43fd523ca9c,18,18,25,0,0,1374
0x8060aa6045fd4f1757e1ad40c11002741f380519,3,0x970638acc65644c5ff7200dd184192523e44ffff,0xbb4cdb9cbd36b01bd1cbaebf2de08d9173bc095c,18,18,25,0,0,1375
0x3b1be589e16a1c1f09f554a2339d65ce30125210,3,0xbb4cdb9cbd36b01bd1cbaebf2de08d9173bc095c,0xe9c64384deb0c2bf06d991a8d708c77eb545e3d5,18,18,25,0,0,1376
0x17f37da3568bc6fc3e23a024eb4cc62b74295fc4,3,0x1e2d9f6a71857853f414bf799415b5e56c19def3,0xbb4cdb9cbd36b01bd1cbaebf2de08d9173bc095c,18,18,25,0,0,1377
0x913a16d908c8b028dcae70c3316a9a5304d856cc,3,0xbb4cdb9cbd36b01bd1cbaebf2de08d9173bc095c,0xcc780503e290274cfa8da085528067e259df58f0,18,18,25,0,0,1378
0xa0c9b8e117faa61d16664a7abbc7c90fe0347e5c,3,0x3faa71a370f51ffee07bfd1a722d7c03dc170dee,0x55d398326f99059ff775485246999027b3197955,18,18,25,0,0,1379
0x580f5801fe978865f0265a0b45035b14e4e26f6a,3,0x11ac6af070fe1991a457c56fb85c577efe57f0e4,0xbb4cdb9cbd36b01bd1cbaebf2de08d9173bc095c,18,18,25,0,0,1380
0x24458af391fe5243f54146ac13e1f99431f1a505,3,0x45a78c6ccf949119d76e5cf1052ea3793718fe93,0x55d398326f99059ff775485246999027b3197955,18,18,25,0,0,1381
0xae5f88720bd82e73357aed90ef5d66c9ab110dd8,3,0x5b8650cd999b23cf39ab12e3213fbc8709c7f5cb,0xbb4cdb9cbd36b01bd1cbaebf2de08d9173bc095c,18,18,25,0,0,1382
0xa1045c042974aa4574cf563a0d2779cf734fc5b8,3,0x52df8ef024f2f43217006d3577ad4eba1c361868,0x55d398326f99059ff775485246999027b3197955,18,18,25,0,0,1383
0xbe9407d507e59eeec20374d371021a7360302810,3,0xbb4cdb9cbd36b01bd1cbaebf2de08d9173bc095c,0xe6df015f66653ece085a5fbba8d42c356114ce4f,18,18,25,0,0,1384
0x89cd21b0c2125d6b87a35ecbc0ff07834e3c52e8,3,0x88803312628fd21542f706b0c7dc8495c1c10b2e,0xbb4cdb9cbd36b01bd1cbaebf2de08d9173bc095c,18,18,25,0,0,1385
0xdcae891d30d859e22db2d2ef44210f80ffc654db,3,0x55d398326f99059ff775485246999027b3197955,0xfe0aa5b068406bd948d70d22dfed21e510d3b8f6,18,18,25,0,0,1386
0xdd038bccce88724358db86f917010aa85bcd31af,3,0x3276d638636206e49eb4b53e51866386a37f4444,0x55d398326f99059ff775485246999027b3197955,18,18,25,0,0,1387
0x73bed25eaf0626c5eb763d75c0b0499054d2ca5f,3,0x6c546399b7808ce5d75ca77aa0da9489627bad7e,0xbb4cdb9cbd36b01bd1cbaebf2de08d9173bc095c,18,18,25,0,0,1388
0x600be958d566dc23c530bd3d499e87dd48368c9f,3,0xbb4cdb9cbd36b01bd1cbaebf2de08d9173bc095c,0xe2c89b590221693afda0e6dcd3f54bdf91e77a93,18,18,25,0,0,1389
0xfc88537cca8ef3c2d65aca1e01c29e883435f83e,3,0x08a5ffa7278ea4f5c2df02819edac856acc32734,0x55d398326f99059ff775485246999027b3197955,18,18,25,0,0,1390
0xaf0652784db413df8195f4602db484a1f5b8e89c,3,0x247f7ad24a2a21ba3ae475fb0114528c916ea3e4,0xbb4cdb9cbd36b01bd1cbaebf2de08d9173bc095c,18,18,25,0,0,1391
0xe23f76812e2b274b17cec65f6b052a9646df5d17,3,0xbb4cdb9cbd36b01bd1cbaebf2de08d9173bc095c,0xc3adbf524513863102df6784e1ab5652165c7912,18,8,25,0,0,1392
0x30725d03457122c0457b22586ea756cd2e5392e6,3,0x640c04ca09c5c5140e62fef42c59e3afdbbd4444,0xbb4cdb9cbd36b01bd1cbaebf2de08d9173bc095c,18,18,25,0,0,1393
0x8ef2dc7202b353ed8584a8913a80fba8763f8e70,3,0x55d398326f99059ff775485246999027b3197955,0x7b3edf04a85556a85c68f270c0878544040ccf2a,18,18,25,0,0,1394
0x3011c162950489515e3d27d5a2f02b9f2d621185,3,0x175d7339ad4f63aa6730eb7379fab4ca52c24444,0xbb4cdb9cbd36b01bd1cbaebf2de08d9173bc095c,18,18,25,0,0,1395
0x9dde3961279b5c9556c26e13880ea0479178357d,3,0x55d398326f99059ff775485246999027b3197955,0x80ba9933f388d90747801c5a2bff090fa18f13fc,18,18,25,0,0,1396
0x16efb88baaa33650367ebd64ae301066eb85121b,3,0xa964a6dab034a4b5985603f7e86a596c7e0ea96e,0xbb4cdb9cbd36b01bd1cbaebf2de08d9173bc095c,18,18,25,0,0,1397
0xae7db8558a37353beab610710236ed886cd50442,3,0x440fc7da66e34e01af5201bdf5815739b0ae743f,0xbb4cdb9cbd36b01bd1cbaebf2de08d9173bc095c,18,18,25,0,0,1398
0xbb71ed3b67299e30c0a309460b678d646c3abd74,3,0xbb4cdb9cbd36b01bd1cbaebf2de08d9173bc095c,0xe9acd56e02f4c1cbbaf9394e3cff5260dc61205d,18,18,25,0,0,1399
0x0258c130ca6c9a4d70d18d4420534de9ab5a0ce5,3,0x55d398326f99059ff775485246999027b3197955,0x5f944d54ba98210b675d3171ec6953d2c10c0226,18,18,25,0,0,1400
0x18b71bdfa02c67f870164566123010c88ed01deb,3,0x55d398326f99059ff775485246999027b3197955,0xbec4af14d0047492802a6c082910851b97296a67,18,18,25,0,0,1401
0x752c23b3dfad85235e4e89f4a9cb307f91841332,3,0x55d398326f99059ff775485246999027b3197955,0x8d35f134b9858e88315caf0f0abdaacd814865d5,18,18,25,0,0,1402
0xe55af20f14a4f8b16c67d456a0e294ec3300c7a6,3,0x8ac76a51cc950d9822d68b83fe1ad97b32cd580d,0xcd9f28cfb602b9cace776d6b9a86646b662dde7b,18,18,25,0,0,1403
0x535939848db340dc7603fac12df9fabfd228e046,3,0x988c49d4a1515ee341b3540ec70a1f7a167b3759,0xbb4cdb9cbd36b01bd1cbaebf2de08d9173bc095c,18,18,25,0,0,1404
0x7e99b9c306a5d948b59536e9ae1b67d7096ec34b,3,0x375fc5fef3b22a4842811da633241beae9ea876b,0xbb4cdb9cbd36b01bd1cbaebf2de08d9173bc095c,18,18,25,0,0,1405
0x1c45e8bb6439c66ea477b8727d41a93db152f326,3,0xbb4cdb9cbd36b01bd1cbaebf2de08d9173bc095c,0xc4e7639c3a05d781d56cf906d25985ef1bbe7b20,18,18,25,0,0,1406
0x89efbf51078cd4bc53a9bad2174e9e4668f4731a,3,0x3944ac66b9b9b40a6474022d6962b6caa001b5e3,0xbb4cdb9cbd36b01bd1cbaebf2de08d9173bc095c,18,18,25,0,0,1407
0xcdd5196841025647aa8275bc7a480b58002ad918,3,0x43a0302e4488de91140508ca6c050435a36081f8,0x55d398326f99059ff775485246999027b3197955,18,18,25,0,0,1408
0xa4729a0a1c3832bf1bda280f156a28014a14c509,3,0x55d398326f99059ff775485246999027b3197955,0xc571adc617192174ec99fa1bb3a6c7e86a6cdc61,18,18,25,0,0,1409
0x93131db27d21d70ad5131285715ae6b2784a048f,3,0x1d0a70733f5c983f6d13d751d7d881d19d247777,0xbb4cdb9cbd36b01bd1cbaebf2de08d9173bc095c,18,18,25,0,0,1410
0x31156f2341b28dcd38a5d832f6606ca669f855e0,3,0x56719f2fbf37a531ae89862953a627d491aac733,0xbb4cdb9cbd36b01bd1cbaebf2de08d9173bc095c,18,18,25,0,0,1411
0xfb2a1323445cd8a3e871f76147ca9828cb372cab,3,0xbb4cdb9cbd36b01bd1cbaebf2de08d9173bc095c,0xea2f49a2e6e27b7b47cbef50aff5af11350108d1,18,18,25,0,0,1412
0xfad29737e0a028c69c5780e6f75daf2789447396,3,0xd2c8cdab8e68be3785db77f160a436a0e0905c34,0xe9e7cea3dedca5984780bafc599bd69add087d56,18,18,25,0,0,1413
0x116bf44c78ebd0dfa9eb01c21afcbdc4819d8523,3,0x55d398326f99059ff775485246999027b3197955,0x9b95574c2dc8eb3ff0c0798260a6e269cf658e60,18,6,25,0,0,1414
0xca23a70beb44253ae61a7a2707d0fa84ebb8402f,3,0x7601157e00750e2adc28b2cb2a51419bdca53ac9,0xe9e7cea3dedca5984780bafc599bd69add087d56,18,18,25,0,0,1415
0x32281ac3025cc7c12a4fd5f34329eb7c8c57627d,3,0x0c85693c4814ea63821548a7de6f42e57e804511,0xbb4cdb9cbd36b01bd1cbaebf2de08d9173bc095c,18,18,25,0,0,1416
0x8a6a4203a27bedbf2c12cddf49adce8c27b94dd1,3,0xbb19ac7afcd532b13158810ff66c16f17635de87,0xbb4cdb9cbd36b01bd1cbaebf2de08d9173bc095c,18,18,25,0,0,1417
0xa88af44bb0f98fcfde7a782ef23c6edf58adf59e,3,0x2170ed0880ac9a755fd29b2688956bd959f933f8,0xbcc527351606dd5c9a059e6b0fea56061767db9c,18,18,25,0,0,1418
0xd1f5004eaa650b3dc662ca933fd1a90c4bb66600,3,0xbb4cdb9cbd36b01bd1cbaebf2de08d9173bc095c,0xda31a960e16d3589b78a662a342e5e9bfb98799d,18,18,25,0,0,1419
0x03da30860f5239659399cd9e5508da8096242483,3,0x55d398326f99059ff775485246999027b3197955,0xd37d8dbf6f15973f6f1f261e18e10a2a86edf3f7,18,18,25,0,0,1420
0x5540ef2b6cfe20ec49d65ba67977d1fa047130de,3,0x5c2d4caefae1b1a746706aca1bdded72d463215e,0xbb4cdb9cbd36b01bd1cbaebf2de08d9173bc095c,18,18,25,0,0,1421
0x097cbbd4efde9c5cabb244f0944ad328ee615e0d,3,0x55d398326f99059ff775485246999027b3197955,0x9163af2e59dab7afe78e209d5c4978ffef748bae,18,18,25,0,0,1422
0xf64e23d8720999111f21738b47defbbb08edc8e5,3,0x35f08f655dbb40166f38eaa1b9e8910dd91b5c3a,0xbb4cdb9cbd36b01bd1cbaebf2de08d9173bc095c,18,18,25,0,0,1423
0xa8f3c021620def1fd501db7466a64eeb7d575850,3,0x2b26be39cad87a26d0253100b7654927a7ce15a8,0xbb4cdb9cbd36b01bd1cbaebf2de08d9173bc095c,18,18,25,0,0,1424
0x8139e1b62b8a409dc88bfd28710b06682e9d3d2b,3,0x62d70e77038c4009645d7de007373e4873bb4898,0xbb4cdb9cbd36b01bd1cbaebf2de08d9173bc095c,8,18,25,0,0,1425
0x25009d06095132c52ff72ac33044c292fa584b9b,3,0xbb4cdb9cbd36b01bd1cbaebf2de08d9173bc095c,0xce1080dc40726305fc7df7b363eff79656d7a1f9,18,18,25,0,0,1426
0x529164f1be98423137ea23d8e4d8de5f50e74dfa,3,0x5443c5223fd76391301995420181dd85596737af,0xbb4cdb9cbd36b01bd1cbaebf2de08d9173bc095c,18,18,25,0,0,1427
0x2fd1a7761d9cbadbefa188955ad85b9e40a38744,3,0x48378891d6e459ca9a56b88b406e8f4eab2e39bf,0x8ac76a51cc950d9822d68b83fe1ad97b32cd580d,18,18,25,0,0,1428
0x5b5ed54a310ed654a69277d60371ec2486890b2d,3,0x4c9417dc87cae0ba9913c2c72cd1a7c14a50d733,0xbb4cdb9cbd36b01bd1cbaebf2de08d9173bc095c,18,18,25,0,0,1429
0x857d858390cb9d02a8f071ab37bf27bc0e8424ad,3,0x97120624fc1352cf01e5e26a59130ac86f596666,0xbb4cdb9cbd36b01bd1cbaebf2de08d9173bc095c,18,18,25,0,0,1430
0x87a2cb3ffb71ea9940ba3b602047700eaaf8e24b,3,0xa9550c2112a277b03ccff6aa1baaacd74c754444,0xbb4cdb9cbd36b01bd1cbaebf2de08d9173bc095c,18,18,25,0,0,1431
0x53b0486292ff813cc794465279c9bb8feff2b964,3,0x55d398326f99059ff775485246999027b3197955,0x828f07e624f227fde5906611461deab26dccc600,18,18,25,0,0,1432
0x41362b011bd0fa8ed87e89611cc9aed5864289ca,3,0x55d398326f99059ff775485246999027b3197955,0x9767324c5228abff7ca7e452b685a7fa9533f1b4,18,18,25,0,0,1433
0xbba44db46959652d241614193a5f5015f134c0d7,3,0x55d398326f99059ff775485246999027b3197955,0xabdc3d806b5b4d3bc3989e079ec0c970290d961b,18,18,25,0,0,1434
0xcbccc74cc858054453d622d22c4fd63c89c2defb,3,0xa865a3ad1681718aa9d65c9b160576161bd24444,0xbb4cdb9cbd36b01bd1cbaebf2de08d9173bc095c,18,18,25,0,0,1435
0x392d646a9a904d66e05f0cf1a4e8912ad66a047e,3,0x55d398326f99059ff775485246999027b3197955,0x58b438e172654cad0514f9b04655d08239c3dd23,18,18,25,0,0,1436
0xa50fa0f021cfa7fd6554d200071c6564cc11659d,3,0xbb4cdb9cbd36b01bd1cbaebf2de08d9173bc095c,0xf66e36654d9b0284c573c43e51472d972d9d7777,18,18,25,0,0,1437
0x889e4818da2080013bfa00f85dc47e3a7b398822,3,0x2171fff713ae2ac9c5f9e29e366419788e0b8aaa,0x55d398326f99059ff775485246999027b3197955,18,18,25,0,0,1438
0x13430847fb2d4cfcf83e22ad941a79c2b80e6c46,3,0x0e7b8d1ba5337dde6ed6d782f2485a68ca29a15d,0x55d398326f99059ff775485246999027b3197955,18,18,25,0,0,1439
0x9a893834cb037e99cc722f73188ba6b3977f6dd1,3,0x3692ef661235903d677732d819de7c7136c0533f,0x55d398326f99059ff775485246999027b3197955,18,18,25,0,0,1440
0x3cdb3471ac043f2e4291761802a101d3d7dc4d9d,3,0xb244b5c645a68c118e8fa99e68c99e30bc1ae49c,0xbb4cdb9cbd36b01bd1cbaebf2de08d9173bc095c,18,18,25,0,0,1441
0x4146dd9b905e5c81342c1c58d8a5522398b6b45c,3,0xbb4cdb9cbd36b01bd1cbaebf2de08d9173bc095c,0xd518a1d65fee995aefddb3de57fe40d50d32e999,18,18,25,0,0,1442
0xbd25e07c4a0877d7b3cbc16c8ed575c74df2e960,3,0x8e428aa75b271ebf905db7e3f2970453e976481e,0xbb4cdb9cbd36b01bd1cbaebf2de08d9173bc095c,18,18,25,0,0,1443
0x01b71bd68fba852104fe548a7617b4f11e6c051c,3,0x55d398326f99059ff775485246999027b3197955,0xd1605942f685d205f714658d4f0b52ce6beba5da,18,18,25,0,0,1444
0xbd9f1171322fce907d8bc3406d867c16ba916c3c,3,0x97329bce201d86bbcbeebbb3b03256abdf7b7de6,0xbb4cdb9cbd36b01bd1cbaebf2de08d9173bc095c,18,18,25,0,0,1445
0x7d03f52192c6813f8f1be200aaf9c20d81f83869,3,0xbb4cdb9cbd36b01bd1cbaebf2de08d9173bc095c,0xeb6b00f8c7e1da78fb919c810c30dde95475bdde,18,18,25,0,0,1446
0xa5a07bc5f96f5dc5b69c3a958e60b13bda3414e6,3,0x0d2a63e9a769cad5d881e182546c47743f400cce,0x55d398326f99059ff775485246999027b3197955,18,18,25,0,0,1447
0x7fb522e7bff682cc5991f1f06f1f9b42149ebb2e,3,0x55d398326f99059ff775485246999027b3197955,0xd639a893b2beaad86112711baf1e8bbb499f4617,18,18,25,0,0,1448
0x64e51e120b1470de87bccff33df25f1c7972bb40,3,0xa69ad9e65022a3fb0b26a7f650fb98ef6343446c,0xbb4cdb9cbd36b01bd1cbaebf2de08d9173bc095c,18,18,25,0,0,1449
0x6a17a2dbba441ee2192fed1496b96d6e8b0ffdf4,3,0xbb4cdb9cbd36b01bd1cbaebf2de08d9173bc095c,0xd9a69e82bd97326b38c1022fa515527ca1fc7777,18,18,25,0,0,1450
0x1de0cefaa5b0eaff146d83b5f134f74eed2940c1,3,0x065e9bcc052c603eaf66a4145a6749518a767992,0xbb4cdb9cbd36b01bd1cbaebf2de08d9173bc095c,18,18,25,0,0,1451
0x2a024910f046fb9cf496b425462a680066ab0ab9,3,0x08edbb455f60f57987ccc00543ee4376859c83f1,0x55d398326f99059ff775485246999027b3197955,8,18,25,0,0,1452
0x30e412c92b60155ebb546af2309a92ce9d142715,3,0x55d398326f99059ff775485246999027b3197955,0xc28d18ff2cc461bef0a6d69a0c39d5e98d0b3661,18,18,25,0,0,1453
0x856c1f3fb3522dbc5124f98c2d54f9ae7fa23d1f,3,0x20bf68c512d5c8125687069347878ce0e7f01748,0xbb4cdb9cbd36b01bd1cbaebf2de08d9173bc095c,18,18,25,0,0,1454
0xfdeca152d23ea9b9eb7b4045224584de1fba8341,3,0xbb4cdb9cbd36b01bd1cbaebf2de08d9173bc095c,0xfcadd830ff2d6cf3ad1681e1e8fc5ddce9d59e74,18,18,25,0,0,1455
0x0321e1ffc313bc00047ebc23a444ad24c5c6f52e,3,0x444450b7968a4c05048f8a87484608e193e91022,0xbb4cdb9cbd36b01bd1cbaebf2de08d9173bc095c,18,18,25,0,0,1456
0x284c468c481768044778829bf3a46192f0e6be15,3,0x8a8d7d8fd56ac1e7387de6524e420dc8f8e3653b,0xbb4cdb9cbd36b01bd1cbaebf2de08d9173bc095c,18,18,25,0,0,1457
0x97579a2d3c37cc31d9ed53c2c1c99af48fb4c6ae,3,0x357224a38f1e856851a82b0ed1db51a670d7a651,0x55d398326f99059ff775485246999027b3197955,18,18,25,0,0,1458
0x6a89035d3e00e557a7abdf49f601afecd882c184,3,0xbb4cdb9cbd36b01bd1cbaebf2de08d9173bc095c,0xe41d9e1311209f2e05850f9de6201ab4b930bfc2,18,18,25,0,0,1459
0x3a791637ee14dda38a7cb06161d0e294b22a2696,3,0x287c2fb71f034f089f24bab8b58b6f7653febe09,0xbb4cdb9cbd36b01bd1cbaebf2de08d9173bc095c,18,18,25,0,0,1460
0xebec3bbb70c9566392a69bda300c36c220a39af5,3,0x55d398326f99059ff775485246999027b3197955,0x7012c662747ef65bcdabfdee6cb2d41666c2903c,18,18,25,0,0,1461
0xa995827c1902e82729bbfe8c5c2b22bb8f7b76f9,3,0x34addac64a9ba9c590a61b89d146d4c008666666,0xbb4cdb9cbd36b01bd1cbaebf2de08d9173bc095c,18,18,25,0,0,1462
0x459284e6c55899f93f45512dafda2566ae956d51,3,0x0424e33ad9a8a6ea233aae39985931bb7c474444,0xbb4cdb9cbd36b01bd1cbaebf2de08d9173bc095c,18,18,25,0,0,1463
0xdf58191cd61c498fa0baaa04d0233481016809a0,3,0x55d398326f99059ff775485246999027b3197955,0x8e739733de94a4cc23fc37f2a5d5b618e6888888,18,18,25,0,0,1464
0xbabd4f4fc5667f8cac87dc6499f3e8f38f13b57a,3,0xbb4cdb9cbd36b01bd1cbaebf2de08d9173bc095c,0xff2bf41ec57b897c914e2baac857d621f4cb1691,18,18,25,0,0,1465
0x97244eeaf2e258f496a6799482b271df274f6f09,3,0x44446aa38738bd62220bf9f1ebb5995a72a536b6,0xbb4cdb9cbd36b01bd1cbaebf2de08d9173bc095c,18,18,25,0,0,1466
0x98c274dc818214fd6d7d197ef5a0e37e0d3d563c,3,0x8aae380fc7f085070c4bb05b9481f972cb460578,0xbb4cdb9cbd36b01bd1cbaebf2de08d9173bc095c,18,18,25,0,0,1467
0x96fef7f7d5a2302bdd116d47e010689adc1cbce6,3,0xbb4cdb9cbd36b01bd1cbaebf2de08d9173bc095c,0xf33893de6eb6ae9a67442e066ae9abd228f5290c,18,8,25,0,0,1468
0x01c0612fcf95aa3624269dafc4324a47ad7928fa,3,0xb77a1bd00d9c7ff5e15d70c7f78e4b80e18e4444,0xbb4cdb9cbd36b01bd1cbaebf2de08d9173bc095c,18,18,25,0,0,1469
0x591b7b63dcd9ac56573418a62ab37c936be7459c,3,0x6dd60afb2586d31bf390450adf5e6a9659d48c4a,0xbb4cdb9cbd36b01bd1cbaebf2de08d9173bc095c,18,18,25,0,0,1470
0xe2b1fd79fcd498e453277ad00b04381839fd461b,3,0x417e6f9db2b827f192a77bddfdc119cebea24444,0x55d398326f99059ff775485246999027b3197955,18,18,25,0,0,1471
0x2280016ca6db485167a121dd324231936320e872,3,0x3111c6db57d395365c8210ea1a1aad4c69224444,0xbb4cdb9cbd36b01bd1cbaebf2de08d9173bc095c,18,18,25,0,0,1472
0xee804c3062c8d835981b47e7c27c7186f11e1180,3,0x55d398326f99059ff775485246999027b3197955,0x770c0043bc66dbe7aedb6e828a52cd6022e24b2b,18,18,25,0,0,1473
0x2993b612836c58f3c8485e6a9a93a2f7a7fd107b,3,0x55d398326f99059ff775485246999027b3197955,0x83aaa9246d38f5cdf4508552610919c788a8e2bb,18,18,25,0,0,1474
0x2cd128787d57f8f06c46015f20614c2acf3e8561,3,0x55d398326f99059ff775485246999027b3197955,0xd3035d3150738737d95ef427f55655716803fb8b,18,18,25,0,0,1475
0x5ccaab705a4436b1d07eb327168745b38ffa8d32,3,0xbb4cdb9cbd36b01bd1cbaebf2de08d9173bc095c,0xc836dcc9c880d4558c301e6d439db1b1dcaf7f3a,18,18,25,0,0,1476
0xa4627a128fb4ffea5319d853e39b93dce576b5e9,3,0x1671ba8c2526ffdf90c33241db97967cb4f34444,0xbb4cdb9cbd36b01bd1cbaebf2de08d9173bc095c,18,18,25,0,0,1477
0xf8abe75aa59df74d15bb50ae36219fd03d70a550,3,0x4c48cca6153db911002f965d22fdefcd95f33be9,0xbb4cdb9cbd36b01bd1cbaebf2de08d9173bc095c,18,18,25,0,0,1478
0x69310b9ac42233a151a2c1e0445f5e5a6f2fa1fb,3,0x51c8394d9ab1645c63287f02bb76b9ab1248c23c,0xbb4cdb9cbd36b01bd1cbaebf2de08d9173bc095c,18,18,25,0,0,1479
0x869d0825ee7125926bee9e0dce22ae7c5de1e4f7,3,0x6feb928fe58daa9541bb1c158dcc55bc916b4898,0xbb4cdb9cbd36b01bd1cbaebf2de08d9173bc095c,18,18,25,0,0,1480
0x8a8078c44cd83384ce0eb0c242da4d813d9eb7f0,3,0x55d398326f99059ff775485246999027b3197955,0xd3acefcd7098df86e7139720ec4bb6242f07c1ce,18,18,25,0,0,1481
0x8c2f84b943c9c192a3d4e7f7f756209e6347d880,3,0xbb4cdb9cbd36b01bd1cbaebf2de08d9173bc095c,0xde6ded9dcda6f73db51743ddc59e37a96c666666,18,18,25,0,0,1482
0x9fa393ea82b655d29e240233ff4ae952feda420b,3,0x014d05725f9d95bc371a184373fab4ed0bd577ee,0xbb4cdb9cbd36b01bd1cbaebf2de08d9173bc095c,18,18,25,0,0,1483
0x34c422989df98e8369f28eb9799eac1be2df70d0,3,0x156ab3346823b651294766e23e6cf87254d68962,0x55d398326f99059ff775485246999027b3197955,6,18,25,0,0,1484
0x6c7336d6dd9947481bc6f81f670a104cb963ea39,3,0xbb21c4a6257f3306d0458e92ad0fe583ad0ce858,0xbb4cdb9cbd36b01bd1cbaebf2de08d9173bc095c,18,18,25,0,0,1485
0x1cb2ec921f84ebca394fedadc8ebddc6071099d7,3,0x99956d38059cf7beda96ec91aa7bb2477e0901dd,0xe9e7cea3dedca5984780bafc599bd69add087d56,18,18,25,0,0,1486
0x51ae961b1bf98ee0610a818b6f78f9babdf9f0a5,3,0x55d398326f99059ff775485246999027b3197955,0xfa66a5187655cd41e6c4c6e459914aea86cab2a2,18,18,25,0,0,1487
0x4b5432f4e51f80db4b975da17db779f038cbbc32,3,0x55d398326f99059ff775485246999027b3197955,0x6383e1062903b458ca75d561942398285756ae49,18,18,25,0,0,1488
0x9a9e1d24f5d7c2d596fe3fd01f135de917dd3f96,3,0x09cf7ca1b4ca6ab3855f23020e8e0e9e721cc03d,0xbb4cdb9cbd36b01bd1cbaebf2de08d9173bc095c,18,18,25,0,0,1489
0x9478afac2a2e39edca7ef7cb31f66d9d7027f160,3,0x566a9eeac9a589bf0825222bca083ecdb9c86c82,0xbb4cdb9cbd36b01bd1cbaebf2de08d9173bc095c,18,18,25,0,0,1490
0x0b97ba147c0d2ce2c39e2789a003843e15d56d77,3,0x55d398326f99059ff775485246999027b3197955,0x57f99cfd693235f629883785c1276b04c86dcaa6,18,8,25,0,0,1491
0x822030377726c0b1a282abaa3e78920a39d78c3a,3,0x47a94abaf86b10d9404a9ac0438c4b226753ef9f,0x55d398326f99059ff775485246999027b3197955,6,18,25,0,0,1492
0xd8a8f60f40ae43e814f9f6aa21ba16738e6d7272,3,0x57185189118c7e786cafd5c71f35b16012fa95ad,0xbb4cdb9cbd36b01bd1cbaebf2de08d9173bc095c,18,18,25,0,0,1493
0xc9854b17723938caf2a91c1021e01e684ad3ecc5,3,0x3a20c33691295da2f71b291449c137067a2c1355,0xbb4cdb9cbd36b01bd1cbaebf2de08d9173bc095c,18,18,25,0,0,1494
0xb70951f59592bf8aaa63c69b4fc3b6738f37f50a,3,0x444475c4186c97fc48da73dd376df00ec43f40d0,0xbb4cdb9cbd36b01bd1cbaebf2de08d9173bc095c,18,18,25,0,0,1495
0xbcc1d649111c8f27bc3c2125803131f583941a5d,3,0x4286e1515ef43c515a97754b51f3295249359513,0xbb4cdb9cbd36b01bd1cbaebf2de08d9173bc095c,18,18,25,0,0,1496
0x35411a987352ba9add356bec1088c129f43dd78a,3,0x5f2eeceec35353420f6a8c89e366e741cc1a52d6,0xbb4cdb9cbd36b01bd1cbaebf2de08d9173bc095c,18,18,25,0,0,1497
0xf8e43bd17d60c200e477904ff0fc08b4f66fc16d,3,0x237cd6c26dfa84593806dd999bc55768f5a77777,0x55d398326f99059ff775485246999027b3197955,18,18,25,0,0,1498
0x5137c91638da3c0c48bcb4c6d7f2fc6d9e5a1685,3,0x987bc5dbf77eaf6d2c39a580d106951a7b584444,0xbb4cdb9cbd36b01bd1cbaebf2de08d9173bc095c,18,18,25,0,0,1499
0x011a64549d9763c1526a755569b3821bc583a10b,3,0x69395fceca0d6b6529216df1fec8f3e7f25f7777,0xbb4cdb9cbd36b01bd1cbaebf2de08d9173bc095c,18,18,25,0,0,1500
0x3da584ab43e4673aaaf15677f55d26b4fe59787f,3,0x7fc65c077961f78aafab4318d76ffe71a2974444,0xbb4cdb9cbd36b01bd1cbaebf2de08d9173bc095c,18,18,25,0,0,1501
0xebf9c943bf83732e7bd4eafe490366bc6a9406b1,3,0x44446fac8b2ffe197407c9c98e3a07cac6d06954,0xbb4cdb9cbd36b01bd1cbaebf2de08d9173bc095c,18,18,25,0,0,1502
0x78051673fa5d9bb0c8fc9bb0d8359e3e9d98b772,3,0x443cab9583b83eaa7a712c9d64525e57e2a7eb3f,0xbb4cdb9cbd36b01bd1cbaebf2de08d9173bc095c,18,18,25,0,0,1503
0xe2f4a4534133beacd8542f404f8c9d5135fbaf0e,3,0x53ff62409b219ccaff01042bb2743211bb99882e,0xbb4cdb9cbd36b01bd1cbaebf2de08d9173bc095c,18,18,25,0,0,1504
0xcbb86aa862e98c17a647100436c848d0c0050043,3,0x55d398326f99059ff775485246999027b3197955,0x617cab4aaae1f8dfb3ee138698330776a1e1b324,18,6,25,0,0,1505
0xe324aa1c2ee6f715501f62d64ef1db9228b573fc,3,0x4444e6cc9e47add52a6f30270e9efd573ed21779,0xbb4cdb9cbd36b01bd1cbaebf2de08d9173bc095c,18,18,25,0,0,1506
0x7f21491768cc88834ada7986aa514558ca85da88,3,0x8bab6340290717195c6d9628ded54c28af7e7777,0xbb4cdb9cbd36b01bd1cbaebf2de08d9173bc095c,18,18,25,0,0,1507
0x212376cdc2fb1e2bca3a32dd22485faa44a55290,3,0xa617ba199337709fce82ab5d52f693f18c597777,0xbb4cdb9cbd36b01bd1cbaebf2de08d9173bc095c,18,18,25,0,0,1508
0xce35c2df5ad3ae569c5b8c5d0481473daccdc363,3,0xbb4cdb9cbd36b01bd1cbaebf2de08d9173bc095c,0xda078a471e840e588e440332fbdd61f2cfeb7a6b,18,18,25,0,0,1509
0x4f61c7672d36da605cef5e52f6f2896193b61e83,3,0xbb4cdb9cbd36b01bd1cbaebf2de08d9173bc095c,0xf00cd9366a13e725ab6764ee6fc8bd21da22786e,18,18,25,0,0,1510
0x4c3d9b707175654e67a244bd3b2480ef57842ce9,3,0x19c018e13cff682e729cc7b5fb68c8a641bf98a4,0xbb4cdb9cbd36b01bd1cbaebf2de08d9173bc095c,18,18,25,0,0,1511
0xf45979a2378acb11f89cf737a36f49a18444a673,3,0x55d398326f99059ff775485246999027b3197955,0x6b3b19f596bdd8c3fbc803d3e7680a55d6e65792,18,18,25,0,0,1512
0xcd5854fac4680466c6bbbfa4ddc89c27a5ed7f2b,3,0x18257edba420b69ef26deffa6d41eaca71a32d4e,0x55d398326f99059ff775485246999027b3197955,18,18,25,0,0,1513
0x50cb1b9d9806608357ac52cff93d8e37442c3505,3,0x57ee375439bb01892d1f1fbbf933ad0ed16d7777,0xbb4cdb9cbd36b01bd1cbaebf2de08d9173bc095c,18,18,25,0,0,1514
0x0399eb78a92e7f24fa7497a4dfef063305f549dd,3,0xbb4cdb9cbd36b01bd1cbaebf2de08d9173bc095c,0xc2e4d13717ffec86a6edfc998bc373acc2a21aec,18,8,25,0,0,1515
0x4cd2f2fc097b339baf8454a39df367c8c2fc05f7,3,0xbb4cdb9cbd36b01bd1cbaebf2de08d9173bc095c,0xeca36f16abc93d5a04ca0694f31b46103ddc6af8,18,18,25,0,0,1516
0x9669b9ee0ac0b0ea93181cd04557ffdc857c815d,3,0x55d398326f99059ff775485246999027b3197955,0x8457ca5040ad67fdebbcc8edce889a335bc0fbfb,18,18,25,0,0,1517
0x421f5ff038942e7e1969f73d00ee654595786b6e,3,0x245d2d01d4a16d5a594e951bb51131e8e508a366,0x55d398326f99059ff775485246999027b3197955,18,18,25,0,0,1518
0x6e7cd788e2b1f26844de525772d6629ccf074840,3,0xba8f52ac42135b4ded4eb25e5bdb22e319341644,0xbb4cdb9cbd36b01bd1cbaebf2de08d9173bc095c,8,18,25,0,0,1519
0x5ed24ac41aa420866908caa2c81352387fa6ddb0,3,0x973d1e72f2bd7fbbf139155c69752b32dd333333,0xbb4cdb9cbd36b01bd1cbaebf2de08d9173bc095c,18,18,25,0,0,1520
0x6ad791dbac0a96834d852eb33ff8161bb28fac2c,3,0x55d398326f99059ff775485246999027b3197955,0x8103f7e2f3be0b57aef05fe1fea58a9428451f8f,18,18,25,0,0,1521
0xf19d729293c4618816cddc5fa21e4e6c8527b1b8,3,0x4444c0f93e40c227a3f2b839309cb9511c5d68cb,0xbb4cdb9cbd36b01bd1cbaebf2de08d9173bc095c,18,18,25,0,0,1522
0xb543e8ddd08b861206d4d7d1fd232744368960da,3,0x55d398326f99059ff775485246999027b3197955,0x92e05c1b5b837481914949b5517a2212062df182,18,18,25,0,0,1523
0xdba47eb287e905733ea2c920cd6e6da98348cf8b,3,0x032a4e59387e08443cf1df662141da09c31cefa1,0xe9e7cea3dedca5984780bafc599bd69add087d56,18,18,25,0,0,1524
0x057bff1220a591fb1813b31a949ba1e9e4906b5b,3,0x03eb6a2ff66b0c09e69a9c53e3ae9ad772e6df69,0x55d398326f99059ff775485246999027b3197955,18,18,25,0,0,1525
0x9640ac4fa7d9bcc72979eae2224c28efdf665822,3,0x8185a85946bbd6dc8db94d1967e89271ebbae8ac,0xbb4cdb9cbd36b01bd1cbaebf2de08d9173bc095c,18,18,25,0,0,1526
0xa8b1778a9db8edb45de009cabc90290bef1d9d71,3,0x55d398326f99059ff775485246999027b3197955,0xf06be7919e41394c7087ac2b2549c9c769d0fb04,18,18,25,0,0,1527
0x3cf472be16fb491710d21c707021a55aaa99c600,3,0x9f0b91e4ee5aaf23f257782dedec19dc5cdbd11b,0xbb4cdb9cbd36b01bd1cbaebf2de08d9173bc095c,18,18,25,0,0,1528
0x7e02e54e64c233be09e45c7f22b0a006530b3b53,3,0xbb4cdb9cbd36b01bd1cbaebf2de08d9173bc095c,0xf6978b7ec71fb7fa70fdb21fd8dba1f6a7056458,18,18,25,0,0,1529
0xae0a98c78a2ef506e996fbdb990832eb6198a8b1,3,0x4f5580dd96d8e9f361955001ce47b862b02c52f7,0xbb4cdb9cbd36b01bd1cbaebf2de08d9173bc095c,18,18,25,0,0,1530
0x24f98229c1953db9763212674640979513c7a969,3,0x55d398326f99059ff775485246999027b3197955,0xc17ee86994c190d6235b40020c65f802847ddf98,18,18,25,0,0,1531
0xeb10f969c650543b439e75c9fff9150a07279416,3,0xa200b01528e3fd97f5e73ff3ac5068de5313ffff,0xbb4cdb9cbd36b01bd1cbaebf2de08d9173bc095c,18,18,25,0,0,1532
0xa3f9bc9a9572dae1130691b68f4eeee312107d3d,3,0x51d5b1377b4d429283e8156540855ece77ad4444,0xbb4cdb9cbd36b01bd1cbaebf2de08d9173bc095c,18,18,25,0,0,1533
0x5056619892783eb3a2413bf94c170b291fe69bb4,3,0xbb4cdb9cbd36b01bd1cbaebf2de08d9173bc095c,0xec975525d810a9957d272a515e2e77675d3ce16c,18,18,25,0,0,1534
0x930f03762f365d74aff8138007a9793e1b0c9b40,3,0x55d398326f99059ff775485246999027b3197955,0xb0b907c5050eea66417e6350279a9a69f3aa9497,18,18,25,0,0,1535
0xde5833f2bfde80aeaac054c8c0162ecc3e6f41f8,3,0x8cf8238abf7b933bf8bb5ea2c7e4be101c11de2a,0xbb4cdb9cbd36b01bd1cbaebf2de08d9173bc095c,18,18,25,0,0,1536
0xe670c73ca92349be9b71bdab8d0c1b3fad361415,3,0x3450a61da6588573c76273f167b3b9baa810aa16,0x55d398326f99059ff775485246999027b3197955,18,18,25,0,0,1537
0xe737c19bd6774cd6f0682c0a07ad5d8d80be926b,3,0xbb4cdb9cbd36b01bd1cbaebf2de08d9173bc095c,0xcce9bb9ed8143a36b8732142c4f67404cc0a1588,18,18,25,0,0,1538
0x87eaa639a43dc3149e6539f4c8d531a182ba912f,3,0xbb4cdb9cbd36b01bd1cbaebf2de08d9173bc095c,0xfca5208e4074e06596cc28b47214a109e4c14444,18,18,25,0,0,1539
0x2ea138a5f87e7b185cd4ef10091acd2b2f14de87,3,0x55d398326f99059ff775485246999027b3197955,0x7895ff129662ce45ce730f0df95fb75cc186400e,18,18,25,0,0,1540
0x4579d58e64726cbcbabf1bf9adb5752d930cb6a7,3,0x331a9dd872ff68938a5e1a260078d2ee06f7fbf5,0xbb4cdb9cbd36b01bd1cbaebf2de08d9173bc095c,18,18,25,0,0,1541
0xd375acc91d485ffa70c33721b56a9a4f1b6d3287,3,0xbb4cdb9cbd36b01bd1cbaebf2de08d9173bc095c,0xc5d2e8616524c7d593320d0fc7c6a4b59b309397,18,18,25,0,0,1542
0x7cfab6ed45d67b7e3fd54487bf675fbd619b4d0b,3,0x79d5569f99f87632dc37bf399cdd33e7a613014f,0xbb4cdb9cbd36b01bd1cbaebf2de08d9173bc095c,18,18,25,0,0,1543
0xd5cde98cb83a9127fecebc516e22a5ba42875405,3,0x89dd5804b1c97d7bcd0ce209e9990120e83d84f0,0xbb4cdb9cbd36b01bd1cbaebf2de08d9173bc095c,18,18,25,0,0,1544
0xa0d4e270d9eb4e41f7ab02337c21692d7eecccb0,3,0x1ee098cbaf1f846d5df1993f7e2d10afb35a878d,0xbb4cdb9cbd36b01bd1cbaebf2de08d9173bc095c,18,18,25,0,0,1545
0x2f070bdf12315dd251d1453aa74ed7892b6b23e8,3,0x2c963a73261942eb3400fc4a7bfd3ae1b8804c5a,0x55d398326f99059ff775485246999027b3197955,18,18,25,0,0,1546
0x397699606a5cdd931eac01738dec0f97d0e5f624,3,0x23b35c7f686cac8297ea6e81a467286481ca4444,0xbb4cdb9cbd36b01bd1cbaebf2de08d9173bc095c,18,18,25,0,0,1547
0x40e2baa3637ee0e5b82ebe5469e6e09f75232c15,3,0xac71b4a72379542daa63e333c0ce227f7d63a0a0,0xbb4cdb9cbd36b01bd1cbaebf2de08d9173bc095c,18,18,25,0,0,1548
0x8b03a4655536f6cfd264587ab90638fb07783e4f,3,0xab7dd9c9993e63604ff57cfc2dbe430adffd33d3,0xbb4cdb9cbd36b01bd1cbaebf2de08d9173bc095c,18,18,25,0,0,1549
0x38b56be3e9f085abb33df4e103a577c42d6c2e3d,3,0x838dcc5662aa12c678d17dbd589bef3e0cfb8062,0xbb4cdb9cbd36b01bd1cbaebf2de08d9173bc095c,18,18,25,0,0,1550
0xad84ec212afafc0f2832848244bce7f7f0dd164e,3,0x444497b3fe7d38bbf06391a2f6570100ac2518de,0xbb4cdb9cbd36b01bd1cbaebf2de08d9173bc095c,18,18,25,0,0,1551
0x360d80c5cd2d350dbc823d31ff9b993f82dc9f72,3,0x55d398326f99059ff775485246999027b3197955,0x70ea577a068908255fac7c894ce3af000821223a,18,18,25,0,0,1552
0x34ad0aad44265829fbcef79af56d3c2c6c80a4ca,3,0xbb4cdb9cbd36b01bd1cbaebf2de08d9173bc095c,0xc636782a837feee37ccc29d58bdbb4bcbdd0ae1f,18,18,25,0,0,1553
0x5fdad1fa66b5fa4971eee18d449a560243fc9a02,3,0x55d398326f99059ff775485246999027b3197955,0xfabd8e357a733c4d26456ab2ab5f4361fb444444,18,18,25,0,0,1554
0x2dd42485b431c1ed6d977ffbdb1643ade845f50d,3,0xbb4cdb9cbd36b01bd1cbaebf2de08d9173bc095c,0xe6961cab50d661ad5b2b2b8b451d1915a09cd5fb,18,18,25,0,0,1555
0x8bf4303f0f6fde15d79c415878dae54c6c688ae1,3,0x55d398326f99059ff775485246999027b3197955,0xc6647f11f6bcb66c4f48e6cc9f9f43d4432962d4,18,18,25,0,0,1556
0x7ef5b1db1eb84097b6199f3a0144569b39d546d5,3,0x4da5f4a448cba9def3970f4f22409c9d785f6f53,0xbb4cdb9cbd36b01bd1cbaebf2de08d9173bc095c,18,18,25,0,0,1557
0x8dac3ecd537c88063755453e11ff1e14697eefb8,3,0x7f72ebb448387537c174a5d17e762c877db28fb6,0xbb4cdb9cbd36b01bd1cbaebf2de08d9173bc095c,18,18,25,0,0,1558
0xe287ad4796cb640eaff8554fc894f2dbdea81676,3,0x3527b7ccdd4ab124daabcbc3c1c67dc29344427d,0x55d398326f99059ff775485246999027b3197955,18,18,25,0,0,1559
0x4d4d6fbca8508a14b1ce1f49c66d5a30a1246dcb,3,0x0104978b2f8aae89547b7769bdf90ca53236d409,0xbb4cdb9cbd36b01bd1cbaebf2de08d9173bc095c,18,18,25,0,0,1560
0xf97155cd2ff5eef54c4eed786c7be8102942bd24,3,0x55d398326f99059ff775485246999027b3197955,0x6596d4514cf2b5e5d76ca69ebe20276ef1d238e8,18,18,25,0,0,1561
0x444e0f8fda4ab0c030cacd83df6d055999ea9333,3,0xbb4cdb9cbd36b01bd1cbaebf2de08d9173bc095c,0xea6aa3a039f442f572a5bf31c63ad7ad89a7ffff,18,18,25,0,0,1562
0x9766b97e7f75d4b8f7be5d9a8ce75c74c0c5ea8d,3,0x7130d2a12b9bcbfae4f2634d864a1ee1ce3ead9c,0xc17ed04a40dcf866cc437a99d91cbfbb1af59581,18,18,25,0,0,1563
0x22aa9f2386157b34e28af7559cbb4aff8fd96e65,3,0x240259a6902f083f8a71d76f0189992839ae09ea,0x55d398326f99059ff775485246999027b3197955,18,18,25,0,0,1564
0x6297932349aa998d9b82bd14e5eba73f3324e88f,3,0x55d398326f99059ff775485246999027b3197955,0x832873db53cc31328b06abaf28e975f4476c66ed,18,18,25,0,0,1565
0x4ed4bf59b5f71f13706e8ab6a16bb5f7ea549b26,3,0x55d398326f99059ff775485246999027b3197955,0x58957ddfbaaa4b643a7dc3adef6df6e4606fcb9e,18,18,25,0,0,1566
0xb6e70c5649ad472b98e31cdd54e0bcec11c1bc56,3,0x3e7fc06b8a85e39b172e7dd130865f380c10e30e,0xbb4cdb9cbd36b01bd1cbaebf2de08d9173bc095c,18,18,25,0,0,1567
0x4d53176491e686cd97838aff37d8734d33c2063c,3,0x55d398326f99059ff775485246999027b3197955,0x934e2003d24d27cd28a3cc7c8b6765e522f567d9,18,18,25,0,0,1568
0xa3f05e177abef437c7c793d53542d7632bcee8c3,3,0xbb4cdb9cbd36b01bd1cbaebf2de08d9173bc095c,0xc18358243294ecf28955f7029559a253f04b4ad9,18,18,25,0,0,1569
0x7be630f963a9e23664302222d03429d26e6a9422,3,0xbb4cdb9cbd36b01bd1cbaebf2de08d9173bc095c,0xd514739cba881cbb8e7817e66e32d0d20b07ffff,18,18,25,0,0,1570
0xba249391e7a1d35ace971396623a9000847d3b61,3,0x55d398326f99059ff775485246999027b3197955,0xa11d6e01599854a4031008e03f2a0e0b773e94ab,18,18,25,0,0,1571
0xbc239304751066501eb2ca5075e0fa836f8c64d3,3,0x3fcdcf2f1289b03601e3e24613ab53803374d275,0x55d398326f99059ff775485246999027b3197955,18,18,25,0,0,1572
0x30e1750d64a261103805612eb4e82405da30e6c2,3,0x4e3cabd3ad77420ff9031d19899594041c420aee,0xbb4cdb9cbd36b01bd1cbaebf2de08d9173bc095c,18,18,25,0,0,1573
0x78247225ee94ed40882165c209cefb97f8efdec0,3,0x0385684e709e5e83df604fe3d6f0734d0c12e994,0xbb4cdb9cbd36b01bd1cbaebf2de08d9173bc095c,18,18,25,0,0,1574
0x292fe7251cfa9e48baa5a86cc8fc352dfad6660a,3,0xbb4cdb9cbd36b01bd1cbaebf2de08d9173bc095c,0xfef234c90b01b121c636e3c06e24cadca9d6404f,18,18,25,0,0,1575
0x7ae073fbdef5d51c0abd791b8d7851beb0d490af,3,0x27843deae2d77910c0025aa9dac31111c2e4cc8e,0xbb4cdb9cbd36b01bd1cbaebf2de08d9173bc095c,18,18,25,0,0,1576
0x1db960e530512a1c0fb86f7ae9a2bc2b031ceb9e,3,0x775c497e4f352f04d787cb916159f45cd9666666,0xbb4cdb9cbd36b01bd1cbaebf2de08d9173bc095c,18,18,25,0,0,1577
0x674c16d2927316cdc2fbf239a0676b03f44cde09,3,0xbb4cdb9cbd36b01bd1cbaebf2de08d9173bc095c,0xfc871007b4ffe083ead840651f2be630a3ae7c35,18,18,25,0,0,1578
0xb5feae037c2330a8f298f39bce96dd6e69f4fa0e,3,0xd07e82440a395f3f3551b42da9210cd1ef4f8b24,0xe9e7cea3dedca5984780bafc599bd69add087d56,18,18,25,0,0,1579
0xd034190a635b1bb91f5e6ef487143007a76e36d9,3,0xbb4cdb9cbd36b01bd1cbaebf2de08d9173bc095c,0xd6bf5a972e0c18d38f3a5e132880e39e6871f8a2,18,18,25,0,0,1580
0xcd0386b43e488c8a156704166d2ad58d246ba8f0,3,0xbb4cdb9cbd36b01bd1cbaebf2de08d9173bc095c,0xf1c3e69494e27bf067c4076a6f244a46446719d6,18,18,25,0,0,1581
0xc960de62b5c691ecca5d34f09d4d41cc25cc977b,3,0x35fdd49025177dbe75e0425bc816f2acedee5580,0x55d398326f99059ff775485246999027b3197955,18,18,25,0,0,1582
0xbeb8bbcde29c2826fac303aa761bf883323dbee5,3,0x55d398326f99059ff775485246999027b3197955,0xdd5ca33a68886aa87d9a3fe1e716714addc6a218,18,18,25,0,0,1583
0x355bf4eeb96713422344e7d50dd6a1458ff23b34,3,0x55d398326f99059ff775485246999027b3197955,0x7c54761d686a6f92b9fd399d77051cb558a19520,18,18,25,0,0,1584
0xadcbd2aea0d5af9f2a4bad9e66a0a98b06fd4459,3,0x4444a0961060a859a2f99795a5ced420cf6631d7,0xbb4cdb9cbd36b01bd1cbaebf2de08d9173bc095c,18,18,25,0,0,1585
0x32222f250c16cabf5f84765955ff504f6174e546,3,0x42269ac712372ac89a158ad5a32806c6b6782d66,0x55d398326f99059ff775485246999027b3197955,18,18,25,0,0,1586
0x9e40a810debd1bb3113fd39d0080b2361c279e50,3,0x4444bd221671f322671bfdb3f33a653d2b7605c8,0xbb4cdb9cbd36b01bd1cbaebf2de08d9173bc095c,18,18,25,0,0,1587
0x1187b66c2e613eff28db0a1806f32326b47c9073,3,0x109d663ea53bc953ba9434a121e50d2a3b7e5744,0x55d398326f99059ff775485246999027b3197955,18,18,25,0,0,1588
0x0c1fac28d2b1799377f5bd0032c07ed83ba43e39,3,0x6284938cf719e36a89ca1d49c7c776cc7a847226,0xbb4cdb9cbd36b01bd1cbaebf2de08d9173bc095c,18,18,25,0,0,1589
0xa2e6b0f1e795f9b3e87aa2bdcfcda0f4a41746c8,3,0x8e11e90b463bf521382e2b88539f053270a3848c,0xbb4cdb9cbd36b01bd1cbaebf2de08d9173bc095c,18,18,25,0,0,1590
0xf049fce1b935f79c334ceae9bdf9857660e27dcf,3,0x55d398326f99059ff775485246999027b3197955,0x865816e67dc4ded5a528265bfacbddc9b7951913,18,18,25,0,0,1591
0x1ec70f96dd67f7c069759041a5d3ce1e3a90ea64,3,0xbb4cdb9cbd36b01bd1cbaebf2de08d9173bc095c,0xed92b2c6ea6eb727f3b115d2601523c994f17777,18,18,25,0,0,1592
0x1dec1942110efa770b67d6e5fe10ba0bc8dfa4b9,3,0x7130d2a12b9bcbfae4f2634d864a1ee1ce3ead9c,0x71cce0035d82c21cf4b908bcd8f1117fff0fa623,18,18,25,0,0,1593
0x9df441a505afb917fb8262f449ce0b5737d7907e,3,0x4ca94141c0f207bf4603152e43303abfc36b4f51,0x55d398326f99059ff775485246999027b3197955,18,18,25,0,0,1594
0x238419add95ec54003a8a3735d97c236fe69229f,3,0x55d398326f99059ff775485246999027b3197955,0xd5b48ece2317735dda8a797111081ed133a2afa7,18,18,25,0,0,1595
0x6e7c0bb4cea846cfd9205edb50487ac12585bea2,3,0x8717e80eff08f53a45b4a925009957e14860a8a8,0xbb4cdb9cbd36b01bd1cbaebf2de08d9173bc095c,18,18,25,0,0,1596
0x7c5ac273b6ff59b1f38bebf93be312dd2462ca88,3,0x3cf0fc9920102ccc2eb4df5e1b3471d555afb361,0xbb4cdb9cbd36b01bd1cbaebf2de08d9173bc095c,18,18,25,0,0,1597
0xc0fc8ad7e7d61e63ed57c8fb727f7e50b98778ef,3,0x32f1518baace69e85b9e5ff844ebd617c52573ac,0xe9e7cea3dedca5984780bafc599bd69add087d56,18,18,25,0,0,1598
0xb7cba773b9139afcf516a19367441950cee82cc6,3,0x284a41aa73f415be786a8125a80d8e0296b37777,0xbb4cdb9cbd36b01bd1cbaebf2de08d9173bc095c,18,18,25,0,0,1599
0x395ebfd1bf689ed80ef9ac51cb4ac30a6404c041,3,0xbb1c91ad6cdf2e9604a664cbbe2f64f1c131e2f1,0xbb4cdb9cbd36b01bd1cbaebf2de08d9173bc095c,18,18,25,0,0,1600
0x491fe6e84ca0e494c1d409e28ef68c4370737168,3,0x01a5768d6e908c4dd50255613273708195390ec4,0xbb4cdb9cbd36b01bd1cbaebf2de08d9173bc095c,18,18,25,0,0,1601
0x52f3eabf77ce5d3c9d96d9d298153936b0e2fd44,3,0x55d398326f99059ff775485246999027b3197955,0xc1bf1611c1aca0e02291e4bf025177643f167648,18,18,25,0,0,1602
0x578abb4dffa9e96e8eb0d4f5aa6919b1a261e14a,3,0xb9bfe9241acffbe7f5b06c4e668c4a43b8431d3a,0xbb4cdb9cbd36b01bd1cbaebf2de08d9173bc095c,18,18,25,0,0,1603
0x74af40dc4f80ce9f833d6cd18ef236b183bb3af6,3,0x9f28455a82baa6b4923a5e2d7624aaf574182585,0xbb4cdb9cbd36b01bd1cbaebf2de08d9173bc095c,18,18,25,0,0,1604
0x97d9e14ecfffa4645e556eba2783bf93a5c79045,3,0x4a36819de338fedb416bed3f99ef3b0f315c37b1,0x55d398326f99059ff775485246999027b3197955,18,18,25,0,0,1605
0x6354aa3963efe7c68e35ea801fd5d010b42e9901,3,0x444452418bd7719f4447a92c36c82ea7442a4444,0x7130d2a12b9bcbfae4f2634d864a1ee1ce3ead9c,18,18,25,0,0,1606
0xc89ffa4e16d90d11be6efa4eb9c149b9a8daeccd,3,0x6746e37a756da9e34f0bbf1c0495784ba33b79b4,0xbb4cdb9cbd36b01bd1cbaebf2de08d9173bc095c,18,18,25,0,0,1607
0x8420a4247e31790555027e410db3e26ce83b4aa9,3,0x44445ee589947827d7b849dc676f379a77d53a06,0xbb4cdb9cbd36b01bd1cbaebf2de08d9173bc095c,18,18,25,0,0,1608
0xd48f74f347c7a88f00049c0e73e4c44c29691a1e,3,0x3e9fc4f2acf5d6f7815cb9f38b2c69576088ffff,0xbb4cdb9cbd36b01bd1cbaebf2de08d9173bc095c,18,18,25,0,0,1609
0x6aade3aa4a1a483fab7aad27c2ff7f4c3e61f3c1,3,0xbb4cdb9cbd36b01bd1cbaebf2de08d9173bc095c,0xc20e45e49e0e79f0fc81e71f05fd2772d6587777,18,18,25,0,0,1610
0xa6ba90f43e382cc8aba94232f76b0025743f627f,3,0x55d398326f99059ff775485246999027b3197955,0xf108d862d15839c29797c7ca4d500c29aa51701f,18,18,25,0,0,1611
0x91f3b2d09e1951d54f3a178f5eb38bf18edf978e,3,0x40ffafcd7415ed2f7a902312407181140ad14e68,0xbb4cdb9cbd36b01bd1cbaebf2de08d9173bc095c,18,18,25,0,0,1612
0x4c7de610b9cf3baef610abce5b7a53c4057a8008,3,0xe4c797d43631f4d660ec67b5cb0b78ef5c902532,0xe9e7cea3dedca5984780bafc599bd69add087d56,18,18,25,0,0,1613
0x4637b438e669b7da7c70ea5002fb3e50ddf02bcf,3,0x6bdf717e03b5e53c5144afd39621a2c87381dfaa,0xbb4cdb9cbd36b01bd1cbaebf2de08d9173bc095c,18,18,25,0,0,1614
0xd34485fa0fee72ab528cdb9a9dc6cfa7b6af0e9d,3,0xbb4cdb9cbd36b01bd1cbaebf2de08d9173bc095c,0xd3987cb8a59e8ef6aab0d95b92254344ed9c3c6f,18,18,25,0,0,1615
0x2984828cb8e075d0403cfc37f0c668008abbe534,3,0x4444057252fd72f7aaf4754cbdd3c188ed02b4e0,0xbb4cdb9cbd36b01bd1cbaebf2de08d9173bc095c,18,18,25,0,0,1616
0x7b491f38765a46d38d61eb9f80cb1c169c2b45d9,3,0x4e86bfa3376ec576053139d56779f983678f8ba8,0xbb4cdb9cbd36b01bd1cbaebf2de08d9173bc095c,18,18,25,0,0,1617
0xf31e3b40eff1cdced1f7d22340fb3f799662222d,3,0x55d398326f99059ff775485246999027b3197955,0x5e891e30f350982dd47c61709bf4610f279ecc1f,18,18,25,0,0,1618
0xcdb9016f678519b6f53770b9f1672c13464198f3,3,0xb84cbbf09b3ed388a45cd875ebba41a20365e6e7,0xbb4cdb9cbd36b01bd1cbaebf2de08d9173bc095c,18,18,25,0,0,1619
0x42b7178573ce12763c7964e647e217f7d8253bbc,3,0x7f3fd4d04990798b6b7be4a3e9cf3b7e8955a7b7,0xbb4cdb9cbd36b01bd1cbaebf2de08d9173bc095c,18,18,25,0,0,1620
0x413581b5ca80819c16f71b78712234e0d362dfad,3,0x4444c1ac17b779b221e410a94f218f44b8862101,0xbb4cdb9cbd36b01bd1cbaebf2de08d9173bc095c,18,18,25,0,0,1621
0x2200c5ac2f9d8d635db040a6f4eab5ef6bf9e855,3,0x5b52e9772a3227dbb6ff13e794beccff46adc07c,0xbb4cdb9cbd36b01bd1cbaebf2de08d9173bc095c,18,18,25,0,0,1622
0x0891013f2730c00081e421ef55f67c7b645a7551,3,0x55d398326f99059ff775485246999027b3197955,0xab4e026a2f6f6265c29bbb4c565e66968e3d4962,18,18,25,0,0,1623
0x30e1d0f05f10cd4e47b8a779d301e99661ce0ed6,3,0x5f353f7f89c7457112cbc426590bffa9ed81eed2,0xbb4cdb9cbd36b01bd1cbaebf2de08d9173bc095c,18,18,25,0,0,1624
0x1d14f0cf7a4da0bf096aa80fd73a42730d3e769f,3,0x93efe9406319a4c9b8208a731cde787139c60ac5,0xbb4cdb9cbd36b01bd1cbaebf2de08d9173bc095c,18,18,25,0,0,1625
0xd2f3c0a4ccf58fe8faffc07deacad7201e33de84,3,0x44449eb99a54fb5f6de516ca4dc213602d50be33,0xbb4cdb9cbd36b01bd1cbaebf2de08d9173bc095c,18,18,25,0,0,1626
0xd86b9875b4e42b34efdd3cf5f5ade82dbf5adc9b,3,0x55d398326f99059ff775485246999027b3197955,0xa9fd8df5355211bc12fe7a70debdfc68e4feb728,18,18,25,0,0,1627
0xb544c759ceba1b4daf3c597bd5771eb1cb86ff7b,3,0x9b3a01f8b4abd2e2a74597b21b7c269abf4e9f41,0xbb4cdb9cbd36b01bd1cbaebf2de08d9173bc095c,18,18,25,0,0,1628
0x970f170c297150250f6bcf4bc3a938244ed12c76,3,0x2b05297c31294827189c68c1ee47377b2a941d4a,0x55d398326f99059ff775485246999027b3197955,18,18,25,0,0,1629
0x57f41e161ff01a5353b909f4dc10d8f53d96c0c9,3,0x310a7270262b5b38bc82c4ee4322ec0f6a4471cc,0xbb4cdb9cbd36b01bd1cbaebf2de08d9173bc095c,18,18,25,0,0,1630
0x71e9ca44c58ee691ccbda9ded722b8cf3373cec6,3,0x55d398326f99059ff775485246999027b3197955,0xa468cfd57483fd18d78d294a5f7f51ec78d357fb,18,18,25,0,0,1631
0x929e0f859a2ca6651db2961100f503f7b20a1a41,3,0x29fa9cced410c5f62ec503019fcc8ed5b1be59fd,0xbb4cdb9cbd36b01bd1cbaebf2de08d9173bc095c,18,18,25,0,0,1632
0xb4150c63d3401de6808049babb4c11fef4abcd9e,3,0xbb4cdb9cbd36b01bd1cbaebf2de08d9173bc095c,0xee0b4bf4caaa7a097f014411e13848deb2a64584,18,18,25,0,0,1633
0xa1bc47998e9b6b372059303718be2912df028263,3,0x04d4f38dcdfe976cb325db16b868f0020104014e,0xbb4cdb9cbd36b01bd1cbaebf2de08d9173bc095c,18,18,25,0,0,1634
0xca5e9d88c2ef13052435e8320747832731239f13,3,0x4444c0c40cd4330207c3c4c21762924d650e9e50,0xbb4cdb9cbd36b01bd1cbaebf2de08d9173bc095c,18,18,25,0,0,1635
0x75221e44084784b6d05004f07a81bde04132bad8,3,0x2b9a66237682aceed60edabf21395fa213ba637b,0xbb4cdb9cbd36b01bd1cbaebf2de08d9173bc095c,18,18,25,0,0,1636
0x144b96e8b596ce16899a5bb3c1f4cccd3003bece,3,0x55d398326f99059ff775485246999027b3197955,0x66f65d0e55e844ebe92be90e380525f7eef02215,18,18,25,0,0,1637
0x2bd04ccad4dd63861be5d4f8c23fa42b466d60d1,3,0x5266e89850a0372131837861efcbf3b574246789,0x55d398326f99059ff775485246999027b3197955,18,18,25,0,0,1638
0x00d824b267c5acf0e42823503e1152bf9c3181a3,3,0xbb4cdb9cbd36b01bd1cbaebf2de08d9173bc095c,0xce129231578b567792dd37b8d054b69f1b67e73f,18,18,25,0,0,1639
0x86f4f0c927c22d9cd02f9d8ebb40a6f350c64fc3,3,0xbb4cdb9cbd36b01bd1cbaebf2de08d9173bc095c,0xe238b06b7b01d2913fb5ee9e6565192038176b0d,18,18,25,0,0,1640
0xdb04dc0b10643e7dd5c6f1ce63d1b9d1e76e9187,3,0x84a599f19184d432cb86eb7fdada0276c25d4444,0xbb4cdb9cbd36b01bd1cbaebf2de08d9173bc095c,18,18,25,0,0,1641
0x3b606e9c0a9c433fc6798aac0dfcfaf655b07085,3,0x55d398326f99059ff775485246999027b3197955,0xa76b6eb022404a64a4d68bd556af4128d4399999,18,18,25,0,0,1642
0x440d48e6a7b60697a642b71fa2cb30b31181114e,3,0x748cdb2bf10a4b07da82c10948c70c72c97015d2,0xbb4cdb9cbd36b01bd1cbaebf2de08d9173bc095c,18,18,25,0,0,1643
0x8c1209360824f540b59f9a411c5d73f5f601091c,3,0x021ed475d7320c0f04ef44d06db6abc19a4cc270,0x55d398326f99059ff775485246999027b3197955,6,18,25,0,0,1644
0xc95d3906d2043b7c12d9d4243e2e0b7bdf4360d5,3,0x4444ba48e2f8ccc504f3e7e7bd98831dd3e420cf,0xbb4cdb9cbd36b01bd1cbaebf2de08d9173bc095c,18,18,25,0,0,1645
0xb5ca2b4fb20035075febda1e250691c4601893b0,3,0xa9be3cd803fa19f2af24412ff0a2a4a67a29de88,0xbb4cdb9cbd36b01bd1cbaebf2de08d9173bc095c,18,18,25,0,0,1646
0xc6fcf5a300e2e63412cc2928d9eb3ec034e1cc50,3,0x55d398326f99059ff775485246999027b3197955,0xac56bbc213f138e31c4d2568bdac7bf2b8fa2ed8,18,18,25,0,0,1647
0x33f32ab37ec55049712d549cb148a565b7f6c4de,3,0xbb4cdb9cbd36b01bd1cbaebf2de08d9173bc095c,0xe0d443caf64498573b375239d6cbf17b660fb8b2,18,8,25,0,0,1648
0x499bb58dc02680ef7e308669f0e8a0da3425f09a,3,0x44445d8fe10515e7dc63a9331832d5f0264e9431,0xbb4cdb9cbd36b01bd1cbaebf2de08d9173bc095c,18,18,25,0,0,1649
0x1e5a733f3e5c989fa1c59344f6414cb4049cfbff,3,0x3e085801ce51c2734774e28044565f893b1b7cb0,0x55d398326f99059ff775485246999027b3197955,18,18,25,0,0,1650
0x49f4b4d1b62116afce8169d8052769887fac73c9,3,0xb4cb805178e061159cf72421659c6ed070434444,0xbb4cdb9cbd36b01bd1cbaebf2de08d9173bc095c,18,18,25,0,0,1651
0x22073342b4b0f86f33beac608fc6472e0519f04a,3,0x55d398326f99059ff775485246999027b3197955,0xb007549db2a335364dfdce86001ee3b081051f03,18,18,25,0,0,1652
0x1b4edede1beac45efdb089b884c18c396b23f468,3,0x9c18ce2ef56cc124baffc9a681290f2615404444,0xbb4cdb9cbd36b01bd1cbaebf2de08d9173bc095c,18,18,25,0,0,1653
0xc1fe0336456a8d4550ab0e1e528a684bcf7bd3f8,3,0xe9e7cea3dedca5984780bafc599bd69add087d56,0xebbaeff6217d22e7744394061d874015709b8141,18,18,25,0,0,1654
0xd8000a98d9e5adc8a6521eba5b48f1b7911c5f1d,3,0x2847ad56d7f0ab07599cf7ea77d2b161a009ec48,0xbb4cdb9cbd36b01bd1cbaebf2de08d9173bc095c,18,18,25,0,0,1655
0xfcf9f73ede7373180a29b6489825ce768130a19a,3,0xb65bd36fef84ebc5114cfd803a4f25b2b57f7777,0xbb4cdb9cbd36b01bd1cbaebf2de08d9173bc095c,18,18,25,0,0,1656
0xb454b6e4492e118b9f3e2f4a789dc442185e2a04,3,0x44442fa4c1e35d34f95e3e6e058b8dfff953d13f,0xbb4cdb9cbd36b01bd1cbaebf2de08d9173bc095c,18,18,25,0,0,1657
0x445c08a57f86ce0f03d19a75ef214663a10cdcd2,3,0x55d398326f99059ff775485246999027b3197955,0x6f8322ecd373f498040b241b5cfe3f4162201319,18,18,25,0,0,1658
0x64e64ec5847d93f9e41ae8b0ec0b61efd614ff42,3,0x8e2d8f40818fbaba663db6a24fb9b527fc7100be,0xbb4cdb9cbd36b01bd1cbaebf2de08d9173bc095c,18,18,25,0,0,1659
0x225a07913b16ede58c42c4e48cab45fd52bb19a8,3,0x32f3145a98a61813af1ab0631a6a81850ceb8cad,0xbb4cdb9cbd36b01bd1cbaebf2de08d9173bc095c,18,18,25,0,0,1660
0xf603ae6ef2bf30ec77539279efbe80e3e0e8e233,3,0x7130d2a12b9bcbfae4f2634d864a1ee1ce3ead9c,0xc75aa1fa199eac5adabc832ea4522cff6dfd521a,18,18,25,0,0,1661
0xac2d67f9a989db9c2456c9345359aaafa697ca8a,3,0x4444594f7523830a78a76f58dc730609ba2cc91c,0xbb4cdb9cbd36b01bd1cbaebf2de08d9173bc095c,18,18,25,0,0,1662
0xf3a7eafc0a4a5cbb80a38b0d400f4303515d6fce,3,0x55d398326f99059ff775485246999027b3197955,0xd2d6e48a74505c1a7046fc065e138237e3e3de0f,18,18,25,0,0,1663
0x0ff5d0367d2fb0604c538c59ecdacdc6383fd8b5,3,0x44449c4d8e7ce2e354f544faed3897c8a85c7610,0xbb4cdb9cbd36b01bd1cbaebf2de08d9173bc095c,18,18,25,0,0,1664
0x8bc32be65acbedbf1de391e35c231879c71f09ae,3,0xcb868d533903f99b89250f3ee2ab7e09b0436d6d,0xe9e7cea3dedca5984780bafc599bd69add087d56,18,18,25,0,0,1665
0xf17e8dacc4ce23b0df8f06a6dd23cf1fb3c684e1,3,0x44447a328542f1748f402dede46f1f9c7972769b,0xbb4cdb9cbd36b01bd1cbaebf2de08d9173bc095c,18,18,25,0,0,1666
0xb14059d1bfc0915c479f90870bd4a93c566d99ff,3,0xbb4cdb9cbd36b01bd1cbaebf2de08d9173bc095c,0xf8cbbf8855c89dd4bf3483faf131bfe6626707f4,18,18,25,0,0,1667
0x86a4848fa2e62740bb04656b5a22033905dbda20,3,0x146498a28b329841da47c27c4738b47f47057777,0xbb4cdb9cbd36b01bd1cbaebf2de08d9173bc095c,18,18,25,0,0,1668
0x9980cc32a2469aa5c5f82f05cccad049e19b598c,3,0x55d398326f99059ff775485246999027b3197955,0x7a09e3f234de3bd73dcca2954fe361d4c7a82311,18,18,25,0,0,1669
0x8e5f900d2b9a1d344c181058e8a2b4af9cd86d3e,3,0x87d87671aefb97610390cd7fdbb4281c3f734444,0xbb4cdb9cbd36b01bd1cbaebf2de08d9173bc095c,18,18,25,0,0,1670
0xe967628935565c3fffa08d379b0f9fdff6d2b0d7,3,0x9d86f16a4fe1cc43a6db44ec993e8dfe568ce985,0xbb4cdb9cbd36b01bd1cbaebf2de08d9173bc095c,18,18,25,0,0,1671
0xf80e5c32ac40cbaa784276d5190790e05e35b5f4,3,0x55d398326f99059ff775485246999027b3197955,0x90672427b2bd7ccac45f838fbf704a072c89497b,18,18,25,0,0,1672
0xc7a68d96e09f2fe3ece49b0b6ef7004d52240cd6,3,0x51f5b377910323d6453697752ada04ad34847c84,0xbb4cdb9cbd36b01bd1cbaebf2de08d9173bc095c,18,18,25,0,0,1673
0xcbb2d0a140ca2b86528135e301b39298fe1d7312,3,0x94316cca0dd21ac73ab700f448edf792029af371,0xbb4cdb9cbd36b01bd1cbaebf2de08d9173bc095c,18,18,25,0,0,1674
0x6ed10af311a1370aa02958a4cb49e57f64088c4c,3,0x2407f9136df8ddf84fd9bde34d48cfc32305447b,0xbb4cdb9cbd36b01bd1cbaebf2de08d9173bc095c,18,18,25,0,0,1675
0x852291cfec3a978b7adbec81421686504057132d,3,0xe9e7cea3dedca5984780bafc599bd69add087d56,0xec555d7ccc85543cde5a1230d54bf08c494555e3,18,6,25,0,0,1676
0xc1d8d9ef0d701183dcd53d1f86378e756bdb2b1a,3,0x55d398326f99059ff775485246999027b3197955,0xe17f0f6fc48d6beba5ec87618e1c90cee0615b87,18,18,25,0,0,1677
0x12afbc01381c386c32a5d2d7a0524a03a587e998,3,0xa218241216372f0e2c9351221045be99a7327777,0xbb4cdb9cbd36b01bd1cbaebf2de08d9173bc095c,18,18,25,0,0,1678
0x1700f2dc39a0f8a8a34900212f08e4582a9fca6b,3,0xb007549db2a335364dfdce86001ee3b081051f03,0xbb4cdb9cbd36b01bd1cbaebf2de08d9173bc095c,18,18,25,0,0,1679
0xd0cb810ac2597c8e68e8882e91ffbc6733ab1887,3,0x455b954df21ac5931284258dcb3653777a247777,0xbb4cdb9cbd36b01bd1cbaebf2de08d9173bc095c,18,18,25,0,0,1680
0xbc85b55e49e01ad4e5a73c6e3f0b3df0069089c1,3,0x552b574a6879e29dde03606ef3ce68de052b3f63,0x55d398326f99059ff775485246999027b3197955,18,18,25,0,0,1681
0x9e3b504edb719b946e2abce4e1ffafe8d8fba67a,3,0x55d398326f99059ff775485246999027b3197955,0xe0eae74bec76696cc82df119ea35653506d54155,18,18,25,0,0,1682
0xd9b3429fd213edc7ac593a94f97fe18459a45afd,3,0x55d398326f99059ff775485246999027b3197955,0x951ea4006c119e7c7535990175303ad70515c911,18,18,25,0,0,1683
0x0ad06676805255c86cf2add2678bc2353d32ec13,3,0x131d017e1f56fc7143aa75a375e9a111dffb33bc,0x55d398326f99059ff775485246999027b3197955,18,18,25,0,0,1684
0x86c220c7aa4075e94c8c981fe82fe543a58a8345,3,0xac90af75663834bba82940ca06dd95b8faf2edce,0xbb4cdb9cbd36b01bd1cbaebf2de08d9173bc095c,18,18,25,0,0,1685
0xcce336cd6754ea68c9780f0ad1a8a0d1e3ebffcc,3,0xbb4cdb9cbd36b01bd1cbaebf2de08d9173bc095c,0xc787c4f9c4bcbbada5253734c9d3333b420f4444,18,18,25,0,0,1686
0xf2da8d2f7a5250cebb07ed0197c85c1d12e3af0c,3,0x7bc6174ec24903d5b8d79618cd89ae82ba1a956c,0xbb4cdb9cbd36b01bd1cbaebf2de08d9173bc095c,18,18,25,0,0,1687
0x3f658a8e660b0b916b19fc0a2da4859a405b43f3,3,0x4444b0a5f539b3b7e19b7091dfa0f48bed296c4c,0xbb4cdb9cbd36b01bd1cbaebf2de08d9173bc095c,18,18,25,0,0,1688
0xd1b5e84dcd001244ea186be3234c87980dfce931,3,0x55d398326f99059ff775485246999027b3197955,0x6c905c1707dd9f03e6f72dcac13702fcb6866666,18,18,25,0,0,1689
0xc220084bb9246a4af874c4ff12aa76fe598bccdc,3,0x0979ba69b5106ffa9f93b13a7349f153f2b1e8b3,0xbb4cdb9cbd36b01bd1cbaebf2de08d9173bc095c,18,18,25,0,0,1690
0xe9b786faa21eae35de1aefb93692a9888a437349,3,0x7b4b8b99f3d693ab132a59ebf6c930947d417936,0xbb4cdb9cbd36b01bd1cbaebf2de08d9173bc095c,18,18,25,0,0,1691
0x2c708c6ba7dcc79bf781224018ce355eb4b4c3fd,2,0xb68a20b9e9b06fde873897e12ab3372ce48f1a8a,0xbb4cdb9cbd36b01bd1cbaebf2de08d9173bc095c,18,18,25,0,0,1692
0xb44faf5c74f4b25598727cfadfa0b9b219fa92ee,3,0x444425919a14ffc2cb02e7cd35b08b28ea9b8d01,0xbb4cdb9cbd36b01bd1cbaebf2de08d9173bc095c,18,18,25,0,0,1693
0x8907f25be4878f68d0a968def4ad4b66d1f06226,3,0xbb4cdb9cbd36b01bd1cbaebf2de08d9173bc095c,0xe9e3d8609e50c333b7e8fafb1a06f5443cb64444,18,18,25,0,0,1694
0x3686c152c65efe66a4d67da521fb038569891659,3,0x40079f576625b764e191af9c38ecb2e19d69b675,0xbb4cdb9cbd36b01bd1cbaebf2de08d9173bc095c,18,18,25,0,0,1695
0x9ac8939bd5a0dfeddb2f4b44c82a39a5edb44191,3,0xc8f456ae5797bfb754080ab7338fd2836169d239,0xe9e7cea3dedca5984780bafc599bd69add087d56,8,18,25,0,0,1696
0x7544a2ff69a9c4620b29b2592c98b7642cf327e4,3,0x55d398326f99059ff775485246999027b3197955,0xa7b5cb88e3b8ea63838978e54a5ad630ad61e304,18,18,25,0,0,1697
0x0c61f6f846cbdffe418363a751eefbea2f49dfb4,3,0x0f6547427951286893fd004a8ae6924a71a6d463,0xbb4cdb9cbd36b01bd1cbaebf2de08d9173bc095c,18,18,25,0,0,1698
0xaf839f4d3620a1eed00ccc21ddc01119c26a75e1,3,0x78f5d389f5cdccfc41594abab4b0ed02f31398b3,0xbb4cdb9cbd36b01bd1cbaebf2de08d9173bc095c,18,18,25,0,0,1699
0x9eb0a9bc40138fd9afae330e1c3dce923c812c60,3,0x9758d54cb48d11dc5bbfd65deb5a4eb7b35aab86,0xbb4cdb9cbd36b01bd1cbaebf2de08d9173bc095c,18,18,25,0,0,1700
0xa36349c4b97eb58993b30cfbe83354a7f9cd21cc,3,0x444468d76f984fba7589d9cae4456b7de60eea19,0xbb4cdb9cbd36b01bd1cbaebf2de08d9173bc095c,18,18,25,0,0,1701
0x968dd8c6f16b434a01fe84502bd595a206f504ca,3,0x56559bc5ead43f42326d82f7e32a4a7ef76482e1,0xbb4cdb9cbd36b01bd1cbaebf2de08d9173bc095c,18,18,25,0,0,1702
0x0ddd19d1f29574e35dc198ce189bab8490f0221a,3,0x6673a335a4e9c46bc08035e656aa09f5a929ef27,0xbb4cdb9cbd36b01bd1cbaebf2de08d9173bc095c,18,18,25,0,0,1703
0xebdaed80227f366cc45f0079510fac361e1793b7,3,0x55d398326f99059ff775485246999027b3197955,0x8c55da9a7c33da790266a9eddee3197f11eb4d4d,18,18,25,0,0,1704
0xcf89b0b534e0690d1debe8858564402694e85ea9,3,0x0d40fb005a02eb758af6206ee40040d920e76770,0xbb4cdb9cbd36b01bd1cbaebf2de08d9173bc095c,18,18,25,0,0,1705
0x77f2287a2dd338dde6f88bc8ab3c749984d592ba,3,0x55d398326f99059ff775485246999027b3197955,0x86a665be134be9643169310b4c6f6ef6e150e0ef,18,18,25,0,0,1706
0xc5c497f6aa41934e3f35307262429041bee78cb6,3,0xbb4cdb9cbd36b01bd1cbaebf2de08d9173bc095c,0xd45ff38d132114968091f154cdcc0dfea06b4444,18,18,25,0,0,1707
0xcbd3f9692d72dcae2ab6bc3838a4c6ad277c8818,3,0x55d398326f99059ff775485246999027b3197955,0x5fa784b24dd9ea8c9f1fceb7d62e4507e42e5d95,18,18,25,0,0,1708
0x578977b6190de42417170a8e7b6a4ae297c2ae7f,3,0x55d398326f99059ff775485246999027b3197955,0xa3f2d13e003f2fe1f113cf265b2a629494af4459,18,18,25,0,0,1709
0x4af9b5bcc9e5688df1b4ce350f09f3e3c32b747e,3,0x7658604d32a0e60d08dd77a60413897e5cefd51f,0xbb4cdb9cbd36b01bd1cbaebf2de08d9173bc095c,18,18,25,0,0,1710
0x73565de57b4a85c737c47710d29032ac1b042ea0,3,0x4444b931fad8f5eee48e365c9b0b6064e6bf8fcc,0xbb4cdb9cbd36b01bd1cbaebf2de08d9173bc095c,18,18,25,0,0,1711
0x8f12c19fea9be62f0154b7abb6995e8c65937c43,3,0x28ba96e9699d0f99d877a1ece38ed9b0a9db536b,0x55d398326f99059ff775485246999027b3197955,18,18,25,0,0,1712
0x9e629b4fa8037958d26dc9e7726c16ba90de1fa5,3,0x86fb173ede8953fad589faee7c58c73f683a7777,0xbb4cdb9cbd36b01bd1cbaebf2de08d9173bc095c,18,18,25,0,0,1713
0x840abff9ddff5e1c578a6cac58f8531a6fee7e4b,3,0xa9a085ab7ca628ff29427f1d1810bfb3f286e611,0xbb4cdb9cbd36b01bd1cbaebf2de08d9173bc095c,18,18,25,0,0,1714
0x73973f919a067f0ef4e710a7deda3ee0da6fa996,3,0x3bd4c5ee3e92d858a40cf7befd64abee9f820b83,0xbb4cdb9cbd36b01bd1cbaebf2de08d9173bc095c,18,18,25,0,0,1715
0x547c45591a12fe2d2c07d91884aedae8bde380f1,3,0x4444db4f6bf78191d5c84ad52aa16bdcac676de3,0xbb4cdb9cbd36b01bd1cbaebf2de08d9173bc095c,18,18,25,0,0,1716
0xce2f46c9c658ee8ed6f83256b3e3af3908039ab4,3,0x7130d2a12b9bcbfae4f2634d864a1ee1ce3ead9c,0x87230146e138d3f296a9a77e497a2a83012e9bc5,18,18,25,0,0,1717
0x0cec896c6455ad20f44269b376ffb4cf6c170df5,3,0xbb4cdb9cbd36b01bd1cbaebf2de08d9173bc095c,0xf5f2f94eebb05f7ecf620835291835f60c29f1ff,18,18,25,0,0,1718
0x504d67fe989eed20871551f961071b1275fdd17b,3,0x651a89fed302227d41425235f8e934502fb94c48,0xbb4cdb9cbd36b01bd1cbaebf2de08d9173bc095c,18,18,25,0,0,1719
0xc67fc9618d088597a5199365a9f1168a8334e2eb,3,0x4444f19f6660c0bf65a2c6e569c21b84e2007b27,0xbb4cdb9cbd36b01bd1cbaebf2de08d9173bc095c,18,18,25,0,0,1720
0x0d5b9a0f4315a4bce36d1ea7d6b6d3123167afaa,3,0x05ad6e30a855be07afa57e08a4f30d00810a402e,0xbb4cdb9cbd36b01bd1cbaebf2de08d9173bc095c,18,18,25,0,0,1721
0x4c1d69e9e3803cb207b625d73643209aa03ec821,3,0x55d398326f99059ff775485246999027b3197955,0xcb1fb6dd943bff519e2ff6f3c0b38e81ac381603,18,18,25,0,0,1722
0x50acead60d416d4b157a6044510ddc0dcb1f704c,3,0xb0464a574c9a8c077b339ddcfd460f0f02895959,0xbb4cdb9cbd36b01bd1cbaebf2de08d9173bc095c,18,18,25,0,0,1723
0x6343e28bfc888e95e9af82664ec100fb0e793d67,3,0x444409e76beb2c04b9ec8c0885840cff8832553a,0xbb4cdb9cbd36b01bd1cbaebf2de08d9173bc095c,18,18,25,0,0,1724
0x5b4d39f3d6ab3ee426bc5b15ff65b1eed8bb68c2,3,0x55d398326f99059ff775485246999027b3197955,0x86335cb69e4e28fad231dae3e206ce90849a5477,18,18,25,0,0,1725
0xe58ce19ee594414337918e1e5be99619683d0175,3,0x3be661b51ce0d375e3857cfcc1ee5ae3f7060c3b,0xbb4cdb9cbd36b01bd1cbaebf2de08d9173bc095c,18,18,25,0,0,1726
0xb6836fe2a3f502ab0499fe59263f0949a6f9e1ed,3,0x708e3cdcf4e41db8996dc02e340a961b2f4d4444,0xbb4cdb9cbd36b01bd1cbaebf2de08d9173bc095c,18,18,25,0,0,1727
0x2c750380eb2f2239d21cfa4262c3cfd240ada417,3,0x444499435309031b175b0966402449bf67699f1f,0xbb4cdb9cbd36b01bd1cbaebf2de08d9173bc095c,18,18,25,0,0,1728
0x0afa45970a5b8b8cbf3a38cebd9de26dc2c68e54,3,0x78353861e96a4a3d757bc7ef6c0dd4f667e6274b,0xbb4cdb9cbd36b01bd1cbaebf2de08d9173bc095c,18,18,25,0,0,1729
0x8adc697ada9cbb8fced4bdb3eb7f8b9db7035d7b,3,0xafa48b0aebade0b59d1c3376fc9d4fcbf871a97c,0xbb4cdb9cbd36b01bd1cbaebf2de08d9173bc095c,18,18,25,0,0,1730
0xd07f4df884e33e338896b03018c7b2d011fc97d5,3,0x10e04566c7ef00246cc068f276d19fbcb8dd7777,0xbb4cdb9cbd36b01bd1cbaebf2de08d9173bc095c,18,18,25,0,0,1731
0xe78918d2cf32d639422c0be7af1bed1872faf9ee,3,0x4444c2278016d3d072df2a13edb715c02c031e2d,0xbb4cdb9cbd36b01bd1cbaebf2de08d9173bc095c,18,18,25,0,0,1732
0xbb26a9e9b2679161f2fb83f8973b60ea9ef051cc,3,0x55d398326f99059ff775485246999027b3197955,0xdab5350bb9d9130ef039fb35fe12d558ee360f61,18,18,25,0,0,1733
0x9ebac63d71e5146b1fa70d648113ba1845b29a01,3,0x55d398326f99059ff775485246999027b3197955,0xf432fe89e213bf83ad4a10e74cd7a18d69666666,18,18,25,0,0,1734
0x2e3f29b91b84f69ac48adfec5aa46210a88b4580,3,0x4444af02ede75b0c16348137bf3de291b39025dd,0xbb4cdb9cbd36b01bd1cbaebf2de08d9173bc095c,18,18,25,0,0,1735
0x1a35face19ed7229d01627b0a4243fad826dea54,3,0x77ad5f358cd673fca1673e20e928b3ccadc84706,0xbb4cdb9cbd36b01bd1cbaebf2de08d9173bc095c,18,18,25,0,0,1736
0x02c9e9e9d6e336bc9398fb93fa5901cd21876291,3,0x4444d14d522386647c29fd9cd9723f7339ac0f3c,0xbb4cdb9cbd36b01bd1cbaebf2de08d9173bc095c,18,18,25,0,0,1737
0xff77a0b56e45990cf39c2f9ba6bd630f76c395e3,3,0x31952292c193c05ae91e19456312e2be1419c040,0x55d398326f99059ff775485246999027b3197955,18,18,25,0,0,1738
0x2588f4f8dd7d4de1906f9994adfbdc24474e0728,3,0x9d1d63501e3490aeedf0dba24f60c29918caf965,0xbb4cdb9cbd36b01bd1cbaebf2de08d9173bc095c,18,18,25,0,0,1739
0x0853bc9d979a04dad01314b7d32326a4fa251814,3,0x55d398326f99059ff775485246999027b3197955,0xe9b14e4d05eb22b47dfb8a10708be83c17bbcbbc,18,18,25,0,0,1740
0x77836b8124b218c0aae48d45cea81141ef07be65,3,0x27254fe885ab1ad018beee73826e186f905268a3,0xbb4cdb9cbd36b01bd1cbaebf2de08d9173bc095c,18,18,25,0,0,1741
0x91b5d3b2b2dd2de6a4ee1c44dc18b4efe4fd8abc,3,0x761c72346ee0a8ddb2ca9bba2a4f70b4e91540d4,0xbb4cdb9cbd36b01bd1cbaebf2de08d9173bc095c,18,18,25,0,0,1742
0xe68650536242ca0e69721d042a002f699f4c9b39,3,0x55d398326f99059ff775485246999027b3197955,0x96bcd6e3d22120a4ac47f08c898a2e49c0af84c4,18,18,25,0,0,1743
0x0dda13e9aed0036f698f6f7a716413aa4cc6b2ad,3,0x1b29a493718f9f6312af99264bcc81e75c637777,0xbb4cdb9cbd36b01bd1cbaebf2de08d9173bc095c,18,18,25,0,0,1744
0xebcd59ea734dac914e3786c960adfa87509fcff0,3,0xa9baa624ec00ee09fa39f1fd2afdb26077aff76f,0xbb4cdb9cbd36b01bd1cbaebf2de08d9173bc095c,18,18,25,0,0,1745
0xcb33f8007aede1fca58a2f5f7d569de566c6a9cc,3,0x55d398326f99059ff775485246999027b3197955,0xd217f51f593f4816f5ac48d7d7c3200779e18f2e,18,18,25,0,0,1746
0x6d6d7842b09edd4fce3da45bee8a885fe27f16a5,3,0xbb4cdb9cbd36b01bd1cbaebf2de08d9173bc095c,0xbb4fbe7e80f1d4c0e06428f80b4f26d9ee24b5d0,18,18,25,0,0,1747
0xae6f43f0a21ec9fe86da022cddb897a81c7f5e56,3,0x55d398326f99059ff775485246999027b3197955,0xc72067138633c903ffc97e6814cda685006da00a,18,18,25,0,0,1748
0x471836b0ed8257f37bdd124a8a5a894c62ab05f8,3,0x1b9e699e7b9d07cf2ca9ab4b0a1711ad778d268e,0x55d398326f99059ff775485246999027b3197955,18,18,25,0,0,1749
0x2e90d7d803653909a40432080341653cc9581504,3,0x444494bc3e726d30af9b024bec208440efc48d49,0xbb4cdb9cbd36b01bd1cbaebf2de08d9173bc095c,18,18,25,0,0,1750
0x6d7e6558e57dff6555192564c994337414b5cdaf,3,0xe8de5e3689c42729ce53bb950fff2e625ccf23a7,0xe9e7cea3dedca5984780bafc599bd69add087d56,18,18,25,0,0,1751
0x31fd6b215023cc37b876cc1c4693639ed86e910c,3,0x4444c8487547f330f6ac879b908e3cdd6ed964bb,0xbb4cdb9cbd36b01bd1cbaebf2de08d9173bc095c,18,18,25,0,0,1752
0x74107835ed5911e4476e14ab676ccf0b9c262a38,3,0x55d398326f99059ff775485246999027b3197955,0x9af5118685a420c5944524c2d034accb27b08399,18,18,25,0,0,1753
0xd2dfcf7321f2f753f7d031e6f2dee63f08cb1203,3,0xbb4cdb9cbd36b01bd1cbaebf2de08d9173bc095c,0xd9a9a305a60469384f6cd1a806397470a6234a18,18,18,25,0,0,1754
0xb01e484dd9cf19992b712351958174502d53d550,3,0x1f461b82234b70b44780bb21c8d97456161ebcd7,0xbb4cdb9cbd36b01bd1cbaebf2de08d9173bc095c,18,18,25,0,0,1755
0x3ec537842e8ec5d3ad841d780ae4428a0e3400ee,3,0x5b3c40e694be20e0e8c300fd362d7140b20441d3,0xbb4cdb9cbd36b01bd1cbaebf2de08d9173bc095c,18,18,25,0,0,1756
0x70891f87b6811a1a9aca2483839fbb5a18b2a27c,3,0x55d398326f99059ff775485246999027b3197955,0x9e9bef94795bfe87a11a0369b4e0c3b60a6fcf2b,18,18,25,0,0,1757
0x0c6cac98266bbf1069b415f70d864742134f68c3,3,0x55d398326f99059ff775485246999027b3197955,0xae255ee5df27867227ba2afe83be192ab4b81487,18,8,25,0,0,1758
0xdbad8ca7d41275628080524693c8f12cd60bffc9,3,0xbb4cdb9cbd36b01bd1cbaebf2de08d9173bc095c,0xca7002918ee8a91ce60d4749778269d7af2e6cee,18,18,25,0,0,1759
0xca05ce5534e26902d2fba42dda95dff389b43143,3,0x7111e5c9b01ffa18957b1aa27e9cb0e8fba214f5,0xbb4cdb9cbd36b01bd1cbaebf2de08d9173bc095c,18,18,25,0,0,1760
0x98a877af75912e7efc8219b518821f2747741c17,3,0x377e875985275c9c551be72d57d98a85385ea076,0xbb4cdb9cbd36b01bd1cbaebf2de08d9173bc095c,8,18,25,0,0,1761
0xbe68e23ab4c1c60639c8f1a0a595052cd2729a2a,3,0x0d736ede94ea41bb67e6a6d0e00bd43ec3183271,0x55d398326f99059ff775485246999027b3197955,18,18,25,0,0,1762
0x40d2001db4191e8a3fb1817fbe30aa277fdd8aed,3,0x55d398326f99059ff775485246999027b3197955,0xe50a21a09716150b93fe3f50b47f16f7e450b4d0,18,18,25,0,0,1763
0x3155d94c5e53cebf50e7ab86e46f96cdbc840ae0,3,0xa2320fff1069ed5b4b02ddb386823e837a7e7777,0xbb4cdb9cbd36b01bd1cbaebf2de08d9173bc095c,18,18,25,0,0,1764
0xfeeec61f536ffc09d2a272ad75f1795c512feb47,3,0x4444e38731cefb69b874e6ed1199d37d69515730,0xbb4cdb9cbd36b01bd1cbaebf2de08d9173bc095c,18,18,25,0,0,1765
0xf42d5fb135dd5d641aafbf386461e4abbb597f63,3,0x2c6eb24a28ad32460d06476321fdc18d340234af,0x55d398326f99059ff775485246999027b3197955,18,18,25,0,0,1766
0xc2ca5b3b90bc51db6378e9d0165f73a76d19d8d8,3,0x44442b6b7024574e62329b3decff2e0e90a2b5dd,0xbb4cdb9cbd36b01bd1cbaebf2de08d9173bc095c,18,18,25,0,0,1767
0xfaaf29fc5bbcbf432d01703649161af1e8c5d21a,3,0x4444b482b046371007e8b8dd5278d69b5395efd2,0xbb4cdb9cbd36b01bd1cbaebf2de08d9173bc095c,18,18,25,0,0,1768
0x86a7fbee5af8f6166aaf091ce7de8c9a9a49ce3a,3,0x4444b966447042e4aaa5a09ac2ad33351b7e301e,0xbb4cdb9cbd36b01bd1cbaebf2de08d9173bc095c,18,18,25,0,0,1769
0xce12e4a129525ceb632e00d698054ddd0e00ec49,3,0x999966c7c2ebf280a263d46d35bbcfa4d9777777,0xbb4cdb9cbd36b01bd1cbaebf2de08d9173bc095c,18,18,25,0,0,1770
0x01f1cbaacc36d1abea4fcbf3bf307bdde0e8edbc,3,0xa81b7dd0abd56bdc711ad62859d4e05433ceed6b,0xbb4cdb9cbd36b01bd1cbaebf2de08d9173bc095c,18,18,25,0,0,1771
0x60e96de9b52a57d50e009e738626740826dfc526,3,0x55d398326f99059ff775485246999027b3197955,0xa85f403f7869a050c91e9a260dbf08a64229b2de,18,18,25,0,0,1772
0x91bd35bf9ad02563b7105f17ad8c27858151c7a8,3,0x40566447e5662ec1e609ac5679ea3d070080a522,0xbb4cdb9cbd36b01bd1cbaebf2de08d9173bc095c,18,18,25,0,0,1773
0x1fb689e88269cf4a2a9043c057de4d424ebbdd69,3,0x55d398326f99059ff775485246999027b3197955,0xb2d9683364da90ab057215d55192520200888888,18,18,25,0,0,1774
0xa9be7e6aeeebf475e1569a1f47d5a6dd6448bd31,2,0x55d398326f99059ff775485246999027b3197955,0x95ee00fd9c6bd2e67beda2201c4123180c99d703,18,18,25,0,0,1775
0xc7f0d54ca3625f7e93bb96a22e74e0adedb04566,3,0x4444344c1bc07d23d87be5cfbccb197a94635e98,0xbb4cdb9cbd36b01bd1cbaebf2de08d9173bc095c,18,18,25,0,0,1776
0xc8b5fb3b1465d331f29ff1d09ad5fa5b5cd264e3,3,0x0b8fd3b0bd7bfcdb8d166297949d0b0c321398e6,0xbb4cdb9cbd36b01bd1cbaebf2de08d9173bc095c,6,18,25,0,0,1777
0x0fb629a6a1ec4f5393cb6372a1901c22f60989c4,3,0x06c3dbd09486de2a5b1dfb866b8d05e53e2a1439,0xbb4cdb9cbd36b01bd1cbaebf2de08d9173bc095c,18,18,25,0,0,1778
0x6177457e102606a99f5c114160ffd40bee21f2cd,3,0x55d398326f99059ff775485246999027b3197955,0x572e34df7a9790b09f2f8bdc863cd6a09572d504,18,18,25,0,0,1779
0x0eeef02135567a6956fe63cd941753fee4d08911,3,0x55d398326f99059ff775485246999027b3197955,0x8bd34fa1404a10815915fe874739784cc64fc702,18,8,25,0,0,1780
0xa4b318399675235537d3db99b4ff06f30e215b5d,3,0x1bec5734b1e4559979158052dfa5c6f0156282f2,0x55d398326f99059ff775485246999027b3197955,18,18,25,0,0,1781
0xf883080787767faf4528f3e84a97e379322567ad,3,0x444434c4ac7d4f68b12985a5513256ba3dbc7b36,0xbb4cdb9cbd36b01bd1cbaebf2de08d9173bc095c,18,18,25,0,0,1782
0x5faf30e8ef6bba8fc84b74b40ee01aaf8c1898ba,3,0x0c8fe3269dd812e5b38d6c3d65907c60c214d7b6,0x55d398326f99059ff775485246999027b3197955,18,18,25,0,0,1783
0x018a727314b8b31b7deb56ffb192a6e8c85b148b,3,0x55d398326f99059ff775485246999027b3197955,0x5e5d7b5b9702772071494be4300bfd9b45f206b8,18,18,25,0,0,1784
0xbd8a944f88f1bd5bd5b5fb28e632542af4ffd5ef,3,0x444488ac6bbbd68d008ba8723dda8fbe934a85db,0xbb4cdb9cbd36b01bd1cbaebf2de08d9173bc095c,18,18,25,0,0,1785
0xb5c7a5d65a4c91a4af6e4123c928315e9a50601f,3,0x4444264952820b93c62e12160773fd44a2733e3a,0xbb4cdb9cbd36b01bd1cbaebf2de08d9173bc095c,18,18,25,0,0,1786
0xa4187af4c26b52f7f132e591bf314f5619de8c75,3,0xbb4cdb9cbd36b01bd1cbaebf2de08d9173bc095c,0xdedf31e5dbad162e52c2ff0c5350c77945cc4444,18,18,25,0,0,1787
0x2a9d43826ab6b1ac2090eb5ae0d8f8a3e9ca319f,3,0x86a53fcd199212fea44fa7e16eb1f28812be911d,0xe9e7cea3dedca5984780bafc599bd69add087d56,18,18,25,0,0,1788
0x6555a019085669d2633ba08947ebe2e9186bcc58,3,0x2170ed0880ac9a755fd29b2688956bd959f933f8,0x2528b515280124bd607d4c72e42c445a16b66f36,18,18,25,0,0,1789
0x0ef6fc9aa0a48aada260ae93c6a6a0ce59794e34,3,0x55d398326f99059ff775485246999027b3197955,0x7937aca89fd5fe6d1901bb5c07f2bb9b23e7cb97,18,18,25,0,0,1790
0xde460e6d80dd05a66f6996f6e53588afe95bd722,3,0x93ec6e0a4267635d7deebef5c7d8a7e977cea626,0xbb4cdb9cbd36b01bd1cbaebf2de08d9173bc095c,18,18,25,0,0,1791
0xe3c11045b6639fe019f9c606c9bd4a0f71169788,3,0x12819623921be0f4d5ebfc12c75e6d08a1683080,0xbb4cdb9cbd36b01bd1cbaebf2de08d9173bc095c,18,18,25,0,0,1792
0xea9a5280500eea22a0feaa114b585c655f5a78c1,3,0xbb4cdb9cbd36b01bd1cbaebf2de08d9173bc095c,0xce379bad99f287e1eacb1bf80f3670011d2b2981,18,18,25,0,0,1793
0xdcf5439f301342a0ce0b75c13f0d03c75d3c1a9b,3,0xbb4cdb9cbd36b01bd1cbaebf2de08d9173bc095c,0xd2ecdca39bbd8b4dd456780a542a4f9de575313c,18,18,25,0,0,1794
0x34f01a672c7acd2c7bc98f157106cb2d50dfd682,3,0xbb4cdb9cbd36b01bd1cbaebf2de08d9173bc095c,0xf715fb3dfd234b627e34f6856e0a20fef128887e,18,18,25,0,0,1795
0x475b9f5ac6c0760ae5f7535b5b5681ac3cd9a8f8,3,0x1d56c79d8790c743c176fd5da2dce803aee54256,0xbb4cdb9cbd36b01bd1cbaebf2de08d9173bc095c,18,18,25,0,0,1796
0x66ee846eb9b2eb259876cb104473a1b40a91bc8d,3,0x55d398326f99059ff775485246999027b3197955,0xf50f1a0c74976f9d4c8d9e7fbde06710692b9731,18,18,25,0,0,1797
0xe9a467a50787a2c2fe7af19e551f69e52394b6da,3,0x4444cedfe581fcf1528870bd6231d63a7c007a54,0xbb4cdb9cbd36b01bd1cbaebf2de08d9173bc095c,18,18,25,0,0,1798
0x83a4a9acd1a42ecd65c1bb40624fa4efbd4b4399,3,0xbb4cdb9cbd36b01bd1cbaebf2de08d9173bc095c,0xec4dcc864b595735915d75b0ddc63eb9a56a3e3e,18,18,25,0,0,1799
0x5133d67b5568749036d2de7737a3dfbb61dcdcc0,3,0x1c79e89c2fc16ed018b2e9b417864c9f51dc88bb,0xbb4cdb9cbd36b01bd1cbaebf2de08d9173bc095c,18,18,25,0,0,1800
0xc016f93d1b11878804c345e93c8588794480cd83,3,0x12bb890508c125661e03b09ec06e404bc9289040,0xbb4cdb9cbd36b01bd1cbaebf2de08d9173bc095c,18,18,25,0,0,1801
0x63493613b87957ff2d4d2757bf6183f9d33da37c,3,0x4444d9073bbf1d541a7dc1f4df4558cc0cbe1568,0xbb4cdb9cbd36b01bd1cbaebf2de08d9173bc095c,18,18,25,0,0,1802
0xc4f0aa9dcfb0ed035414a7814e612b0e524deae9,3,0xbb4cdb9cbd36b01bd1cbaebf2de08d9173bc095c,0xe336a772532650bc82828e9620dd0d5a3b78bfe8,18,18,25,0,0,1803
0xb175b101540b23140f7d9221eaed0520815d2f87,3,0x55d398326f99059ff775485246999027b3197955,0xf1600a99bd01fe4220a853540c7360c0d6f1f6e2,18,18,25,0,0,1804
0xfbff30d34263f523aca2fc2377b50ba1b9847546,3,0xa74af19fc5f5996f34e8e2cb224a7a5c6c8d65b3,0xe9e7cea3dedca5984780bafc599bd69add087d56,18,18,25,0,0,1805
0xd68cc7c2fe00335d370aab85040ad5fd21101682,3,0x44442f29171ccba0d5ecb5b4de703dda7bd5e099,0xbb4cdb9cbd36b01bd1cbaebf2de08d9173bc095c,18,18,25,0,0,1806
0x2efec64ea5565727e6839f124a35ee2d4a7689c7,3,0x0c9b7103e16f171f60448e039f48d3b50241fcbc,0xe9e7cea3dedca5984780bafc599bd69add087d56,18,18,25,0,0,1807
0xdd6f6b0c671f9fb6de872cd6dacb91f367309be1,3,0x4444457abe839b4853011b4bbece27cdd7084e96,0xbb4cdb9cbd36b01bd1cbaebf2de08d9173bc095c,18,18,25,0,0,1808
0x4543e2f6b979ecc9bb72dcebcec06b6254386f65,3,0x55d398326f99059ff775485246999027b3197955,0xc46a1316d6c49b6bd9cf78ac9afeb8135aa32d2e,18,18,25,0,0,1809
0xd049c838bc371c8d0746bf6dc081b895f10e7772,3,0x55d398326f99059ff775485246999027b3197955,0x712646785e1fcb0359e46dc2455aa454d6058f0d,18,18,25,0,0,1810
0x931b928edde8adc89a1b3cabaaf77a04b376c048,3,0x47f41a2b6e3cb035bb051f187f1908f51b7e5958,0x55d398326f99059ff775485246999027b3197955,18,18,25,0,0,1811
0xa024ee286c8d35996d129178ffd731cc85bb3536,3,0xbb4cdb9cbd36b01bd1cbaebf2de08d9173bc095c,0xd83c128e7498be555845a6dc331a99e1524c1777,18,18,25,0,0,1812
0x1174ceeba8fbfab8709d63c94f361f3af38928c6,3,0x55d398326f99059ff775485246999027b3197955,0xa5c3cf8b1b7f10030352739056781c7b32667777,18,18,25,0,0,1813
0xbf035c0accdad96d3f06459c60813ec86551383a,3,0x9c573c93c4a25dac626fe09d6ae41d184d8f7777,0xbb4cdb9cbd36b01bd1cbaebf2de08d9173bc095c,18,18,25,0,0,1814
0xf83badd329536a0e2ee41bb4baff7f3a9d56e008,3,0x613d413b3734648a41d1179191445a919812e002,0xbb4cdb9cbd36b01bd1cbaebf2de08d9173bc095c,18,18,25,0,0,1815
0x06d7e088e896bc8fde9d2bc2e97e9b605ced57b2,3,0x55d398326f99059ff775485246999027b3197955,0x731b6f4157c998001f8e354e688fa3ae82099999,18,18,25,0,0,1816
0x466eff6ee88a651c7cba211939efc60c36374d65,3,0x086cc8e468b3cb5494f18a7abc2de1321306af12,0xbb4cdb9cbd36b01bd1cbaebf2de08d9173bc095c,18,18,25,0,0,1817
0x9afca8698ec3b67f64abe7e588aa0f84c7e0f180,3,0x4a9e1259b79708700fd4554ff8be20dfde5f159b,0xbb4cdb9cbd36b01bd1cbaebf2de08d9173bc095c,18,18,25,0,0,1818
0x3230784b84de1c68e55b41042d37951e14ffbbb4,3,0xbb4cdb9cbd36b01bd1cbaebf2de08d9173bc095c,0xc13cbf50370e5eae6f5dd9d8a1015007f34c4ead,18,18,25,0,0,1819
0xd829565ba0a4f025238bb5dae526df67765dbc7a,3,0x4444854e2480f5c79aae6e5bfe1ec139d63c9ddb,0xbb4cdb9cbd36b01bd1cbaebf2de08d9173bc095c,18,18,25,0,0,1820
0xed3a78979ecd5c7e62b0702eb26b2ced80e89d3f,3,0x55d398326f99059ff775485246999027b3197955,0xa6979bb14ff3a097a97fd13465f54f8c68888888,18,18,25,0,0,1821
0xd6e25e8680fa054be13496399c024d8d9fb6b276,3,0x55d398326f99059ff775485246999027b3197955,0xd7bf5156fd6d40412d3ef927d5ae129b1d64b38b,18,18,25,0,0,1822
0xe6e349f7f45155be20d26e8c8082f3df61010cf7,3,0x114c84afaa43650307869e354ed88a0b8985f522,0x55d398326f99059ff775485246999027b3197955,18,18,25,0,0,1823
0x1f4da8f36528652fb861acd030856ee632382094,3,0x475bfaa1848591ae0e6ab69600f48d828f61a80e,0xbb4cdb9cbd36b01bd1cbaebf2de08d9173bc095c,18,18,25,0,0,1824
0x56e1a4ed2d0b628ae7a3c78bd228efb3cfd0841e,3,0x4444f11044212be9558b07e3a9053bfecf1efff1,0xbb4cdb9cbd36b01bd1cbaebf2de08d9173bc095c,18,18,25,0,0,1825
0x6fe73317ebe2de28830d194afc28605287ff4eb5,3,0xbb4cdb9cbd36b01bd1cbaebf2de08d9173bc095c,0xdd4908881d703d3f3af874e8b11028f3c4d70acd,18,18,25,0,0,1826
0xad5d013a307d6dc3aa2a1c908633a69813c8a282,3,0x08801120ab610f42eaa5c573112eec68c19cbd9c,0x55d398326f99059ff775485246999027b3197955,18,18,25,0,0,1827
0x448fae106de1ce0214e19b7b9493aa046c503c01,3,0x4444c65ff2c86308c3f69418c4ab2ee0498e3c45,0xbb4cdb9cbd36b01bd1cbaebf2de08d9173bc095c,18,18,25,0,0,1828
0xdb941ef00f1000245dc82e004360dfe7258f094d,3,0x55d398326f99059ff775485246999027b3197955,0x84dd4f504d887c206271f5fed67cc421bb555555,18,18,25,0,0,1829
0x7d1ba5885ee159a6d3b36b2d329f4989685d43db,3,0x55d398326f99059ff775485246999027b3197955,0x9643c079291f36baf1d4b2c9fb4657d4307a198a,18,18,25,0,0,1830
0x321fa229ea6f5f347aa97e1e728e6d3c163e77ff,3,0xbb4cdb9cbd36b01bd1cbaebf2de08d9173bc095c,0xbdf9631cdc26bc582f6630620d4bf4ffc2e37694,18,18,25,0,0,1831
0x9363eb00fe6d2cd4f8e056333abe4e74bce2bf6f,3,0x4444db2ee21344eac912fb4d8c4ad0d959fc7716,0xbb4cdb9cbd36b01bd1cbaebf2de08d9173bc095c,18,18,25,0,0,1832
0xc9f31d94fab3d97f9cac3ba41b60d854b1b9ed36,3,0x55d398326f99059ff775485246999027b3197955,0x5d2ac7b20e86c4eafada4a3c8ef51ecb87e1b3d6,18,18,25,0,0,1833
0xa3e5478fd4f06e50759ba9f07c2244cefd4cfb5e,3,0xbb4cdb9cbd36b01bd1cbaebf2de08d9173bc095c,0xc35ed584b24fd2d0885708e370343c43e20f3424,18,18,25,0,0,1834
0x5a4bbfa871f6cacb80cfffcb04d63f6366c7cb5f,3,0x55d398326f99059ff775485246999027b3197955,0xd98492fdc4b1853051dc251638dda05fd2ea0788,18,18,25,0,0,1835
0xddd8fafe5780cb7e7e4aeb8f8c58d2c9c1606705,3,0x55d398326f99059ff775485246999027b3197955,0xf7368b352499d8460d1bff35dcebd64470dedbfb,18,18,25,0,0,1836
0x6ed1841f8a04790bda0e624ec11c38ac51e1dd17,3,0xbb4cdb9cbd36b01bd1cbaebf2de08d9173bc095c,0xed6af21df463c7f116a6d7d687a4c190c4cf7586,18,18,25,0,0,1837
0xf04c6e7ac89b23ca72716efc170cf53310c320b3,3,0x41bfb247acc8e600174c20b0ec9df148b9d967a8,0x55d398326f99059ff775485246999027b3197955,18,18,25,0,0,1838
0xc3e09f06fdf230d609d7df14f63036972b767585,3,0x4444c914b4baa42327543fd7effdf23ea7a8adf1,0xbb4cdb9cbd36b01bd1cbaebf2de08d9173bc095c,18,18,25,0,0,1839
0xff9c6b9a0e5a4b6216987d5c5ef65d4f85f22739,3,0x08b80583ae903070aa25bdb222b7c490433b4daf,0xbb4cdb9cbd36b01bd1cbaebf2de08d9173bc095c,18,18,25,0,0,1840
0x7b2641cef7885c3335f2260fb9e312df127ee5d0,3,0x81e07cff8a9331ef2a837b15a3560fb186bf5e8d,0xbb4cdb9cbd36b01bd1cbaebf2de08d9173bc095c,8,18,25,0,0,1841
0x803a8390c685ab770b10e73e27e701826e99a468,3,0x98eafcc32a0589d0b0e1ea6924e4c7200bc04444,0xbb4cdb9cbd36b01bd1cbaebf2de08d9173bc095c,18,18,25,0,0,1842
0x1a02b02713a88660099edbbd4c11d4290c79ebb1,3,0x4444372ac2a2cfba4720ed6688612cdd26173449,0xbb4cdb9cbd36b01bd1cbaebf2de08d9173bc095c,18,18,25,0,0,1843
0x6614b6b9ff3962bc1d67fdcf342c54414486b66d,3,0xbb4cdb9cbd36b01bd1cbaebf2de08d9173bc095c,0xeffc665d96c411f826cfc321bb79eb473ad072c4,18,18,25,0,0,1844
0xe396ede3ab524a36aa66b3f0777129a789349641,3,0x4a50eeef18a350484d8ce7474f43571ccd934444,0xbb4cdb9cbd36b01bd1cbaebf2de08d9173bc095c,18,18,25,0,0,1845
0x8e510151f150a5208aedb88ada82f4b1d8c11acc,3,0x84523f77dd1fefd45c32ab7416db14b0f4c27777,0xbb4cdb9cbd36b01bd1cbaebf2de08d9173bc095c,18,18,25,0,0,1846
0x3bf8099c5c431d31c41e0cb3f3477240fea9e78c,3,0x444444540baa98303d5b0a75b77042e3491ade7c,0xbb4cdb9cbd36b01bd1cbaebf2de08d9173bc095c,18,18,25,0,0,1847
0xf5e72d5d12dbff896853fa840ec0e351f281f5cc,3,0x4444b7bf610db19f0838893bba2aafd02df90be6,0xbb4cdb9cbd36b01bd1cbaebf2de08d9173bc095c,18,18,25,0,0,1848
0x1c336d2edce084b533de080f3f8517104dc0c01c,3,0x55d398326f99059ff775485246999027b3197955,0xed470f8deef3b19b91d00d821f0207e9f2310225,18,18,25,0,0,1849
0x414ce2926aa28d79e865af5ed09502538fe61476,3,0x6de2be8dfe877862327a7cbb1b82e88b0303319a,0xbb4cdb9cbd36b01bd1cbaebf2de08d9173bc095c,18,18,25,0,0,1850
0xdeed8c21e4f5c065e72d47a99237530f6a3dcbcd,3,0x4444f9cd2dcb54c9bd0bfa070c2ec720f2e5f026,0xbb4cdb9cbd36b01bd1cbaebf2de08d9173bc095c,18,18,25,0,0,1851
0xde6e6378623c4f2c1102f2ccd35507d5baf7924d,3,0x3cb3f4f43d4be61aa92bb4eeffe7142a13bf4111,0xbb4cdb9cbd36b01bd1cbaebf2de08d9173bc095c,18,18,25,0,0,1852
0x8ae3d42c95ffa08df211569b23bce124b44ce07b,3,0x55d398326f99059ff775485246999027b3197955,0xa9898d6c64162e6232808ba55202383e8715eda3,18,18,25,0,0,1853
0xefff4af6966ed06ee81f8da1dc63381ea756b9ab,3,0xbb4cdb9cbd36b01bd1cbaebf2de08d9173bc095c,0xe5bc80382f1ebad820167714118201ae468a9929,18,18,25,0,0,1854
0x6febb838de029715a26c812f3bf9b3d0a9c2658d,3,0x55d398326f99059ff775485246999027b3197955,0x9e44468a427a5e8f701ca636ed31a8e1efef4464,18,18,25,0,0,1855
0xab1e062ab03b11ff7dd943c50b9aa2bf9933c1f3,3,0x003d87d02a2a01e9e8a20f507c83e15dd83a33d1,0x55d398326f99059ff775485246999027b3197955,18,18,25,0,0,1856
0xeb6a5ba72ad62170da8dcb2176101206517a5d08,3,0x55d398326f99059ff775485246999027b3197955,0x880bce9321c79cac1d290de6d31dde722c606165,18,8,25,0,0,1857
0x6f1ac9447be50e5ee170193bf9e826724cfa6948,3,0x55d398326f99059ff775485246999027b3197955,0xad3ed7a480f5a15a7b321a619c4bca83713b0fee,18,18,25,0,0,1858
0xcf6c4af3607ca8e918f7f8d0d0099ec06db64892,3,0x55d398326f99059ff775485246999027b3197955,0x90c02e44f1fe35f3a38dfcbd01583f65a6179628,18,18,25,0,0,1859
0x1e541249b7d8cabdac53c797ae36bb3e5fc28277,3,0x55d398326f99059ff775485246999027b3197955,0xeb144ea9f6109f674f67d1845d671ea37257f3d9,18,18,25,0,0,1860
0x8a7292e9ba068ec5221e4b5d491251a5b06762cc,3,0x722cb8e411d40942c0f581b919ecce3e4d759602,0xbb4cdb9cbd36b01bd1cbaebf2de08d9173bc095c,18,18,25,0,0,1861
0x601896ff53787af8497a1d11dfeb9b0db9ac1af7,3,0x55d398326f99059ff775485246999027b3197955,0x6f206141b7f05539f4fd985b4cc9df0507e529e4,18,18,25,0,0,1862
0x5f1ed5c5ac7105b066f02495fff9dca305aec23e,3,0x1e888338623c910463ba7d1c67659140fad09e9e,0xbb4cdb9cbd36b01bd1cbaebf2de08d9173bc095c,18,18,25,0,0,1863
0x3e1d78a38235d1fab9cfd02d7eb99cd9bcb19f4f,3,0xabebed1684a789b3cf178db810f3cbb30cc14444,0xbb4cdb9cbd36b01bd1cbaebf2de08d9173bc095c,18,18,25,0,0,1864
0xa19e696756bd0d40cb31af3147de68232a9fe90f,3,0x3a7460493fbf2bc8309cc3630274216fac325b73,0xbb4cdb9cbd36b01bd1cbaebf2de08d9173bc095c,18,18,25,0,0,1865
0xd7d76915f3347bcaea59fd14cccd31c74d209b6e,3,0x24dcd565ba10c64daf1e9faedb0f09a9053c6d07,0xbb4cdb9cbd36b01bd1cbaebf2de08d9173bc095c,18,18,25,0,0,1866
0x820b5952e79ebfbba81fc6e20131c694ef02fd04,3,0xbb4cdb9cbd36b01bd1cbaebf2de08d9173bc095c,0xc50f00779559b2e13dee314530cc387cc5dd85ae,18,18,25,0,0,1867
0x112b9278fedb498ab6481f9c2bcf110795105cbb,3,0x4444652346f41e0f5c8f676c3c2d93468e7a2ee4,0xbb4cdb9cbd36b01bd1cbaebf2de08d9173bc095c,18,18,25,0,0,1868
0x23a457663021c4723a3b66c7ecf07490faf43df0,3,0x4444512f8995d1e7aafbe13c8f11a4483f892c4f,0xbb4cdb9cbd36b01bd1cbaebf2de08d9173bc095c,18,18,25,0,0,1869
0x3155809946c7db33aa353a6f64e7af0fe10a5f67,3,0x39af60e4b32ba06033eb8ac7583fb8d6343ec89c,0x55d398326f99059ff775485246999027b3197955,18,18,25,0,0,1870
0xfec2bec0f032462e6e1bc8cb97ccde7c93be4a3b,3,0x95ca12cd249d27008a482009e101a8501cf3a64f,0xbb4cdb9cbd36b01bd1cbaebf2de08d9173bc095c,18,18,25,0,0,1871
0x4f853ddd84e2c78f18785a15243ed9519ed42fbd,3,0xbb4cdb9cbd36b01bd1cbaebf2de08d9173bc095c,0xfd2139e53314766d70114853a8c9b367bfb84444,18,18,25,0,0,1872
0xa4470800821c9ac1c3d85d27af74bcb01971e47d,3,0xe9e7cea3dedca5984780bafc599bd69add087d56,0xf8f6fe7aa9015b88f972527d18ac321550831e2d,18,18,25,0,0,1873
0x8f5dedbce9465f0ef2c8835d340016ab0e518739,3,0x44448bd6d077a40d12316f2e31b08c06911f391b,0xbb4cdb9cbd36b01bd1cbaebf2de08d9173bc095c,18,18,25,0,0,1874
0x6b6274b7d1d6bc1acbe14d6d219490574f73a5b4,3,0x08c02dbc56988db081dd3f3511e6ba1d56c63b0e,0x55d398326f99059ff775485246999027b3197955,18,18,25,0,0,1875
0x7feb478eb692c981cf1b9bd531bae8e1d5706ec0,3,0x632a21a913a4b59b561b999cf473109e37e87b39,0xbb4cdb9cbd36b01bd1cbaebf2de08d9173bc095c,8,18,25,0,0,1876
0xce58ad37b63f02b987930a0fcbe14f265a645c06,3,0x1f77f06333b89b94389b9214ca476dd5107af92a,0xbb4cdb9cbd36b01bd1cbaebf2de08d9173bc095c,18,18,25,0,0,1877
0x2ccda5d4bf361506ec39b3163f229fb5b2611667,3,0xbb4cdb9cbd36b01bd1cbaebf2de08d9173bc095c,0xf4ad7d5026f185d7d638d8f74c881a106f39ffff,18,18,25,0,0,1878
0xdde084715484b2b36a95edc6e7e87bf90c8f0aed,3,0x55d398326f99059ff775485246999027b3197955,0xb65518bb64652a2904e4e3ddb9c46b8a7c91825a,18,18,25,0,0,1879
0x402108216fc58e0dd510bcd93cd67311c9d8afbc,3,0x1075bea848451a13fd6f696b5d0fda52743e6439,0x2170ed0880ac9a755fd29b2688956bd959f933f8,18,18,25,0,0,1880
0xbe7fe3e6ecec6053d7a7395cc9a72fb4cd6196e8,3,0xbb4cdb9cbd36b01bd1cbaebf2de08d9173bc095c,0xfe10fb3526894190f12017e5079005c96dbcd39f,18,18,25,0,0,1881
0x86fa291e79eaf34a4dc1fdfee2dffc271fd305b1,3,0x55d398326f99059ff775485246999027b3197955,0xbd8497d009b7e9b4dad309b6cba577573dc03250,18,18,25,0,0,1882
0x2e4a70ef51f65939ee0c3319b636e9c1a0ef062c,3,0x233c667a9891af826b15bf7a4166d2d49747bcc6,0x55d398326f99059ff775485246999027b3197955,18,18,25,0,0,1883
0x574d3710edc13ce742c9f809ec0deaa8003e2e62,3,0xb59649310e8028117d0ebabfc4ac931dfef37777,0xbb4cdb9cbd36b01bd1cbaebf2de08d9173bc095c,18,18,25,0,0,1884
0xc6585bc17b53792f281a9739579dd60535c1f9fb,3,0x55d398326f99059ff775485246999027b3197955,0xf585b5b4f22816baf7629aea55b701662630397b,18,18,25,0,0,1885
0xcb9178e8ec085f54f951cafc52302779f2c785dc,3,0x44442e6f948a5569b3ca10879979610f52e908bc,0xbb4cdb9cbd36b01bd1cbaebf2de08d9173bc095c,18,18,25,0,0,1886
0xc7bf137cdc29112fb248527cbd30b735099b99c8,3,0x4444bc1a169458885ea28b1ad2c7ff1a167d71a3,0xbb4cdb9cbd36b01bd1cbaebf2de08d9173bc095c,18,18,25,0,0,1887
0x4e1f8b9a68b0b8dcecc258d6000142d2c421b034,3,0x55d398326f99059ff775485246999027b3197955,0x6c2aa210693ab4411bc1737e86d84c6223b00000,18,18,25,0,0,1888
0x6f30278c64a4881843b55e92a8defdf2ff1205f5,3,0x377e60c818dbe2b619362ecafd69c91bd2b21999,0xbb4cdb9cbd36b01bd1cbaebf2de08d9173bc095c,18,18,25,0,0,1889
0x6c719732268370cbddc6576c4de0f82cdb047cc0,3,0xbb4cdb9cbd36b01bd1cbaebf2de08d9173bc095c,0xdf757108102b4b1efec1fb71f4c8a11d2f291ecb,18,8,25,0,0,1890
0x069875c626b64b91cada9bd962460b56c9c8828d,3,0x55d398326f99059ff775485246999027b3197955,0xbce73271a894ce98c10725ea63dee0ced75ee6a7,18,18,25,0,0,1891
0x5a5333346bce282dcefc3b2aed924fa970dbb035,3,0x4e6e3fdf1b3d5460194a5f4adef2abf68bedffff,0xbb4cdb9cbd36b01bd1cbaebf2de08d9173bc095c,18,18,25,0,0,1892
0xfe9ea6fde5b8d2459afc08590c1fc9a1002e6056,3,0x0079914b3c6ff1867b62c2cf8f108126970eab6e,0xbb4cdb9cbd36b01bd1cbaebf2de08d9173bc095c,18,18,25,0,0,1893
0x3d36644bebc67e71dbc0de8e930ba65d13a49ee6,3,0x1476e96fadb37668d7680921297e2ab98ec36c2f,0xbb4cdb9cbd36b01bd1cbaebf2de08d9173bc095c,18,18,25,0,0,1894
0x31b50d6ce9e36c1206cc2a55d54f0be05c6e21a2,3,0xb21b24f12c6125487a33fcf96ab06a5c74114444,0xbb4cdb9cbd36b01bd1cbaebf2de08d9173bc095c,18,18,25,0,0,1895
0xf1d961fd8fd54e7aaf8b84571566f94a86aad624,3,0xbb4cdb9cbd36b01bd1cbaebf2de08d9173bc095c,0xd1af8bb649c6d2bc3f4d547e3beefd4e9a40639d,18,18,25,0,0,1896
0x2bb5181a69598b14a88ca90c143724d1f10937ed,3,0xbb4cdb9cbd36b01bd1cbaebf2de08d9173bc095c,0xc40e3bb17d0c115051af140cd88853b0ee2268bd,18,18,25,0,0,1897
0x9a45c8735bbc5c86e953b39a0876444a786ee0d3,3,0x55d398326f99059ff775485246999027b3197955,0xf9f842f855e76b23fc2e48c87348995ca65cfa92,18,18,25,0,0,1898
0x841faf35e93a5eb3f72dd94d326abe896ad298dc,3,0x55d398326f99059ff775485246999027b3197955,0x80c260cd80d8a2855b554a7d5001bd06421a6fd4,18,18,25,0,0,1899
0x17e922f2fd02597683a43dcf89e0c6da1475b9b2,3,0xbb4cdb9cbd36b01bd1cbaebf2de08d9173bc095c,0xbd6e77864d335334d3438c3bba5fc4b0739a42cc,18,18,25,0,0,1900
0xb4fea37ad3f20db17aa420ce40b20d7265912cce,3,0x143e0ceeb062cba094d8e057f92d8da7d2b296fa,0x55d398326f99059ff775485246999027b3197955,18,18,25,0,0,1901
0x8fc2cc651c0543d5d45034365cdd83018d51523c,3,0xbb4cdb9cbd36b01bd1cbaebf2de08d9173bc095c,0xe77223430bfb8e497a3c8e126cb5ad5275934444,18,18,25,0,0,1902
0xc9610796a580037ac7c346cdcd3a9f327c52ff53,3,0xbb4cdb9cbd36b01bd1cbaebf2de08d9173bc095c,0xdfd7b0dd7bf1012dfdf3307a964c36b972300ac8,18,8,25,0,0,1903
0xa05dc3421e87946aef868255e15f2f1821adcf6d,3,0x105b0e795e4ac3b5f1f9f6afac7ef8445905aa5b,0xbb4cdb9cbd36b01bd1cbaebf2de08d9173bc095c,18,18,25,0,0,1904
0x255d1d7279879ccba1245b5a1ab200128eb6c2d8,3,0x444468c7a30328f487775b26ba87bcdacbfb195c,0xbb4cdb9cbd36b01bd1cbaebf2de08d9173bc095c,18,18,25,0,0,1905
0xa5ea35c42503878274dea73fe5bd57e951e2833f,3,0x4b1bf735731e29e2d385e4bedcce5031eac259bb,0x55d398326f99059ff775485246999027b3197955,18,18,25,0,0,1906
0xf60e5a7ded55a0f1a796af3b720ba58af6c06535,3,0x3e6c9ee69b90b53628051f8d6cb5b6b2eaccb438,0xbb4cdb9cbd36b01bd1cbaebf2de08d9173bc095c,18,18,25,0,0,1907
0xfa1361202af70a67b777b7d587beff8c40bb7d38,3,0x730f320004db7a5b6a426e6f4a5ebbbac8d88730,0xbb4cdb9cbd36b01bd1cbaebf2de08d9173bc095c,18,18,25,0,0,1908
0x2f8444447f0720883888344c8518087154af699c,3,0x55d398326f99059ff775485246999027b3197955,0xa7a2d9392b0953654486fd1ed5e667308a5453e9,18,18,25,0,0,1909
0xcf8564dc57538224ced4625e6757c433a135ea3e,3,0x4444da3ac4383ffbcbcf285510e0be75e4d4fe45,0xbb4cdb9cbd36b01bd1cbaebf2de08d9173bc095c,18,18,25,0,0,1910
0xdb34b6781868690e3b8db7a55337269249e4adce,3,0xbb4cdb9cbd36b01bd1cbaebf2de08d9173bc095c,0xd743d3c50ebd82f9173b599383979d10f3494444,18,18,25,0,0,1911
0x0bd026a4cf8c35e0a273223a0afed384931d913b,3,0xbb4cdb9cbd36b01bd1cbaebf2de08d9173bc095c,0xd09e34562c3f524ce45d5cadfa90fa8d2e5a1e1c,18,18,25,0,0,1912
0x218bc66f620b5e0a4fa47bb282c3631e6036f0ab,3,0x2ca6fe115b7a12bcb3791887a7f701daa54c3cc2,0x55d398326f99059ff775485246999027b3197955,18,18,25,0,0,1913
0x5943055e118f35db2b9003d4db67ddaa5ae544b2,3,0x3ff3e9a36d49fb2bdbaa767b502e47d6efd12f82,0x55d398326f99059ff775485246999027b3197955,18,18,25,0,0,1914
0xf40bc4c56885e5d024baca5147f4a843f1eb9ed7,3,0xbb4cdb9cbd36b01bd1cbaebf2de08d9173bc095c,0xedaef4acfb3c0c8aac8e8e04c22506c9326fb74f,18,8,25,0,0,1915
0xbba964f66773458946e87fbc104c9a3cb5f5ac93,3,0xbb4cdb9cbd36b01bd1cbaebf2de08d9173bc095c,0xe93da37413d99b304f55ec3826032a40ae657f8d,18,18,25,0,0,1916
0x366fed2e68238c45fbee859df0e9f74e1862aaaf,3,0xbb4cdb9cbd36b01bd1cbaebf2de08d9173bc095c,0xfa5e7f013588b1c76e7218f2799e125bfd3d8d84,18,18,25,0,0,1917
0x0e994b5c3cd6303e1b821849f7c34716497bfbb8,3,0x55d398326f99059ff775485246999027b3197955,0xd9a7410bcd67e038422a0ff5a1a76f450c7395b5,18,18,25,0,0,1918
0x2cfec805bf589ac77e39cf58d3716695cf1d08c9,3,0x01ee1f75d0e80ed907aa0221bf29e380d03ba15a,0xbb4cdb9cbd36b01bd1cbaebf2de08d9173bc095c,18,18,25,0,0,1919
0x8b4091e1887989c9017d7c7999f622872909f39d,3,0x278c40cfcfe3d4081282329a6a23259603bd7777,0xbb4cdb9cbd36b01bd1cbaebf2de08d9173bc095c,18,18,25,0,0,1920
0xeb8d08030017bd1362a5414112cacb094fa20ce1,3,0x156ab3346823b651294766e23e6cf87254d68962,0xbb4cdb9cbd36b01bd1cbaebf2de08d9173bc095c,6,18,25,0,0,1921
0x6fa3dc271837274ec345117cdba9eada840f4b35,3,0x96ceaf0eb83c28690c46e4f059e2d83f0a6190f4,0xbb4cdb9cbd36b01bd1cbaebf2de08d9173bc095c,18,18,25,0,0,1922
0x1ebe6bf70936c1819f912a5d74bbcddb1eddde25,3,0x55d398326f99059ff775485246999027b3197955,0xd5dcc9cee5af50dc7520c12bc935ce7761b83a95,18,18,25,0,0,1923
0xe4386468e0bcd936d8178fe093959b8b1c53e2fc,3,0x8c88699ef5ada1e5bedff7a4590aa346abd3536d,0xbb4cdb9cbd36b01bd1cbaebf2de08d9173bc095c,18,18,25,0,0,1924
0x45a38ae43c2b415b8b873387e5a023e41c0ebfd8,3,0x8ae619d633cce175a2fbcfa1cea119ddc80f1342,0xbb4cdb9cbd36b01bd1cbaebf2de08d9173bc095c,18,18,25,0,0,1925
0x7e974e86412de0a6972529269d773f3dbe6e1d38,3,0xbb4cdb9cbd36b01bd1cbaebf2de08d9173bc095c,0xd38c1b7b95d359978996e01b8a85286f65b3c011,18,18,25,0,0,1926
0x8992d8b3f15226d1ea389c722e9315d6cca75894,3,0x500972f56fafe988cb88c078b69b226ba5475011,0x55d398326f99059ff775485246999027b3197955,18,18,25,0,0,1927
0x6221f72b94b6eee67bd047af2f78bbe5a048be7a,3,0x7132090152ee5ff174e680f373b909defeee7777,0xbb4cdb9cbd36b01bd1cbaebf2de08d9173bc095c,18,18,25,0,0,1928
0x27d336f6684cfebf5b0e6a18bf2be1d9abd5d1e7,3,0x3688103e89579633982372802e07fa9d9ae74cb5,0xbb4cdb9cbd36b01bd1cbaebf2de08d9173bc095c,18,18,25,0,0,1929
0x73ae37535ce7cbd94c26782561e04c5f349d5527,3,0xbb4cdb9cbd36b01bd1cbaebf2de08d9173bc095c,0xe81afb6da0554b4346af9c21d978c622572b0d01,18,18,25,0,0,1930
0xecf41a5f6375f1010f0fdea35cdc22060c0f874b,3,0x55d398326f99059ff775485246999027b3197955,0x68973e906a64b283ac90eb88cd561ba6c6681103,18,18,25,0,0,1931
0x91ba3431a0de60f5e4d9837164977d6b28f86db4,3,0x6f4f75c8d7606eda2f929f9db6f11f012d6ca777,0xbb4cdb9cbd36b01bd1cbaebf2de08d9173bc095c,18,18,25,0,0,1932
0xd71c42c186eb1e8bf8bd9757b00e3189ed97e3d2,3,0x0fcc11f873360450a1afd8cb7cfe0a9d787cc25e,0xbb4cdb9cbd36b01bd1cbaebf2de08d9173bc095c,18,18,25,0,0,1933
0x526a03728156aea4af6051e47d52e99a818bc087,3,0xbb4cdb9cbd36b01bd1cbaebf2de08d9173bc095c,0xd084c5a4a621914ed2992310024d2438dfde5bfd,18,18,25,0,0,1934
0x8783c814c1bf426c9da85cd1e6ff67b90d366c48,3,0x373b4c2c5a153bcd5f75d416d69f80a370824444,0xbb4cdb9cbd36b01bd1cbaebf2de08d9173bc095c,18,18,25,0,0,1935
0x1eb114333dd6fd2bfaa285e0bbd313055e211a6e,3,0x5200e917fff8d7cd274bb961e0b86953351905c1,0x55d398326f99059ff775485246999027b3197955,18,18,25,0,0,1936
0xc7c7e647e8b7434a8d90f03f99172b83d38bfcc0,3,0x7a3773a70fa8ce8c10742339ddaba957d4097777,0xbb4cdb9cbd36b01bd1cbaebf2de08d9173bc095c,18,18,25,0,0,1937
0x67ef586d1daaf4002a37c45b8cccde6c46982450,3,0x304c5667bcd15939b82b8fa3630c5fed15a71025,0xbb4cdb9cbd36b01bd1cbaebf2de08d9173bc095c,18,18,25,0,0,1938
0x79083c25b5408b4e87855f9efa266cf370b2bd05,3,0x73fbd93bfda83b111ddc092aa3a4ca77fd30d380,0xbb4cdb9cbd36b01bd1cbaebf2de08d9173bc095c,18,18,25,0,0,1939
0xeb82da6cdbcc587271c6626e7217b66f79812472,3,0x55d398326f99059ff775485246999027b3197955,0x6b740d67ebfca3017ca1edf3940906db7de10f02,18,18,25,0,0,1940
0xfbb3c197b07ca03a70c8329ba8aa798119b6b5ad,3,0x55d398326f99059ff775485246999027b3197955,0x95b68efccdf66e0d020a50f946df50f5abef4b55,18,18,25,0,0,1941
0x5f5b103aa3f9a77131403a7c47d428a474be45ee,3,0xbb4cdb9cbd36b01bd1cbaebf2de08d9173bc095c,0xd4ef1de53fcaacce640b36cb55b916d61860aa75,18,18,25,0,0,1942
0x6d57652bbc3895964f59a5e0e7390e8c6260e426,3,0x55d398326f99059ff775485246999027b3197955,0x70ad603ae3910304098323f903870c080436e8c5,18,18,25,0,0,1943
0x2ee58098c00d9bc02fa80b212b38fe2a2ea7cdc8,3,0xb0b17588d7c7289cf46222a584d7aa985d8c794b,0xbb4cdb9cbd36b01bd1cbaebf2de08d9173bc095c,18,18,25,0,0,1944
0x31550eb6b4628ad83ee71ca1a05df4a40f622ba6,3,0xbb4cdb9cbd36b01bd1cbaebf2de08d9173bc095c,0xee52def4a2683e68ba8aecda8219004c4af376df,18,18,25,0,0,1945
0x429e89b78fc5249ddd5bc048c4d914ad720cf4e8,3,0x9fb9a33956351cf4fa040f65a13b835a3c8764e3,0xbb4cdb9cbd36b01bd1cbaebf2de08d9173bc095c,18,18,25,0,0,1946
0xbb7b2430f84d8da809d77647688d36208fe98d8a,3,0x55d398326f99059ff775485246999027b3197955,0x944e3c439d3c440dccc8f9d4f0ee3996af2c8696,18,18,25,0,0,1947
0x0bb0633315cfba79e40b86d530cf7173456296ff,3,0x417c2bf30a666e9228f561b417d0e02cb7145dba,0xbb4cdb9cbd36b01bd1cbaebf2de08d9173bc095c,18,18,25,0,0,1948
0xd10a7573dd8e09d7ae494a90257c097300c11f61,3,0x5064c784fbeddd95fbfcf0b1b5c5c3027de45708,0xbb4cdb9cbd36b01bd1cbaebf2de08d9173bc095c,18,18,25,0,0,1949
0x59c8bf668f6fbe99edfd46197d56b13b5939dcdc,3,0x4c99f5472d62ab764943c297a8d604868946017d,0xbb4cdb9cbd36b01bd1cbaebf2de08d9173bc095c,18,18,25,0,0,1950
0x45766bed5d2d3a85cfcd9905e8c5c11b3039bc56,3,0xbb4cdb9cbd36b01bd1cbaebf2de08d9173bc095c,0xe1a0ce8b94c6a5e4791401086763d7bd0a6c18f5,18,18,25,0,0,1951
0x65d9f9f1f9c9b8bee38860502a0eb08ea637f9ce,3,0x55d398326f99059ff775485246999027b3197955,0x6338daf47ea4cf4f0901d16853eaa8e64b499c30,18,18,25,0,0,1952
0x12226902290ae805dcec6d9fb4b8a3cf6b364341,3,0x55d398326f99059ff775485246999027b3197955,0xf1dc348b086329a1529ca64284d13c79fc460f55,18,18,25,0,0,1953
0x2dc5d1c44bb31b3b9600995f43a63ccdcf9a7471,3,0x55d398326f99059ff775485246999027b3197955,0x9c47e503b2f497e9ad9f1c0dfa6bd9fd5456aa4e,18,18,25,0,0,1954
0x65ef7833898c4a0df62bf150bbaba2718876adf3,3,0x8ada51404f297bf2603912d1606340223c0a7784,0xbb4cdb9cbd36b01bd1cbaebf2de08d9173bc095c,18,18,25,0,0,1955
0x9103fae55c75201127143a417f535c2dd7d9c3b3,3,0x4e71e1b631bd0ed6f7e50e89dc9b38862bc9217c,0xbb4cdb9cbd36b01bd1cbaebf2de08d9173bc095c,18,18,25,0,0,1956
0x5bd45e40a254ee46c1cbc36bf932449543c0a782,3,0x8abfa6a4f4b9865b0e7acfdce1839a2584636d06,0xbb4cdb9cbd36b01bd1cbaebf2de08d9173bc095c,18,18,25,0,0,1957
0x31eded84f47458941f7b25c27fe96a923fdd38ac,3,0x8ea93d00cc6252e2bd02a34782487eed65738152,0xe9e7cea3dedca5984780bafc599bd69add087d56,18,18,25,0,0,1958
0x252be558693bc7cb1fb202ddf4a053dc9d4bcb48,3,0xbb4cdb9cbd36b01bd1cbaebf2de08d9173bc095c,0xe55d97a97ae6a17706ee281486e98a84095d8aaf,18,18,25,0,0,1959
0x0551ce6a92a55c33c54712d8e1613cf0affc8fbf,3,0x5662ac531a2737c3db8901e982b43327a2fde2ae,0xbb4cdb9cbd36b01bd1cbaebf2de08d9173bc095c,18,18,25,0,0,1960
0xd53a0b88b6d2d4a6b18abc57f9c6a05ad4c6b5e5,3,0x9c2fd8991227bc6b21c46877a7ecfddb9fd34444,0xbb4cdb9cbd36b01bd1cbaebf2de08d9173bc095c,18,18,25,0,0,1961
0x7c99d3d680ccd719b353ce83c0ffe50f30b72ac2,3,0x55d398326f99059ff775485246999027b3197955,0xaab6f7f7a040783992d52a3a1533cb488f7ce297,18,18,25,0,0,1962
0x498873319d02d025f2dbfda586ada222bd9de11c,3,0x426c1c971fb00caaf1883bd801323a8becb0c919,0x55d398326f99059ff775485246999027b3197955,18,18,25,0,0,1963
0x0b2e529e947abd17c84276e900b25d74d90d5cf3,3,0x222496ceaed12154b62f48f6e3030954f4291319,0xbb4cdb9cbd36b01bd1cbaebf2de08d9173bc095c,18,18,25,0,0,1964
0xd5dd05c11d5b5597b03569ff31298ec6acc49c9a,3,0x1646980a0e0ebea85db014807205aa4d9bf87777,0xbb4cdb9cbd36b01bd1cbaebf2de08d9173bc095c,18,18,25,0,0,1965
0xa24e0ebc9e6b989c503a391af600d26289203502,3,0x55d398326f99059ff775485246999027b3197955,0xe4cc4317ff46ddcdcfc5f68098723da1f02fda87,18,18,25,0,0,1966
0xfac4d5d313f07768ecb11679765e161c84443689,3,0x55d398326f99059ff775485246999027b3197955,0xc220689f85238d5cf2427d9ff919c856c89c7cc0,18,18,25,0,0,1967
0x55c9e5dc0aa020966391a50e1c93a41c9ae619a0,3,0x55d398326f99059ff775485246999027b3197955,0xe77932b1216125848e82c3967e75698362168f99,18,18,25,0,0,1968
0xbf1c91b5adac62637597544ca3e58df02eb09765,3,0x80262f604acac839724f66846f290a2cc8b48662,0xbb4cdb9cbd36b01bd1cbaebf2de08d9173bc095c,18,18,25,0,0,1969
0xa004d2e8d3033623be7166ae55a9c14f2315a465,3,0xbb4cdb9cbd36b01bd1cbaebf2de08d9173bc095c,0xee846d3a979e50913c58c575c972c3ac370f704a,18,18,25,0,0,1970
0xf06818d93d506459a8df15de451aa0c26084e2a5,3,0x55d398326f99059ff775485246999027b3197955,0x66cafcf6c32315623c7ffd3f2ff690aa36ebed38,18,18,25,0,0,1971
0x5efc7b281d81544d6b1641cc6317e1fa02b4afe1,3,0x0f4a00bd92abe580a0580631b117de809d157777,0xbb4cdb9cbd36b01bd1cbaebf2de08d9173bc095c,18,18,25,0,0,1972
0x5b0191e3f83cb07268702edec4584fe1616a7380,3,0x55d398326f99059ff775485246999027b3197955,0x9f1839d6dfbebfc1bbbc94869f5c57784b5c369e,18,18,25,0,0,1973
0xc36f0ec6df0f4b9eb27ed31ded603cd24035d26c,3,0x2eb08a8fe215f72e01e089c1cd8c4c4937414444,0xbb4cdb9cbd36b01bd1cbaebf2de08d9173bc095c,18,18,25,0,0,1974
0x1eae04a44d529c3a39aed384b4b8df818ab8d988,3,0xbb4cdb9cbd36b01bd1cbaebf2de08d9173bc095c,0xf06151bf9d9a09e420e702417450b9f41b7c9447,18,18,25,0,0,1975
0x0915d6a5501b79b5d7c2ef113f84a25e027e5a8b,3,0x7f3daf301c629bfa243cbba6654370d929379657,0xbb4cdb9cbd36b01bd1cbaebf2de08d9173bc095c,18,18,25,0,0,1976
0xd3d7035a5b3528b1d20440893799b34a93162682,3,0x55d398326f99059ff775485246999027b3197955,0xfd798d38dbc4fa3a1631be9efb9a20507d72abcf,18,8,25,0,0,1977
0x137cdd3928f2995015b2096bf768629d4e6ebeba,3,0x32d7b49e5e69c6c2f6d05cf4d86d9857d83add48,0xbb4cdb9cbd36b01bd1cbaebf2de08d9173bc095c,18,18,25,0,0,1978
0x07473fc0ef0ef78cb69e46bf95493a9586324422,3,0x55d398326f99059ff775485246999027b3197955,0x8b12759cdba5649ed067775b9026dbad34b4ba50,18,18,25,0,0,1979
0xde2f894e274c7d99273ceb6246cd7f281d40b09f,3,0x718447e29b90d00461966d01e533fa1b69574444,0xbb4cdb9cbd36b01bd1cbaebf2de08d9173bc095c,18,18,25,0,0,1980
0x704df710cdba23155e6ba2c8dd52dbd8c55a7503,3,0x8772eb993841c335185afc1a55c1d9347099e2e9,0xbb4cdb9cbd36b01bd1cbaebf2de08d9173bc095c,18,18,25,0,0,1981
0x207edbc3a402c6c052db60a928a7ea63c99858fc,3,0x0522ecfe37ab2bdb5d60a99e08d1e8379bd35c00,0xbb4cdb9cbd36b01bd1cbaebf2de08d9173bc095c,6,18,25,0,0,1982
0x6103f54147ce8a2e68a00be42306d6a471098726,3,0xa3abe68db1b8467b44715eb94542b20dc134f005,0xbb4cdb9cbd36b01bd1cbaebf2de08d9173bc095c,18,18,25,0,0,1983
0x225aba62425a28f5e19eb9e2df2a53e161061e29,3,0xbb4cdb9cbd36b01bd1cbaebf2de08d9173bc095c,0xea89199344a492853502a7a699cc4230854451b8,18,18,25,0,0,1984
0x33c84847c6259c81cf188c85a5e1b31709c6bdb1,3,0xbb4cdb9cbd36b01bd1cbaebf2de08d9173bc095c,0xe87b8befbdbcedc3c645a4007dd5a41954d24444,18,18,25,0,0,1985
0xcf88228e054b70b4e2b32933956c0626fe6e0619,3,0x4ffa143ce16a24215e8df96c0cef5677a7b91ee4,0xbb4cdb9cbd36b01bd1cbaebf2de08d9173bc095c,18,18,25,0,0,1986
0xf01575e88e5c9e1fec464128096106155458e2a1,3,0xbb4cdb9cbd36b01bd1cbaebf2de08d9173bc095c,0xcdaf240c90f989847c56ac9dee754f76f41c5833,18,8,25,0,0,1987
0x6fd349bf6bd40003d418fe98f93dc1fdef1aad85,3,0xb4be43e97f43eb00fe8bcae9a70ae349a4e563a6,0xe9e7cea3dedca5984780bafc599bd69add087d56,18,18,25,0,0,1988
0x814a5893be57f6668c95ff8ff6c659e20abc7c83,3,0x9edcb93ecbe489d1ff2e4b9a4370d32309474444,0xbb4cdb9cbd36b01bd1cbaebf2de08d9173bc095c,18,18,25,0,0,1989
0x0fac453466ff1ca062e9bb4d971d6343f0595614,3,0x55d398326f99059ff775485246999027b3197955,0xc882910038927090b5c4e03d3dbe506a05168546,18,18,25,0,0,1990
0x87659d5be1d7a54eb4f543fa7647a53c7a5a303b,3,0x730e9b7091258cdf578136ec8394daea2db84444,0xbb4cdb9cbd36b01bd1cbaebf2de08d9173bc095c,18,18,25,0,0,1991
0xd1f0383ac422a4cf626c19f483c9e6a1b0add07f,3,0xbb4cdb9cbd36b01bd1cbaebf2de08d9173bc095c,0xc7404ac87ff5fca2687666db725dd27fe71730a6,18,18,25,0,0,1992
0x1c810a8d8abb6c886a7d87d78d2c8f48a43d3253,3,0x55d398326f99059ff775485246999027b3197955,0xc62d8d9073cef1669e580ac485c02325fa1d4444,18,18,25,0,0,1993
0x6db23b5360c9d2859fdcbf41c56494e7b8573649,3,0x426c72701833fddbdfc06c944737c6031645c708,0xe9e7cea3dedca5984780bafc599bd69add087d56,18,18,25,0,0,1994
0xe2972bcc1d9baa49c4fc04ce28df7e21b04f34aa,3,0x55d398326f99059ff775485246999027b3197955,0xd1e9ab8106e07a1e920d02043014583a66bdb811,18,18,25,0,0,1995
0x9536310b1686e8be9317fd80d7f8bd6e46d80239,3,0x55d398326f99059ff775485246999027b3197955,0xbb4fbe7e80f1d4c0e06428f80b4f26d9ee24b5d0,18,18,25,0,0,1996
0xfc6afff9daf1ebb365b3a0a41d7105b975bbf35e,3,0x55d398326f99059ff775485246999027b3197955,0x75da2849aab9a7970be603449a5b4b47efe61178,18,18,25,0,0,1997
0x8b7539153b1ab26d922c9a9104645f4ba74ac81c,3,0x12fcfab2715e73c30f5c7d515d33ac7cc0bf8ecb,0xbb4cdb9cbd36b01bd1cbaebf2de08d9173bc095c,18,18,25,0,0,1998
0xec0ffb823cf05ace55a2079586c45f8a0bfe251c,3,0x55d398326f99059ff775485246999027b3197955,0x5a4659b03b44bf030fb855a4bf8a587d033e3863,18,18,25,0,0,1999
0x51189910e878334de95433b19fd5dbbc508c2274,3,0x55d398326f99059ff775485246999027b3197955,0x9e2015dd39dba23f9e2360604329b5baa3699999,18,18,25,0,0,2000
0xab13a27a20495d1525c285c437135f2e13bcf2b5,3,0x71e5368a25009418800bfe5e48a415c1dc077777,0xbb4cdb9cbd36b01bd1cbaebf2de08d9173bc095c,18,18,25,0,0,2001
0x6186b2d4ea354c7ef55bef83af4f852e41ea4c9e,3,0x15959cc8e659b3f21ac4e109ace168ce4bc485bb,0x55d398326f99059ff775485246999027b3197955,18,18,25,0,0,2002
0xe6a7cc91e4e9c6d92858727e1a5c1829eede42e7,3,0x1094814045fe0c29023df28698ca539296cf7777,0xbb4cdb9cbd36b01bd1cbaebf2de08d9173bc095c,18,18,25,0,0,2003
0x8e47ebd39ca04d4467c297bb0b0a20f067fab65a,3,0xa32bfcd447f65941d9ff89e4c1a9686f068473c3,0xbb4cdb9cbd36b01bd1cbaebf2de08d9173bc095c,18,18,25,0,0,2004
0x7c0a308eb46bf21dbddbf6df2cb488bf7e3b5c2b,3,0x55d398326f99059ff775485246999027b3197955,0xf46286742153e23eba873c10dc265f5745d8315f,18,18,25,0,0,2005
0xc2b068161d308ab9794098992ad036b23e0b57fb,3,0x934c9198582bf2631128c5d4b051aacef9a6224f,0xe9e7cea3dedca5984780bafc599bd69add087d56,18,18,25,0,0,2006
0x59a5660f91f0061e5ed06e6aaf1fa28c021ac8f9,3,0x5d9cb4c6f988f8ed166f175a5b8be7e3cbca850d,0xbb4cdb9cbd36b01bd1cbaebf2de08d9173bc095c,18,18,25,0,0,2007
0x4e3432d41ddad95fb363e806dd6640a53a631d49,3,0x1cf581b29d110889b44062a253d1434914a0d86b,0x55d398326f99059ff775485246999027b3197955,18,18,25,0,0,2008
0xd1fbb349171dc5eafedeb26eb64621ca547fd2f6,3,0x766e09665a8128d9f7fd9d90bcd3d9cdc50b067f,0xbb4cdb9cbd36b01bd1cbaebf2de08d9173bc095c,18,18,25,0,0,2009
0x78a7634b08eb53c7f0f4e5189fa7b53ae3515b0f,3,0xbb4cdb9cbd36b01bd1cbaebf2de08d9173bc095c,0xbfd0c817b4f486340a350dd65c1ebace41237777,18,18,25,0,0,2010
0xa5d6b3d9d7500d3bef66f4fdde6363e3f0ac2b8c,3,0x309c3a9e662f29e91a6c4335619a08a545743072,0xbb4cdb9cbd36b01bd1cbaebf2de08d9173bc095c,18,18,25,0,0,2011
0x15063f357c9f9be685378b58b11df23a032cd7ad,3,0x55d398326f99059ff775485246999027b3197955,0xe72ead0b542ba2964e54018f63d412a2b7388888,18,18,25,0,0,2012
0x8785d93c343b49f8896aeefe38e8feac3f19a9df,3,0x47cc5334f65611ea6be9e933c49485c88c17f5f0,0xbb4cdb9cbd36b01bd1cbaebf2de08d9173bc095c,18,18,25,0,0,2013
0x96802f60bfb8740c1d0e9ad7c3cdd00b2d801f76,3,0x77302a354913943ad18a2522d9e50c20dd8b51ce,0xbb4cdb9cbd36b01bd1cbaebf2de08d9173bc095c,18,18,25,0,0,2014
0x910bc24bf8d79ac78573026df9da0668acf6ced8,3,0x44442ddce75669acc4a3295c8abefd21edd50581,0xbb4cdb9cbd36b01bd1cbaebf2de08d9173bc095c,18,18,25,0,0,2015
0x65fc5000b80b163a43acc2997ffc52454a35c1ee,3,0x1e225401b42403e0c8c0ff7539d5cf7fd7692026,0x55d398326f99059ff775485246999027b3197955,18,18,25,0,0,2016
0xc9cd68d687763c6da758ec8da7b59f82cfd78d43,3,0x0b25482c69c34ef4759c904f502d6f61298dcc12,0x55d398326f99059ff775485246999027b3197955,18,18,25,0,0,2017
0x0450ac685b3a4c63c6ccf160d8289f97f6711f91,3,0x9b8eecf97de95461082362e4afd3a0e27cfbc23e,0xbb4cdb9cbd36b01bd1cbaebf2de08d9173bc095c,18,18,25,0,0,2018
0x632da57f69d4f1df7c8fadc42075126598341d08,3,0x1d62584d38d26519ea509ee0668e4df25d164444,0xbb4cdb9cbd36b01bd1cbaebf2de08d9173bc095c,18,18,25,0,0,2019
0x92c66329073454940245752c254cd90e864869c9,3,0x2b4508d3b9fe971a7a145e6ad08c0750d5adeb8a,0x55d398326f99059ff775485246999027b3197955,18,18,25,0,0,2020
0x2d237f9329758ab40f72febcaf0734e829120741,3,0x8b78ba509b1de3664ee31dac78dcbe2a8e17922d,0xbb4cdb9cbd36b01bd1cbaebf2de08d9173bc095c,18,18,25,0,0,2021
0x09fbdc2cc2af04e4c633af1dd2fe01f6b48351bd,3,0xa3d80275e300237a62d3431c26d52f185584cc1b,0xbb4cdb9cbd36b01bd1cbaebf2de08d9173bc095c,18,18,25,0,0,2022
0x9ed431dc8f48895fb82908aecd75dfe2846f8503,3,0x88ca52d18f8c15b1817746ed04fb642b51e549d8,0xbb4cdb9cbd36b01bd1cbaebf2de08d9173bc095c,18,18,25,0,0,2023
0x0487712a5a6fcab2db80a513036f77b8c1070f59,3,0x518388eba644e6dc68adc9a9d480af46a0742a56,0xbb4cdb9cbd36b01bd1cbaebf2de08d9173bc095c,18,18,25,0,0,2024
0xd7dd33454eff0f2227679be3df0b59d1c279ba28,3,0x55d398326f99059ff775485246999027b3197955,0xacba30953f29e21a9b6f2452dc106b539581456c,18,18,25,0,0,2025
0xa0e1bf422c6e6fc849a28f5198176242d7032bfb,3,0x55d398326f99059ff775485246999027b3197955,0x598597ac066240ae963d668c301a96aab0f4e68d,18,18,25,0,0,2026
0x919f52a6fd4e08695ca97e6d1410a3d275b0059d,3,0x55d398326f99059ff775485246999027b3197955,0x86dee0d081bcf8642c038a90f2aad30bd784deeb,18,18,25,0,0,2027
0x65c9301763f8827fcf2e5ba68729644ac9169ef7,3,0x08832e34f3c59ae6285e0f823b110ac13087f896,0xbb4cdb9cbd36b01bd1cbaebf2de08d9173bc095c,18,18,25,0,0,2028
0x742f434dbf4d16c761ed17ab3c7c4265372a25ec,3,0x55d398326f99059ff775485246999027b3197955,0xad78fd7e436fefa30d965de3a02a45c2a36b4e79,18,18,25,0,0,2029
0x3c1018bc58a60c2831eb31b9314e3113608d0120,3,0x08c7e5e93a31a0fd7f2516c60529d40129a59b4e,0x55d398326f99059ff775485246999027b3197955,18,18,25,0,0,2030
0x94bc94f33ef39f01e8c444cca52addcd1f80b3ec,3,0x8800e9902879ac7fb9823086d1749030c9a5eb91,0xbb4cdb9cbd36b01bd1cbaebf2de08d9173bc095c,18,18,25,0,0,2031
0x39fbaafde9e725ec5176000f0326f304a3d57674,3,0x798af7725376765e7f3ca86d5e0cf1beaef19f34,0xbb4cdb9cbd36b01bd1cbaebf2de08d9173bc095c,8,18,25,0,0,2032
0x93aa3c9aced28bab044dd52f8742b72dee6df16d,3,0x55d398326f99059ff775485246999027b3197955,0xcfcc7fcf58c58692e6dae56a0f0921241ac59987,18,18,25,0,0,2033
0x6e17138ac7d725fecbc4c4a09acb63d0093efc64,3,0xbb4cdb9cbd36b01bd1cbaebf2de08d9173bc095c,0xf197e06dab32b3c1cd8c055598bea0af11b44444,18,18,25,0,0,2034
0x968fa70a31b0254d0bf9784336a27f1b4883dc5d,3,0x444436c6fa1f82aa2a03d5112211d96463eaff5e,0xbb4cdb9cbd36b01bd1cbaebf2de08d9173bc095c,18,18,25,0,0,2035
0xe0737388a8a53f30722363b0ffe64c1962f97943,3,0x79f6ba2320e885471af554d8edd7f21e2e40fa96,0xbb4cdb9cbd36b01bd1cbaebf2de08d9173bc095c,18,18,25,0,0,2036
0xb382739aaffb58895b500726c2047223ade6d941,3,0x4f6a25ce390705aa781a5e0c3624e11987b52049,0x55d398326f99059ff775485246999027b3197955,18,18,25,0,0,2037
0xad1fedfb04377c4b849cef6ef9627bca41955fa0,3,0x26619fa1d4c957c58096bbbeca6588dcfb12e109,0x55d398326f99059ff775485246999027b3197955,18,18,25,0,0,2038
0xc4b2e4388496622c5a97eca3b87e27360f880e2e,3,0x7fb7e08fb876ef9881090b94f506ea71adaa47f6,0xbb4cdb9cbd36b01bd1cbaebf2de08d9173bc095c,18,18,25,0,0,2039
0xdd9e4405ab491173f24f8dc058e7918f986ff94c,3,0x2ac8f3ccada64981a2ee4552319c1364be9101e6,0xbb4cdb9cbd36b01bd1cbaebf2de08d9173bc095c,18,18,25,0,0,2040
0xce554227743561e3aad21bb833f65dbc0c331b12,3,0x959a48eb21f6a4568793d8eb572e75881925eb69,0xbb4cdb9cbd36b01bd1cbaebf2de08d9173bc095c,18,18,25,0,0,2041
0xadeaeb3973864343128b44c6e325e6df917dfa6a,3,0x55d398326f99059ff775485246999027b3197955,0x630b3af62ba5a83f62acf21eb8425d95aede6e05,18,18,25,0,0,2042
0x3500b421ff0dccfa9cc5fb6b61da5fabe5ad7742,3,0x55d398326f99059ff775485246999027b3197955,0xc43a0bb13c2ade78dcd2955c5e3524ca12995191,18,18,25,0,0,2043
0xa3bd37049ec2983100a0c62f79d7ae10e92d3702,3,0x55d398326f99059ff775485246999027b3197955,0xb67f39d40f028c880023888c8c9f14f3294bf36b,18,18,25,0,0,2044
0xd77ec35a283f114b1e09f74eced897d2a2f24488,3,0x55d398326f99059ff775485246999027b3197955,0xa0b0bd446f76f66e4791631431f4034d08f4a00c,18,18,25,0,0,2045
0x2cedc038aa6a8b481e8a20d323f83f2718beec1f,3,0x4d496efc21754481fe7a9f3f0f758785ade8e1d3,0xbb4cdb9cbd36b01bd1cbaebf2de08d9173bc095c,18,18,25,0,0,2046
0x0f8f6ed2bf04dc3d2bc3a58cfbc7d1bb066ff6db,3,0x55d398326f99059ff775485246999027b3197955,0xe024c3b9ddbfc94182bbd4bcd36c7bf420821258,18,18,25,0,0,2047
0x30843f3f1a1a78ff962d0ecdd3764d26894a05e0,3,0x70131b713a5d0e9d900feca15d0e1348658e4444,0xbb4cdb9cbd36b01bd1cbaebf2de08d9173bc095c,18,18,25,0,0,2048
0x0894d9372ff9da8a60894488e2e45bb4846e81f1,3,0xbb4cdb9cbd36b01bd1cbaebf2de08d9173bc095c,0xdbd299db8f81db509f76c47ffdccb87e29088888,18,18,25,0,0,2049
0xe272a08942380e2cb13f8caef60b414502051b4b,3,0x44444868d2888c84c784754b9df19e403bca9fb6,0xbb4cdb9cbd36b01bd1cbaebf2de08d9173bc095c,18,18,25,0,0,2050
0x7c8b0a86f98cd705775400b2bc4effad99b7a07a,3,0x6d719ed738c526d932002879844dc706cbd684e1,0xbb4cdb9cbd36b01bd1cbaebf2de08d9173bc095c,18,18,25,0,0,2051
0x0daa74f7f7a1ead42070d5a0d868e57353dcf9fd,3,0x29a1e54de0fce58e1018535d30af77a9d2d940c4,0xe9e7cea3dedca5984780bafc599bd69add087d56,18,18,25,0,0,2052
0x1c13b640c2c7658078415c9c77ddccb72e01aa31,3,0xa5ff5bee8dcdaae13f486c71e2cd48be1aa097c7,0xbb4cdb9cbd36b01bd1cbaebf2de08d9173bc095c,18,18,25,0,0,2053
0x04ebeca865a1f6428dd97b237bec5a866cca5c1b,3,0xbb4cdb9cbd36b01bd1cbaebf2de08d9173bc095c,0xc4df2e84834f00ad844b9576fe0a340a9925ffff,18,18,25,0,0,2054
0xaa0453a429ab0ad14d38d1ebc6520bb73ebf4841,3,0x12e114ef949177ddb37716bc6eefb9c5bc25de12,0xbb4cdb9cbd36b01bd1cbaebf2de08d9173bc095c,18,18,25,0,0,2055
0x0779930473418904243d9360f1a5c0890c753c1c,3,0x444468231cc9094dc7fa503a61b5a9b8ea5588db,0xbb4cdb9cbd36b01bd1cbaebf2de08d9173bc095c,18,18,25,0,0,2056
0x346cbcd6f2d1730640c51a36b18ab40e43699a9e,3,0xbb4cdb9cbd36b01bd1cbaebf2de08d9173bc095c,0xc6cb81c8d76a370bf88cf0680d772ca970524444,18,18,25,0,0,2057
0x7d3047f1f1983552fc587264b0bf6b8d1207b77b,3,0x693241b1be9069d0acfe2936c439f1b02c67aee4,0x7130d2a12b9bcbfae4f2634d864a1ee1ce3ead9c,18,18,25,0,0,2058
0x200f5d4f369aee0c9f0da6cc635241b1084736cc,3,0x2f03d0b2f702884fa43aee8e092e83650c5670e9,0xbb4cdb9cbd36b01bd1cbaebf2de08d9173bc095c,18,18,25,0,0,2059
0xd67defccd0b50c88286d7bb890427f52cec9b467,3,0x32ed23b9d263138695168850ac04609f6e5e0ab4,0xbb4cdb9cbd36b01bd1cbaebf2de08d9173bc095c,18,18,25,0,0,2060
0x53722ffabdab016b6e87c0511978cbd277c92a3d,3,0xbb4cdb9cbd36b01bd1cbaebf2de08d9173bc095c,0xe7bf59c402a50778e2f54626380abcc752fc7777,18,18,25,0,0,2061
0xff0a8df8c4a0332e28a4c94ebb3f633944b08a94,3,0x6331bf8d601f0d7f0d2101772af5137c418c4444,0xbb4cdb9cbd36b01bd1cbaebf2de08d9173bc095c,18,18,25,0,0,2062
0x7cab75ec34d5168f61018adb645f3ce67f882e09,3,0x55d398326f99059ff775485246999027b3197955,0xc92319c421d1700c7f4acdbc5ff0b802476abfce,18,18,25,0,0,2063
0x71e8b5bd9ae4d12c374e5b3f398494ed8d69ec0b,3,0x252f72e4003053a08f5df8ef942b699054784444,0xbb4cdb9cbd36b01bd1cbaebf2de08d9173bc095c,18,18,25,0,0,2064
0xf502fcbaec0142e0688f5627ee3b263e87190bf0,3,0x47ac65a34c814d2d46c866836445add5ae76be37,0x55d398326f99059ff775485246999027b3197955,18,18,25,0,0,2065
0xc9de7288b00f94c7944a8361291a46ce6eb4b07d,3,0x55d398326f99059ff775485246999027b3197955,0xa9450e87687bc6e1b711e491cedd9acba3bf082d,18,18,25,0,0,2066
0x56848f2bd74e8024d79a7a20f1b76f135b22ed92,3,0x55d398326f99059ff775485246999027b3197955,0x574b4063cacdab987be51c4477212f258a69028b,18,18,25,0,0,2067
0x38d67572a10d7a42d2a59d65231f00d0bc8a4e7e,3,0x24348b3684b312a76780b96836584d0f32cf7c46,0xbb4cdb9cbd36b01bd1cbaebf2de08d9173bc095c,18,18,25,0,0,2068
0x6a34d24c90603ac8b6cfb67a175f5d2d110938ed,3,0x55d398326f99059ff775485246999027b3197955,0x8263062fbe08fca7ec0d43c4c7a68ce3d76800bc,18,18,25,0,0,2069
0xd8f52aae2ef1ed3ec1045d113ff9f364f0e19b38,3,0x5bfeb407ffe77dd3086d0a19de81904270264444,0xbb4cdb9cbd36b01bd1cbaebf2de08d9173bc095c,18,18,25,0,0,2070
0x3679574902d74f668f884a739f30b7321a7dd323,3,0x7251c7a2155d8fedb42a1dc4333ade589e4d6919,0xbb4cdb9cbd36b01bd1cbaebf2de08d9173bc095c,18,18,25,0,0,2071
0x649e58f062522bcc4322cb0db3ac3004060c0b0e,3,0xbb4cdb9cbd36b01bd1cbaebf2de08d9173bc095c,0xc6f0a9b75fa529dcc0f90459e30684e7ed9a9ea6,18,18,25,0,0,2072
0x08629f445600a9935085e86516214d50b6676589,3,0x55d398326f99059ff775485246999027b3197955,0x5e495cabf56f7329e42798b12b4bb48be94b944c,18,18,25,0,0,2073
0x7a013be01711c055d62edf63b836fc9702995142,3,0x4444900de2c6f2c53646345487216f39165ffdfe,0xbb4cdb9cbd36b01bd1cbaebf2de08d9173bc095c,18,18,25,0,0,2074
0xb5fb8bae0bbdde4f98420334c3a0bd7373698330,3,0x55d398326f99059ff775485246999027b3197955,0x8e8f4fb727a0d47c03ca9e094fcc08d9667d2ff5,18,18,25,0,0,2075
0x7a118de38d628402edb7a65b0e70a82052fb042e,3,0x55d398326f99059ff775485246999027b3197955,0xffa905bb70b6d43ce7a8b84f2ba8e0a334b9765d,18,18,25,0,0,2076
0xfe75668f3f18bedc7b6930c5943861566cb4976d,3,0x3933e1cdd51de9b0f7d062ac8549ccdf63c219a9,0xbb4cdb9cbd36b01bd1cbaebf2de08d9173bc095c,18,18,25,0,0,2077
0x384ce975f659d85dff0e1005dbb82b92a2ebff8c,3,0xbb4cdb9cbd36b01bd1cbaebf2de08d9173bc095c,0xffef225b4a1b5de683d53dd745664c4ef8840f61,18,18,25,0,0,2078
0x0b3e6f1f823d844666c60e02fb5f1666b0cbf172,3,0xbb4cdb9cbd36b01bd1cbaebf2de08d9173bc095c,0xf1c5f24b77c09e37db6a3d26f04a3dc6d68f5e6b,18,18,25,0,0,2079
0x04a15b7d8dffa8536d5c9dc6014ca9da7148f549,3,0x6e7ad49f67a9fa80d50f9659c3fc938296d68b58,0xbb4cdb9cbd36b01bd1cbaebf2de08d9173bc095c,18,18,25,0,0,2080
0x455cfce099b11b0ad11b08444aa13ffcc0177d76,3,0x05292ae8bbc3697d04aced0bf72cdfc18d7a7777,0xbb4cdb9cbd36b01bd1cbaebf2de08d9173bc095c,18,18,25,0,0,2081
0x3a3ca1852a83e6ba7b82cbbf9b2beaeaba030529,3,0xbb4cdb9cbd36b01bd1cbaebf2de08d9173bc095c,0xf8438f99954c0f912aedef3f10dd5167eb687777,18,18,25,0,0,2082
0x92465888faada0a93c9a37333428c0e851c6e302,3,0x16b8dba442cc9faa40d0dd53f698087546ccf096,0x2170ed0880ac9a755fd29b2688956bd959f933f8,18,18,25,0,0,2083
0x5446ccc399a4e2445c88887ca7a73e0580517f88,3,0x923474dd7064f491469a7d7cd5c1ca1508b27777,0xbb4cdb9cbd36b01bd1cbaebf2de08d9173bc095c,18,18,25,0,0,2084
0x5d862d778018136d0d746614f14e1d43a4b14f6b,3,0x987a6509a5927dd8046e4ba9485c7e0e24c832a6,0xe9e7cea3dedca5984780bafc599bd69add087d56,18,18,25,0,0,2085
0x2257fe4d7020479a18e1c13619983061fd002b92,3,0x0ae32219fd40a182489514b99e7908e11aef2415,0xbb4cdb9cbd36b01bd1cbaebf2de08d9173bc095c,18,18,25,0,0,2086
0x0797902e144ef5fb4f21392cec5f217552de1b24,3,0x82a70e626729060c156a49963920d4772eee2a56,0xbb4cdb9cbd36b01bd1cbaebf2de08d9173bc095c,18,18,25,0,0,2087
0x82c0a36b1b2972f36095f7ab75deb5e9ccf4ebc2,3,0x55d398326f99059ff775485246999027b3197955,0x8bc9534a9f1b4c87a1f2986f7007ae7e4a6e749e,18,18,25,0,0,2088
0x6bc42f9eb74e0529bf0dcc58546c43fe36fafed0,3,0xaaae9a495efb7be6e98fcee2a8a54c1bd3031055,0xbb4cdb9cbd36b01bd1cbaebf2de08d9173bc095c,6,18,25,0,0,2089
0x00e1ef3bae1e7feebec2f7cb00743375bfde284d,3,0xbb4cdb9cbd36b01bd1cbaebf2de08d9173bc095c,0xbd8ccac4bd523cb2fdb34876de2f596dbf75885e,18,8,25,0,0,2090
0xbf90cfd8feaf13beb388404a4d63bea43a3e0d68,3,0x116204ba071bb5c8b203e2a5f903f557b54ef577,0xbb4cdb9cbd36b01bd1cbaebf2de08d9173bc095c,18,18,25,0,0,2091
0x1169b6501378dfa7773e0d7bbadea8ddaf509b03,3,0xbb4cdb9cbd36b01bd1cbaebf2de08d9173bc095c,0xd9fa12457c3029745dd1836cc3ba9aee405affff,18,18,25,0,0,2092
0xa75dac147da5a8f16aeeda53ce76a897c69dd7d0,3,0x59f6b2435cd1421f409907ad2d9f811849ca555f,0xbb4cdb9cbd36b01bd1cbaebf2de08d9173bc095c,18,18,25,0,0,2093
0x1fec9016779a953e65552d640c4257ee9db51144,3,0x42f5357edce7797515223192921b9e145ab7ffff,0xbb4cdb9cbd36b01bd1cbaebf2de08d9173bc095c,18,18,25,0,0,2094
0xb24916823c61ee6272448209174f75fafd297b82,3,0x36eba94407b53c631ee822c219e94580fadd67c7,0xbb4cdb9cbd36b01bd1cbaebf2de08d9173bc095c,18,18,25,0,0,2095
0x6923f81983feb33849e8a65c31188f8f5c66c635,3,0x0d07873cacd5f40f47fb19b2c1115b7e1a9db4bf,0xbb4cdb9cbd36b01bd1cbaebf2de08d9173bc095c,8,18,25,0,0,2096
0xd1fa4180b70ade92afbde96a38da5f8fe7904766,3,0x55d398326f99059ff775485246999027b3197955,0xf7efc03de919a95003cc0503621e9a30bc900000,18,18,25,0,0,2097
0x49cd51e5ee04ec3643459c053a222daf635a5be6,3,0x9afe4db8deda3a50cf45004d74f2913df0457777,0xbb4cdb9cbd36b01bd1cbaebf2de08d9173bc095c,18,18,25,0,0,2098
0x7dd6ecd77c6fc33ce9a66f96e135c124b8524a55,3,0x05311d9aa0e17d1071986146ced510c85c71b52f,0xbb4cdb9cbd36b01bd1cbaebf2de08d9173bc095c,18,18,25,0,0,2099
0x3f506508ff00dc85d78ec58c7cdc6e1d8b9c61e7,3,0xbb4cdb9cbd36b01bd1cbaebf2de08d9173bc095c,0xbc2a152ce36a76e3071ce221761e2445c1c496d4,18,18,25,0,0,2100
0x132dfdab81953af0bcb9508376f9acf4a722585e,3,0x55d398326f99059ff775485246999027b3197955,0x62e3fa8545b0ea6d24bb0ca4eb13beb2edb543c5,18,18,25,0,0,2101
0xc010e3ba1a35084ab50758f67e8201e5c178df30,3,0x4444159a96cea50b828b42cd0b1f7397998d722f,0xbb4cdb9cbd36b01bd1cbaebf2de08d9173bc095c,18,18,25,0,0,2102
0x56b36a14dd749a1331e0153391782b79f0bc9729,3,0x55d398326f99059ff775485246999027b3197955,0xe698cb440af3baf58c27988ae0f37a89225f982a,18,18,25,0,0,2103
0xa23981b7e54101db38e98a1ea9b845c2367fd7c1,3,0x55d398326f99059ff775485246999027b3197955,0xc5908a3436b9974f5466f2644bfcc53c299b0f64,18,18,25,0,0,2104
0x2616ae893b30227e46992055ea0eb62ad646f931,3,0x85b37795d256f6ad52f0b32752c673add5127777,0xbb4cdb9cbd36b01bd1cbaebf2de08d9173bc095c,18,18,25,0,0,2105
0xeedc22d6f9a67e9c514c9edf8cc5f17a80eec66d,3,0x038c2bcdc4cedb7c72fd245c58b91284fdafa6fb,0xbb4cdb9cbd36b01bd1cbaebf2de08d9173bc095c,18,18,25,0,0,2106
0xd423c0264bb6dfd206ef5526e098e7dad6ce7f01,3,0x55d398326f99059ff775485246999027b3197955,0x82ff813de8a9a75f054ad6e6a0c1ceb1be98c426,18,18,25,0,0,2107
0x1a52cd5e78f211c699062d3dc6d238392bd4cefb,3,0x55d398326f99059ff775485246999027b3197955,0xf9990768fe76ec88918cd8bf562ec946eac87961,18,18,25,0,0,2108
0xbf15735517d8dd6d74409b33ef1c610779afb15d,3,0x55d398326f99059ff775485246999027b3197955,0x87bc7abb1cbe4653349ca5b6ffc83cce0196e931,18,18,25,0,0,2109
0xe096f91f4e51155e8087ebc1c65b98f58b69d4c4,3,0x2a864d9ccfea16a8fbf256fb209e86a8c5c8f063,0xbb4cdb9cbd36b01bd1cbaebf2de08d9173bc095c,18,18,25,0,0,2110
0x433216bf4f4539631ec8b377f5bf7794ad60718f,3,0xe9e7cea3dedca5984780bafc599bd69add087d56,0xfdb43afbf962d6793e2f0e0f3ed58820ca36507b,18,18,25,0,0,2111
0xde6eb45ed2cd7a0f1c0d8c8930d2d14c4725f978,3,0x55d398326f99059ff775485246999027b3197955,0x7d1bfc47ce9cd02abd10f035076f9776beef5056,18,18,25,0,0,2112
0xc51e01569cd9ce5788bd80dde452ace981be5848,3,0x7130d2a12b9bcbfae4f2634d864a1ee1ce3ead9c,0xebd3619642d78f0c98c84f6fa9a678653fb5a99b,18,18,25,0,0,2113
0xb876f8aeaefc2b2cade087e5aea19816531181d3,3,0x55d398326f99059ff775485246999027b3197955,0x81bff2a7518e4efe7e8c08dfbfd1b02393a53d79,18,18,25,0,0,2114
0xf40583f9c68ef42cb9507660e8d7482f58a7f93d,3,0x7672843c25c5ba11191da8da40c0881d7e77d9e0,0xbb4cdb9cbd36b01bd1cbaebf2de08d9173bc095c,18,18,25,0,0,2115
0x844ea862e61d3d1097391670086a4a102baf7a2c,3,0xbb4cdb9cbd36b01bd1cbaebf2de08d9173bc095c,0xc60dee4852ee6190cc440e87fc06796ec5ed4bb0,18,18,25,0,0,2116
0x2be91677fd3e15a9ea7b7f449485f370f787076f,3,0x2375f85a522613fae912a1c8edc656c61584c049,0x55d398326f99059ff775485246999027b3197955,18,18,25,0,0,2117
0x4a85991280367e97692ce070177fae7e938560ff,3,0x55d398326f99059ff775485246999027b3197955,0x85b20517fa17da40cc89a39ce3d4200cb8044ddb,18,18,25,0,0,2118
0x104181bbd25e5b1b6f3d5e856f45bfbf67f2c581,3,0x238782ac70ccb4f0f3856972a473fcf8892eece8,0x55d398326f99059ff775485246999027b3197955,6,18,25,0,0,2119
0x7a99b4b1203b2d03f82157aa3d25f858b44b7a23,3,0x55d398326f99059ff775485246999027b3197955,0x7d0c2b19f3793dcd84997d51003cc064e70c99b3,18,18,25,0,0,2120
0x732240d2ed09be8d9f72740a02906cdcb6dfb31b,3,0x55d398326f99059ff775485246999027b3197955,0x68e30fbb2da7020517b58f40cb2d87e4d8dc4d1e,18,18,25,0,0,2121
0xa88c49ebf717d14304743966c9d3d360a54aba72,3,0x89e0fd879645c39a3b7d46559d6129c897c44444,0xbb4cdb9cbd36b01bd1cbaebf2de08d9173bc095c,18,18,25,0,0,2122
0x896e06c56b29e71fde972ec1395837bf92a38e73,3,0xad126eebf127c2f76a8f87bae211eac6fd8b7777,0xbb4cdb9cbd36b01bd1cbaebf2de08d9173bc095c,18,18,25,0,0,2123
0x2c22600948a23607d9b14a1b0d59d2dc299617c4,3,0xbb4cdb9cbd36b01bd1cbaebf2de08d9173bc095c,0xfbfed04cc5b6e52922eda403be025b0a15190aff,18,18,25,0,0,2124
0x7799c29b3e0f5dd5fd7a8936b21efded2c834d4b,3,0x468c561b704a5cd47ed8c37a08460d7d45c970b5,0x55d398326f99059ff775485246999027b3197955,18,18,25,0,0,2125
0x618e62c7492c84c2552f2fcb8c35feb1b00848fc,3,0x55d398326f99059ff775485246999027b3197955,0x6dd66a5ed37b551e9a96a60981cf0a527bf281c3,18,18,25,0,0,2126
0xab7604a17790d686b3cd5987eab6978a55e68187,3,0x6f1998de0af8e0152a4fab20ffaafc2e7e7c3ef1,0xbb4cdb9cbd36b01bd1cbaebf2de08d9173bc095c,18,18,25,0,0,2127
0xa9e901a30fe703125a2d4514968e83ce02c2adb1,3,0x55d398326f99059ff775485246999027b3197955,0x87612133083a671d75e41ac3ed162501536dbb42,18,18,25,0,0,2128
0x50390cee4101d6e4022547b230efa1a025184a97,3,0x94251abfe09afa5b6e1a460c227affa30a157788,0xbb4cdb9cbd36b01bd1cbaebf2de08d9173bc095c,18,18,25,0,0,2129
0x00a5317eea05cd08dc26337ea8df86ef605bd882,3,0xae98e63db1c4646bf5b40b29c664bc922f71bc65,0xbb4cdb9cbd36b01bd1cbaebf2de08d9173bc095c,18,18,25,0,0,2130
0xa32bbaa2a8df16f347250df0f77808bd9a8aa77c,3,0x55d398326f99059ff775485246999027b3197955,0xd10332818d6a9b4b84bf5d87dbf9d80012fdf913,18,18,25,0,0,2131
0x3c055f3382f92c2216640dc981eba2a12a8b109e,3,0xbb4cdb9cbd36b01bd1cbaebf2de08d9173bc095c,0xf36e2f7f7bd1480b6e1d59cfd91717cad9944444,18,18,25,0,0,2132
0x27c2231f4ad14153602b09deba133e387f0c2c9f,3,0x81d667b316a208ce7acb2d611dba478cf8314b11,0xbb4cdb9cbd36b01bd1cbaebf2de08d9173bc095c,18,18,25,0,0,2133
0x66704290cba705542556968f62517a0a1e7eac31,3,0x2a2c9e97acd3a1dc208c6d7f010559c69629dbb8,0x55d398326f99059ff775485246999027b3197955,18,18,25,0,0,2134
0xe0648ec82eb04b565476b9dbc5208f180fda44a6,3,0x55d398326f99059ff775485246999027b3197955,0x5fedf523e8119cd990a9b304aa3c7b595c765341,18,18,25,0,0,2135
0x3a8153cf396680d5eaf04a1f4dde4540e3e32b2b,3,0xbb4cdb9cbd36b01bd1cbaebf2de08d9173bc095c,0xd3c325848d7c6e29b574cb0789998b2ff901f17e,18,18,25,0,0,2136
0xe27ae28ef7475aea8f069d2cc5c93908abf60388,3,0x68b40c66287dd085622b7f7122f7a0d17ba1f38f,0xbb4cdb9cbd36b01bd1cbaebf2de08d9173bc095c,18,18,25,0,0,2137
0xc2d3c8aedbb2fc07541274095c26cf8e824275ce,3,0x73cd10b66c4ebc6ee77adfcc4310c03d79a74444,0xbb4cdb9cbd36b01bd1cbaebf2de08d9173bc095c,18,18,25,0,0,2138
0x9ad2d9035e36e151809cdedd2c1acd3a2ad82c36,3,0x1a8ae40f498aed05e3647933fbdad54ecfd2134b,0xbb4cdb9cbd36b01bd1cbaebf2de08d9173bc095c,18,18,25,0,0,2139
0x82947bfbaf42392093addd13f23ed05756f24804,3,0x9e58eaf7d6daa448a8be8df5f14b3289ed599918,0xbb4cdb9cbd36b01bd1cbaebf2de08d9173bc095c,18,18,25,0,0,2140
0xe4110c22efadf023482f6f28a35c458291d05c2f,3,0x168e3b1746aa249a9b3603b70605924fe255ee1a,0xbb4cdb9cbd36b01bd1cbaebf2de08d9173bc095c,18,18,25,0,0,2141
0x71e3bb5cbf07b25252e921f7b3f27ab507583281,3,0x23e2efa091112b85af95cf9195e505fd58a3dc8f,0xbb4cdb9cbd36b01bd1cbaebf2de08d9173bc095c,18,18,25,0,0,2142
0xee38253e6e1206d34c6f927ed4477eaaa4333a2f,3,0x6a44148e8fb2527d1ee66e2f798cd7c181184444,0xbb4cdb9cbd36b01bd1cbaebf2de08d9173bc095c,18,18,25,0,0,2143
0x5c044b868fba8e3dcad06d158019c247b6b4ce17,3,0x55d398326f99059ff775485246999027b3197955,0xa059080853b2f273a452424859a4701a1ce13a0e,18,18,25,0,0,2144
0x8e744ec2795c8b836689d1b4ebe1489204357dac,3,0x12bb890508c125661e03b09ec06e404bc9289040,0xe9e7cea3dedca5984780bafc599bd69add087d56,18,18,25,0,0,2145
0x655d04a844fb7b65b0e0a2bb38ef8d9620bcc432,3,0xbb4cdb9cbd36b01bd1cbaebf2de08d9173bc095c,0xf9cd12842d4c9fbabfbb5ab1cbd4227499587f1c,18,18,25,0,0,2146
0xe872270f0da2809cbeb82cda4b33b25133f46073,3,0x55d398326f99059ff775485246999027b3197955,0xc89217c13015bd8702011e46194c2b94bdf44444,18,18,25,0,0,2147
0x0a1fb3594593483d3d2d18f77db6bff6d149005b,3,0x55d398326f99059ff775485246999027b3197955,0x6604910af8081e644eea8c86fb0ef17e49c5c942,18,18,25,0,0,2148
0xa46fed00b9059b85efc4b0f94be581c4059e581e,3,0x080f2ed125c2e41e979d1ae9f8ef8c262b344855,0xbb4cdb9cbd36b01bd1cbaebf2de08d9173bc095c,18,18,25,0,0,2149
0xafe2cfd27161356435b9ef6a768ef0abd3ec390c,3,0x4db5627c683d8123e4dfdc660e977d55e76b7777,0xbb4cdb9cbd36b01bd1cbaebf2de08d9173bc095c,18,18,25,0,0,2150
0x86f56bf6e0fc7d0a8b1686f7714e82ddc1eb93c2,3,0x8f1e60d84182db487ac235acc65825e50b5477a1,0xbb4cdb9cbd36b01bd1cbaebf2de08d9173bc095c,18,18,25,0,0,2151
0x9873f51bd6ec0cde08d0be94a41f9f95e08a851c,3,0xbb4cdb9cbd36b01bd1cbaebf2de08d9173bc095c,0xf414431119dc4f622ac5c8042cbf7437b10c4444,18,18,25,0,0,2152
0x6fd698c40da3b5ad0e2feffca6c795b044a65438,3,0x1a97b0cf1efb5228027dd782ed5d82c901694042,0x55d398326f99059ff775485246999027b3197955,18,18,25,0,0,2153
0x80d4150938dfac5313bb25eb4c121a40504617d0,3,0x595b0774d1b2c87dbf9720912ba0870ae9b94444,0xbb4cdb9cbd36b01bd1cbaebf2de08d9173bc095c,18,18,25,0,0,2154
0x6b1e7f28cd45184aae2a2ed78deff9b2bd2e9883,3,0x308a7c911935d10d6a402dec54444f7abc8c7777,0xbb4cdb9cbd36b01bd1cbaebf2de08d9173bc095c,18,18,25,0,0,2155
0x31ccac0c811c55dbbc34b709e375dd900221d809,3,0x44449c3140a4e38fe6b7f2ecbbed9219ceaf5d4f,0xbb4cdb9cbd36b01bd1cbaebf2de08d9173bc095c,18,18,25,0,0,2156
0xccecf7f09f053ddbc6910f146038f22cce3d7c40,3,0x55d398326f99059ff775485246999027b3197955,0x96ab421e56846653cb342577639a666257053ab2,18,18,25,0,0,2157
0x886511b70fd48e3aac931b415f2fb5648208cb48,3,0x55d398326f99059ff775485246999027b3197955,0xdf97ea725add982b69e471ed06b97fbf38fd6210,18,18,25,0,0,2158
0xf8a25b616245b27c78e57c1b1275a655214cc1aa,3,0x74a9a4be514f346c140849be316c3aec4e517777,0xbb4cdb9cbd36b01bd1cbaebf2de08d9173bc095c,18,18,25,0,0,2159
0x47996289e9097554307d202b65969e1ebf9c160f,3,0x55d398326f99059ff775485246999027b3197955,0x7c41b1cb7e221885fb1786805f48794d0e55fa08,18,18,25,0,0,2160
0xd59a74d67d8896eec3a6b5a1d89e8c1cbf56d244,3,0x1fc2c1c218b079f21b6fdd52b07e4fd256c0a17f,0xe9e7cea3dedca5984780bafc599bd69add087d56,18,18,25,0,0,2161
0xd54e28d1c7d6c52352b3670fb8de90829aa16244,3,0x28c2e54f048f2440a5affd8a703b10a56da76ba5,0xbb4cdb9cbd36b01bd1cbaebf2de08d9173bc095c,18,18,25,0,0,2162
0x0e0fdc578548427a9cded233bb4a48c2e20de489,3,0x3d6f31679c13b767c7d029efd33fc5f19da40224,0xbb4cdb9cbd36b01bd1cbaebf2de08d9173bc095c,18,18,25,0,0,2163
0x0ffea114189ecc0a56f09fa04ea2e76e35c309a1,3,0xbb4cdb9cbd36b01bd1cbaebf2de08d9173bc095c,0xde9a73272bc2f28189ce3c243e36fafda2485212,18,18,25,0,0,2164
0x59eaf125300c038a15e16eb18170230b2bcb94da,3,0x11c7493e8a7cdfca348764fbc0d4292762c27c62,0x55d398326f99059ff775485246999027b3197955,18,18,25,0,0,2165
0xff69accf887b04246e7ff6e91e80fa7123d2d138,3,0x4ec59bbe3d46473c4fccecaf7ddbe8d80d1767a8,0x55d398326f99059ff775485246999027b3197955,18,18,25,0,0,2166
0x63dafff68e6d34e0a9050b221869ca93cd2a5949,3,0x4f34292f109870d5fdda602bc7e3ae56d520d6e1,0x55d398326f99059ff775485246999027b3197955,18,18,25,0,0,2167
0x865eb5c64765733b25d7356ee1f941805249e5a7,3,0x444465330141f2fd454e462fe4f71ca89e45df58,0xbb4cdb9cbd36b01bd1cbaebf2de08d9173bc095c,18,18,25,0,0,2168
0x89d4598e3a8e98fb4bb4b7f51a025db5e33821b8,3,0x318e00f8ba79fa3262fc771ac50e666f77b69189,0xbb4cdb9cbd36b01bd1cbaebf2de08d9173bc095c,18,18,25,0,0,2169
0xc0febba8d38b53a781bdc8191856af5e756ae41a,3,0x0055448eeefd5c4bac80d260fa63ff0d8402685f,0xbb4cdb9cbd36b01bd1cbaebf2de08d9173bc095c,18,18,25,0,0,2170
0xb4274734d1d2114c355774c7f2b790bbec9a90ce,3,0xbb4cdb9cbd36b01bd1cbaebf2de08d9173bc095c,0xcfcfbe832d111c2e08f82ed35634e33ca5a14444,18,18,25,0,0,2171
0x273eddd0576956c6d4dce2f1f5bd02e1d266f460,3,0xbb4cdb9cbd36b01bd1cbaebf2de08d9173bc095c,0xce31621abad5c5373fcc19f91e8ff5fccec3e81b,18,18,25,0,0,2172
0x05a3fef70419725398f52e6fb4e78633490ef911,3,0x5e579c8aa9fab413da2375dee054b685d72ce701,0xbb4cdb9cbd36b01bd1cbaebf2de08d9173bc095c,18,18,25,0,0,2173
0x5c53161a575ee9720725ad7778920c00fe882d63,3,0x55d398326f99059ff775485246999027b3197955,0x97f1f90c2fd2c0888c83f4f182e3b607c03e1b59,18,18,25,0,0,2174
0xf4525131933d9c2deb4f598f9c177ba4f5d8975b,3,0x1cd43b38be559fea7fcb44d2f59542a43806abb5,0xbb4cdb9cbd36b01bd1cbaebf2de08d9173bc095c,18,18,25,0,0,2175
0x65ad9085ad4b473015ff7cc8613a5b81d6d5d89c,3,0x2a8dba970ba9750fa1c81b1be4c0e19c1aacca9d,0x55d398326f99059ff775485246999027b3197955,18,18,25,0,0,2176
0x5b9009f7ca2e5d74a72da90083dcb54a015a089e,3,0x199d07aa6723e9324f44f89885101ff79e11919a,0xbb4cdb9cbd36b01bd1cbaebf2de08d9173bc095c,18,18,25,0,0,2177
0x6f83a45877c677d7fa7515568f143a336af35fc6,3,0x55d398326f99059ff775485246999027b3197955,0xcce92f643c6f046a8ba5cc4e1bd98d20fa181b0c,18,18,25,0,0,2178
0x009578c91568cce4c174fd77b33569d6dc82b7b5,3,0xbb4cdb9cbd36b01bd1cbaebf2de08d9173bc095c,0xfafb7581a65a1f554616bf780fc8a8acd2ab8c9b,18,18,25,0,0,2179
0x46b30d22db599430245c85b85d0c6d6e7d8a5ae0,3,0xbb4cdb9cbd36b01bd1cbaebf2de08d9173bc095c,0xf82aa46120314904cd8119dac84f6bcc7d90ed2e,18,18,25,0,0,2180
0xf850c9e02fc7c9dd440ac0bac694d4ef93337b97,3,0xa7c5446516adaf0a83c005fd8f37e128f799ea81,0xbb4cdb9cbd36b01bd1cbaebf2de08d9173bc095c,18,18,25,0,0,2181
0xf24d2490c0fbaddc3c12f984739eeb1bd45cbd90,3,0x83b79f74f225e8f9a29fc67cb1678e7909d7d73d,0xbb4cdb9cbd36b01bd1cbaebf2de08d9173bc095c,18,18,25,0,0,2182
0xe7d87ec1ce59ec1325c73b439662edbe017fa34d,3,0x2170ed0880ac9a755fd29b2688956bd959f933f8,0x9ccd7671fde42d814430ccabcb5dda127526ec91,18,18,25,0,0,2183
0xd9f4312c6cc907bf42f02a3542db4af10e33bfec,3,0x6b670d593d10207cb59b1a88ae4b8b8ba18e52b4,0xbb4cdb9cbd36b01bd1cbaebf2de08d9173bc095c,6,18,25,0,0,2184
0x0a2451a4fc08455b870efa6021a6d2a97f54c443,3,0x55d398326f99059ff775485246999027b3197955,0x9abdcdacf6ab51b9daf10fd38cf166749f1a447a,18,18,25,0,0,2185
0x8a6e2125cdd31d741c85752913025adcecb80b7d,3,0x42c1613dd2236cfd60b5cbec846b5ead71be99df,0xbb4cdb9cbd36b01bd1cbaebf2de08d9173bc095c,18,18,25,0,0,2186
0xbac126a50f9b33bafd10dcf4ac3c13c7d1498af8,3,0x55d398326f99059ff775485246999027b3197955,0xa7e477721019b0d0b870efe4899766d09aa41c05,18,18,25,0,0,2187
0x4e857d136c288106e75252eed48e747852fe3555,3,0x340724464cf51a551106cc6657606ee7d87b28b9,0x55d398326f99059ff775485246999027b3197955,18,18,25,0,0,2188
0x7806cda51281f2e2c8a7a4091e52900ee3d928d9,3,0x55d398326f99059ff775485246999027b3197955,0xc9ad8d61a99e008876f78c0c07f80c3c4a2d6002,18,18,25,0,0,2189
0x76584257762098490d4cbb255cf006c071efe092,3,0x55d398326f99059ff775485246999027b3197955,0xafad97e8e25da643e7f41650938f8316461302f1,18,18,25,0,0,2190
0x10234478207ecd4682ed090a95c28bd2f403dead,3,0x2c5b0af1c9078dd471197c21d6d57a71aeb80cba,0x55d398326f99059ff775485246999027b3197955,8,18,25,0,0,2191
0xaaf56fb9ad042a8f2d95153e210c3d306ae02054,3,0x5cb7e2dc122b33c7b191799ca7e23d5b4a15fbd0,0xbb4cdb9cbd36b01bd1cbaebf2de08d9173bc095c,18,18,25,0,0,2192
0xffe56589fcad109c9b02aba3627f7ad29b91b9d2,3,0x32ef878d527d860339818571e8da17005110f04e,0xbb4cdb9cbd36b01bd1cbaebf2de08d9173bc095c,18,18,25,0,0,2193
0xeb45a29f68c7f2c4def7a300be6e2e7248d2cb03,3,0xb5ccc4abf8756979fadb4cafd6a658db09f83f5c,0xbb4cdb9cbd36b01bd1cbaebf2de08d9173bc095c,18,18,25,0,0,2194
0x007ec643c7cc33a70c083fc305c283dd009c8b94,3,0x3019bf2a2ef8040c242c9a4c5c4bd4c81678b2a1,0x8ac76a51cc950d9822d68b83fe1ad97b32cd580d,8,18,25,0,0,2195
0x0e382d6918229b8ba2b1f68eef26d9a68f251506,3,0x55d398326f99059ff775485246999027b3197955,0x7e661cf00707b93432a1edc8adf76cf013e6aa16,18,18,25,0,0,2196
0x3a3509a6337e18ca8100a34f1473d7ab7752567e,3,0x9f7f4ddbcac23db5280d4aab83a28c5c3eff535e,0xbb4cdb9cbd36b01bd1cbaebf2de08d9173bc095c,18,18,25,0,0,2197
0xf3f240337de48455bf82b2ca6b92616571e635d7,3,0x55d398326f99059ff775485246999027b3197955,0xbddc653ae353f76121632360ac16c134b8cceb71,18,18,25,0,0,2198
0x07e7496f86dbee25ef9b471546a800adcad7fc8d,3,0xbb4cdb9cbd36b01bd1cbaebf2de08d9173bc095c,0xf625b131336b4544907e160507aa8d8568104444,18,18,25,0,0,2199
0xcaf971ff1853ec9d4c021c9a00018eee92d2562a,3,0x55d398326f99059ff775485246999027b3197955,0x9edeb828d721d231ee5260cef85d7583566c14fb,18,18,25,0,0,2200
0x03351f2bd2d985e6fdcd6bce94255770460f40ac,3,0x1e183e9fec7058d0c3ae29623495478fe12c75eb,0xbb4cdb9cbd36b01bd1cbaebf2de08d9173bc095c,18,18,25,0,0,2201
0x28faa8a23559c5ff634089ea269690ef08c94d73,3,0x2b89540af369f8a197a5e340d3917216e8cf29aa,0xbb4cdb9cbd36b01bd1cbaebf2de08d9173bc095c,6,18,25,0,0,2202
0x10a7f40a82c929078f906333a848e73c08934bee,3,0xacf531d13fc411f9610ab25f415b5f241b394988,0xbb4cdb9cbd36b01bd1cbaebf2de08d9173bc095c,18,18,25,0,0,2203
0x6c8ba9c38d6fa6e8ff793a354d714c8192a9bd97,3,0xbb4cdb9cbd36b01bd1cbaebf2de08d9173bc095c,0xc05b4fc728f0c824c43f263065d38c34978c4444,18,18,25,0,0,2204
0x1de01b81f54b136222846896978d540e7b27099b,3,0xbb4cdb9cbd36b01bd1cbaebf2de08d9173bc095c,0xd8ee85eecb542606d560ea4e1ef21b110c416095,18,18,25,0,0,2205
0xd17f69ba1886e7310321e26c3d55323498bd2f91,3,0x4cbebad4c0721e419701f2b2cc4135eaba0cd8b3,0xbb4cdb9cbd36b01bd1cbaebf2de08d9173bc095c,8,18,25,0,0,2206
0x4b45837d3680f08b8cd3040f35cbee6ca995b9e1,3,0x55d398326f99059ff775485246999027b3197955,0xb531613381cce69dacdfe3693570f8cbf8bda81f,18,18,25,0,0,2207
0xbfe61c37c7b5b753b8d89b0d3c04dc6b47e73d54,3,0xafad14f35975bb4b5e38fb8d158e31c75fe9962c,0xbb4cdb9cbd36b01bd1cbaebf2de08d9173bc095c,18,18,25,0,0,2208
0x3cb4d622602baacaba20ae3c51217c4983bf9a12,3,0x55d398326f99059ff775485246999027b3197955,0x6ed98fd871b62e4347aa7d1908cdaed98f95959b,18,18,25,0,0,2209
0xb5aad7d5ff50a077d0031b2a1bb05dc1247ab3b3,3,0x8045ea2d939222d390ea5333c9c788acc1fa3b45,0xbb4cdb9cbd36b01bd1cbaebf2de08d9173bc095c,18,18,25,0,0,2210
0x60dd4699ae8d800f6d5401e081339b2028a1b346,3,0x9b4fb89bb6dbebb3c8fdfd4987e7ebd5472c7447,0xbb4cdb9cbd36b01bd1cbaebf2de08d9173bc095c,18,18,25,0,0,2211
0x93d79af98e413623285d2c87cc2de968dbef7593,3,0x060dbf8da81936a0e8edbf38c9d54ae785a79a60,0xbb4cdb9cbd36b01bd1cbaebf2de08d9173bc095c,18,18,25,0,0,2212
0x65b86a95783b499c05016ca475517eb383d38174,3,0x3c8a5c529d92216c8da527f168f86e83a9c44444,0xbb4cdb9cbd36b01bd1cbaebf2de08d9173bc095c,18,18,25,0,0,2213
0xa1eabb0f419c9dbafcfbf18babb9551f05ec8e9c,3,0x55d398326f99059ff775485246999027b3197955,0xd01f23929421ff4da1a6a44817d98040b1028888,18,18,25,0,0,2214
0x9fc74d62283efc7663b49d77d7c31cb7bc1808af,3,0x930f3768f29030f9bd7ad5d3e77b731c3411e95c,0xbb4cdb9cbd36b01bd1cbaebf2de08d9173bc095c,18,18,25,0,0,2215
0xcb7e56c02918f198fedbbbf3c7648f9277f9d9e9,3,0xbb4cdb9cbd36b01bd1cbaebf2de08d9173bc095c,0xf339968b81663d6a7558562fce81f0fca3cb4444,18,18,25,0,0,2216
0x021b08d8709819aedc26a29532cfbedbbf690ec1,3,0x17c79994e5c090f54a70cd574bd751406904eb65,0x55d398326f99059ff775485246999027b3197955,18,18,25,0,0,2217
0x891ae41c7b39154b77dfdabdf3a265c3fb3e0d0b,3,0xbb4cdb9cbd36b01bd1cbaebf2de08d9173bc095c,0xe8a9bf6313950544501db41d498ea6d6dc90b305,18,18,25,0,0,2218
0xbd9d48f31d4f4edf31e34b3be531798376f8cfac,3,0x5d772ca965648bcdbc263a7e672b46d214cca432,0xbb4cdb9cbd36b01bd1cbaebf2de08d9173bc095c,18,18,25,0,0,2219
0x259db7344bf105119b868915d80081f9c9168da7,3,0x887d9c01fff04022da9c6d64a65a481a9e5d1fca,0xbb4cdb9cbd36b01bd1cbaebf2de08d9173bc095c,8,18,25,0,0,2220
0xa5cd0d9aeea0ebcf6d75b9bfc0664334c349cfa7,3,0x6ae6404841d99669069607bc892ae9eab939fc7b,0xbb4cdb9cbd36b01bd1cbaebf2de08d9173bc095c,18,18,25,0,0,2221
0x7d9a46ac9cb22a6c4e6a94253c309c0551f717fe,3,0x77087ab5df23cfb52449a188e80e9096201c2097,0xe9e7cea3dedca5984780bafc599bd69add087d56,18,18,25,0,0,2222
0xf020285bdbba9532beb994748c62090998cc94d4,3,0x0c31c8b2f8276b88ad2731ec69b34cd686181ec6,0x55d398326f99059ff775485246999027b3197955,18,18,25,0,0,2223
0xfe06aad2fed0e621ec2cbec5439ad7462a287be0,3,0x55d398326f99059ff775485246999027b3197955,0x7888dbdf56b135a2cc8ef856769bcd309753b015,18,18,25,0,0,2224
0x3f36dc9a0e3e15e08173a5bca90925718ce4cec0,3,0x7e12a784e429e2cccb50b75d752c60f85b9dc5cf,0xbb4cdb9cbd36b01bd1cbaebf2de08d9173bc095c,18,18,25,0,0,2225
0x191a9c064dc2e391710d3e4ee2ed357ab360e3aa,3,0x5fd75898f9876e68f4772128a8a78523eab24444,0xbb4cdb9cbd36b01bd1cbaebf2de08d9173bc095c,18,18,25,0,0,2226
0x41b7e7865a32a13bb14283c01213facd50ae2c9f,3,0x55d398326f99059ff775485246999027b3197955,0x7e104cbf3bc3740f29a5ade24510edbe7d288888,18,18,25,0,0,2227
0x2307a995ceaf12ec19e5c2a3e0d136ffb0eb9040,3,0x18d7aba6e318d1f6bbc76bc41afb3e4b0b5bdba2,0xbb4cdb9cbd36b01bd1cbaebf2de08d9173bc095c,18,18,25,0,0,2228
0x5893bfac2df9d5046f9422bc7c45cac47e249468,3,0xbb4cdb9cbd36b01bd1cbaebf2de08d9173bc095c,0xe8b4c953a204430a7ce064532d6283c70a609956,18,18,25,0,0,2229
0xaa1818f232bb849d0af6a5e0e4ae26dee87e2e92,3,0x4ea9d940315cbaa26241e6ae7137f25eb6ccc666,0x55d398326f99059ff775485246999027b3197955,18,18,25,0,0,2230
0x93f7c58a0a560f660eb685490a8e02ebbc943247,3,0x5ca718e2c0f2e873b8de38b02ad0497e8ac38ecb,0xbb4cdb9cbd36b01bd1cbaebf2de08d9173bc095c,18,18,25,0,0,2231
0xa4472d9df3b4ad4a9c26a69e852e3fe1e2c74433,3,0x3bafc41be2bcafe9a551e1829e8bcf198db120d3,0x55d398326f99059ff775485246999027b3197955,18,18,25,0,0,2232
0xe030ba493b1dedf109cd4d0986755f39d93bbc55,3,0x08352620afa34ad8c82492661481d7ab62634444,0xbb4cdb9cbd36b01bd1cbaebf2de08d9173bc095c,18,18,25,0,0,2233
0xfbb43f2c9811e1ac5797a0a717105a657e0d5350,3,0x574c192ed489562a4461366d145f9a853aa54444,0xbb4cdb9cbd36b01bd1cbaebf2de08d9173bc095c,18,18,25,0,0,2234
0x9c0c9be7b2ae39bb8f7e54bb670a8de60315a4ed,3,0x55d398326f99059ff775485246999027b3197955,0x7aa4b6937de7118bf4c8e56f9df3a99cefb64c1a,18,18,25,0,0,2235
0x281f531ebbe13b84380b9fce6a4bc9535db6a6ba,3,0x08231d551ce8ae265eb931cadd9c854e62372e44,0x55d398326f99059ff775485246999027b3197955,18,18,25,0,0,2236
0xc6bc4a86b2ca852e9a5ecb9e8424d9c7b5e82124,3,0x55d398326f99059ff775485246999027b3197955,0x9cf3849c4fd5fcef69a0133700f0804faf42fea6,18,18,25,0,0,2237
0xaf65c67980e5089c4e5bd9660995e416314adb1e,3,0x124123c7af9efd2a86f4d41daa88ac164d02a3d5,0x55d398326f99059ff775485246999027b3197955,18,18,25,0,0,2238
0xa7e7c3573ac50f3454c5ed000496e21ca911897f,3,0x333761e0cdc40156169ce494bd5e13b33b576679,0xbb4cdb9cbd36b01bd1cbaebf2de08d9173bc095c,18,18,25,0,0,2239
0x60d805da2abb56d190cf8e150a846aa7a9a51506,3,0xbb4cdb9cbd36b01bd1cbaebf2de08d9173bc095c,0xc0468270a54e045e754b8de23b044a0438257777,18,18,25,0,0,2240
0x5b53ec11c185d2b48feb197fee5f9b43c8d0d8f4,3,0x649b833715bfcedbef67611010ebb228b50c6952,0xbb4cdb9cbd36b01bd1cbaebf2de08d9173bc095c,18,18,25,0,0,2241
0x2daee5281e2e6527508664caeed00719ff86f6ed,3,0x4d48ea03d70256c33e5e98ba351a2c5360814444,0x55d398326f99059ff775485246999027b3197955,18,18,25,0,0,2242
0x649db2f5491069109118f5b9e6a0eabb0714db8b,3,0x465b394bd4eaf52207b09b1ab2ce2295bdc57a58,0xe9e7cea3dedca5984780bafc599bd69add087d56,18,18,25,0,0,2243
0x6155f75fe44805656f96247ccc6e92c12c587f95,3,0x0d4992e48278aa7f7c915f820743d9fab7fea713,0xbb4cdb9cbd36b01bd1cbaebf2de08d9173bc095c,8,18,25,0,0,2244
0x0016146ce63c5ec4c8f0e1c4948b7e367e0d1b58,3,0x2f97137ea4cca7a9997e89cb16d4ef6e750f4444,0xbb4cdb9cbd36b01bd1cbaebf2de08d9173bc095c,18,18,25,0,0,2245
0x54dfdf9d9524b124f9cc5a62fae038cbdf65b7e1,3,0x61b99cdf5d2fbe285ded61bcb140055a96eb7d29,0xbb4cdb9cbd36b01bd1cbaebf2de08d9173bc095c,18,18,25,0,0,2246
0x94fe16cb20497cc94717c66e77223e6c83e69af4,3,0xbb4cdb9cbd36b01bd1cbaebf2de08d9173bc095c,0xe3502567872cb3310143d7e00ae7c93e63315862,18,18,25,0,0,2247
0x19077c0c811b93e99d9cfab2069103dd76d6f376,3,0x49d8322f51aa6312c0968517fb11f93127b038fc,0xbb4cdb9cbd36b01bd1cbaebf2de08d9173bc095c,18,18,25,0,0,2248
0x51f22caca7fc5da61c6f570c90285ab210791573,3,0x55d398326f99059ff775485246999027b3197955,0xdf365809aff206e41dcb12a3d68930f5af0e1452,18,18,25,0,0,2249
0x1f931cf9e1f19f61a88bb9db1148715d4e627c42,3,0x55d398326f99059ff775485246999027b3197955,0xf3a3fdb7b69338636621c960cb9db9b0216e3333,18,18,25,0,0,2250
0x5dabb3953b0add369abb4de7f2bdbca92ada3277,3,0x55d398326f99059ff775485246999027b3197955,0xd143e5231489886f72cd57875d762c63f37eb43f,18,18,25,0,0,2251
0x2ca6ab0ca1cefb12ba82ca28ba4a214b8705d1b0,3,0xaec84e3c6f494f768c1a2f8cc00dc4fa9a333333,0xbb4cdb9cbd36b01bd1cbaebf2de08d9173bc095c,18,18,25,0,0,2252
0x58a50fc3bc271ccd5a078fab8222b2e021b9f4df,2,0x11a31b833d43853f8869c9eec17f60e3b4d2a753,0xbb4cdb9cbd36b01bd1cbaebf2de08d9173bc095c,18,18,25,0,0,2253
0x86be5a3dd86a3e6670ec76d3cd8d3bf09a02c546,3,0x68485afea9a4f50d14893defe476970a6e7f4444,0xbb4cdb9cbd36b01bd1cbaebf2de08d9173bc095c,18,18,25,0,0,2254
0x721d3ea589f6a14ca90f0d5cb8ab5ff2ecbbc9a5,3,0xbb4cdb9cbd36b01bd1cbaebf2de08d9173bc095c,0xe935a5ed165b8cffa1475e872867e8c5910adaa9,18,18,25,0,0,2255
0xd02baa7602130bea2673586d4a970b93f44f1da5,3,0x48ee0cc862143772feabaf9b4757c36735d1052e,0xe9e7cea3dedca5984780bafc599bd69add087d56,18,18,25,0,0,2256
0xfc9654dc4cbea39f5b1e07b75231602c9734c1b7,3,0xbb4cdb9cbd36b01bd1cbaebf2de08d9173bc095c,0xd7de37df57ca253f5e066af4cb563db39a646a89,18,18,25,0,0,2257
0x4aaeb2ec5f47f71960837689dcefd01a1e55f120,3,0x8d31f83592f6dfe89d5c0acdc8972e768a688123,0xbb4cdb9cbd36b01bd1cbaebf2de08d9173bc095c,18,18,25,0,0,2258
0x1ac6c742e3a98a997e0a8f393327352ba8536a1b,3,0x96be0fbbfb126063eb27bea4f34e096fa661fc9e,0xbb4cdb9cbd36b01bd1cbaebf2de08d9173bc095c,18,18,25,0,0,2259
0x8ec91c8647cd5db6fcd215798cc5920699bfa854,3,0x253ad1d09bc85b8eadb90871e2967483bd61ddc3,0xbb4cdb9cbd36b01bd1cbaebf2de08d9173bc095c,18,18,25,0,0,2260
0xbd8ea655f427e4b4d043edc0aa9ca5d44b517347,3,0x55d398326f99059ff775485246999027b3197955,0x936685c7d81a03a204219cc7d0e61684c65471ca,18,18,25,0,0,2261
0xd6a499cbe432bfe88c62a27d7e1437ddafe3a95a,3,0xbb4cdb9cbd36b01bd1cbaebf2de08d9173bc095c,0xe1fd7b4c9debac3c490d8a553c455da4979482e4,18,18,25,0,0,2262
0xb01acbb7230f2201e033bc82ba789f54758df2af,3,0x7130d2a12b9bcbfae4f2634d864a1ee1ce3ead9c,0xb007549db2a335364dfdce86001ee3b081051f03,18,18,25,0,0,2263
0x31304d3924f6ef1818336a32c92bf0989c44db65,3,0xbb4cdb9cbd36b01bd1cbaebf2de08d9173bc095c,0xc4893fea8547fb1a4d860518285af6655424645f,18,18,25,0,0,2264
0x1d995568af94c84b2adc1a92cfe930725bd07b21,3,0x1e851f3454394d53048223b3818338882b38dc0e,0xbb4cdb9cbd36b01bd1cbaebf2de08d9173bc095c,18,18,25,0,0,2265
0x0c4e7f05a996b6ac0808467d10926c53ddfd4851,3,0xbb4cdb9cbd36b01bd1cbaebf2de08d9173bc095c,0xd7e0a3e68023c68175cdbfe8da380db822d47777,18,18,25,0,0,2266
0xd1e162c5344260322e77cbd9b2bf9072b5885759,3,0x13f13bfddc2c6cdf0bb9c51367eb2298e639f5a3,0xbb4cdb9cbd36b01bd1cbaebf2de08d9173bc095c,8,18,25,0,0,2267
0x2b3a2e45672851f79a86ac8c4211f709e13eafe4,3,0xbb4cdb9cbd36b01bd1cbaebf2de08d9173bc095c,0xbc6246f22f5d6a883e5accb69016655e1744393c,18,18,25,0,0,2268
0xbbf3db363554b7b219c08118a47ff7d09f533569,3,0x1e83342331781f6c4c6eeeb840fe6ac988f8452c,0xbb4cdb9cbd36b01bd1cbaebf2de08d9173bc095c,18,18,25,0,0,2269
0x8f37dfed89daca1ffe6c8d51fcd34da95f9db2c6,3,0x86333e34c8804532ae34207c46e741cbc3ff3fe3,0xbb4cdb9cbd36b01bd1cbaebf2de08d9173bc095c,18,18,25,0,0,2270
0x4e1c6a6288ebc6703425e7420af6302f47729e9e,3,0x55d398326f99059ff775485246999027b3197955,0xd800edeafb83ab565a0dcef96ebbe5bc5095575f,18,18,25,0,0,2271
0x2f2cbf1718bae095c11b42ae6ebab45f0ac3198a,3,0x55d398326f99059ff775485246999027b3197955,0x650c13edff75f64f76f86616f0cd09230221c9e2,18,18,25,0,0,2272
0x2b6d88092ae3177dd8ba6900720d4b99261b3906,3,0x55d398326f99059ff775485246999027b3197955,0x5b12e713e3c86dd23004a01116746f544bdb4444,18,18,25,0,0,2273
0x542ec382ce4ce08eb65acdb63eb103d81025429c,3,0x021e679bf7baac55ad674c4f934825fefc2c1091,0x55d398326f99059ff775485246999027b3197955,18,18,25,0,0,2274
0x7dd6ac95b983b4bce6886613820e2ff8b040e4d4,3,0x45b3b7ed3ae57c0ed0f21854186dc61b8f0f1390,0x55d398326f99059ff775485246999027b3197955,18,18,25,0,0,2275
0x11c0b2bb4fbb430825d07507a9e24e4c32f7704d,3,0x77d547256a2cd95f32f67ae0313e450ac200648d,0xbb4cdb9cbd36b01bd1cbaebf2de08d9173bc095c,8,18,25,0,0,2276
0xa00c12cc788abe90ace3a7f27e37474430f26045,3,0x44442271e6ca7336a29032838d70675680adc7df,0xbb4cdb9cbd36b01bd1cbaebf2de08d9173bc095c,18,18,25,0,0,2277
0xfdf3af296f5c48a564cb7cc2cb52884fb024c6a7,3,0x55d398326f99059ff775485246999027b3197955,0xb210d1e0a472f6c1993e5fc305b400fb495fc026,18,18,25,0,0,2278
0x0724ed41c28020a949e422234edf4ba155fc016a,3,0x55d398326f99059ff775485246999027b3197955,0x89ebfda3a8e69e541bfe61770c1f9d9fd7342941,18,18,25,0,0,2279
0xa9207aa83ed9a2dd975f73985679d965314044e4,3,0x4b1aacd47bed1bd9f91935abe149dfd8b2777777,0x55d398326f99059ff775485246999027b3197955,18,18,25,0,0,2280
0x78b80adb3bfaadc8819958356709ac814b09212e,3,0x6f7d619769fb493edc9492a30583cd791314bb99,0xbb4cdb9cbd36b01bd1cbaebf2de08d9173bc095c,18,18,25,0,0,2281
0x3b4d4ab2d931c7e3b55f3bcef7b773f1c4de4045,3,0x55d398326f99059ff775485246999027b3197955,0xfb9f024862adcf2a824789cfad38fc680506a693,18,18,25,0,0,2282
0x3084ecac922423ac908133fd6b7c01a70ec7714a,3,0x0ca553de0599a79aaf43943cf254e60183a0cca3,0xbb4cdb9cbd36b01bd1cbaebf2de08d9173bc095c,18,18,25,0,0,2283
0x7992c55301cd7c8b3b9c581a9b7ab7d61f32cc70,3,0x99bf43a5cb67030cd395d7733d2e0efaed9b7b2a,0xbb4cdb9cbd36b01bd1cbaebf2de08d9173bc095c,18,18,25,0,0,2284
0x84dbc37be759d222725c193c27694f405a16896a,3,0x5f113f7ef20ff111fd130e83d8e97fd1e0e2518f,0xbb4cdb9cbd36b01bd1cbaebf2de08d9173bc095c,18,18,25,0,0,2285
0xa9dcaa24a9ac92ab7ec0c933e7af84e74deb5cdb,3,0x7be9e596896b64c88e39b7e88f8dcedda79845c0,0xbb4cdb9cbd36b01bd1cbaebf2de08d9173bc095c,6,18,25,0,0,2286
0x69f58871301eb1c1afd811c61e638c1d61c2619d,3,0x55d398326f99059ff775485246999027b3197955,0xb3cb20063e79735e2bcfdd5de4eadd7d8eec2dea,18,18,25,0,0,2287
0x54f6c6ac57f808e979119bdd14127af157b22b45,3,0x2ed8af8512f9f0a28d406f99861bbb03d5443acf,0xbb4cdb9cbd36b01bd1cbaebf2de08d9173bc095c,18,18,25,0,0,2288
0x7ed173552e773bdd0aacb81afce48a2bdcc797e6,3,0x9af9f696711e122e75cd89c7950903bfc2c98bdd,0xbb4cdb9cbd36b01bd1cbaebf2de08d9173bc095c,18,18,25,0,0,2289
0x65cf05cd076fb7254633539ac6000f2fe6345136,3,0x9d5042814891853bf69977c5432dd0165585108c,0xbb4cdb9cbd36b01bd1cbaebf2de08d9173bc095c,18,18,25,0,0,2290
0x34f2f89fd77fcedb62aa29caffdf3af97cd08e90,3,0x95f60832db51ff57c86e6e43d01301be10cffec6,0xbb4cdb9cbd36b01bd1cbaebf2de08d9173bc095c,18,18,25,0,0,2291
0xe9005f5e4c3d1c93f170ce9a15498acc6b7bb152,3,0x8efe6e61ecd99321ad889213f59607cd8e128a71,0xbb4cdb9cbd36b01bd1cbaebf2de08d9173bc095c,18,18,25,0,0,2292
0xd9c6fd1739595bbf88d6e8d61865a49adbb658b1,3,0x55d398326f99059ff775485246999027b3197955,0x8ecf614a8a3e97aee987b34cf6efd051e2cf9f2e,18,18,25,0,0,2293
0xa85970b3e59f828dfa9989cfa955cf21d630cdc5,3,0x55d398326f99059ff775485246999027b3197955,0x85416fb53603d30acb81bf66dc4282bd3170335b,18,18,25,0,0,2294
0x725f97c2ac02bb4cca632649832933256bdcd6f5,3,0x1f8a1efbf6247139fb9cbdb9d4dea34e3d18c20a,0xbb4cdb9cbd36b01bd1cbaebf2de08d9173bc095c,18,18,25,0,0,2295
0xb6c1833a94d9628c5e7eb88d2f6ecacf8c19c2d1,3,0x55d398326f99059ff775485246999027b3197955,0x7847bffd0eb96c53a96af526643e2546efec0828,18,18,25,0,0,2296
0xb92568fe44b7b4d1d5411b5a24635dce7323a138,3,0xbaf17ff2e1b659e1124da41f4c336c73f5664444,0xbb4cdb9cbd36b01bd1cbaebf2de08d9173bc095c,18,18,25,0,0,2297
0xdebffd4a6cc122e9f638b38d931f19ae64075713,3,0x55d398326f99059ff775485246999027b3197955,0xc26aea497a0f9d3fbf1f56ab96f40490b4d6d162,18,8,25,0,0,2298
0x75dfed3b8926fe1d9defdb03018b984ece8fba3e,3,0x55d398326f99059ff775485246999027b3197955,0xe94410b8f84794954eb8dd1d1e9f5acce7e9da4f,18,18,25,0,0,2299
0xe9877860714a9862650379406a13682458acee16,3,0x55d398326f99059ff775485246999027b3197955,0xad6742a35fb341a9cc6ad674738dd8da98b94fb1,18,18,25,0,0,2300
0x6b0ac7f8becbb3ecf1c4df8839ebd5433e60c86c,3,0x4a7e278c67543731a864c89e5eb28eacfa8794eb,0xbb4cdb9cbd36b01bd1cbaebf2de08d9173bc095c,18,18,25,0,0,2301
0x05bf5e1bc16d0bcb420ed13a4da38b2e36c102d7,3,0x475d33f85322eb996fc9db3bd7df1e49d9a45b90,0xbb4cdb9cbd36b01bd1cbaebf2de08d9173bc095c,18,18,25,0,0,2302
0x97781228509977356ac9bf4aba8d2ebf240a36d1,3,0x55d398326f99059ff775485246999027b3197955,0xa2474c63ecf808717e93d4981ca05ec65e67fc29,18,18,25,0,0,2303
0xe930c23bb189d8aa7930524451660c9f2d857ae5,3,0xbb4cdb9cbd36b01bd1cbaebf2de08d9173bc095c,0xc6923cee94781a32011561e73f65ad4449da88bb,18,18,25,0,0,2304
0x719a4d64f8e515a7a974a3cf1295294c7846c560,3,0x984d7663e17616b6adee5f94f3a2547a2c988df1,0xbb4cdb9cbd36b01bd1cbaebf2de08d9173bc095c,18,18,25,0,0,2305
0x58b1e02cf13ce7df12c6c8b6ac92a07aa33d22bf,3,0xa0f9b67e31be1242c0f4b220a28a8e4dc67f8bf8,0xbb4cdb9cbd36b01bd1cbaebf2de08d9173bc095c,18,18,25,0,0,2306
0xce3d1ac7ba7a3937065082986c09696f04130f4e,3,0x7130d2a12b9bcbfae4f2634d864a1ee1ce3ead9c,0xbe1936a67f503e0eaf2434b0cf9f4e3d7100008a,18,18,25,0,0,2307
0x712968b001b473fdc9850ec2c9cffd00686902b4,3,0xbb4cdb9cbd36b01bd1cbaebf2de08d9173bc095c,0xc748dc3e1e5673dba1149c2f22b9d23da49f5eae,18,18,25,0,0,2308
0xab7345436e4713d4d637e4030f3e23a1740da809,3,0x0d6185e7481968d82b51f07191f8daa721b2db10,0x55d398326f99059ff775485246999027b3197955,18,18,25,0,0,2309
0x67578fe1c436501095dfbaf5b8801bdc1d2f5f40,3,0x4a2bfa100c8e8f51e11ef62ca0611117ff0e436c,0x55d398326f99059ff775485246999027b3197955,18,18,25,0,0,2310
0xfb590e15da536f8a6fad8f09fcfecc3e1f70ed91,3,0x55d398326f99059ff775485246999027b3197955,0xfdc270bffd1411ba1c7f922423704dfecf7353cd,18,18,25,0,0,2311
0x9f3267530a20db678f15a9f0c6ce80e7d2e02d2e,3,0x0fdc787480bcabd51cc61c698a4220934920b831,0xbb4cdb9cbd36b01bd1cbaebf2de08d9173bc095c,18,18,25,0,0,2312
0x97a143357b3663d26cdb4948aedc6ad12938cdfe,3,0x55d398326f99059ff775485246999027b3197955,0xe5febb25570217454ad1c33a590eb90ebae99999,18,18,25,0,0,2313
0x7550fb169d8c38e93a98c6a2f6a740b1ff804b3d,3,0xe9e7cea3dedca5984780bafc599bd69add087d56,0xea88052a4576a04dc8ee9b81f05d51ec8c69ca33,18,18,25,0,0,2314
0x8aad26e4f90700a0356ce147ad5a1595f9e5c9fb,3,0xa8de787e6196a991a35e46a5b8d5505e15b486ad,0xbb4cdb9cbd36b01bd1cbaebf2de08d9173bc095c,18,18,25,0,0,2315
0xbc38a22b760124885291d6cfd6429046d882ae91,2,0x55d398326f99059ff775485246999027b3197955,0x5ce12f6d9f2fcaf0b11494a1c39e09eeb16ca7e8,18,18,25,0,0,2316
0x6e04eb8172e838afa9f3568262b8da0d0027250d,3,0x662cbbeb9872251a795f85648333be0dbfcad653,0xbb4cdb9cbd36b01bd1cbaebf2de08d9173bc095c,18,18,25,0,0,2317
0x20f0687c0bd21aee7c8fcc50a054a5acbab55083,3,0x91d6d7e209bf5d6009c0d30ddfff471b8c1e3a2c,0xbb4cdb9cbd36b01bd1cbaebf2de08d9173bc095c,8,18,25,0,0,2318
0xd49598e0f7d7f4a316fc388e2b1a6ac4092501d9,3,0x55d398326f99059ff775485246999027b3197955,0xc1fffb212ed0cf1d673fe09f22e36e2950e17222,18,18,25,0,0,2319
0xa8839b49a01c844862746cbea298006256ac3434,3,0x2b41228b4fec7ab712a1a4172c4e6a546ba54444,0xbb4cdb9cbd36b01bd1cbaebf2de08d9173bc095c,18,18,25,0,0,2320
0x7621c475249cf3e598fd4f6ce917739f47a371fa,3,0xab44ceb3a2bd26e124f54b34e5da4d19aea5a78e,0xbb4cdb9cbd36b01bd1cbaebf2de08d9173bc095c,18,18,25,0,0,2321
0x9a045cac70e3480e779d27e8a5e5b75980d4c08b,3,0x44440ad85d8f2c67014b275de0b45fa0df3a807d,0xbb4cdb9cbd36b01bd1cbaebf2de08d9173bc095c,18,18,25,0,0,2322
0x21db3df90ccbffcc47670dcd083a6ff8cd4751fa,3,0xe9e7cea3dedca5984780bafc599bd69add087d56,0xf3147987a00d35eecc10c731269003ca093740ca,18,18,25,0,0,2323
0x92541e33d9463651658b54f0f167b3396cc5fdb7,3,0x55d398326f99059ff775485246999027b3197955,0xb2a04c2575a364bffc2c57e026350e58fcc45678,18,18,25,0,0,2324
0x9e5ee9a5403e15989c51c3995cc2cc2c81f4706e,3,0x55d398326f99059ff775485246999027b3197955,0x6d349929affb41ba0b542a5981b24b426badf0a2,18,18,25,0,0,2325
0x62fee986e18660cd2081495eb3720cb8db4feb57,3,0xbb4cdb9cbd36b01bd1cbaebf2de08d9173bc095c,0xc3c76d47a15556cfb42dd6577103d38cc1d8400f,18,18,25,0,0,2326
0x4f664da4de45f356c44a55094097586ced6e1ad6,3,0x66c1efe68d1cce628ba797b98ab7f654fba154dc,0xbb4cdb9cbd36b01bd1cbaebf2de08d9173bc095c,18,18,25,0,0,2327
0x14540c0f0f8c711e059a29595e6ba3c861795160,3,0xbb4cdb9cbd36b01bd1cbaebf2de08d9173bc095c,0xfdbedb99ae106003fef6e41398514c6ff2c69f35,18,18,25,0,0,2328
0x6016f6304f6c52fa9427c1a9275d8e10a7449af4,3,0x55d398326f99059ff775485246999027b3197955,0xdb6f1f098b55e36b036603c8e54663a8d907d6e1,18,18,25,0,0,2329
0xd79b5de2ffbd063fbbb579b76151d95d4372b0df,3,0x55d398326f99059ff775485246999027b3197955,0xb12e8eb6b1f24e14381514d2f3b75e7c61487016,18,18,25,0,0,2330
0xf5fda86bb33e46716dfcd845b2a78dff1e24567a,3,0x9f6c24232f1bba6ef47bcb81b9b9434acdb94444,0xbb4cdb9cbd36b01bd1cbaebf2de08d9173bc095c,18,18,25,0,0,2331
0xf638747ea582448c5b5b535aee1c32eefc099429,3,0x4210b07fb82dc37e83fe85f8292f2feabf8a42ad,0x55d398326f99059ff775485246999027b3197955,8,18,25,0,0,2332
0x2bfbb1033e12c93622fc7d98c0edab8f3141a027,3,0x55d398326f99059ff775485246999027b3197955,0xc7bd7465229add37fd0a2aa108075cac854772d6,18,18,25,0,0,2333
0xac8bbba35de33a43b63fbaa121e9a379354cf840,3,0x55d398326f99059ff775485246999027b3197955,0xc4f5f88130700eca13ae41d372d7735a7b2ea8cd,18,18,25,0,0,2334
0xdf9819af687a85678189b36a0a373a55f8a34917,3,0x55d398326f99059ff775485246999027b3197955,0x93efb6b890278f955188e93bb9425d1f544768dc,18,18,25,0,0,2335
0xda812ad413b67f7efcef2fa1bf0f72c802955e0d,3,0xbb4cdb9cbd36b01bd1cbaebf2de08d9173bc095c,0xf9fabde4b8e8e4046aa012bed7543711955e7777,18,18,25,0,0,2336
0xe13bc0167ab85d81be4cc7263f23177ca2f4d00e,3,0x1c24d14093a8f96b93f842eecf9f4c48e8afbe1c,0x55d398326f99059ff775485246999027b3197955,18,18,25,0,0,2337
0x7cd713bec7ce7bd3c28c7745bc69db6a9c29c072,3,0x55d398326f99059ff775485246999027b3197955,0xd6879fb666ec618dac5998bf965fe655f701d536,18,18,25,0,0,2338
0xd68e1e06637fced5431910751060817cfc51d98c,3,0x1a89fb4b9141bc7d4cdd8137a251e3fc18888888,0xbb4cdb9cbd36b01bd1cbaebf2de08d9173bc095c,18,18,25,0,0,2339
0x72aa5f5a3ca899ffeb47bcefeb2c2d66345443dc,3,0xbb4cdb9cbd36b01bd1cbaebf2de08d9173bc095c,0xdd438a88b256ff567098b3d922aa39948201ee42,18,18,25,0,0,2340
0x9d4a501bda58aefe1798fa792c4c56da67124659,3,0x33f83b635a4b3a7b843e9b1a8f67ece18c908fcc,0x55d398326f99059ff775485246999027b3197955,18,18,25,0,0,2341
0x6bfb33c2a1145e1d64ab6539ef30fb7dbd0c6cc3,3,0x55d398326f99059ff775485246999027b3197955,0xf7a203e8ececb3d944015820c212168bb722bf84,18,18,25,0,0,2342
0x5943b61dcc820c554fe05f33cfbb299f6334e832,3,0xbb4cdb9cbd36b01bd1cbaebf2de08d9173bc095c,0xc2fd585d2e6a33fe48a0ffc65072216b0e3b2e07,18,18,25,0,0,2343
0x1aaa8e1fd2f4137bbf83bd40d08746ce2862ed55,3,0x55d398326f99059ff775485246999027b3197955,0xe38593e7f4f2411e0c0ab74589a7209681ab4b1d,18,18,25,0,0,2344
0x97fc30f78d5991149a32a033c936e0de631f59be,3,0xbb4cdb9cbd36b01bd1cbaebf2de08d9173bc095c,0xf3aef59ea17d3082f368387fff073d5e05874ad9,18,18,25,0,0,2345
0x609a294c7303b223244abed62264bee147dc45e8,3,0x553b7e06755e020d3c733b1ba9126345131c1a2c,0xbb4cdb9cbd36b01bd1cbaebf2de08d9173bc095c,18,18,25,0,0,2346
0xd20505ecc4814f3fbd76e8009dde3f92e7b48250,3,0x71da0ba87ffbfc41aab54e3dddb980293c8a7777,0xbb4cdb9cbd36b01bd1cbaebf2de08d9173bc095c,18,18,25,0,0,2347
0x5412a582e9d0a76a2b3d32a761107bd09ce3b8e4,3,0x5a2df2e3d11dcdb645fba2008c06fdbb114e805e,0xbb4cdb9cbd36b01bd1cbaebf2de08d9173bc095c,18,18,25,0,0,2348
0x54e6358f24927c259aaf53aa230b56e2d27b5810,3,0x0f1cbed8efa0e012adbccb1638d0ab0147d5ac00,0xbb4cdb9cbd36b01bd1cbaebf2de08d9173bc095c,18,18,25,0,0,2349
0xa3f293714fe499aa39085aaefe11ff6d813583a4,3,0x1f617fe49f2ce14831540a806c92c09576bb8024,0xbb4cdb9cbd36b01bd1cbaebf2de08d9173bc095c,18,18,25,0,0,2350
0xc543f1e21311ca338081fe25332ad6077f64545c,3,0xac83271abb4ec95386f08ad2b904a46c61777cef,0xe9e7cea3dedca5984780bafc599bd69add087d56,18,18,25,0,0,2351
0xad1661bd7175997171970ef65c4392a181a5fbb5,3,0x8357c604c5533fa0053beaaa1494da552cea38f7,0xbb4cdb9cbd36b01bd1cbaebf2de08d9173bc095c,18,18,25,0,0,2352
0x4e94e170b17bd4b457e690ecb21a63d28510e920,3,0x826e5ec70dbc5607ff9218011fbb97f9a8d97953,0xbb4cdb9cbd36b01bd1cbaebf2de08d9173bc095c,18,18,25,0,0,2353
0x3ddc26c8cbe55aa974b0ff3c66d955407efbd40c,3,0xbb4cdb9cbd36b01bd1cbaebf2de08d9173bc095c,0xdfeff045b40a08c50b4d99b2739735706bd84444,18,18,25,0,0,2354
0x7ff4b96639acde103d4851956d85e6c6623d0948,3,0xbb4cdb9cbd36b01bd1cbaebf2de08d9173bc095c,0xf03a2dc374d494fbe894563fe22ee544d826aa50,18,18,25,0,0,2355
0x8d155264067376aad147cbd2c2c653e7677254ea,3,0x52cf74f69c0cce04abd0910511442d42db72adf6,0xbb4cdb9cbd36b01bd1cbaebf2de08d9173bc095c,18,18,25,0,0,2356
0x5ac9b4131074482330a70a36071814b1ccf92919,3,0x55d398326f99059ff775485246999027b3197955,0x7baeb3e81b71990700910c47cbee6b34c8521773,18,8,25,0,0,2357
0x8f6f436c8d49eba8b9a67d6e34094e9900acff5a,3,0x890bead2ecdd2eedff3d035f981b6a040c31cab7,0xbb4cdb9cbd36b01bd1cbaebf2de08d9173bc095c,18,18,25,0,0,2358
0x8071243c6b65311c29bc6928a0ee9f4b9d04fd6e,3,0x9dcdf7a13626f41d33886e2c5a9d6060267b0bfc,0xbb4cdb9cbd36b01bd1cbaebf2de08d9173bc095c,18,18,25,0,0,2359
0x7802556e4ed9a26c24f614009b59f0f6b7691bc5,3,0x2c961ff9b386b597abc58a56f3ec63e313cada76,0xbb4cdb9cbd36b01bd1cbaebf2de08d9173bc095c,18,18,25,0,0,2360
0x0eb7830670cf46d7659ea5a51ba06217e02bce6d,3,0x38c3e4cd2bfb89a57495acade0c49e49c3db8dc8,0x55d398326f99059ff775485246999027b3197955,18,18,25,0,0,2361
0xdd123e5749bb13012af48b4bcf891146c4f84c45,3,0x41d52514f6ea0c90993ad36152072a144c12bdc7,0xbb4cdb9cbd36b01bd1cbaebf2de08d9173bc095c,18,18,25,0,0,2362
0xd82eea1e76dae9953abd73745398119a2b17d8a7,3,0x55d398326f99059ff775485246999027b3197955,0xe898e20bb73d6b56af2cf1955e5319b2c29851f1,18,18,25,0,0,2363
0x9d021f4179e926b093b5a1e84231ebe5cc4b2c4d,3,0x55d398326f99059ff775485246999027b3197955,0xd77139e0ae5dd1450343e3c772a314e79e30a817,18,18,25,0,0,2364
0xc31116e0641a4704621f31298ff861e59ef28e31,3,0xbb4cdb9cbd36b01bd1cbaebf2de08d9173bc095c,0xdda5d6b9cc5766f377375c41fdb2d41703f4daad,18,18,25,0,0,2365
0xcd313f45979372e8ee9cb845c604a8c1bd5257c5,3,0xe9e7cea3dedca5984780bafc599bd69add087d56,0xf46686a24a7f4f202dcac7971d91ca752d9450d5,18,18,25,0,0,2366
0x07a0a6563647dfeebfaef61e6eb12e4dd2f85c76,3,0x55d398326f99059ff775485246999027b3197955,0x8454ce33f4d92a21f69a259cf99d048f9b2f9888,18,18,25,0,0,2367
0x42598cbbf4a52db558c97cf11eceee79d51b9f1d,3,0x5ea231be29f14cad02daf64afc9192a48af871a5,0x8ac76a51cc950d9822d68b83fe1ad97b32cd580d,18,18,25,0,0,2368
0xdbd550065fffe35592a7d6f8c2c495c8a4dc020f,3,0x55d398326f99059ff775485246999027b3197955,0xc46d8ed0f50608ed431924212698389265f882fe,18,18,25,0,0,2369
0x76d60254ea270660028bafcb03b89553d8127c79,3,0xbb4cdb9cbd36b01bd1cbaebf2de08d9173bc095c,0xdf3584186da63f59a44e802e2cc059cb87126c70,18,18,25,0,0,2370
0xaf46853597de8f24f8372a54c72c847e6b0fa185,3,0x299ecc384ded931a8f611b215dbfd370b5e1ccf3,0xbb4cdb9cbd36b01bd1cbaebf2de08d9173bc095c,18,18,25,0,0,2371
0x40fcced60e4633b5d58ef72916a3dca7a9b980b6,3,0xbb4cdb9cbd36b01bd1cbaebf2de08d9173bc095c,0xc3571b3f9721d07919dc42af7fce2784b56e8e3c,18,18,25,0,0,2372
0x60a886706c6f87723f4957827dbe9b9ddb0271db,3,0x398090cd00651b462113565c616f7ac68a034444,0x55d398326f99059ff775485246999027b3197955,18,18,25,0,0,2373
0x29283febe41c91ab59ef99f531e25b550cc0e813,3,0x213fd3c787b6c452f50fd91f14e12ddf04a7ab4a,0xbb4cdb9cbd36b01bd1cbaebf2de08d9173bc095c,18,18,25,0,0,2374
0xddb05a14ed3d238b30368df83dd655e142ea6a5e,3,0x287d1492aeba6317d51c3c20d1e4b0283fa24e48,0xbb4cdb9cbd36b01bd1cbaebf2de08d9173bc095c,18,18,25,0,0,2375
0x047848219a5963398b375168d053df46b3bb7d68,3,0xbb4cdb9cbd36b01bd1cbaebf2de08d9173bc095c,0xd8a38df79a42b1cf93d6d9e62cf2fb9776666666,18,18,25,0,0,2376
0xae63f7e6a02d7cae4ca5d9347d16e74a46908f31,3,0x036d64ead8095e8bc58710bd7d2c94cdbd1c4444,0xbb4cdb9cbd36b01bd1cbaebf2de08d9173bc095c,18,18,25,0,0,2377
0xc231969bff2daf987d97ea2f494d3fae4253ea1c,3,0x52ea22df0c06f82d873456f96e2eb498d73eca74,0xbb4cdb9cbd36b01bd1cbaebf2de08d9173bc095c,18,18,25,0,0,2378
0x5908eeb3ad0caab002f6f368fd3aaea5ef154da8,3,0xb16d8c2a78f2acd75a63b37e8ce6bccbbd8d8f9e,0xbb4cdb9cbd36b01bd1cbaebf2de08d9173bc095c,18,18,25,0,0,2379
0xd2ac703e82c92f74c039dce424ddd57fc60cf98c,3,0x473f9e0d804338edbc2c5853a749d31121006592,0xbb4cdb9cbd36b01bd1cbaebf2de08d9173bc095c,18,18,25,0,0,2380
0xe521eb79d9fa4dcd53f7d69643db3540cca250c7,3,0x8e5cb7626dd949dff56fe2c130b75a8b6f1a05f8,0xbb4cdb9cbd36b01bd1cbaebf2de08d9173bc095c,18,18,25,0,0,2381
0x6ac0ec3ac0e27138772441998916643daeb8e7fd,3,0x55d398326f99059ff775485246999027b3197955,0xd721f7104a147779f377fcfe5ec2e796dc8fa439,18,18,25,0,0,2382
0xca7d3d30eecdc46a2b804a1cd687aebd56396af7,3,0x161c7ffa68dcda20d72b54d53e5c515ff31c7777,0xbb4cdb9cbd36b01bd1cbaebf2de08d9173bc095c,18,18,25,0,0,2383
0xe225f26e409f66a79c6ec52ca37fd19917a7bf94,3,0xbb4cdb9cbd36b01bd1cbaebf2de08d9173bc095c,0xf6a3d5c35e5641553bce157cc0e8719f81d56bab,18,18,25,0,0,2384
0x2194cf57baef260a8e30a2945ff1b93493800f2e,3,0x55d398326f99059ff775485246999027b3197955,0x5b660c8f89386e66ff90e891115bff0ab3161da3,18,18,25,0,0,2385
0xc84e58c0cf2c3f8eaef33345f592572c6c27f875,3,0x1f19c26a7f9b7a673348258d2fef0b7df1edef32,0x55d398326f99059ff775485246999027b3197955,18,18,25,0,0,2386
0x5de52936ae880b2e547a8d5f84bae0c866b8c5ec,3,0x55d398326f99059ff775485246999027b3197955,0x5d16a262efd3d9429b2bda32d1b6070f2de327c2,18,18,25,0,0,2387
0x9e176514f0987eae3d61561fe6f0f0f3f846babe,3,0xe9e7cea3dedca5984780bafc599bd69add087d56,0xfecca80ff6deb2b492e93df3b67f0c523cfd3a48,18,18,25,0,0,2388
0xecc93b0488a97bcd4b68c5c98b1def4f70f1e6ea,3,0xbb4cdb9cbd36b01bd1cbaebf2de08d9173bc095c,0xbb9fb1bd13e826b48da785922b95a97aac987abc,18,18,25,0,0,2389
0x52492eb200554aa6a8b7d06d085d1f5cadee2b01,3,0x55d398326f99059ff775485246999027b3197955,0x5dd4ec212bd8e9fa42d278e09b6d6857e4abaeca,18,18,25,0,0,2390
0x1fb2033eeb368d4aaec8d319beb25144320d16de,3,0x55d398326f99059ff775485246999027b3197955,0xa0efb8212a928440a4556088f288a578d0a2ebda,18,18,25,0,0,2391
0x5712835d13bed5974c1f4811aa3eb7f5df86456e,3,0xbb4cdb9cbd36b01bd1cbaebf2de08d9173bc095c,0xc870da9f4b5b97955ea729b0f7374164fff6b8d5,18,18,25,0,0,2392
0xe3eb840167ebefee9c9078be72b9a88e7e63e90c,3,0xbb4cdb9cbd36b01bd1cbaebf2de08d9173bc095c,0xcbe5bca571628894a38836b0bae833ff012f71d8,18,18,25,0,0,2393
0x3b2e69e604a7054a867cb2164b1e776528cc6781,3,0x55d398326f99059ff775485246999027b3197955,0xd75357315a88faefe95e9d4d50002454cae5128d,18,18,25,0,0,2394
0xb3e7b2456474ee35c963e251c31657bd2b2d208a,3,0x87d8e64515a7d058fa15c32c938f7379db926306,0xbb4cdb9cbd36b01bd1cbaebf2de08d9173bc095c,6,18,25,0,0,2395
0x2f2ef96cee3226f3038b3a6f387a61687dac90a2,3,0x885c5fb8f0e67b2b0cf3a437e6cc6ebc0f9f9014,0xbb4cdb9cbd36b01bd1cbaebf2de08d9173bc095c,18,18,25,0,0,2396
0xb4237e29091473ddc89e10e35f1913188c02a1e4,3,0x11f51c2e620981abf055ff0cadadff24c8cef827,0xbb4cdb9cbd36b01bd1cbaebf2de08d9173bc095c,18,18,25,0,0,2397
0x0fa2ac8e92bfe198b75e17e93e42c75ef0b18dcf,3,0x55d398326f99059ff775485246999027b3197955,0xa66cd1c4d890faa7c1a09a54a254d33d809ba3b5,18,18,25,0,0,2398
0xe40676598098b794c94f4a6036381d3de9353c3c,3,0x32936487146a03abc704bf640332460c99612b77,0xbb4cdb9cbd36b01bd1cbaebf2de08d9173bc095c,18,18,25,0,0,2399
0x62ed46357d2ddbfd23e772f36b256826a7b5e005,3,0x2456e44c617d6231bb06492fa7337ee2f552bf61,0xbb4cdb9cbd36b01bd1cbaebf2de08d9173bc095c,18,18,25,0,0,2400
0x3ff9edb6dc2c0d78e74b59c743776f2b41b6aa2a,3,0x23c321ea0a151f1d4b670bf3b86b5d89e2b13da2,0x55d398326f99059ff775485246999027b3197955,18,18,25,0,0,2401
0xaeacc56d7783740eced78baf2c5d8a8eb5d6deec,3,0x1ba8d3c4c219b124d351f603060663bd1bcd9bbf,0xbb4cdb9cbd36b01bd1cbaebf2de08d9173bc095c,18,18,25,0,0,2402
0xa6eecc2ba2a7ab3f43341cba4a093e154bb4256b,3,0xbb4cdb9cbd36b01bd1cbaebf2de08d9173bc095c,0xbb689057fe1c4bfc573a54c0679ae1a7a1982f26,18,18,25,0,0,2403
0x9dca365723c9ce2f4a7f560bb3b2e2a3f39eac2d,3,0x55d398326f99059ff775485246999027b3197955,0xeb0a6966023b585a0c437559737c0ef710479999,18,18,25,0,0,2404
0xbf76fb97055c2c24549e3fff06c76c11fe92e8f1,3,0x369bada97b3d2b7a512908901d77ddb67dd14513,0xbb4cdb9cbd36b01bd1cbaebf2de08d9173bc095c,18,18,25,0,0,2405
0xb73ce6132ddd2a928990be70dcd67a2892c7cc91,3,0x320d6fadc3c39263c25cbfaa01d02971c64ac623,0xbb4cdb9cbd36b01bd1cbaebf2de08d9173bc095c,18,18,25,0,0,2406
0x0a176dbf03a46096d5c1b02ccef9b7be786e6815,3,0x55d398326f99059ff775485246999027b3197955,0xa5e2e37ab80f08920a2e7a0fb623a7fff2f708ed,18,18,25,0,0,2407
0x8f04262bb665edf91e1f3f31c9facfea2aeb1c7d,3,0xb049d796ee1ab5c83a57cc0fcc96a715ca8537ba,0xbb4cdb9cbd36b01bd1cbaebf2de08d9173bc095c,18,18,25,0,0,2408
0x2dfcb4b94d9b8c512665b4c8d27cde54cf67a775,3,0x4c19ef47625f5899601e02735068603cec119cc7,0xbb4cdb9cbd36b01bd1cbaebf2de08d9173bc095c,18,18,25,0,0,2409
0xfe89665b8a4df30a459a4ecb6135795b835f0b9f,3,0x55d398326f99059ff775485246999027b3197955,0x772828e96a28372b0efd598b8fdaf5dbdbaaaaaa,18,18,25,0,0,2410
0xc2c1d4c62a55aec4e7785eeff7795f3e5b1e0228,3,0x55d398326f99059ff775485246999027b3197955,0x799fe1212c29a2dbc4f9c60804d6f85aef26868f,18,8,25,0,0,2411
0x55cdb14855220b239cf857a03849d96736b9103f,3,0xc2098a8938119a52b1f7661893c0153a6cb116d5,0xe9e7cea3dedca5984780bafc599bd69add087d56,18,18,25,0,0,2412
0xcffd8b6f876cd9e0e054bbaf024af3d99101b9f1,3,0x0012365f0a1e5f30a5046c680dcb21d07b15fcf7,0xe9e7cea3dedca5984780bafc599bd69add087d56,18,18,25,0,0,2413
0x61fbf5dc45ecc2afed00c9732176e98a8da3ce06,3,0x55d398326f99059ff775485246999027b3197955,0xdcd5f3cdb93249b6aefcd6d85ef8b924c7923ac7,18,18,25,0,0,2414
0xaf38203587f396dc27d37283f4bf0344821e7eec,3,0x183a34293d552bc8a3c81cfcf125c92e3e06db21,0xbb4cdb9cbd36b01bd1cbaebf2de08d9173bc095c,18,18,25,0,0,2415
0x36c68d29d6bc09fa1736c2d3a3345cc146f1c603,3,0x2bbe12679fdb17ba51256a3a4142e9882aeeffff,0xbb4cdb9cbd36b01bd1cbaebf2de08d9173bc095c,18,18,25,0,0,2416
0x860e7e7025e695859fdbbf9c3b9945288b27c266,3,0x55d398326f99059ff775485246999027b3197955,0x6f7a39c8a2f522738094c23578d7dc7c01b19698,18,18,25,0,0,2417
0xb01d60b160c897f0f52ddc3d9e2bf42b90ec974b,3,0x4cb31d7dd267a86c4c632564e663a7f5b7fae346,0x55d398326f99059ff775485246999027b3197955,18,18,25,0,0,2418
0xb8e2776b5a2bced93692f118f2afc525732075fb,3,0x55d398326f99059ff775485246999027b3197955,0x9131066022b909c65edd1aaf7ff213dacf4e86d0,18,18,25,0,0,2419
0xe76ad868a881e1b27f7414b3ef03945e88d1749f,3,0x55d398326f99059ff775485246999027b3197955,0xfbc2ae69b62353b07591ec0faf67aa7ee933417b,18,18,25,0,0,2420
0x4412d31970ec42ef73bd25c55f635ab594ba6833,3,0x1cb9ca00538265a22e56b758026948608ba5d86f,0xbb4cdb9cbd36b01bd1cbaebf2de08d9173bc095c,8,18,25,0,0,2421
0xc2e4a4d97a43cc4a558c73d22e61c46c14813d49,3,0x84f85775031e9d970e130f85659ba20e6a5479c0,0xbb4cdb9cbd36b01bd1cbaebf2de08d9173bc095c,18,18,25,0,0,2422
0x3a7d1c9a9081179c63575b59bf89cc04cdb8fbcf,3,0x2f05213f2f4cf110ff14fc743c64e93e8da88888,0x55d398326f99059ff775485246999027b3197955,18,18,25,0,0,2423
0xa2b6679a44a5892f8ddfa3a4128db07645c7d49e,3,0x4182a8fa344a59b7bf813e29954e4ca07701571c,0xbb4cdb9cbd36b01bd1cbaebf2de08d9173bc095c,18,18,25,0,0,2424
0xf5536bc88e1d79727b3cbdf2823d4547b26d453a,3,0x55d398326f99059ff775485246999027b3197955,0x5dc53496e8dd50887785d75d432cba6a86f82cad,18,18,25,0,0,2425
0xdd35980f57c07f8fc902d64e3361380aaf1ebcd5,3,0x55d398326f99059ff775485246999027b3197955,0xd4d6bbefd87c75b00680444b964611056dbfb5a8,18,18,25,0,0,2426
0x19b05eddcd9bccda317497cbbd136dc8abc139f2,3,0x3f2d2c9f8b002dc2594fb71c404e85c73dd69ed2,0xbb4cdb9cbd36b01bd1cbaebf2de08d9173bc095c,18,18,25,0,0,2427
0x39eb5e302663a9665221907994bac9225e2efd99,3,0x55d398326f99059ff775485246999027b3197955,0xed66ec1acb7dbd0c01cccff33e3ff1f423057c21,18,18,25,0,0,2428
0x4842436ac45dd72dbbdc54052eaea5c70b2a1e88,3,0x0dc4a68e965e70bb78330f05640b432cb06f7d85,0x55d398326f99059ff775485246999027b3197955,18,18,25,0,0,2429
0xc10817b1828c57dd01a9ecda706a537a24b6dc9d,3,0x08426874d46f90e5e527604fa5e3e30486770eb3,0xbb4cdb9cbd36b01bd1cbaebf2de08d9173bc095c,18,18,25,0,0,2430
0xd1731800a5f682cecccbcc0ec14c8bd634f68c38,3,0x55d398326f99059ff775485246999027b3197955,0xad010863d521cbfd4fac552bd9fea106bbc79213,18,18,25,0,0,2431
0xfb8af76de40f1791a18dc553518029d0f1733849,3,0x375559595d6938bfc0f77961dd31aab37b0e48eb,0xbb4cdb9cbd36b01bd1cbaebf2de08d9173bc095c,18,18,25,0,0,2432
0x3e4c74ce1eaa24945ba0ab8c7575e292a2f31fae,3,0x605b636ac96db4f8a17f57655eead9a96fa5b5c8,0xbb4cdb9cbd36b01bd1cbaebf2de08d9173bc095c,18,18,25,0,0,2433
0xd9c564ad18f49be80e2213204d8222b7645a753e,3,0x44cf455dec530bb165bf218b4af1b559664117cb,0xbb4cdb9cbd36b01bd1cbaebf2de08d9173bc095c,18,18,25,0,0,2434
0x63b04b427daff62f150604b1f82724f8f7bd4acf,3,0x53812f09f39ff6f63dcfe7a31b5e5fce9e1b4444,0xbb4cdb9cbd36b01bd1cbaebf2de08d9173bc095c,18,18,25,0,0,2435
0x95f70330cac5789587adf718253a9c48fec701ad,3,0x55d398326f99059ff775485246999027b3197955,0x5a7ed3d1fd693daa280a587f18d6f80fb3438a2f,18,18,25,0,0,2436
0x64b395684da186203a382cb6ab2c7b99abe2c657,3,0x55d398326f99059ff775485246999027b3197955,0x5c9064968f9764c23a1f2ebbac03920999db0333,18,6,25,0,0,2437
0x0782f39cbaa0e9532ea1d6f4df3355ae541fb3b0,3,0x55d398326f99059ff775485246999027b3197955,0xf5c00bc5f6935c7ca9c0fcc5f3536c7f14c23e3e,18,18,25,0,0,2438
0x0c5e4876f63ffe7290c4eefbf0ebc24ff4a489d3,3,0xb8f979b9ca2de4ccb8ac1f1876564b82b2e0f263,0xbb4cdb9cbd36b01bd1cbaebf2de08d9173bc095c,18,18,25,0,0,2439
0x0dc9d989b491a877ffe610a5cd74ef8d7f59ae61,3,0x4f1960e29b2ca581a38c5c474e123f420f8092db,0xbb4cdb9cbd36b01bd1cbaebf2de08d9173bc095c,6,18,25,0,0,2440
0xb0a5320bc72d1538c734c2cd312f21be6d1a1782,3,0x55d398326f99059ff775485246999027b3197955,0xe7e53fe5bbcea09c1cf56d0c624a213098b88888,18,18,25,0,0,2441
0x3839262ff2df03a867c955e0d5e1cf8e4892b3ac,3,0x55d398326f99059ff775485246999027b3197955,0xfd76e51ee21c5144977025d79815899868593884,18,18,25,0,0,2442
0x429f1ccaf098f6758759b6694e7ea26a20d10407,3,0xbb4cdb9cbd36b01bd1cbaebf2de08d9173bc095c,0xe73f68a4c9b8103f7c0784b32e2d72bad7415cc3,18,18,25,0,0,2443
0x9ede0594a4b2f66ba4f14ef515da24bb049d2458,3,0xbb4cdb9cbd36b01bd1cbaebf2de08d9173bc095c,0xdc4cb4c3587532409a4545aa79a15d967bed1c08,18,18,25,0,0,2444
0x0475e83d4e132e5bc9d4279fce5f8f3d0c308bfa,3,0x3b76374cc2dfe28cc373dca6d5024791b2586335,0xbb4cdb9cbd36b01bd1cbaebf2de08d9173bc095c,18,18,25,0,0,2445
0x762d5251743550a13facfb4ebae486808d7e8e8a,3,0x3ce00515409926db5a1765b8d58f8fe5261d7b46,0xbb4cdb9cbd36b01bd1cbaebf2de08d9173bc095c,18,18,25,0,0,2446
0x0caf39a58128f192d1e619fe0de1feeacf584abf,3,0x55d398326f99059ff775485246999027b3197955,0xb34d5f7688fc9bd2f0020d471981843a77946d91,18,18,25,0,0,2447
0x2809257dfdb773a41e944fa76c47972f3ea69fbf,3,0x55d398326f99059ff775485246999027b3197955,0x6cbc2e98e16c28775637d59342f0c8d04ba66e39,18,18,25,0,0,2448
0x53940c6d9e8e28a8c6db2276d514100a60a14bd1,3,0x6e6ad90a96a549ff80fd18e4206daef6c9847777,0xbb4cdb9cbd36b01bd1cbaebf2de08d9173bc095c,18,18,25,0,0,2449
0x985b5c685348c6faa8743cf3bc3074338de55dc0,3,0x55d398326f99059ff775485246999027b3197955,0x807016c90931f71b168303f4f4e859ef1b43a812,18,18,25,0,0,2450
0xf4cd03fed26efa23d2aef266e4ff6d74129f5372,3,0x91e794db0c4525f5ba7c488ca523257e01367a76,0xbb4cdb9cbd36b01bd1cbaebf2de08d9173bc095c,18,18,25,0,0,2451
0xede402ec43fe402c14a3fc6bb19183e844e74ec9,3,0xbb4cdb9cbd36b01bd1cbaebf2de08d9173bc095c,0xc5326b32e8baef125acd68f8bc646fd646104f1c,18,18,25,0,0,2452
0xb9a255589b9d43574b996a1922d9146b024edd90,3,0xbb4cdb9cbd36b01bd1cbaebf2de08d9173bc095c,0xf878a623e1201303572546f8c30eeeafebedffff,18,18,25,0,0,2453
0x43a7ded65fbdc9bd238b3ff9a6f1a6a985a6ae73,3,0xb96c56961d56f47c9003c36a0eb60022a2ecdb1d,0xbb4cdb9cbd36b01bd1cbaebf2de08d9173bc095c,18,18,25,0,0,2454
0xe6237516670151a08c4060846eeb5e11bb529319,3,0x476f8572db22e7516984ab8bf96810b2b728ec3f,0x55d398326f99059ff775485246999027b3197955,18,18,25,0,0,2455
0x5b9951a62aea35cc3b614ce8c006a9071a5f5e4b,3,0xb696ad6bae9e1d9c6b2ef0152da3241947c9a2d9,0xbb4cdb9cbd36b01bd1cbaebf2de08d9173bc095c,18,18,25,0,0,2456
0x5738bd8e2b9fea23575abcc1cceee806729c4f5a,3,0x55d398326f99059ff775485246999027b3197955,0xf7470bb65f2d45dbf2c7016784f4fd438a7e9ba3,18,18,25,0,0,2457
0x4f186ede8f4973da716d0703802b250116e09818,3,0x8ac331710c69128f78ffb9cc0b9f035014f8f9c8,0xbb4cdb9cbd36b01bd1cbaebf2de08d9173bc095c,18,18,25,0,0,2458
0x712903c3ca65aeeb2e5452d04da090796fcae0df,3,0x1865dc79a9e4b5751531099057d7ee801033d268,0x55d398326f99059ff775485246999027b3197955,18,18,25,0,0,2459
0xcfd0335e0660d37d732bf24f690fe944358f1163,3,0x55d398326f99059ff775485246999027b3197955,0xe356cb3efc9cb4320b945393a10fd71c77dc24a0,18,18,25,0,0,2460
0x354b66f0803f6782be1f38b85cb7b4a2949a5ef4,3,0x55d398326f99059ff775485246999027b3197955,0x91d1b8169be718ac899d1a856c75819f5f62e991,18,18,25,0,0,2461
0x73e96393d2308cd1a652675052833943ef35fab3,3,0x867d05afa2e3facff0534c825be4c268497710c8,0xbb4cdb9cbd36b01bd1cbaebf2de08d9173bc095c,18,18,25,0,0,2462
0x23faca7db501a3c2c411fc4a7ce7e5d8014932cb,3,0x2e051991329c7fdf3752579abd6954e3e08dcf65,0xbb4cdb9cbd36b01bd1cbaebf2de08d9173bc095c,18,18,25,0,0,2463
0x62ba64970533c4be9db32760bf313fd53ff77f41,3,0xe9e7cea3dedca5984780bafc599bd69add087d56,0xfa139cc2f5c5b8c72309be8e63c3024d03b7e63c,18,18,25,0,0,2464
0xda34adca9e7eacc6d0e57501b37e0f29e103b5c0,3,0xbb4cdb9cbd36b01bd1cbaebf2de08d9173bc095c,0xdfba56dbd3894ae1cfc9723fe317dcbf22a4380d,18,18,25,0,0,2465
0x78cce891b0b0ffed915a7992c68b4777d4324799,3,0x30f5d258e9d1323c05b185ced2d9b2ead9ac10a4,0xbb4cdb9cbd36b01bd1cbaebf2de08d9173bc095c,18,18,25,0,0,2466
0xeff11b065954ef2ffd280cf774e1cb28e2e9d4e6,3,0x7114d316f3cb4bf20d6e14cd64ee8924fbbd4444,0xbb4cdb9cbd36b01bd1cbaebf2de08d9173bc095c,18,18,25,0,0,2467
0x9adad1fa3e7fdd69a61a761ce02d09e55bdbe908,3,0xbb4cdb9cbd36b01bd1cbaebf2de08d9173bc095c,0xe538b51fc186b7f91fbf0e3ee78c712fafc0ffff,18,18,25,0,0,2468
0x15b0b535a3f95cc81b066539833cce987a08152d,3,0xbb4cdb9cbd36b01bd1cbaebf2de08d9173bc095c,0xd98e456f339198ebf6e7395cfe579aa738b6d5fc,18,18,25,0,0,2469
0xafbb903509d46c53aec9ddf7a1fff92d3bba6242,3,0x017b22fdeff61724ee94642121799960875f4444,0xbb4cdb9cbd36b01bd1cbaebf2de08d9173bc095c,18,18,25,0,0,2470
0x42f8d5b05a9a113342c1e00c8974e57dc6125a3c,2,0x5bd97d0c8e668298f2a6baa069f47f556a447a78,0xbb4cdb9cbd36b01bd1cbaebf2de08d9173bc095c,18,18,25,0,0,2471
0x2adcda5be92f4763f37f733ba9afee2a4c04ca52,3,0x56513627e7cea535b9b5a18da7643a4b21999994,0xbb4cdb9cbd36b01bd1cbaebf2de08d9173bc095c,18,18,25,0,0,2472
0x58d3bc5e76379b3adab855ebf3e427ada31cd5dd,3,0xbb4cdb9cbd36b01bd1cbaebf2de08d9173bc095c,0xd0c486656d6ec3bb4136aafbb27cb12dc4f2062e,18,18,25,0,0,2473
0xc9649a9c0d2edd8da2ed74d4799b3141a1dc538d,3,0xbb4cdb9cbd36b01bd1cbaebf2de08d9173bc095c,0xc98eff67bb363f6e07a9062cc70dd4c6b39727ac,18,18,25,0,0,2474
0x74e95b9f5980a77a923b2688b3aa63e59f2e5dec,3,0x50e19bf310d44524e0c2e6ecfaaccb859893c8dc,0xbb4cdb9cbd36b01bd1cbaebf2de08d9173bc095c,18,18,25,0,0,2475
0x27699d4a51ae0352e61f5489712961124ca2294a,3,0x46d2cdcea73895ec9d3f9f8de6aa0ee67dbf7777,0xbb4cdb9cbd36b01bd1cbaebf2de08d9173bc095c,18,18,25,0,0,2476
0x83db9bd858924ee07addec1196c1e3a9473a51f5,3,0x7a9c8d33963aecca9a821802adfaf5bd9392351f,0xbb4cdb9cbd36b01bd1cbaebf2de08d9173bc095c,18,18,25,0,0,2477
0xa8c6204dc5351e681f51d5359a7f925df059459d,3,0x98341365333f7c85d840f238b6916216f6fc2ed0,0xbb4cdb9cbd36b01bd1cbaebf2de08d9173bc095c,18,18,25,0,0,2478
0xf420956af28e91db4aef89a67dd6dc6c9085b18f,3,0x4ea90ef3cf085e7ae7b161d6c2608808852cefd9,0x55d398326f99059ff775485246999027b3197955,18,18,25,0,0,2479
0x7cf6cd0fad34ff00f3bd36f8ba7f9c745f952624,3,0x4be0bf93bd643e2fd188fc9660959ee43b342dc0,0xbb4cdb9cbd36b01bd1cbaebf2de08d9173bc095c,8,18,25,0,0,2480
0x9daebb7b72bf0f0688c4f465aa5549a627caf6a0,3,0xbb4cdb9cbd36b01bd1cbaebf2de08d9173bc095c,0xc2e46ca048cff75d24a41d83c4f582b03500ffff,18,18,25,0,0,2481
0xc4adcf6c5104068850d63d8da33646060bb58ffd,3,0x55d398326f99059ff775485246999027b3197955,0xbc36b1d26dcd37020d5dc5e84a072d7717c23447,18,18,25,0,0,2482
0x5dda082c51ad8dbf6e2da8cb702d84189be475fd,3,0x61d5822dd7b3ed495108733e6550d4529480c8f6,0xbb4cdb9cbd36b01bd1cbaebf2de08d9173bc095c,18,18,25,0,0,2483
0x788b2c92f8e1f8a6c8693db1843cfeadb42d5e18,3,0x5b6a52088e99028de110f46e6065991756381928,0xbb4cdb9cbd36b01bd1cbaebf2de08d9173bc095c,18,18,25,0,0,2484
0xc929286c5bdf9ddeff9041e16abd6a1a2575147a,3,0x849cd47869b97ce543b7767e0aa1cf4f44025726,0xbb4cdb9cbd36b01bd1cbaebf2de08d9173bc095c,18,18,25,0,0,2485
0x453b2f93a28ddfdb1a6023a667817ffbf451d253,3,0x31927a3d243b06e823407763f6940c62c4679ee5,0xbb4cdb9cbd36b01bd1cbaebf2de08d9173bc095c,18,18,25,0,0,2486
0x5304d013ca64d412309138fdd445fff295692b5c,3,0x8872661ba95a21bb414f1863bb44d3ad48f61810,0xbb4cdb9cbd36b01bd1cbaebf2de08d9173bc095c,18,18,25,0,0,2487
0x9b40439bb8435c6cb8096438f8648a4e98e5dd05,3,0x846772fa9990a6f37732d399a07a653e80801930,0xbb4cdb9cbd36b01bd1cbaebf2de08d9173bc095c,18,18,25,0,0,2488
0xca7deb99e9bed24816426c20f564c29be34baccc,3,0x1b10e7ba6d4f01b9467f781c4f1c1524a68ba223,0x55d398326f99059ff775485246999027b3197955,18,18,25,0,0,2489
0x7c9c31ba46986f7b87540da4f58d7c10ebe54804,3,0x0a85dd643abb1aa7d6e75967b93c3f308abfc62f,0xbb4cdb9cbd36b01bd1cbaebf2de08d9173bc095c,18,18,25,0,0,2490
0xedab0af739ae3ff8f5969f0702b349e0802feba5,3,0x55d398326f99059ff775485246999027b3197955,0xa73175e92a68cd3f73d96f36af3648883c8abed9,18,18,25,0,0,2491
0xc9c6639311b1548c41a7bd94599dcbbee535a2a2,3,0x55d398326f99059ff775485246999027b3197955,0x9cf1e1bde855958476a994c26f0a6e813a52b9f5,18,18,25,0,0,2492
0x680a04fbf7897d49550e0ee3887bddff59ed51fc,3,0x782dc29289a1754a7b9bfc809e8b136e5b854444,0xbb4cdb9cbd36b01bd1cbaebf2de08d9173bc095c,18,18,25,0,0,2493
0x87f54fbf379e7f7a3ddae65fdaeb7813547481bb,3,0x15c373adf5923e21a9852abe3f17e6f8e9e64444,0xbb4cdb9cbd36b01bd1cbaebf2de08d9173bc095c,18,18,25,0,0,2494
0xb31fb723204d5c882c9289697392b4658a3c2c99,3,0x18bb1ca6083f65f8d77c39beacc6c2376b1cffff,0xbb4cdb9cbd36b01bd1cbaebf2de08d9173bc095c,18,18,25,0,0,2495
0x36643695d17d8477d43d5394aadc38850db5491a,3,0xa0f11dd8e16b77f93ba369e2e64519c6d45d0031,0xbb4cdb9cbd36b01bd1cbaebf2de08d9173bc095c,18,18,25,0,0,2496
0xc9421489694713546634b333cdf367921b4d246f,3,0x411ec510c85c9e56271bf4e10364ffa909e685d9,0xbb4cdb9cbd36b01bd1cbaebf2de08d9173bc095c,18,18,25,0,0,2497
0xe71dadb58823f1dce25de3f853098ec668b13a8e,3,0x74f9257a7b5622679a867a1f4c322227e44e7777,0xbb4cdb9cbd36b01bd1cbaebf2de08d9173bc095c,18,18,25,0,0,2498
0xe003e5e977c3225c4f5d655af5ec6c0544d3139a,3,0x47bb3d817e627d196ae74b89afa7928c2bb159a9,0xbb4cdb9cbd36b01bd1cbaebf2de08d9173bc095c,18,18,25,0,0,2499
0x11041510340981d5e7612ff7e16d5c526b0bf692,3,0xb539242985ac83737aadee909f486d46178587c4,0xbb4cdb9cbd36b01bd1cbaebf2de08d9173bc095c,8,18,25,0,0,2500
0xf3fb7532ca303007321751e3639b0758a4fd1f4b,3,0x8252eac993191b74c6743b1d7e2fece3e506e8bb,0xbb4cdb9cbd36b01bd1cbaebf2de08d9173bc095c,8,18,25,0,0,2501
0xa7ace56bab9065e3bca601d83cf5635be12473aa,3,0x35bfb40fc32966ed05937d9dccf9333d8a877777,0x55d398326f99059ff775485246999027b3197955,8,18,25,0,0,2502
0xb5f98242ae3b67880b7746b08718f3992584f22a,3,0x55d398326f99059ff775485246999027b3197955,0x5d14ef62c517021da8c7cc3c2314405db23eaf6b,18,18,25,0,0,2503
0x81a86ae9b6ed0c04774eb6ebd2c2b467c61368e8,3,0x851944049dfdd189725b136c5ae3fb83cc62b28d,0xbb4cdb9cbd36b01bd1cbaebf2de08d9173bc095c,18,18,25,0,0,2504
0x21afd3f5f77eccbe08b09eaedb1d9aff223551e6,3,0x405be90996e7f995a08c2fbd8d8822ef5b03466c,0xbb4cdb9cbd36b01bd1cbaebf2de08d9173bc095c,18,18,25,0,0,2505
0x45a33c3f8b3d6dc4a218758a65c8d6d09e1c5680,3,0xa0b9bb05da11e3b19ffd64554400f59d4a378515,0xe9e7cea3dedca5984780bafc599bd69add087d56,18,18,25,0,0,2506
0xddb504a8d1eeefb35fac438b71eca257315f0609,3,0x55d398326f99059ff775485246999027b3197955,0x7b1c9c0f9729f8fcfc5652e9959ed8c1a74076db,18,18,25,0,0,2507
0xe6f819efdda2f0f3fc51383916ea314cb6268847,3,0xac6148f83400803ea7d82b9d7da2820ea2063296,0xbb4cdb9cbd36b01bd1cbaebf2de08d9173bc095c,18,18,25,0,0,2508
0x725836046a637088f86e648c8eede432b01114b9,3,0x4d3b5fc4885508fb6b3c307fc2902d5f0312f6f7,0x55d398326f99059ff775485246999027b3197955,18,18,25,0,0,2509
0x1ff383069a544f3c8b97673c890de9f50b320b7b,3,0x49b011ca726f0c3a13aea4e748249597ac790b39,0x55d398326f99059ff775485246999027b3197955,18,18,25,0,0,2510
0x7062d1f727a0857175f6fe17c314831260a45687,3,0x30d81eb0a088beb460c73411c67be623aff2fadf,0x55d398326f99059ff775485246999027b3197955,18,18,25,0,0,2511
0x8e53479278e2605043ce49216eb050e91d5a625a,3,0xb184c394739c8aac072dbba9e228b579fc3e378f,0xbb4cdb9cbd36b01bd1cbaebf2de08d9173bc095c,18,18,25,0,0,2512
0xb190ca62b631ac3d6226810f256f70e763f2197c,3,0x6d7257ad53686206f8e6ca52f881a1f95fdaee28,0xbb4cdb9cbd36b01bd1cbaebf2de08d9173bc095c,18,18,25,0,0,2513
0xaa8b192be43661bc3eca28cdc167c90cb68e5088,3,0x8b025f2dad998c2983cc1bf23d5ebe65124f0fe1,0xbb4cdb9cbd36b01bd1cbaebf2de08d9173bc095c,18,18,25,0,0,2514
0x9f10c64613ed5eece9f0c34fa7038ca84377286b,3,0xbb4cdb9cbd36b01bd1cbaebf2de08d9173bc095c,0xe9406b73d4f54572e27d60479905723de08e689e,18,18,25,0,0,2515
0x72121d60b0e2f01c0fb7fe32ca24021b42165a40,3,0xe9e7cea3dedca5984780bafc599bd69add087d56,0xf700d4c708c2be1463e355f337603183d20e0808,18,18,25,0,0,2516
0x1bdb254be9cc078256c7e0bfd20be06cb3e9a0ec,3,0x155dd107ae0fb0d5872a4613f9f08914bc03a632,0xbb4cdb9cbd36b01bd1cbaebf2de08d9173bc095c,18,18,25,0,0,2517
0x7291f24a881b7b0e6bea9eb8e5cb8082c3945be3,3,0x97ea2f13f5c1ab85ba0ae3fda34a70878defc084,0xbb4cdb9cbd36b01bd1cbaebf2de08d9173bc095c,18,18,25,0,0,2518
0x090045ee33506b921f9494b6ea85288acd7061db,3,0x28b28dda85c60e3397933ea50ed3522bb25487ab,0x55d398326f99059ff775485246999027b3197955,18,18,25,0,0,2519
0xcffeb12b5f840ea7bf6059742021fd466cc04ab6,3,0x3b9661287c23e1ea44eeb1c2a606b51432d70863,0x55d398326f99059ff775485246999027b3197955,18,18,25,0,0,2520
0xb441f926bf11518f4b74156de81be1f66b4761e9,3,0xb7be8de32d59aa3c3ff0cc826ec8e53a2ac7aa9b,0xbb4cdb9cbd36b01bd1cbaebf2de08d9173bc095c,18,18,25,0,0,2521
0xb4b8838c7cd715cf7c6147734b42e765cfc5f0a9,3,0xbb4cdb9cbd36b01bd1cbaebf2de08d9173bc095c,0xe39e0d1a8d59835e81d9d2f8a62245b407186688,18,18,25,0,0,2522
0xeff6a3b938796dbb5d76f3aca53e61f60150426b,3,0x72e485e4af2d639358260ce817903dd481c1ffff,0xbb4cdb9cbd36b01bd1cbaebf2de08d9173bc095c,18,18,25,0,0,2523
0x95aacc3a2040c0e388495c8b136c011289d201ae,3,0x55d398326f99059ff775485246999027b3197955,0xaab59c8cdde2ab56ff3c712b33e221bae9e6d2a4,18,18,25,0,0,2524
0xe02416607a5a57d1885e5913395315835d3f011e,3,0x9b83f827928abdf18cf1f7e67053572b9bceff3a,0xbb4cdb9cbd36b01bd1cbaebf2de08d9173bc095c,18,18,25,0,0,2525
0xa3b357399b9a66e97372a8e8b1550f79a94d91c4,3,0x67ee26fcd22216e055cba7fb6a62b8e12888cfa5,0xbb4cdb9cbd36b01bd1cbaebf2de08d9173bc095c,18,18,25,0,0,2526
0x1cdefd394a8144381ea1626bd51bb81818686a77,3,0x21dfe97101717ed7f562da5d1ccbceef8fef33c3,0x55d398326f99059ff775485246999027b3197955,18,18,25,0,0,2527
0x3677b1bd719b1cbea31e7b321f19ed12745a33d2,3,0x55d398326f99059ff775485246999027b3197955,0x7d5014e549e83f2abb1f346cacd9773245d51923,18,18,25,0,0,2528
0x319be50f2e4b9b239f346d6d44fd89b44a7aa411,3,0xbb4cdb9cbd36b01bd1cbaebf2de08d9173bc095c,0xf6783e137e2ffdae5e702f9f96a7062578d57777,18,18,25,0,0,2529
0xcf8d2b4de8aaecf7faad361f6eb4f61613c4105a,3,0x96eafff5bedf18566b18fce71c2323b69c795623,0xbb4cdb9cbd36b01bd1cbaebf2de08d9173bc095c,18,18,25,0,0,2530
0x446fb80547b418c79da96eee4fa88ba49ffeaf82,3,0xbb4cdb9cbd36b01bd1cbaebf2de08d9173bc095c,0xeb79f79323ce63ea7badad3dee783a2cc0fc1ccf,18,18,25,0,0,2531
0x856caa95e424247a9e005393738ecd4c51d2fa62,3,0x4b777fb203a7ce424d398b3768b8ff56736a6fe2,0xbb4cdb9cbd36b01bd1cbaebf2de08d9173bc095c,18,18,25,0,0,2532
0x0c8215a46679eda5f69b76a5aae5125a039a3747,3,0xbb4cdb9cbd36b01bd1cbaebf2de08d9173bc095c,0xcb88d6d48ecab90c5602dcce59fa5994a7e748ef,18,18,25,0,0,2533
0x6f998f205411f0c495f21312a7a037a34e92f135,3,0x36fdebeb2bb7538d5559f1d2968307e86eb04444,0xbb4cdb9cbd36b01bd1cbaebf2de08d9173bc095c,18,18,25,0,0,2534
0x6116cb1afb1231c90b722bd2c63e9e99dc3b66e0,3,0x55d398326f99059ff775485246999027b3197955,0xf01a088dc56006fc7b2bb084092eb7e4b9734ca7,18,18,25,0,0,2535
0xf305e1bb4212e60cc4ca2b521c1b1c9f1c5b6222,3,0x43f1d20090f8dfc2ab91e9cfe6c8a57365817777,0xbb4cdb9cbd36b01bd1cbaebf2de08d9173bc095c,18,18,25,0,0,2536
0x07a82027dec799c740f8b30f9c7d2467783913e8,3,0x1ca18e076135845b3ef1afb2408c706e0a355a95,0x55d398326f99059ff775485246999027b3197955,18,18,25,0,0,2537
0xd2e2c4e546ee4159411ffd3a7b4895f9154570eb,3,0x86d6fadb5f7a0c069fb50f998e120835cae15a54,0xbb4cdb9cbd36b01bd1cbaebf2de08d9173bc095c,18,18,25,0,0,2538
0xaeb2bbb945c506a57aa19dbe546d1616df830980,3,0xbb4cdb9cbd36b01bd1cbaebf2de08d9173bc095c,0xbc37ae5a9845a27ebe7222b4f3a0bd95cdd3a914,18,18,25,0,0,2539
0x7ec8836480283260a7d06d3f372dff435ba04d07,3,0xaec23008b1098e39c0f8de90bf7431d185efe8b3,0xbb4cdb9cbd36b01bd1cbaebf2de08d9173bc095c,18,18,25,0,0,2540
0xcfdce81f4852da67763d9108d12af78d0045a915,3,0xbb4cdb9cbd36b01bd1cbaebf2de08d9173bc095c,0xd96710e8419242a14d59fe0295b0144af66fb983,18,18,25,0,0,2541
0xdae36cb755afd7969eb3a6738e63fe8214cb9a77,3,0xabc1deefb7dbc97d8d20aa6a0e75203f287d7777,0xbb4cdb9cbd36b01bd1cbaebf2de08d9173bc095c,18,18,25,0,0,2542
0x9e3f801e43989cd966e5bbea26e8c43ea15cdf98,3,0x4619e5932ee96b317808e15d53824b97b6b94444,0x55d398326f99059ff775485246999027b3197955,18,18,25,0,0,2543
0x2bb8d86beb30262fa69905f90b8d3b224bd7f70f,3,0xb12c3b85e8da06aa98c34e314afc650259e94444,0xbb4cdb9cbd36b01bd1cbaebf2de08d9173bc095c,18,18,25,0,0,2544
0x315cbcc808b7fc8f3df72339d8cdbf0f3d7fa82e,3,0x7130d2a12b9bcbfae4f2634d864a1ee1ce3ead9c,0x93dd418f04b98abd6bb43049b20abc1fc54480b1,18,18,25,0,0,2545
0x2afa204cbb7eafaf8e653c74ba724d939b1a0383,3,0x30e817623653a0208c3c86e42be1fee0dfa17777,0xbb4cdb9cbd36b01bd1cbaebf2de08d9173bc095c,18,18,25,0,0,2546
0xfa80b6d671b9c4322cd34ad6c8f79b3494a3e310,3,0x2b3559c3dbdb294cbb71f2b30a693f4c6be6132d,0x55d398326f99059ff775485246999027b3197955,18,18,25,0,0,2547
0xa4b91a1377caed0e1052b9ad98b1ed5c94b9f629,3,0x452bbb8c3a20694794bd0e10902b518f66a3ec82,0x55d398326f99059ff775485246999027b3197955,18,18,25,0,0,2548
0x9085f848d09ac68f5f49425ff460d953df0850dd,3,0xbb4cdb9cbd36b01bd1cbaebf2de08d9173bc095c,0xd3c82a8bc98ae146b0f26c0ebf183625bff47777,18,18,25,0,0,2549
0x9de5b8cbabbfed2731ba7fda4dd49cd27d5eb755,3,0x003892bf6b29e2c3c795dd2b84e0d87182a785af,0xbb4cdb9cbd36b01bd1cbaebf2de08d9173bc095c,18,18,25,0,0,2550
0x0bd34016bdfeaf2573f853aeb860c04eebd10562,3,0x55d398326f99059ff775485246999027b3197955,0x5ea21515034ea5f01e08fb8803f19287ea1f9e76,18,18,25,0,0,2551
0x00407c0a9869a81af09c45fe04ee16f2359ab1c3,3,0x8c2da84ea88151109478846cc7c6c06c481dbe97,0xbb4cdb9cbd36b01bd1cbaebf2de08d9173bc095c,18,18,25,0,0,2552
0x34698612030ec32aab16cd4bcb8e147ecb601d3a,3,0x39cfeabcec0f37bd37d9c122ae047d6433f44235,0x55d398326f99059ff775485246999027b3197955,18,18,25,0,0,2553
0x4b01634fa093e25ebe850c6f4a0aab3b435d3d76,3,0xbb4cdb9cbd36b01bd1cbaebf2de08d9173bc095c,0xca9b8d6df0729d85dcfc8ef8bb18af1ad1990786,18,18,25,0,0,2554
0x9e8216a5189da10ccb8483c4c45e64a562fdc236,3,0x14bf16f280696ec4431f2579309e865693964444,0xbb4cdb9cbd36b01bd1cbaebf2de08d9173bc095c,18,18,25,0,0,2555
0x3c11c5f96482da2f1bc3f8913ced350077c050eb,3,0xbb4cdb9cbd36b01bd1cbaebf2de08d9173bc095c,0xd8047afecb86e44eff3add991b9f063ed4ca716b,18,18,25,0,0,2556
0xb2dfb15309000879084825337f4b7f77fede189c,3,0x55d398326f99059ff775485246999027b3197955,0x9c79b4a12ef8176b6a61142408a54edf8336b0a6,18,18,25,0,0,2557
0x549bdbd93ed8ac24da7d594cd32d8aa2149a221b,3,0x55d398326f99059ff775485246999027b3197955,0x94b97eb44f247d38d6bb227787c5963d5dcaed91,18,18,25,0,0,2558
0xce556558b7988ef204b178d1646707d8f31de0c8,3,0x83c16d9253116bd3e0d2f0fbb27210106788a21a,0xbb4cdb9cbd36b01bd1cbaebf2de08d9173bc095c,18,18,25,0,0,2559
0xd1558921b912c11158232fa43ff69371ac4a512c,3,0x55d398326f99059ff775485246999027b3197955,0xf0afa59b51125405c33f5c417df8be8cd4d45ae6,18,18,25,0,0,2560
0x58456cbd58f6d5b1c363b952d554f341e3f09b5b,3,0x55d398326f99059ff775485246999027b3197955,0xbe2d231017cf56d19b6a6facd312de785028d458,18,18,25,0,0,2561
0xcdda6bdc30ee4f604007f218c81bd75640469da7,3,0xbb4cdb9cbd36b01bd1cbaebf2de08d9173bc095c,0xc3c1b25ff8c3f828f36a030960d54082ed984444,18,18,25,0,0,2562
0xe42b62d2de88d575972b84b95f153bd03765533e,3,0x0c0a6965dcf70669584adb95f4742a8a461a001d,0xbb4cdb9cbd36b01bd1cbaebf2de08d9173bc095c,18,18,25,0,0,2563
0x0edd3e2e44bfc6afbb96aa3780da977957db3c0b,3,0x55d398326f99059ff775485246999027b3197955,0xc946cbe15766c78f73725629b2246cdda1177777,18,18,25,0,0,2564
0x628c0fe6da9854edf0f3e2c7657af6ecf29c740e,3,0x41f52a42091a6b2146561bf05b722ad1d0e46f8b,0xbb4cdb9cbd36b01bd1cbaebf2de08d9173bc095c,18,18,25,0,0,2565
0xc47f2f37cbb15197c805281fe25daf3a342d7e8f,3,0x55d398326f99059ff775485246999027b3197955,0x5faa1ef71cc259eb23eedc81dfa00a9d784c6a39,18,18,25,0,0,2566
0x3bb10ab227411340c83de51d097a6cebe213837d,3,0x55d398326f99059ff775485246999027b3197955,0xfaa0fc7b803919b091dbe5ff709b2dabb61b93d9,18,18,25,0,0,2567
0x0a317c3ba4d499794499f4d87e1728c6d6d454bb,3,0x55d398326f99059ff775485246999027b3197955,0xa584045daac725cc43f88bc0e2191ee557831f83,18,18,25,0,0,2568
0x33a9ecda0e9d2da474ba3e9a4b04c519274d0e95,3,0x5569edd2e1535be2003470b2663f2ff77e83d27e,0x55d398326f99059ff775485246999027b3197955,18,18,25,0,0,2569
0x3f9a130fa65828230d1d470f2a8147b941d8c550,3,0xbb4cdb9cbd36b01bd1cbaebf2de08d9173bc095c,0xeebd8a2ff96eac98e0abb0f10b4cb41ae4435778,18,18,25,0,0,2570
0x2fea80acce4596f8a4c1e938dc7a447b6e01eb8b,3,0xbb4cdb9cbd36b01bd1cbaebf2de08d9173bc095c,0xfdad35905b0a3b7de47eff162cee7cbf33e9c3ed,18,18,25,0,0,2571
0x153227fc823653f2e799e570ffff16f880cd818e,3,0x75bded6bf44bb01527138673dcc064dbe3e7d96d,0xe9e7cea3dedca5984780bafc599bd69add087d56,18,18,25,0,0,2572
0xb7f0a2f9bf47c399bd761398f9bc44c4549bb604,3,0x28920776edf8a4f612c81866d1f3abfb69a9791a,0xbb4cdb9cbd36b01bd1cbaebf2de08d9173bc095c,18,18,25,0,0,2573
0xfe4508e5a08a15beb2c3394ed2717c994349d996,3,0x83dfb0f9a8059b3dd274b3f4d68da93520fc4444,0xbb4cdb9cbd36b01bd1cbaebf2de08d9173bc095c,18,18,25,0,0,2574
0x8a78cbd606d94fb1be3b49b7781ee5ede01fdd6a,3,0x55d398326f99059ff775485246999027b3197955,0x7aaaa5b10f97321345acd76945083141be1c5631,18,18,25,0,0,2575
0x52cf4ea17c7914a969b87fcb04296d6078cd0d72,3,0x55d398326f99059ff775485246999027b3197955,0xf5fa6b414bfda8ea2952e8e1562c0dab7ab25953,18,18,25,0,0,2576
0xa6ea25d25a87aed14137700e694d43a3f539da34,3,0x61ded24b45e2807870d90a33717024f49581a058,0xbb4cdb9cbd36b01bd1cbaebf2de08d9173bc095c,18,18,25,0,0,2577
0xd544d82d461bb330548c725a010b3ad49696aea6,3,0x396d6baa20ff27d7d95759b3bcb118b3321a3193,0xbb4cdb9cbd36b01bd1cbaebf2de08d9173bc095c,18,18,25,0,0,2578
0xe6818dd68b8237820d265ef6c6fea734f3100dd8,3,0xbb4cdb9cbd36b01bd1cbaebf2de08d9173bc095c,0xf1020d8f7935c2a7a8da09fe350be6cffb6bdec6,18,18,25,0,0,2579
0x66fef5da8cd235f64de2c0d4cd42500338e8ed99,3,0x38c0e5a48cd3f17e0ba99edb08c1e517ea1a6252,0x55d398326f99059ff775485246999027b3197955,18,18,25,0,0,2580
0xb6827df27c0dd0c9d766baf92fff65546b83f16d,3,0xbb4cdb9cbd36b01bd1cbaebf2de08d9173bc095c,0xe4589caac2a7bb504addd0d19bdb1bbcfa417133,18,18,25,0,0,2581
0xa7b390d1be40ac38ff5f44fa510098de0b7e7456,3,0x55d398326f99059ff775485246999027b3197955,0xa479bfb86542dfe817ea6acce6f3eb80b4888888,18,18,25,0,0,2582
0x1e16734f05e8d80656ba736f132724cee7efd100,3,0x12109a1b10ba66f8babc9a8cb6514a37ed517777,0xbb4cdb9cbd36b01bd1cbaebf2de08d9173bc095c,18,18,25,0,0,2583
0xb0c287c5bce86974e1a81f219d420fd37d3b235b,3,0x80bee96ebfc5506a4b113dd7aeed319142948f94,0xbb4cdb9cbd36b01bd1cbaebf2de08d9173bc095c,18,18,25,0,0,2584
0x4239311f57aeecb74bc1ee60fec6ed3a4f50a88a,3,0xbb4cdb9cbd36b01bd1cbaebf2de08d9173bc095c,0xe826677610f70c12094e370a3151b22101f17777,18,18,25,0,0,2585
0x1768fa04700af08ef64e4e3a5b1708cabc7f5fa2,3,0x55d398326f99059ff775485246999027b3197955,0x7174c9ce1f731d256181ef1c9dae34adbb7aee8a,18,6,25,0,0,2586
0x8c3363401f90124624ac6135458ab5360bc71ac9,3,0x40619dc9f00ea34e51d96b6ec5d8a6ad75457434,0xbb4cdb9cbd36b01bd1cbaebf2de08d9173bc095c,18,18,25,0,0,2587
0x32c00d299a3ef3bf138133160f73c3d78a2c1cb7,3,0x6dce99e7edc5f773f2655a57ae0f13b86f9b5755,0xbb4cdb9cbd36b01bd1cbaebf2de08d9173bc095c,18,18,25,0,0,2588
0xec30e83b41591e35884c83a96206a768d700eb3e,3,0x55ca2d0ba374cf1eec62b3bcf7054f3fb5c67777,0xbb4cdb9cbd36b01bd1cbaebf2de08d9173bc095c,18,18,25,0,0,2589
0xba088b4b109434400219580d297e53d9e1a16ebc,3,0x55d398326f99059ff775485246999027b3197955,0x7f85e078c73919c45d80f91feb0396db5530881b,18,18,25,0,0,2590
0xa3616a940ba81e41bb038b50d29217bdc0a00f56,3,0xbb4cdb9cbd36b01bd1cbaebf2de08d9173bc095c,0xd08b4f19d5a12dd070c38fd75fb9eb809a763a75,18,18,25,0,0,2591
0xfd7ac069372553d8b6a17e26f6706f4ee20df7da,3,0x1e32a0bfbf44fdb9e74ed2978bacd2b0f1177777,0xbb4cdb9cbd36b01bd1cbaebf2de08d9173bc095c,18,18,25,0,0,2592
0x1aca578627767aaf7c4d1fe517bdeecfee65077d,3,0x2b2db264b72e1bc45e1cd1a4fab6c3e4a20c3333,0xbb4cdb9cbd36b01bd1cbaebf2de08d9173bc095c,18,18,25,0,0,2593
0xa97d5233db6d4c8a7df3db970fc7d9956c0577e6,3,0x5d0158a5c3ddf47d4ea4517d8db0d76aa2e87563,0xbb4cdb9cbd36b01bd1cbaebf2de08d9173bc095c,18,18,25,0,0,2594
0xe57cb437d4cada1ea19a87c32409ad1134c68a05,3,0xbb4cdb9cbd36b01bd1cbaebf2de08d9173bc095c,0xeecd101725b89b66f3e04f953ae0bb647c23fb8d,18,18,25,0,0,2595
0x724c4162837428c3781c490c5944aed97a7205b2,3,0x55d398326f99059ff775485246999027b3197955,0x9237cdefcb9e128b241cff1b55f4e4cccd5eaba3,18,18,25,0,0,2596
0x8d7f8b1e9d8636443d05679631f86827f8aa5c38,3,0x2170ed0880ac9a755fd29b2688956bd959f933f8,0xa143ac515dca260a46c742c7251ef3b268639593,18,18,25,0,0,2597
0xcfe81b9b8bace64872d07dd1f67972ec869b8075,3,0x6c1efbed2f57dd486ec091dffd08ee5235a570b1,0xe9e7cea3dedca5984780bafc599bd69add087d56,18,18,25,0,0,2598
0xbde6ce88111c8d7ec95ec1017fa0761790c535ce,3,0x0f6266a9e9214ea129d4a001e9541d643a34c772,0xbb4cdb9cbd36b01bd1cbaebf2de08d9173bc095c,18,18,25,0,0,2599
0xff22c734a9c9b371eca189e59f0e1549ef36af17,3,0x99ea0787004c8abcbaa1e40b80ce6d139075162d,0xbb4cdb9cbd36b01bd1cbaebf2de08d9173bc095c,18,18,25,0,0,2600
0xa5a04f95ae699e0d4d52a53cc7c8bbeb78bcf9d7,3,0x9941b619b43a777c30b5e14cb046f4b9efd3fb22,0xbb4cdb9cbd36b01bd1cbaebf2de08d9173bc095c,18,18,25,0,0,2601
0x7788e0788d766b5480b04cae268101a631790542,3,0x83b32fc9f4c1728c098dd0f0f31406525883e6d1,0xbb4cdb9cbd36b01bd1cbaebf2de08d9173bc095c,18,18,25,0,0,2602
0xc54aa5694cd8bd419ac3bba11ece94aa6c5f9b01,3,0xb43ac9a81eda5a5b36839d5b6fc65606815361b0,0xbb4cdb9cbd36b01bd1cbaebf2de08d9173bc095c,18,18,25,0,0,2603
0x164767b0c9ef5d97c3618020423855bd7baa2de0,3,0x14da2ad98abe8ad87601ca9a66307001656f67da,0x55d398326f99059ff775485246999027b3197955,18,18,25,0,0,2604
0xd931d1acaca7c590eff0ee745403cfd66424b90a,3,0x1a6438c06d1cc3ca177f887650b7b2267012a89e,0x55d398326f99059ff775485246999027b3197955,18,18,25,0,0,2605
0x6b18b08c267a72f35314074338c2bda294e6286c,3,0xb04770cfc19bc6089934f15e80867bf1fdb790c5,0xe9e7cea3dedca5984780bafc599bd69add087d56,18,18,25,0,0,2606
0x49773ab41ffaffb7b15f4ae44fc84bef11603fe9,3,0x55d398326f99059ff775485246999027b3197955,0x86f484395d9acea6c3886a20164a1da28ffb95d0,18,18,25,0,0,2607
0x03636a899bd846301dd7e7c2441811c13ce57c0d,3,0x59107a07d7448c3534917c1cb3431100b41d12f8,0xbb4cdb9cbd36b01bd1cbaebf2de08d9173bc095c,18,18,25,0,0,2608
0x8a2328b2c8e6a6f56668a0e26081efc250a8d6c0,3,0x885c99a787be6b41cbf964174c771a9f7ec48e04,0xbb4cdb9cbd36b01bd1cbaebf2de08d9173bc095c,18,18,25,0,0,2609
0x4b85749cdb12edb26bbf8bc80016ff354fe7da74,3,0x55d398326f99059ff775485246999027b3197955,0x69a87c8788d4a48c1362b3b357d0e6b59c11d93f,18,18,25,0,0,2610
0x12f30e0315197ebc672e526660877a8378da066c,3,0x55d398326f99059ff775485246999027b3197955,0xf2e94c55a000bebacb4e2ff2a218f20bd091ecdc,18,18,25,0,0,2611
0x4fc622809b1f3e26e16082fa5b0845d6fd04babb,3,0x37e2ae82c454a6888e4bbb3e21a6607034832b4f,0x55d398326f99059ff775485246999027b3197955,18,18,25,0,0,2612
0x188715f57d7e7de1679bb061755eb1fd3f42df3b,3,0x55d398326f99059ff775485246999027b3197955,0x6fc96f9997f79b5f7897b24454ddbd76e21dd097,18,18,25,0,0,2613
0x8b1caef8313df4e0a20f3288d0f1ee15ebc5db3c,3,0xbb4cdb9cbd36b01bd1cbaebf2de08d9173bc095c,0xfb8204de22a295a6fce27dac2405ae0691633e39,18,18,25,0,0,2614
0x4a593b44c505fe4c68b8d3fe81e46c158a6a2010,3,0x55d398326f99059ff775485246999027b3197955,0x83451a4e3585fda74feb348ad929f2c4ca189660,18,18,25,0,0,2615
0xf924e642f05acc57fc3b14990c2b1a137683b201,3,0x8729438eb15e2c8b576fcc6aecda6a148776c0f5,0xbb4cdb9cbd36b01bd1cbaebf2de08d9173bc095c,18,18,25,0,0,2616
0x90cf5172eab0262327659ee216221b1ff2de42f9,3,0xbb4cdb9cbd36b01bd1cbaebf2de08d9173bc095c,0xf1ca73caa1c7ad66af11147ba7d5636243af0493,18,18,25,0,0,2617
0x4b141dde11dccb57fa732db3368fa89946eba80d,3,0x5b91012cc467265aaa0a129faaf81f477f6bae42,0xe9e7cea3dedca5984780bafc599bd69add087d56,18,18,25,0,0,2618
0xca09c88f003fa9957b9dc228eddf6d730cf697b8,3,0x09103f077a1ede87b4ad3122a85b601d71fbdaa1,0xe9e7cea3dedca5984780bafc599bd69add087d56,18,18,25,0,0,2619
0xedba75b805a743d0c8ae8a5f66b28f2903aa7268,3,0x52a14bf20d09d0a681e072b0bdab0e461792348d,0xbb4cdb9cbd36b01bd1cbaebf2de08d9173bc095c,18,18,25,0,0,2620
0x9b0e7467132db44b4058fb61f5f18b4a6d6875cc,3,0x63da12a215eba1e2842221cdacfccfea8f0e4444,0xbb4cdb9cbd36b01bd1cbaebf2de08d9173bc095c,18,18,25,0,0,2621
0x3ccfd66f3c2f4e38a4fa65117fb80d88d606235f,3,0x7a3ba320d44192ae9f6c061f15bcebd7a6217242,0xbb4cdb9cbd36b01bd1cbaebf2de08d9173bc095c,18,18,25,0,0,2622
0x4dee4ddf7cc966d3d8b0009528012847e1829520,3,0xbb4cdb9cbd36b01bd1cbaebf2de08d9173bc095c,0xc0914df2f35e76e8870b515df3a29342b2574444,18,18,25,0,0,2623
0x5df1cccb20dd4640ad6704fd12f18bbb5971daca,3,0xbb4cdb9cbd36b01bd1cbaebf2de08d9173bc095c,0xf4bf4a6c074c3bda5b991cf271b68e046bdf4444,18,18,25,0,0,2624
0xe009eabf4e26d63d823b7ff63483b6e8d790cd60,3,0xbb4cdb9cbd36b01bd1cbaebf2de08d9173bc095c,0xccfbb8db031bf354aec3eaec2f4cf51361310554,18,18,25,0,0,2625
0x8685b9fc0c827b2d7b0863a4e7c3ffd79724a9f0,3,0x878595b05620b1c38898597c93ad19bb165f6fa7,0xbb4cdb9cbd36b01bd1cbaebf2de08d9173bc095c,18,18,25,0,0,2626
0x155bd6128eb56c3c216fcc7feba599b4c08e4196,3,0x210f29b9c5ad175cfe365bbd4a5556c4c4ecfe5c,0xbb4cdb9cbd36b01bd1cbaebf2de08d9173bc095c,18,18,25,0,0,2627
0x81f3d70f8af9b618c7144bc6eb700b0e5460c087,3,0x315c46bddb93cd5deb55b8f79f0065362173a13e,0xbb4cdb9cbd36b01bd1cbaebf2de08d9173bc095c,18,18,25,0,0,2628
0x33c992c0628ea9670b2a8150715742a9ce17c39a,3,0xac2ab4e9ccee374d28491967ba4ac907f5bf384d,0xbb4cdb9cbd36b01bd1cbaebf2de08d9173bc095c,18,18,25,0,0,2629
0x87448e96b22330ccc4579bf7f743760c53136959,3,0x23a1e42738f312bcaa73be97f4d384d8d47737f9,0xbb4cdb9cbd36b01bd1cbaebf2de08d9173bc095c,18,18,25,0,0,2630
0x54c072b8832aa21116adf3ecad13e090392c9676,3,0xbb4cdb9cbd36b01bd1cbaebf2de08d9173bc095c,0xf0bb807997fa12c05b5d52b9e0068a0d36588888,18,18,25,0,0,2631
0xb9e57354ab542010af34920a24005ebf490ca0da,3,0x55d398326f99059ff775485246999027b3197955,0xd89336eac00e689d218c46cdd854585a09f432b3,18,18,25,0,0,2632
0x7fbde726220b398f318c8b1263e89021849ba29b,3,0x9ce89aa15ea25c481fe1adb03e3f397ecea1620c,0xbb4cdb9cbd36b01bd1cbaebf2de08d9173bc095c,18,18,25,0,0,2633
0x191961f5cf990fc1863189f537f7ff823538e1ab,3,0x5a5344710ada378fa8e698d85a482f4f2f9e7777,0xbb4cdb9cbd36b01bd1cbaebf2de08d9173bc095c,18,18,25,0,0,2634
0x9895af3d49f30fef2cc17e51f4f735aa7c5b4cb4,3,0x08fdf0c27764e31c49a9c90f719a6f8e81fb4444,0xbb4cdb9cbd36b01bd1cbaebf2de08d9173bc095c,18,18,25,0,0,2635
0x00407c87eba35b9a47b0e02ce478cb4a2d0fae88,3,0x55d398326f99059ff775485246999027b3197955,0xde69c05e8121ef0db29c3d9ceceda6ef6b606d0c,18,18,25,0,0,2636
0xc98b2c75b2b96f016a4db40b5408dacf181729a4,3,0x55d398326f99059ff775485246999027b3197955,0xf18536e26323ab1a00479954a1238649ea544cb1,18,18,25,0,0,2637
0x967c89826eca4388721790a146f871879a76c3b6,3,0xbb4cdb9cbd36b01bd1cbaebf2de08d9173bc095c,0xe63d9cb1b85cb34b9e48770d727d2240922d4444,18,18,25,0,0,2638
0x3286a3f5de8b52ee9c967c7f82e1f9d158895e99,3,0x9733e1038897efb36bb2e526c328c9b6a4b78db2,0xbb4cdb9cbd36b01bd1cbaebf2de08d9173bc095c,18,18,25,0,0,2639
0xfbc28599bc4888cd9929913fea5395f12c040f1a,3,0x55d398326f99059ff775485246999027b3197955,0xc06fe0941f198f8fb9dc6fc09ec27e042cd56789,18,18,25,0,0,2640
0xc23be14d44d4c7eee32a7cd256b4c61bce48232e,3,0x55d398326f99059ff775485246999027b3197955,0xca5779ecf5b22f140edeb9022210332c10630395,18,18,25,0,0,2641
0xf6b8888670f7d4ffae61460b7dd475d2aeb26dad,3,0x55d398326f99059ff775485246999027b3197955,0x736d8797d106fba6deb7b870acef66be8e9a4d4d,18,18,25,0,0,2642
0x54428094b565318df7e8d7ebc22bb0ea0a999e76,3,0x82ad9b91967e0f8b0a3924b69afa0ae133d9666e,0xbb4cdb9cbd36b01bd1cbaebf2de08d9173bc095c,18,18,25,0,0,2643
0xed284ea0a6ea8beac1c3efc95d2dcf974e74b384,3,0x0f13fc8a93ab8edc9fde0a1e19aac693161599a5,0xbb4cdb9cbd36b01bd1cbaebf2de08d9173bc095c,18,18,25,0,0,2644
0xb5d315fae8ec4f0016643b9400638eaa51e775bd,3,0x206ec57d16fc60130ec6e3e0d748791f44a4e06a,0x55d398326f99059ff775485246999027b3197955,18,18,25,0,0,2645
0xc53858937add53fc536a6cbabc8d3e402ca0f4a0,3,0x55d398326f99059ff775485246999027b3197955,0xdd7d1b186b993eb1fc357dcfc3e3f41baaaaaaaa,18,18,25,0,0,2646
0x7af697076454fc4f04bdce15a7529aebb9d90352,3,0xa2936abe3341b326f8f9baffbd9988b2b7384229,0xbb4cdb9cbd36b01bd1cbaebf2de08d9173bc095c,18,18,25,0,0,2647
0x77e27142eabf783f4c242af069198fa79a87d529,3,0x55d398326f99059ff775485246999027b3197955,0x896a280637b576b99a0d7edb2fbe38367adc5a21,18,18,25,0,0,2648
0xa1122b7bd7ba5c00121f8a73278ed28264859cc8,3,0x081803f401b45fbc67df4ec87f1f6fd33ee57777,0xbb4cdb9cbd36b01bd1cbaebf2de08d9173bc095c,18,18,25,0,0,2649
0x6ead784b3da3d7f0e6156b5d29ac919c98b73caa,3,0x55d398326f99059ff775485246999027b3197955,0x817d404bb95792fa9a595e2d08dccf9eb8989b49,18,18,25,0,0,2650
0x794576248a0222aaf69842b8e6c6ae5f9f912cce,3,0x6139a0fd42032f29bcc1f9082d5c250cffe98387,0xbb4cdb9cbd36b01bd1cbaebf2de08d9173bc095c,18,18,25,0,0,2651
0xc53ed59e788f99d502c02506ab988aef7ec5ebaa,3,0x55d398326f99059ff775485246999027b3197955,0x6618c0e9e0da6b4d2741edcb0be92d8a01399107,18,18,25,0,0,2652
0x73c080e759dd6e8065b7950c174063c6efbb34c1,3,0x55d398326f99059ff775485246999027b3197955,0xc2ed36314be5bbffc778e17482121087f2b96139,18,18,25,0,0,2653
0x4a82737e530f0c39785c7fabf87a3d43df91f874,3,0x348af621847fd7032dd1863f08262fd83d859c1d,0xbb4cdb9cbd36b01bd1cbaebf2de08d9173bc095c,18,18,25,0,0,2654
0x24e3c3a1a8a04586e0a83ef9ff3412cd00e8f330,3,0x0c5429e9dd1362bfb55c31c01b7f0f38f5f64444,0xbb4cdb9cbd36b01bd1cbaebf2de08d9173bc095c,18,18,25,0,0,2655
0x7d5f03ddcca2272fae998d03a6fa61a3f237b60a,3,0xa01983eceae98dc29e9bb718231d8c78be7a4444,0xbb4cdb9cbd36b01bd1cbaebf2de08d9173bc095c,18,18,25,0,0,2656
0x66f6d28d182ce2579e7563348f350c0783659f63,3,0x7a40c80ed70e2d801b9423ac5bb599e63a044444,0xbb4cdb9cbd36b01bd1cbaebf2de08d9173bc095c,18,18,25,0,0,2657
0x75f5ce8fca31e91e23a880cbf061f43177d222e0,3,0x55d398326f99059ff775485246999027b3197955,0xb9730301a2c7c0c3e501c97d42d2abf912c1447c,18,18,25,0,0,2658
0x9117df9aa33b23c0a9c2c913ad0739273c3930b3,3,0x3b5e381130673f794a5cf67fbba48688386bea86,0x55d398326f99059ff775485246999027b3197955,18,18,25,0,0,2659
0x0ba3b36bb3a3ddfea2ffd22d4c01dd49475bfa8d,3,0x94c177d71fd00fc9b6297fb11c58944a1e687998,0xbb4cdb9cbd36b01bd1cbaebf2de08d9173bc095c,18,18,25,0,0,2660
0x085bd6d073b318c2f29959d98c3db32ca873977b,3,0x717152df04c156f690af9c888aa8e22e32da5cf3,0xbb4cdb9cbd36b01bd1cbaebf2de08d9173bc095c,18,18,25,0,0,2661
0x3d07760aab91acc2cc7a2b36233fe9bca7ceaec4,3,0x4e0fe270b856eebb91fb4b4364312be59f499a3f,0xe9e7cea3dedca5984780bafc599bd69add087d56,18,18,25,0,0,2662
0x5305dde336bc3950f8ccd139f2bc8905ce9c449e,3,0xbb4cdb9cbd36b01bd1cbaebf2de08d9173bc095c,0xdb86076b0efee264b0c11d0a8327b0411fcc7777,18,18,25,0,0,2663
0x6a24a877bb7d07fba59397decbbaed5f92890aea,3,0x84e9a6f9d240fdd33801f7135908bfa16866939a,0xbb4cdb9cbd36b01bd1cbaebf2de08d9173bc095c,18,18,25,0,0,2664
0xd2791a87e16576338c985697d35049199eebbf37,3,0x55d398326f99059ff775485246999027b3197955,0xe083fac25eb4813e98047deb51fc304e9a75137f,18,18,25,0,0,2665
0x720adff6d6af2306cdb1da6c69784018b50d9d07,3,0x3db45bae6b255a283c49fbeb4f017536f0fb8b7c,0xbb4cdb9cbd36b01bd1cbaebf2de08d9173bc095c,18,18,25,0,0,2666
0x2f588844a12b3dd3d9fc91ff629ab7e115c39018,3,0x2c3f91b4063ae25de92bccc7dbb52a689f84ae9b,0xbb4cdb9cbd36b01bd1cbaebf2de08d9173bc095c,18,18,25,0,0,2667
0x20f6ca2445695cc2d3a2137f1823e7929581c699,3,0xbb4cdb9cbd36b01bd1cbaebf2de08d9173bc095c,0xc4caf585c2b7eaf3f61ac69b1529e79f90b15569,18,18,25,0,0,2668
0xf64485368a69c0973fe1b0e1b5177b532a1575cf,3,0x55d398326f99059ff775485246999027b3197955,0xee38b8540f5cccd041a535e6a77b1f3bd6922333,18,18,25,0,0,2669
0xfc4f578fa647877ff6df3bfd7a27f8561a27efb8,3,0x62cd26cb698fa8067d9c76f8ccb26922f6a86909,0xe9e7cea3dedca5984780bafc599bd69add087d56,18,18,25,0,0,2670
0x22a165467aa18a9f73e8687120f800cb3c33958e,3,0x55d398326f99059ff775485246999027b3197955,0xec75a897b9bf941bc67bc08a0c062eafbabfed9f,18,18,25,0,0,2671
0x0cb1b9dae97c4e1bb0ff9fee4f3862ecade48aeb,3,0x9fef6766ecf9e105b2753f7f8968dc8293a69460,0xbb4cdb9cbd36b01bd1cbaebf2de08d9173bc095c,18,18,25,0,0,2672
0x48ae7269597e2f8ed6093b744e66eb247cc9a95d,3,0xbb4cdb9cbd36b01bd1cbaebf2de08d9173bc095c,0xce2392bd358233796e60719a31b87e113ce76f8d,18,18,25,0,0,2673
0x657d6efb10e67a80539b9b42e49f20f643f37c98,3,0xbb4cdb9cbd36b01bd1cbaebf2de08d9173bc095c,0xc1037f50ca57f36a3d22216fde7fd8b486c81feb,18,18,25,0,0,2674
0x93b3ca6a4174ac2c90e0049b82171b08d65b8461,3,0xbb4cdb9cbd36b01bd1cbaebf2de08d9173bc095c,0xd9191c26045b88c6fe66489eb48fb396a4827777,18,18,25,0,0,2675
0x5cb7f2cd91dc3d802723186267ea510e29d99eaf,3,0x4aafec51e99751db6e3409d54770868d8e0475b8,0xbb4cdb9cbd36b01bd1cbaebf2de08d9173bc095c,18,18,25,0,0,2676
0x7ccee48f76b3b35b8bc0bf1c69cfa440ddf2a620,3,0x55d398326f99059ff775485246999027b3197955,0x75aff3989a836631ad59aabadf284d46140b9ace,18,18,25,0,0,2677
0x741e43c74662b24591892e257831a9326d0bfe52,3,0x55d398326f99059ff775485246999027b3197955,0x72fb8ecf2b16e08e606c5245d1a796a87aa8398a,18,18,25,0,0,2678
0xa0ce42e61f876e9c0aa3a9860455f073e7eb67dd,3,0x0174cf19ac8a586679a8b53342ea2b377c743bab,0x55d398326f99059ff775485246999027b3197955,18,18,25,0,0,2679
0xb1b4c99e0933747225b1c590896500b0c074feb8,3,0xbb4cdb9cbd36b01bd1cbaebf2de08d9173bc095c,0xd9ca1d00de092a90463f27fc3f5bd3b3d2b0c352,18,18,25,0,0,2680
0x10d32808ba2ba5830e1fc72f7f95f6294df9b711,3,0x08ba0619b1e7a582e0bce5bbe9843322c954c340,0x55d398326f99059ff775485246999027b3197955,18,18,25,0,0,2681
0x65baaeeea34c8036877babe8c01047f162a8a93d,3,0x966f75a3a48bd6133220bf83a62429bf04adf29f,0xbb4cdb9cbd36b01bd1cbaebf2de08d9173bc095c,18,18,25,0,0,2682
0xcaf75294d899a5df32f0a67eceb05b566dbc257f,3,0x300db87534bb85861bd733f2472531fcdb3a6536,0xbb4cdb9cbd36b01bd1cbaebf2de08d9173bc095c,18,18,25,0,0,2683
0xb5f2e8246f6776415c64e4db2172c717c5947bd5,3,0x04523c406d562409f075514abfd4bdc0fc534444,0xbb4cdb9cbd36b01bd1cbaebf2de08d9173bc095c,18,18,25,0,0,2684
0x486697ae24469cb1122f537924aa46e705b142aa,3,0x9fd87aefe02441b123c3c32466cd9db4c578618f,0xbb4cdb9cbd36b01bd1cbaebf2de08d9173bc095c,18,18,25,0,0,2685
0xf4d37ce81c01f48ce0025e68f5e8482a16182a3d,3,0x33eef306ebbfa2c610f77533e8c15966be0ec5a1,0x55d398326f99059ff775485246999027b3197955,18,18,25,0,0,2686
0x77aa9045baf6e07b12c30dd3ba05ba93c488f119,3,0xb83dc5e70936fb6213c04c654159faab06b8a0fe,0xbb4cdb9cbd36b01bd1cbaebf2de08d9173bc095c,8,18,25,0,0,2687
0x0d1a414bff83fafa30fa705fc59eb03555943ccc,3,0xad0e44628996ce48c09c0d5e554da4677aab9c71,0xbb4cdb9cbd36b01bd1cbaebf2de08d9173bc095c,18,18,25,0,0,2688
0x18527cfbb17105199d55867b959b311fd2d0fd72,3,0x5481d86cf57128ad94ca6fa4c474c58431987433,0xbb4cdb9cbd36b01bd1cbaebf2de08d9173bc095c,18,18,25,0,0,2689
0x23625a7a2ccc50974f79b5fab73b31773f936fbb,3,0x55d398326f99059ff775485246999027b3197955,0xa5b7384a8986c8054a07eac94e5018f9b75a1de9,18,6,25,0,0,2690
0xe5f7e5135b2e4efb2bf2799d6cc155b6e0c2771b,3,0x55d398326f99059ff775485246999027b3197955,0xc0ff5eab9909e78b7391539fa43e9688dd0b9e31,18,18,25,0,0,2691
0xd6bd951cbc4cd2a6c4f5ff4f957fee92e1c3d032,3,0x4530631100bdae5b39ead33db45a4329e7444444,0xbb4cdb9cbd36b01bd1cbaebf2de08d9173bc095c,18,18,25,0,0,2692
0xad7e74e1a7093a6761d77ffdafb7afae5f6dfc86,3,0x8447a658add00193ae43de330f2ea7524ce65b75,0xbb4cdb9cbd36b01bd1cbaebf2de08d9173bc095c,18,18,25,0,0,2693
0x686e424023bac1b10897e0d2c7cef0717a2c9ac0,3,0xaf7bfa6240745fd41d1ed4b5fade9dcaf369ba6c,0xbb4cdb9cbd36b01bd1cbaebf2de08d9173bc095c,18,18,25,0,0,2694
0x58bf4f8cdaafb4b394ee8266e2c3fe420cf16b71,3,0x1fd448d0361c3212961a70930f3129a45f425b68,0xbb4cdb9cbd36b01bd1cbaebf2de08d9173bc095c,18,18,25,0,0,2695
0xfc04cd4ae9c83c6fd75ff4c7273bd8aa0d7c9af7,3,0xb04ef3b613f2f4634d970807d16665cff7a4472b,0xbb4cdb9cbd36b01bd1cbaebf2de08d9173bc095c,18,18,25,0,0,2696
0x8c3d217950b53eee101cd104a61847ef5284c63c,3,0x55d398326f99059ff775485246999027b3197955,0xa856098dcbc1b2b3a9c96c35c32bc4f71e49aed2,18,18,25,0,0,2697
0x0124851c24b7cc126a8963e529cacb0c00f94386,3,0x1ea3ffc43ee291a4373418286e9b001aebe14444,0xbb4cdb9cbd36b01bd1cbaebf2de08d9173bc095c,18,18,25,0,0,2698
0xe84d9e70d0c5031ebbe64ca7b7522c50122e585a,3,0x55d398326f99059ff775485246999027b3197955,0x58b4591a3fd16041f28686098431b1374c3bb789,18,8,25,0,0,2699
0xb6f03a313620b632f3fe04b901aedf7a22604c8a,3,0xbb4cdb9cbd36b01bd1cbaebf2de08d9173bc095c,0xd2527605af64a1911378fe6224aea9410d92fef8,18,18,25,0,0,2700
0xc22b9a849066f6ed5818c354fd2897bea4bb961e,3,0x55d398326f99059ff775485246999027b3197955,0xf5ba9667ec716e35f5c7dd23d714ae62dc60f276,18,18,25,0,0,2701
0xb0f406b182c281667985de5ecfff0111da6caf05,3,0xb263feadea2d754dc72276a62e3cccf934669522,0xbb4cdb9cbd36b01bd1cbaebf2de08d9173bc095c,18,18,25,0,0,2702
0xdf2352a66d42d8b0af518671f1206a2b764ef542,3,0x4e0c96b89778c83c69034270766ae08b06824b8c,0xbb4cdb9cbd36b01bd1cbaebf2de08d9173bc095c,18,18,25,0,0,2703
0x5c05e741beb62d493b3cc272b4c587f5ae6d6678,3,0xbb4cdb9cbd36b01bd1cbaebf2de08d9173bc095c,0xdd90348d43851724cc21eef339eb18e65f27f2a1,18,18,25,0,0,2704
0x6048cf9d7f1d03b2c1ea8b6f2efb6c77f1e9d2a5,3,0x55d398326f99059ff775485246999027b3197955,0x96a1c54aac3beebbd0c76ef26a86e462beecbae1,18,18,25,0,0,2705
0x5bd8ceff34f0eef145de4a69e74a97fcd11663ec,3,0x02b7d9d4f89aada3dd1bad4f55fc4f59b39aeee0,0xbb4cdb9cbd36b01bd1cbaebf2de08d9173bc095c,18,18,25,0,0,2706
0xdd57cfdcec9c2f43f63e8a609941c60f8bbe720d,3,0x9c56d0dc5aac6f23d18f990f3e4783a2f1be2dba,0xbb4cdb9cbd36b01bd1cbaebf2de08d9173bc095c,18,18,25,0,0,2707
0x70f01321cb37a37d4b095bbda7e4bf46e1c9f1f9,3,0xdbdc73b95cc0d5e7e99dc95523045fc8d075fb9e,0xe9e7cea3dedca5984780bafc599bd69add087d56,18,18,25,0,0,2708
0x33fbf8fad1318346d55914394c73bca5e41a5bc4,3,0x8b292baabf70b745c791c69e0d91d2265290e53f,0xbb4cdb9cbd36b01bd1cbaebf2de08d9173bc095c,18,18,25,0,0,2709
0xb5996f1bc7549678ea070ae2690918bbc004458b,3,0x0047a0deadafb7ee6b1a0d219e70fb6767057d93,0xe9e7cea3dedca5984780bafc599bd69add087d56,18,18,25,0,0,2710
0xa976a4ba5076f1264e0f8ffb5b9ff4ac9fd615fa,3,0xbb4cdb9cbd36b01bd1cbaebf2de08d9173bc095c,0xd9e90df21f4229249e8841580cde7048bf935710,18,18,25,0,0,2711
0xc44f74aebaadbdd67051e2ef7e09d2170854e684,3,0x55d398326f99059ff775485246999027b3197955,0xf548d88511e698fb80fb0da91f4245285f354cac,18,6,25,0,0,2712
0xda06db6e7f3565ea4ee10772514ebe2c1523d84f,3,0x55d398326f99059ff775485246999027b3197955,0x9bb7de5e35f185fbe43ba666e230be09c9052000,18,18,25,0,0,2713
0xb016510b5c4c5397a7a6f36d29e0f638d2c14c8a,3,0xbb4cdb9cbd36b01bd1cbaebf2de08d9173bc095c,0xf29334940f79936d1beb45ba81aa7ad4f205bade,18,18,25,0,0,2714
0xf4993412e8475b6f8dc28052ed6e00cde1499fc9,3,0xbb4cdb9cbd36b01bd1cbaebf2de08d9173bc095c,0xce1c066f453e78a675767cfb0c858828c0aa12ec,18,18,25,0,0,2715
0xadda8b5d600bc1d22b860c873825e431704fd8bd,3,0x55d398326f99059ff775485246999027b3197955,0x5a427b7d65a0c5d78c233645ba00be0c1a2247d9,18,18,25,0,0,2716
0x2858553ea53a3f255ce1e624229b600c0f3fba49,3,0x3867564f3b5ad2ddb53b317ba64cddef9e1eb54d,0xbb4cdb9cbd36b01bd1cbaebf2de08d9173bc095c,18,18,25,0,0,2717
0x946b0df9a4b3c020c6dbedc3c1be36c485e8bb1c,3,0x55d398326f99059ff775485246999027b3197955,0xb4bc558f4f3b5ddc0a4987834f89b7748c3ad3f6,18,8,25,0,0,2718
0xe9424187b180b39e748b3d0e37bf51c523d09aff,3,0x628e3a6fd5e78564da8de2aa7386d57b84902380,0xbb4cdb9cbd36b01bd1cbaebf2de08d9173bc095c,18,18,25,0,0,2719
0x1467cb0d09f90247d778ebb78fd6d5b420dc8b9b,3,0x226729f3718263eac7986287408451fc138fc4c7,0x55d398326f99059ff775485246999027b3197955,18,18,25,0,0,2720
0xe266c90beb595208cfd88e5152e2e8381d86da79,3,0x133db23170b553b1ade1393af29e4770b259f8c9,0x55d398326f99059ff775485246999027b3197955,18,18,25,0,0,2721
0x8a0903fb2689348f8659a22d9d6abaa07622c108,3,0x55d398326f99059ff775485246999027b3197955,0xea49985776dfc66bc58badd0e8461cdebc390458,18,18,25,0,0,2722
0x56a8c960bbbc1cfbbb59f19a851b7567bbd9a932,3,0x19bc868f2f956afb6e066cf850a38ce2612dac8e,0x55d398326f99059ff775485246999027b3197955,18,18,25,0,0,2723
0xf787cfbe48ee2209fcaab85849cd16d50c1afe34,3,0x59546df751a27a58af1f488d102caf1925888666,0xbb4cdb9cbd36b01bd1cbaebf2de08d9173bc095c,18,18,25,0,0,2724
0xd009e28346d8335ee1e68cb80222d442c3758d27,3,0x55d398326f99059ff775485246999027b3197955,0x9c770376a4c996ee14aea1323461fcfb816f7fbc,18,18,25,0,0,2725
0xed101ee64e4eae2e7addf582c28960ed8546ec3e,3,0x55d398326f99059ff775485246999027b3197955,0x9738f5580a8fd87914f4426990f1668c4a8ae45a,18,18,25,0,0,2726
0xe0c285bfe99da110997f80bac0cbcd592e60068d,3,0x11719963f47a756b461f783b971467bb2c88449a,0xbb4cdb9cbd36b01bd1cbaebf2de08d9173bc095c,18,18,25,0,0,2727
0x6c0d2ec18d855515b09efd6c8d73f2a7988397af,3,0x6c42d1c8cfb0bfb879b01c8f88428059db3b4444,0xbb4cdb9cbd36b01bd1cbaebf2de08d9173bc095c,18,18,25,0,0,2728
0x628f727a33f894c4daf5778e92f67d82bc00f5f5,3,0xbb4cdb9cbd36b01bd1cbaebf2de08d9173bc095c,0xe6b386feed7a801598f94b9e875f59bf64b34444,18,18,25,0,0,2729
0x6a172d2cd424c8793315b4706486216d532e5620,3,0x55d398326f99059ff775485246999027b3197955,0x72cf61090a0d31cf3b148635cd0351c4657cafb7,18,18,25,0,0,2730
0x7726330e7569bf973f6df69bbee13a716f34feb0,3,0x55d398326f99059ff775485246999027b3197955,0x65e3a4a05a35ac0a48627f1cc30e5a31e8a3537e,18,18,25,0,0,2731
0xf84654b4d8a9a2453a3e1d791164e00b5e5d6a69,3,0x55d398326f99059ff775485246999027b3197955,0x5f6d7267a9f54bcc8c741a3e969c3803ba72d687,18,18,25,0,0,2732
0x8cb5fa870bd668fb24172db8b4b15a51ec5c84bd,3,0xbb4cdb9cbd36b01bd1cbaebf2de08d9173bc095c,0xc215a62fca973022bc89191f793714b2e1ef3eda,18,18,25,0,0,2733
0x322ca80c4ed9c2f3d9ecf6aab2a191934598e3e4,3,0xbb4cdb9cbd36b01bd1cbaebf2de08d9173bc095c,0xe1b66a1f5ef08eb246890c3fab259a2656653e7f,18,18,25,0,0,2734
0xb0cf70acadb9c0493ae506a95063b3298ae917ea,3,0xa1ede8bb646013daa125b7fd4511a16d53327777,0xbb4cdb9cbd36b01bd1cbaebf2de08d9173bc095c,18,18,25,0,0,2735
0x0a0f7f08316a11ca94d2e40a4beedb222c3aa668,3,0x205d4796a9b6d0531c2dd5eda468a30addd8714e,0xbb4cdb9cbd36b01bd1cbaebf2de08d9173bc095c,18,18,25,0,0,2736
0x39e2c97b39b6d20c7c8cd089684ab3821417d0e3,3,0x3d9b9610d1e5fe29c753f4224137c4b7a57e4444,0x55d398326f99059ff775485246999027b3197955,18,18,25,0,0,2737
0x5803d1699e53126a94cd8fc22429c1b235b5e6be,3,0x55d398326f99059ff775485246999027b3197955,0xe6af6365e23c9cefc5b72cc2bf503281709e4c0b,18,18,25,0,0,2738
0x323cbfc62eb3947b1fcb3179361ec213e919b07c,3,0x4a3cbb8e2580cf7f459407a7cc602ed1b8be7777,0xbb4cdb9cbd36b01bd1cbaebf2de08d9173bc095c,18,18,25,0,0,2739
0x4d9e144e89b86388283aeb831fb8c649d31ba83d,3,0x55d398326f99059ff775485246999027b3197955,0x6955ab86128c01340f1f123c57bfbdaf9ec09412,18,18,25,0,0,2740
0x8b9581e5fe2d1a6d1f3008368cb3a93776fce394,3,0x4d1d6de2fea309826173f2e841c7658719bcb229,0x55d398326f99059ff775485246999027b3197955,18,18,25,0,0,2741
0xb6fdfdf571174319b2f21456739102c8a5f28688,3,0x55d398326f99059ff775485246999027b3197955,0xe9b4a4987c1ed83e8378efac0894775139b76e38,18,18,25,0,0,2742
0xd626583cbaa1d0cdf417fa7f36f21e0387a437d7,3,0x623974fa31d79d12dc8a2ec8dfea9bcdf8938889,0xbb4cdb9cbd36b01bd1cbaebf2de08d9173bc095c,8,18,25,0,0,2743
0xeb6b6c488e5dc5221cc70d1900282cc03c67d3b3,3,0x55d398326f99059ff775485246999027b3197955,0xd2c28b57e7d825471be41216d0b6584826968231,18,6,25,0,0,2744
0x4fb0a6d2240e226c407530811ed52b96782b0670,3,0x55d398326f99059ff775485246999027b3197955,0x6176c9e3b95c942ee65f138d736707afdcad4291,18,18,25,0,0,2745
0xfbc5d7acd80914254ccebeaa847dd49073f15408,3,0xbb4cdb9cbd36b01bd1cbaebf2de08d9173bc095c,0xc8444405dd053cf974c67df90c947f467fe60d9e,18,18,25,0,0,2746
0x19e440ec278857282a77ed094e7cdd3c65d73a77,3,0xbb4cdb9cbd36b01bd1cbaebf2de08d9173bc095c,0xcf890f2a9314a1a97b2e9c099033062ca02a7777,18,18,25,0,0,2747
0x2c594e8e97a90660d82369a1947a3f980c4e2320,3,0xb265cba9bd6e34fa412bd8b4c1514c902c0e7e7d,0xbb4cdb9cbd36b01bd1cbaebf2de08d9173bc095c,18,18,25,0,0,2748
0x643e5155e876f7f6bb576bc93bddee0201bab11e,3,0x4dec3139f4a6c638e26452d32181fe87a7530805,0x55d398326f99059ff775485246999027b3197955,18,18,25,0,0,2749
0x5bff9a35b4946d9a53004b16969b363ff6197fbe,3,0xb07905396a419b121213efe1d17cfd0ff20ae597,0xbb4cdb9cbd36b01bd1cbaebf2de08d9173bc095c,18,18,25,0,0,2750
0xec882a134165d13dbef80c3ac6ba9d2c6765a4c9,3,0xbb4cdb9cbd36b01bd1cbaebf2de08d9173bc095c,0xd47b3b686f388d75f975339dae49a8645db37777,18,18,25,0,0,2751
0x41daf91e17736bf15bc7cfaa9ca0e686f992b10d,3,0xbb4cdb9cbd36b01bd1cbaebf2de08d9173bc095c,0xec03a90334a4293b58e11e7225814e0dfc742f2b,18,18,25,0,0,2752
0xad1ba361e6db979e367aebcb32cb47485877dd0e,3,0xbb4cdb9cbd36b01bd1cbaebf2de08d9173bc095c,0xd41c4805a9a3128f9f7a7074da25965371ba50d5,18,18,25,0,0,2753
0x25cbac3c51e2fc74aab70cd76e6cd7dd15792c58,3,0x52b3ce23fa73822f316b83a9115d29fb5966fab9,0xbb4cdb9cbd36b01bd1cbaebf2de08d9173bc095c,18,18,25,0,0,2754
0x028121148509e6903432bc646cd2ebc1e1ac4090,3,0x531ad174bdc5bacd46d2eb91bf4044dd627f22a6,0x55d398326f99059ff775485246999027b3197955,8,18,25,0,0,2755
0x891da451efe977dd24c773b71f274e2523e80a4f,3,0xbb4cdb9cbd36b01bd1cbaebf2de08d9173bc095c,0xd6afd6bfade550ad3959460212e2fd1624b8cac5,18,18,25,0,0,2756
0x42e85767e8c742fae8405f8b148467f3f3403973,3,0x5455527292da88046f4ddedf02bd3c886bfc306a,0xbb4cdb9cbd36b01bd1cbaebf2de08d9173bc095c,18,18,25,0,0,2757
0x8297646f9483cdf2be5849edc250327de2d9569d,3,0x55d398326f99059ff775485246999027b3197955,0x91689b632351a96689ba728e24b0c7aec1ee1618,18,18,25,0,0,2758
0xf35d34cc140c8bca6c8369f0760f754c899a7fbc,3,0x29395d312681fcccda6aa7a9ee79bc577b3700da,0xbb4cdb9cbd36b01bd1cbaebf2de08d9173bc095c,18,18,25,0,0,2759
0x4703d40ab5867d490b03ba3ed466118d92a1369a,3,0xbb4cdb9cbd36b01bd1cbaebf2de08d9173bc095c,0xee33114ef9afb0779f0505c38afbb1644f4073cc,18,18,25,0,0,2760
0x912ea6eb5ab3bf63d5ef90bf9380633b547f457c,3,0xb1a05d0ee3c8d936f70b77318a348c0de2f8a396,0xbb4cdb9cbd36b01bd1cbaebf2de08d9173bc095c,18,18,25,0,0,2761
0x8ff1658bb320aeb5b702bf00fb9c3b8911fda79d,3,0x55d398326f99059ff775485246999027b3197955,0xbcf2349b0092648073389e753d3e77bec9cef604,18,18,25,0,0,2762
0xb542d7bdb0acb730633f93cea5cfb7bc92ea5547,3,0xbb4cdb9cbd36b01bd1cbaebf2de08d9173bc095c,0xe2188a2e0a41a50f09359e5fe714d5e643036f2a,18,18,25,0,0,2763
0xc88fdb0973d830d0cb9f2f200916f8e79d987e8e,3,0xbb4cdb9cbd36b01bd1cbaebf2de08d9173bc095c,0xd8bdb39389857cf3d8f5c91e0e262f8eab112233,18,18,25,0,0,2764
0x04a44f8fa618b4272c3bf0b534920c66713127eb,3,0xbb4cdb9cbd36b01bd1cbaebf2de08d9173bc095c,0xdaf61750a9a34e9d70594a6aa6681874ca064b54,18,18,25,0,0,2765
0x6ac9fadf695dfe3afc6a0096a0e07011fda3e5ef,3,0xb5b7f828caed10db9582bed424ff79809ce766cb,0xbb4cdb9cbd36b01bd1cbaebf2de08d9173bc095c,18,18,25,0,0,2766
0xd94cf0d3e470ab1d2b3ade557ff5e3930dc3e70e,3,0xbb4cdb9cbd36b01bd1cbaebf2de08d9173bc095c,0xfe0927f43a4f0a0dc7ee946859d7109a9a090257,18,18,25,0,0,2767
0x7cf18d20a9ffbd71fbfc0fe0a2c4df43e35eaae9,3,0xa0979d4298aae1009428bd3c3db8d88506bb4444,0xbb4cdb9cbd36b01bd1cbaebf2de08d9173bc095c,18,18,25,0,0,2768
0x23758dd55ab47782d71feb745a4106755228206d,3,0x746abef0b29981c303719023dca1589ac3804444,0xbb4cdb9cbd36b01bd1cbaebf2de08d9173bc095c,18,18,25,0,0,2769
0xa063a4ca1957e4cd8b63e062f639dc9165773dc5,3,0x55d398326f99059ff775485246999027b3197955,0xe71db1334802634121f5cd34a2ea3d4012938a71,18,18,25,0,0,2770
0xdd7d785f91bba104c15080f288ec02c04817fa66,3,0x1dc5779ed65bcc1f0a42d654444fb0ce59d7783b,0xbb4cdb9cbd36b01bd1cbaebf2de08d9173bc095c,18,18,25,0,0,2771
0xe432afb7283a08be24e9038c30ca6336a7cc8218,3,0xbb4cdb9cbd36b01bd1cbaebf2de08d9173bc095c,0xe56842ed550ff2794f010738554db45e60730371,18,18,25,0,0,2772
0x6c5a88d35fa8807820a5f878875860092524ea10,3,0x55d398326f99059ff775485246999027b3197955,0xb3416d42aceee57add416398c78358f2854f51e1,18,18,25,0,0,2773
0x1ed1daf29b1d26ebb3c4117e31f299a80767d9e3,3,0x0a37b75fde0f3845bba4221decaa1b8969834444,0xbb4cdb9cbd36b01bd1cbaebf2de08d9173bc095c,18,18,25,0,0,2774
0x28a617f70a3398c81cda745c100ebcaa45feb9d5,3,0x55d398326f99059ff775485246999027b3197955,0xaef4cc383f8f4bc319dd8041f41c60ab42eb7447,18,18,25,0,0,2775
0x3ff886ceacb44c99d78cbdf6d7e97d8b63a33fda,3,0x55d398326f99059ff775485246999027b3197955,0x8888f69d87c92552338e5e43933520b1ad560ff9,18,18,25,0,0,2776
0xc9c7dac67932c2908b3469e5f2e2f854ac3cbbc5,3,0x55d398326f99059ff775485246999027b3197955,0xaa706767a7bee5e567ac58c52a9acfd12ec5f1e6,18,18,25,0,0,2777
0xf525240a27e3126b3187f9abed50a8f982c55930,3,0xbb4cdb9cbd36b01bd1cbaebf2de08d9173bc095c,0xfa7f5f2dde1d7e9836a6cd530eb20e253d571923,18,18,25,0,0,2778
0xbc325f3b74964a68a057a15d372deaf6cc68f818,3,0x55d398326f99059ff775485246999027b3197955,0xc5a2960e338b260e1640f6feb383a44ae6b48afa,18,18,25,0,0,2779
0xa5d0cd275d3a347f4188a2c640b7d106830d561b,3,0x55d398326f99059ff775485246999027b3197955,0xe9bf4de0b60bc196893dd3d4ba06b3c892978611,18,18,25,0,0,2780
0x2ae9782024b89661854433e08d557a32ad37da08,3,0x7dcf424375c85ccef80e14430a5df3fe23594444,0xbb4cdb9cbd36b01bd1cbaebf2de08d9173bc095c,18,18,25,0,0,2781
0x4c6e5311d826a16702bf49055323473220f9c2c4,3,0x6dc923900b3000bd074d1fea072839d51c76e70e,0xe9e7cea3dedca5984780bafc599bd69add087d56,18,18,25,0,0,2782
0xb1f912a1311f5d3707f0fd278da1b4cabf224108,3,0x55d398326f99059ff775485246999027b3197955,0xe78342faf701a197a3a83c6e2f71156a3af4e809,18,18,25,0,0,2783
0xbaf63bed6a7156ef79ebf3f5789ba03f12ad9404,3,0xbb4cdb9cbd36b01bd1cbaebf2de08d9173bc095c,0xdc280afcd08e61be78ca8d154f78ef0bfea6deac,18,18,25,0,0,2784
0x2a180aede634acc402d578f17b388c76226bafb4,3,0x79f7d65bb0cc24ae37e1abcaeb0e463738544444,0xbb4cdb9cbd36b01bd1cbaebf2de08d9173bc095c,18,18,25,0,0,2785
0x343283582c071fdad6ad0ba2e1620c3e40a99b11,3,0x39edda6f60e4271c8930b8f432760b58366bb190,0xbb4cdb9cbd36b01bd1cbaebf2de08d9173bc095c,18,18,25,0,0,2786
0xaa5e3a3c468f46bf47a894da31e46dc0029230fd,3,0x55d398326f99059ff775485246999027b3197955,0xd7314b37a63b47a52cae00f8cbdf0eb2a81ee672,18,18,25,0,0,2787
0x3f3df92daf63d6f65ccda39ee2cfa2ca214e882f,3,0x195c7b9b4279174d5ceb462790d8709957ef4444,0xbb4cdb9cbd36b01bd1cbaebf2de08d9173bc095c,18,18,25,0,0,2788
0x5333e0798d2245e53da27f120b73a43c2bd8aa62,3,0x55d398326f99059ff775485246999027b3197955,0xc298d75509943156f1b43f8ba9f484827a22c2c2,18,18,25,0,0,2789
0x7164b91db59c50156b63d0e31da08cd47b031711,3,0x7130d2a12b9bcbfae4f2634d864a1ee1ce3ead9c,0xfb981ed9a92377ca4d75d924b9ca06df163924fd,18,18,25,0,0,2790
0x0d52e6ca2612233bf709e9cd2ba440be109c996d,3,0x55d398326f99059ff775485246999027b3197955,0xa838c1dfd1dd7a78a21eaa05805c7fecba29faf6,18,18,25,0,0,2791
0xe0e3b12cf09c0eb8aefd2dd07a0511929a6ad749,3,0x55d398326f99059ff775485246999027b3197955,0x8c6149aaea8161e2015fa563040a916e90d16dca,18,8,25,0,0,2792
0x4a24d6f25f72226ac81d9dc3d38f73541c8b764e,3,0x4a72af9609d22bf2ff227aec333c7d0860f3db36,0xbb4cdb9cbd36b01bd1cbaebf2de08d9173bc095c,18,18,25,0,0,2793
0x18bf95cb4a20ba878b42d3e5c107454f95e6b5da,3,0x0000f3e5a8d9cb3c1b5ea0628ff0ffb4c15b5078,0x55d398326f99059ff775485246999027b3197955,18,18,25,0,0,2794
0xdaafbf463be2f26b15daf1c3fc7022d5ca4e63a9,3,0xbb4cdb9cbd36b01bd1cbaebf2de08d9173bc095c,0xda01d3d7f6b7d7d314e038bda5c950aa3b7f2179,18,18,25,0,0,2795
0x6b8440a2eda7878fac797fd780f562abbc643843,3,0x931a9b192308626c394a5a0bdfdabf0acc447ae8,0xbb4cdb9cbd36b01bd1cbaebf2de08d9173bc095c,18,18,25,0,0,2796
0x1c20aa7fcd3679aae0e66064b00426a024ab02d0,3,0x55d398326f99059ff775485246999027b3197955,0xc4950f71724350e437ae851b5dbc2c75661a8ef8,18,18,25,0,0,2797
0x11eb0ddb3e3de85a4666b69955bd13424565ee01,3,0x711878f5472ddafb4045fa9175586787c91b39b7,0xbb4cdb9cbd36b01bd1cbaebf2de08d9173bc095c,18,18,25,0,0,2798
0xb522d028fc5e88cd0b93af4504c967b1a5d91a76,3,0x57528b45134f09f2e0069334a36a7e14af74745f,0xbb4cdb9cbd36b01bd1cbaebf2de08d9173bc095c,18,18,25,0,0,2799
0x32021d63603b5a688d8c7f5e4f2663b6d9ee8993,3,0x34616bf39f910797d7e51bf2d87230794adddcdf,0x55d398326f99059ff775485246999027b3197955,18,18,25,0,0,2800
0x8296aabd004a2ed182fed242d0dba5b5841a9b98,3,0x90d379061cdf8b6aa418c7da0c435dd7c118ffff,0xbb4cdb9cbd36b01bd1cbaebf2de08d9173bc095c,18,18,25,0,0,2801
0x48c1e984be7f47a13052b5a99f0c1e85fb206197,3,0xbb4cdb9cbd36b01bd1cbaebf2de08d9173bc095c,0xd3d91ff2c065ef69aaf0459b95f9770d709a496f,18,18,25,0,0,2802
0xafa99b473b7b0923fdc41de05f14992bc627b123,3,0xba7e0d4eb6b92692b2641dce9c22ae5a64b336e0,0xbb4cdb9cbd36b01bd1cbaebf2de08d9173bc095c,18,18,25,0,0,2803
0xb629ef304c974b66abc80842bf7173e0a4df9aba,3,0x3cbe3d339d38f6762982fac1776edba4f10484e6,0x55d398326f99059ff775485246999027b3197955,18,18,25,0,0,2804
0x09eddd1c34d3fcb2248341793c1e22f640c769ab,3,0x55d398326f99059ff775485246999027b3197955,0x9cd5513e3fe85b501a1f3fc2445160bf0d1c7158,18,18,25,0,0,2805
0xadcbcc5fda6acbb79afed37a711896f246a7a4f4,3,0x1972633c2be10c4b977d3260fee1cff228bf2a5d,0x55d398326f99059ff775485246999027b3197955,6,18,25,0,0,2806
0x0cc8acc3239e323dd3b24eea1389f5bd5349579f,3,0x55d398326f99059ff775485246999027b3197955,0xf94213d9817784783b5e2f630fd9e13dd4358527,18,18,25,0,0,2807
0x39e4df19cf26f5db1f259bb09bc4027d06a4356d,3,0x58eb845c74ded14f025e37b0f3a789a2747b4444,0xbb4cdb9cbd36b01bd1cbaebf2de08d9173bc095c,18,18,25,0,0,2808
0xcd1e88bd49a5788aeb9282858edc56e8759a476d,3,0x50b21de0d7f369f313d40150070368d338b1a926,0x55d398326f99059ff775485246999027b3197955,18,18,25,0,0,2809
0xfd3aebfee32e30ea0880a04def8b593023cf52cd,3,0xbb4cdb9cbd36b01bd1cbaebf2de08d9173bc095c,0xd05dc9be7a49397c1ee02dcfaea8f5cf65be1867,18,18,25,0,0,2810
0xd0fff9adaaebb116abcb3e582ff77acbd9fe2236,3,0x41065e3428188ba6eb27fbdde8526ae3af8e3830,0x55d398326f99059ff775485246999027b3197955,18,18,25,0,0,2811
0xc70583827ea74df4d782a0753522dca4493e925f,3,0x04498032c82f3da800d3edc66811dfb9a27f8888,0x55d398326f99059ff775485246999027b3197955,18,18,25,0,0,2812
0x74ef46a3b7dacb3ada7a52689b32fe3410600034,3,0xbb4cdb9cbd36b01bd1cbaebf2de08d9173bc095c,0xd7deb79aad0e9387626f27a08efcb0459c26cb72,18,18,25,0,0,2813
0xe2e90b00313f21811899b2042d60f132cd08685b,3,0x55d398326f99059ff775485246999027b3197955,0x6f9fe48e07bf8687d87e7fc97cf84204b67260b8,18,18,25,0,0,2814
0x01b25897a947ea2e4113ca0595dddcc86c54ab52,3,0xb673aeff255e4a90befccbf825924e4404b3577e,0xbb4cdb9cbd36b01bd1cbaebf2de08d9173bc095c,18,18,25,0,0,2815
0x7a8f7b0c7a1b41a642176f777cc83de678e0357b,3,0xbaa44b196e6bc88f4ab8128dc60b44c267124444,0xbb4cdb9cbd36b01bd1cbaebf2de08d9173bc095c,18,18,25,0,0,2816
0x3cf72ad6574ade250656776883703ad3d95cbbb4,3,0x130f6e4d338bfd8304f5342d759abe5c6bd7ba9b,0xbb4cdb9cbd36b01bd1cbaebf2de08d9173bc095c,18,18,25,0,0,2817
0x5e34f8cd2a9178c2fdccdf7ce19e49a419c35a29,3,0x338ede32ef54b28a9a755d07144b4a7061dd4444,0xbb4cdb9cbd36b01bd1cbaebf2de08d9173bc095c,18,18,25,0,0,2818
0xc9c6ab113b4f2b82ec71aee57c3a38e39d30ecb7,3,0xbb4cdb9cbd36b01bd1cbaebf2de08d9173bc095c,0xe23de89553f1566f68d4643c6b5fff6b8e05f634,18,18,25,0,0,2819
0xa9863afa70ac86b0614615dacbd1549dcaedd18e,3,0x7bd8c371304cc038ff8dc0e54975a719f9aa4444,0xbb4cdb9cbd36b01bd1cbaebf2de08d9173bc095c,18,18,25,0,0,2820
0x5c0c45ff8f791c7ad8651d9864d5e00be54bf04a,3,0x55d398326f99059ff775485246999027b3197955,0xf224682fd4c2247d8c34fa047d4a2b6d6a621f46,18,18,25,0,0,2821
0x93d17c44a68a75969ffe3a742d239c52f220964f,3,0x55d398326f99059ff775485246999027b3197955,0xa29eae0298ec97adbae9e30c54d9f8db46ec5775,18,18,25,0,0,2822
0x73c590d8abc5e9894e8d6eb0ce8691797f292b7a,3,0xbb4cdb9cbd36b01bd1cbaebf2de08d9173bc095c,0xc7b7844494c516b840a7a4575ff3e60ff0f056a9,18,18,25,0,0,2823
0x179904d7ee8429f02e72f3e832b185a1c691b3e3,3,0x054ae19876b2a669c282503d5a76313290bc6453,0xbb4cdb9cbd36b01bd1cbaebf2de08d9173bc095c,18,18,25,0,0,2824
0x2b20a14deb4aac5de4ac86ef8eeb3aa3f4e4202e,3,0x6046f9605ae44773dad47a26747202bdc300a0ed,0xbb4cdb9cbd36b01bd1cbaebf2de08d9173bc095c,18,18,25,0,0,2825
0x120053708799457bdfaa301f0278da5460c32624,3,0x55d398326f99059ff775485246999027b3197955,0x572c9ab47977d7d909572f3b8bce076a858a8763,18,18,25,0,0,2826
0x64b09de58a7ddcc755902a6b0f87ad696b111166,3,0xbb4cdb9cbd36b01bd1cbaebf2de08d9173bc095c,0xf729f4d13a9c9556875d20bacf9ebd0bf891464c,18,18,25,0,0,2827
0x96dfdbe7f876ce79037b2b1ec9b453080742e2b3,3,0x99749058b8c5660d7f6c5322e8de9945b4f9bcbd,0xbb4cdb9cbd36b01bd1cbaebf2de08d9173bc095c,18,18,25,0,0,2828
0x5306f3888d3c0550dd051a29093248ee1f1a61bc,3,0xa1658064de3ec6bc7ef0934f505676b4fdb44444,0xbb4cdb9cbd36b01bd1cbaebf2de08d9173bc095c,18,18,25,0,0,2829
0xe436d8abb4900976d7426c9a5625df1ef6276b7d,3,0x55d398326f99059ff775485246999027b3197955,0xbebe12bdf617dfa68f467cba27e228ab4206bebe,18,18,25,0,0,2830
0x8abde91a8b04fa37d415bfb61e255ab6859619a2,3,0x55d398326f99059ff775485246999027b3197955,0x7e9b0b36ecfa34868a880d561e7ac4320a4cdd77,18,18,25,0,0,2831
0x16f7a5e8e06a98727e26095c2f75742cebd72f0e,3,0x506087ebcf1cd7f305ae2b662dc27861caccefc2,0xbb4cdb9cbd36b01bd1cbaebf2de08d9173bc095c,8,18,25,0,0,2832
0x32a9d813275dd8accb15be399fab3bdae7abb185,3,0x033fc4ec65a22d29a87631e5fed9616a0d343f42,0xbb4cdb9cbd36b01bd1cbaebf2de08d9173bc095c,18,18,25,0,0,2833
0xc96ba229022d3ed6ca61da714ea5bacfe88da71f,3,0xbb4cdb9cbd36b01bd1cbaebf2de08d9173bc095c,0xe079942b37bcfec88cea509bffbcf4d5365e4444,18,18,25,0,0,2834
0x1e93eb5640cabd605596af0e19e5e6ce1e84f0d3,3,0x394046fad6fe4079527b70edff93b784786a9afa,0xbb4cdb9cbd36b01bd1cbaebf2de08d9173bc095c,18,18,25,0,0,2835
0xe5d6a700ca021a18d43ef2062f0c210b5a9e24f3,3,0x444488e0eeab3bc78b3f9178c0a3288524eef9a0,0xbb4cdb9cbd36b01bd1cbaebf2de08d9173bc095c,18,18,25,0,0,2836
0xfeabce77c4497195457b6feeaef0af5df712fb3e,3,0xb7cfe5799ce3ba448643ef1d0f777260131edd4e,0xbb4cdb9cbd36b01bd1cbaebf2de08d9173bc095c,6,18,25,0,0,2837
0x8d13e6d35ea97bdb9f104b1bf8796ac671dcbbc7,3,0x53fb3a412c2485dbe5ffd05d0b927e52a1bebdff,0x55d398326f99059ff775485246999027b3197955,8,18,25,0,0,2838
0x5167123b81ac06d61c3cd63b1b94b2cdc890066e,3,0x68a889a4c5786be325b46954f11d905281e4cc12,0xbb4cdb9cbd36b01bd1cbaebf2de08d9173bc095c,18,18,25,0,0,2839
0xabd49eaa00a021fe1683326fc3fa983b3e839a6b,3,0x55d398326f99059ff775485246999027b3197955,0xae83508d301d65104d936690bd56c4adbbacdc37,18,18,25,0,0,2840
0xe57f5b0508055af5de1dff10b3c63fb5cc07818a,3,0x73dce0006a2f760399d1f30ca6536e7af7408888,0xbb4cdb9cbd36b01bd1cbaebf2de08d9173bc095c,18,18,25,0,0,2841
0xc3311324ff764b76e423a842d0b783db4e2ad743,3,0xac6ec101ddcb953774d103ba4a82fa257138459f,0xbb4cdb9cbd36b01bd1cbaebf2de08d9173bc095c,18,18,25,0,0,2842
0xcace7552ac37435fb6c7569d62a5e04998af6b63,3,0x0ab6be2477b4ecd7501bf8469a1ba06b7da5cfba,0x55d398326f99059ff775485246999027b3197955,18,18,25,0,0,2843
0x0a636ec510e17e6d2e1bcd2927fa69fba09cd835,3,0x55f0de86f0139f9226ba777c6fc66be7ec0f6800,0xbb4cdb9cbd36b01bd1cbaebf2de08d9173bc095c,18,18,25,0,0,2844
0x774547ea9d2a0cc79db3288f61e989f1b06bcd2f,3,0x3ff3f18b5c113fac5e81b43f80bf438b99edee52,0xbb4cdb9cbd36b01bd1cbaebf2de08d9173bc095c,18,18,25,0,0,2845
0xcb99aec552a439ac771921c7e1623cab59945ebe,3,0x524df384bffb18c0c8f3f43d012011f8f9795579,0x8ac76a51cc950d9822d68b83fe1ad97b32cd580d,18,18,25,0,0,2846
0x03bbff5a4ec457273d29368027c1c7f4e8f062e6,3,0x4564fcde8e38c6029454c6500489a87e432965f7,0xbb4cdb9cbd36b01bd1cbaebf2de08d9173bc095c,18,18,25,0,0,2847
0xc8e6dd9cca1d41e3f13baa6df9544615ceff9dd3,3,0x668048e70284107a6afab1711f28d88df3e72948,0xbb4cdb9cbd36b01bd1cbaebf2de08d9173bc095c,18,18,25,0,0,2848
0x09cabda769c2aaa25e263c85945095890eea5576,3,0x16daea652807e328a1beaed6230ebd5abc3f45d5,0xbb4cdb9cbd36b01bd1cbaebf2de08d9173bc095c,18,18,25,0,0,2849
0x71ecfe6a01c63804f6649a45c5ab8e2c413b9f69,3,0x75b2fdd95418e093fca7db858b36549e5e412076,0xbb4cdb9cbd36b01bd1cbaebf2de08d9173bc095c,18,18,25,0,0,2850
0x4979f7a4a08b16065a17ba3f4f6278f25e77fce1,3,0x57cd5a91c18d21dedd72d3bcf255b60aef290f53,0xbb4cdb9cbd36b01bd1cbaebf2de08d9173bc095c,18,18,25,0,0,2851
0x5548bf2d4b9b6de7fb1dcd194d3f066a10071f2e,3,0x27579772186072590bf9cb909af6b9e7b8153412,0xbb4cdb9cbd36b01bd1cbaebf2de08d9173bc095c,18,18,25,0,0,2852
0x1110e0688e025905f87b18a1e0c2c6aa461d6de4,3,0x0661c33a13f958b8cdc4735006eeab3c441799a4,0x55d398326f99059ff775485246999027b3197955,18,18,25,0,0,2853
0xc99af5c45132c4cf4b27f994649f8e4891872d42,3,0xa947046884fddc230458448ef9c4a7cbc4703d50,0xbb4cdb9cbd36b01bd1cbaebf2de08d9173bc095c,18,18,25,0,0,2854
0x20687dd449bd3ee40d4ac1f6d2b2aa5b9569aeee,3,0x893722612be928f75303f32d18b8947a613cbe19,0xbb4cdb9cbd36b01bd1cbaebf2de08d9173bc095c,18,18,25,0,0,2855
0x32b7263941e15a6d66dbf05fbd5b3bc0b277015d,3,0x16accc9ea332b7f1cf3d07bb6f2c33b4cf6defca,0x55d398326f99059ff775485246999027b3197955,18,18,25,0,0,2856
0x8a9e880ff654a8ed0e266468c48a5ef84453a46e,3,0x0349a0a198bb31d41ff79db4378918af1feb5699,0xbb4cdb9cbd36b01bd1cbaebf2de08d9173bc095c,18,18,25,0,0,2857
0x02c5d00569623e004630a6d0571b50dc5d441585,3,0x55d398326f99059ff775485246999027b3197955,0x68e500bee8a7233b65c2bea0ae8eb4ac9d3310b3,18,18,25,0,0,2858
0x77e8a43df68f845059a399f6173c660aa64389f6,3,0x06bcde6fb4c623934642b6623e53381729bd143d,0xbb4cdb9cbd36b01bd1cbaebf2de08d9173bc095c,18,18,25,0,0,2859
0xbba50be7a1cb6e25ddda562b0ca278089bf9068a,3,0x55d398326f99059ff775485246999027b3197955,0x595a67d180bae10314384265d56927c8ff073426,18,18,25,0,0,2860
0x9cd255f8933e2d24b5f317301ffcf49b59ddcf20,3,0x55d398326f99059ff775485246999027b3197955,0x80149bdbb1fb0d60a788d58258399f4ba67fd707,18,18,25,0,0,2861
0xaea58af0a22e09f2c64706a3e7cf5c3d76adf70c,3,0xafee1ec90be7a0c7ce3033104fddf0c891a54444,0xbb4cdb9cbd36b01bd1cbaebf2de08d9173bc095c,18,18,25,0,0,2862
0xc27681bac605e480b164ffa26e67e969df080607,3,0x50e7399f13b237e8453e7ec591ed999896ef8e06,0xbb4cdb9cbd36b01bd1cbaebf2de08d9173bc095c,18,18,25,0,0,2863
0x6d46e863f3f1e60ff7ba5df7f19e18b9663c435f,3,0x0836cd981d77f305ef96cb3741bd2868a9e7dda0,0xbb4cdb9cbd36b01bd1cbaebf2de08d9173bc095c,18,18,25,0,0,2864
0x3b0ef5f7ade4a20ad1641de6d749eed81a870251,3,0x55d398326f99059ff775485246999027b3197955,0xe600ad27f013ab611e4445f2097bba04da2cbbf5,18,18,25,0,0,2865
0x646b2731fabb9bb1f9e7a9b163a0e5f85ae45514,3,0x634d81fe81054f6bd6c5653d4847e4cac9ed7777,0xbb4cdb9cbd36b01bd1cbaebf2de08d9173bc095c,18,18,25,0,0,2866
0x8039b73de994864c646b934d5decd5b1c1f4878a,3,0x55d398326f99059ff775485246999027b3197955,0x6ebf50897b4ac1d8141f7502251938e9f7354321,18,18,25,0,0,2867
0xf1ca996935c6f4e77f8a6c08c83220ca940e6f93,3,0x4444345cdfe1c491ffddd71791b7e901f872ab62,0xbb4cdb9cbd36b01bd1cbaebf2de08d9173bc095c,18,18,25,0,0,2868
0xe748872ca7bdb8946b4868892377dd10e32e8113,3,0x36847b41b76e51fcbab861c3c941115dca10c1b1,0x55d398326f99059ff775485246999027b3197955,18,18,25,0,0,2869
0x49b355bb422dc456314d160c353416afbcaf2996,3,0x9a663044484304f9d357877a9dd36c7951363333,0xbb4cdb9cbd36b01bd1cbaebf2de08d9173bc095c,18,18,25,0,0,2870
0x0a8b0814c0085a6a638bc658de3ee3c65fd48e84,3,0x55d398326f99059ff775485246999027b3197955,0xb351768b354eae7d07f72c777a026a9809977777,18,18,25,0,0,2871
0x04ad7d70a8a9d37ebae8b6f6237c54b26f05e162,3,0xbb4cdb9cbd36b01bd1cbaebf2de08d9173bc095c,0xd0f1bbbace300c1a36208efe01524b66cba8a7c4,18,18,25,0,0,2872
0x94d537058aacb9dd5141889cc4bc6a1f91a20faa,3,0x55d398326f99059ff775485246999027b3197955,0x599107669322b0e72be939331f35a693ba71ebe2,18,18,25,0,0,2873
0x4c2815e7c15b2262d02d2fbd44690265cfc3b436,3,0x55d398326f99059ff775485246999027b3197955,0xcbb1efd17f32153835fd63f0f32d2c93755029b0,18,8,25,0,0,2874
0xeeaa476efd02604c2b7e6929126e87ffb6406e69,3,0x4444fd1c5432233ab763d925280e1d40c3707f5c,0xbb4cdb9cbd36b01bd1cbaebf2de08d9173bc095c,18,18,25,0,0,2875
0xa4ecc8add5e5b894f0bfa67cb93219296b78d0b0,3,0x55d398326f99059ff775485246999027b3197955,0x57b1ee856eb22ee8194c75a4d07a181c169c41ca,18,18,25,0,0,2876
0x9f116e836fd5d44fab87f541c19472b2e6356715,3,0x8f539aaf8df314774367abd2b64e258466c54444,0xbb4cdb9cbd36b01bd1cbaebf2de08d9173bc095c,18,18,25,0,0,2877
0x62362a61adf47eb2e4a4d2a2e2646f71608622be,3,0x140843396a5f3d28f16a8552629f990cd832e99a,0x55d398326f99059ff775485246999027b3197955,18,18,25,0,0,2878
0x08eb05cf81f00162a0620ea1209b59c426f8ee54,3,0x2170ed0880ac9a755fd29b2688956bd959f933f8,0xea89199344a492853502a7a699cc4230854451b8,18,18,25,0,0,2879
0x133253bcc9b61a7e5d59279b97e9c17e0852ba3a,3,0x55d398326f99059ff775485246999027b3197955,0xea4e7e4325157eced29a9078ef8641a9a8062cad,18,18,25,0,0,2880
0x95b160dda6f6776e7d6fa3e7adf0dfe18a10f7c0,3,0x53ec74f498cb03f75030ba1125e303c5e861a3d2,0x55d398326f99059ff775485246999027b3197955,18,18,25,0,0,2881
0xd298c3b9ce99d72a8ed95447b4b8435ea2de065a,3,0x6616895ad59b98b6198e30d9af83bde10437092c,0xe9e7cea3dedca5984780bafc599bd69add087d56,18,18,25,0,0,2882
0x7bcb2565ab55db991a8d2d62b50f2d020213e22e,3,0x2098fef7eeae592038f4f3c4b008515fed0d5886,0xbb4cdb9cbd36b01bd1cbaebf2de08d9173bc095c,18,18,25,0,0,2883
0xf2d5b0953a275cb9d71be16652288680e122a787,3,0x3cfeb56513e9f0ae30b9126f60eb07a9f2771a0d,0x55d398326f99059ff775485246999027b3197955,18,18,25,0,0,2884
0x5d15721af97a5fce9345303192c7b6b895c39e3e,3,0x80dd860289d6dafa733c85a58d9f11707838687d,0xe9e7cea3dedca5984780bafc599bd69add087d56,18,18,25,0,0,2885
0x439897c9d679779f4812cf14926f85e1138a53d3,3,0x1ac0998f7d0e55196cd17a7f059e4117b54e3929,0xbb4cdb9cbd36b01bd1cbaebf2de08d9173bc095c,18,18,25,0,0,2886
0x724f0c4eda8cc8093f457884245f75aeb185f4c6,3,0x55d398326f99059ff775485246999027b3197955,0x6ca316a53372ac9f21963a5d3bd1d587b288ee28,18,18,25,0,0,2887
0x79a8fec78721cbb1e0c8dc9d02f98c8f78d1c217,3,0x81ab9fef7bf90096bfa819a29defeb4fe96c09f1,0xbb4cdb9cbd36b01bd1cbaebf2de08d9173bc095c,18,18,25,0,0,2888
0x9f3c1a6b279a18f59b0f862ed264ab0d4e636287,3,0x55d398326f99059ff775485246999027b3197955,0x9f44bbd4efae0a1f8f75d5d67332bb2e5f4723ae,18,18,25,0,0,2889
0x167753c91b33a5f3c2e975706af2647e8ebf3f4b,3,0x1dea535a0b38628f04c5fe19b297816649b48d60,0xbb4cdb9cbd36b01bd1cbaebf2de08d9173bc095c,18,18,25,0,0,2890
0xcfe847aae922cbe3dcbba61dbb1ed97d2124d322,3,0x9840652dc04fb9db2c43853633f0f62be6f00f98,0xe9e7cea3dedca5984780bafc599bd69add087d56,18,18,25,0,0,2891
0x9c365caa6781864ec30b8d65276997c54f9f8f2d,3,0xbb4cdb9cbd36b01bd1cbaebf2de08d9173bc095c,0xf4e4905cf93aa2b643d6c753d00d99c9999e2025,18,18,25,0,0,2892
0x3d2ef5d92aca4cd865679076a551a4e4dc0805b3,3,0x8e3f0b0b604bc69ea98a8039ff7884047bc3bd55,0xbb4cdb9cbd36b01bd1cbaebf2de08d9173bc095c,18,18,25,0,0,2893
0x735a9a7d8812ea69e13842b933a98395c0a9ce6c,3,0x17c7ebb15646a229c03032182877665cd4d4d085,0xbb4cdb9cbd36b01bd1cbaebf2de08d9173bc095c,18,18,25,0,0,2894
0xd58de89e893361da9c36efe0048a4975cb1ee7f4,3,0x55d398326f99059ff775485246999027b3197955,0x5ca4e7294b14ea5745ee2a688990e0cb68503219,18,18,25,0,0,2895
0x1edf66090df76c65db557b34948f6e4a96063502,3,0x4acb4cc1f0a073ce4bde893faebc726198c14444,0xbb4cdb9cbd36b01bd1cbaebf2de08d9173bc095c,18,18,25,0,0,2896
0xe6e5a4c6d8c6803b781ae4351b0e8cd7aaac875d,3,0x1f6a5921477e6ce9408112206506d3a20275f091,0x55d398326f99059ff775485246999027b3197955,18,18,25,0,0,2897
0xbaa96bfe146ce64537e5ba2e212b1b80bf108021,3,0x9ddfa9a5099b8eaf26903c9e0bffe08fd23b25c7,0xbb4cdb9cbd36b01bd1cbaebf2de08d9173bc095c,18,18,25,0,0,2898
0xcb2bf195daaac2c4e97a9e8cea84c2b449496046,3,0xbb4cdb9cbd36b01bd1cbaebf2de08d9173bc095c,0xd45eb46a509161ec2811479941d626f1516e17ac,18,18,25,0,0,2899
0x5e901164858d75852ef548b3729f44dd93209c9c,3,0x55d398326f99059ff775485246999027b3197955,0x91392796be1d9b4868a85108070e04d819e9b9fd,18,18,25,0,0,2900
0x276481646060d0ddca18b8105485faa6eea64c8b,3,0x0b87fe1df106dbd135bfcbe879c2f30458d87777,0xbb4cdb9cbd36b01bd1cbaebf2de08d9173bc095c,18,18,25,0,0,2901
0x08ccfda5622ab334c8ee3997b4f7b8f1adb4a5c6,3,0xbb4cdb9cbd36b01bd1cbaebf2de08d9173bc095c,0xf2730645213c43d8affbb4deb9b4c1abc4e74444,18,18,25,0,0,2902
0x74aa84dc4d3c758427a67252a26d5237c445df3a,3,0xbb4cdb9cbd36b01bd1cbaebf2de08d9173bc095c,0xd48e5ef1cd316a997a18db0407d36959708dfb71,18,18,25,0,0,2903
0xd662f1f71e61810d0d4b54d88c55dfa07263270e,3,0x0a5bdc25affb394f63ed8eb488e79a9129d10927,0xbb4cdb9cbd36b01bd1cbaebf2de08d9173bc095c,18,18,25,0,0,2904
0xe7abf9f966695dab623c7aa958e154a38a772c67,3,0xbb4cdb9cbd36b01bd1cbaebf2de08d9173bc095c,0xff8f9bdc2fbd9d54713bddd69989e94ad3099999,18,18,25,0,0,2905
0x19e3ad8ba9c512d5bacaea568ac5df5c61bc8f9e,3,0xbb4cdb9cbd36b01bd1cbaebf2de08d9173bc095c,0xc2d0f6b7513994a1ba86cef3aac181a371a4ca0c,18,18,25,0,0,2906
0x9ab6c1df969190f9c6d0253da588ebd5fdb7fc51,3,0xb9e0f2107611a37f18e58fac14f12d27401118b2,0xbb4cdb9cbd36b01bd1cbaebf2de08d9173bc095c,18,18,25,0,0,2907
0xdcb7fa2c86469a89b5a167bb038dbfbcb33753be,3,0x512c0ebce9d064281dc1674c9f1a184701d84575,0xbb4cdb9cbd36b01bd1cbaebf2de08d9173bc095c,18,18,25,0,0,2908
0x0aa80677ed81e74679fb195a6df08abb68f8442d,3,0xbb4cdb9cbd36b01bd1cbaebf2de08d9173bc095c,0xc18a0a50659b82cdd4c98eb92478031317386518,18,18,25,0,0,2909
0x81fb582789445cbf69e9b528f66f7bbc19d218b6,3,0x8c21cef3c0f25e7fa267e33602702e3f91775360,0xbb4cdb9cbd36b01bd1cbaebf2de08d9173bc095c,18,18,25,0,0,2910
0x89539bc4a56db61a5f161edc35f184196a8d990e,3,0x3d2efa57f8a5b0403a9fbb34c694a44d2bf19862,0xbb4cdb9cbd36b01bd1cbaebf2de08d9173bc095c,18,18,25,0,0,2911
0xf867219ce769561d1dab38146827cb18245fda13,3,0x244fb3138eb10215affbae708eabe4cb9b183dce,0xbb4cdb9cbd36b01bd1cbaebf2de08d9173bc095c,18,18,25,0,0,2912
0xa1ad3c70207663ee62c5bd7d491c16c25dee9b76,3,0x14220f5893e945eed36389905b991d6b972e04f0,0xbb4cdb9cbd36b01bd1cbaebf2de08d9173bc095c,18,18,25,0,0,2913
0x32b050b720ec83c1fcd3da4ae035988a92722c56,3,0x55d398326f99059ff775485246999027b3197955,0x84f70be4deb029d5f8aacbeacc74c4dc10737342,18,18,25,0,0,2914
0x76e58ad5e639afc889a8041411f8bb1127cc2869,3,0x55d398326f99059ff775485246999027b3197955,0xe9778c05a53bfb507b2d631c93cc79cf78000d92,18,18,25,0,0,2915
0xd5c499c465eaacc5caf60f18733e65a69a07ae1c,3,0x55d398326f99059ff775485246999027b3197955,0xb3bd63a3073e4027e78e22498f3a8e6c3463ab71,18,18,25,0,0,2916
0xee4715c723a524b9a161dd5faaff0aee8f61cd7b,3,0x55d398326f99059ff775485246999027b3197955,0x99361654a4e89b235aaa2ff2414df53183d8a766,18,18,25,0,0,2917
0x54ad5d602dbe5e89fd35b0d44314cc5ee10d77e6,3,0xa532cfaa916c465a094daf29fea07a13e41e5b36,0xbb4cdb9cbd36b01bd1cbaebf2de08d9173bc095c,18,18,25,0,0,2918
0x5d7c50de38d45bdf60ab278381105879c0c918d7,3,0x55d398326f99059ff775485246999027b3197955,0x89f7c289796f838e3d11d962839d21a6c1088f8d,18,18,25,0,0,2919
0x6fa239701fd50742e7391340eb836404bb8fa319,3,0x7ebbd62504c3085fc7953bbad5cdea117a75f262,0xbb4cdb9cbd36b01bd1cbaebf2de08d9173bc095c,18,18,25,0,0,2920
0xdf3e7755d764e6c21f2e346926087049ae32f694,3,0x018cf072def5e8075294b019fceccbd49c224444,0xbb4cdb9cbd36b01bd1cbaebf2de08d9173bc095c,18,18,25,0,0,2921
0x0b310113bc584b744ef399edcda3a57cd7139a4d,3,0xa910c2f6ba6a279e68104adad1af1b751fe44444,0xbb4cdb9cbd36b01bd1cbaebf2de08d9173bc095c,18,18,25,0,0,2922
0x01ca77c855dcae73da8ddd7334d860090539eda1,3,0x09f4ebb8567ea0e969f10799ca678f9a172dc2bb,0xbb4cdb9cbd36b01bd1cbaebf2de08d9173bc095c,18,18,25,0,0,2923
0xd097be47bad1f95d6b7a119dad5a0c0afda025c5,3,0x156c723cf6ee19a8eefef5629b9caa4c26c64444,0xbb4cdb9cbd36b01bd1cbaebf2de08d9173bc095c,18,18,25,0,0,2924
0x7ece55e2af878785ba997dd87b24846040dbd234,3,0x68f60e8e519c29abf4a96fce4ff9b6e3474ba295,0xbb4cdb9cbd36b01bd1cbaebf2de08d9173bc095c,18,18,25,0,0,2925
0xf870ecd3d68728cd4258096c198260c6d4493581,3,0xbb4cdb9cbd36b01bd1cbaebf2de08d9173bc095c,0xd7f8cb34f1df0788284981de0d89ea5b43a286e5,18,18,25,0,0,2926
0x9745cfbd9ca67ecab58270264fd1aa0579eb58a0,3,0x6b0a03c7bd8441e0f8959394761e29bd6afbfdf7,0xbb4cdb9cbd36b01bd1cbaebf2de08d9173bc095c,18,18,25,0,0,2927
0xdd732be41b76f639a8660c5bc6b5205c1a29a83a,3,0x55d398326f99059ff775485246999027b3197955,0x9c6fdb734a81de5f796de5858ac11122f9318aaa,18,18,25,0,0,2928
0x50aea1f672f59b853d3a03b316f8386450df258a,3,0x3f52ff3137b52fca2f96f41656632ee8d5e79401,0xbb4cdb9cbd36b01bd1cbaebf2de08d9173bc095c,18,18,25,0,0,2929
0x4ac190f8f6e62aa6f919ee905427747bbe91bb86,3,0x019a947ef4ab2feadccb5a5fab97f1c7e580f8f7,0xbb4cdb9cbd36b01bd1cbaebf2de08d9173bc095c,18,18,25,0,0,2930
0x3912a29a6b1c78fa7ca715256f7f4d2facb37301,3,0x7acca977bd74096ed766fbfbf20433a4731f7777,0xbb4cdb9cbd36b01bd1cbaebf2de08d9173bc095c,18,18,25,0,0,2931
0x42b4d11ad03f52715bd19ff43865186e96486f88,3,0x55d398326f99059ff775485246999027b3197955,0xf7a1d7a9f7a0af861dcf0c2ceca82db15c39e1d5,18,18,25,0,0,2932
0x47b1236985f0900037c7abb520cfc457f9da7de6,3,0x55d398326f99059ff775485246999027b3197955,0x9a59943910c05f57cdfaa6e35e6f6becf0ab0cd7,18,18,25,0,0,2933
0x4f6d007787cdbed68e302f8a765034a70927b100,3,0x360c163a7edb4faeaab9b2cf585df0fcba06b865,0x55d398326f99059ff775485246999027b3197955,18,18,25,0,0,2934
0xbb070fa51e6212bd55c8ed5a240fce656f25cb63,3,0x55d398326f99059ff775485246999027b3197955,0x6f09042db2f8e021f575ae4125a7a029fbbf0470,18,18,25,0,0,2935
0xdca26cdd9474a4bd4188491098042ffe4d386729,3,0x58250142bf6ef562298e29c84b9c2c6c00794444,0x7130d2a12b9bcbfae4f2634d864a1ee1ce3ead9c,18,18,25,0,0,2936
0x967fe441fd0577fffb143c08ca8516ef9dd12c1a,3,0xbb4cdb9cbd36b01bd1cbaebf2de08d9173bc095c,0xeeb97934f49e1ef58fd29df20d065a437d7c9f56,18,6,25,0,0,2937
0x127d199fa3710d455071c34633124967ebf3646e,3,0x2fe3731d8b61515aad65757c7cab8042c43a4444,0xbb4cdb9cbd36b01bd1cbaebf2de08d9173bc095c,18,18,25,0,0,2938
0xeb80cd5d926efd6a8f8071976c3337aadb567880,3,0x55d398326f99059ff775485246999027b3197955,0x82160113b730fc0b36c18795cc976fda93ccc1e1,18,18,25,0,0,2939
0xec9528a45e44f14991fc9eb4d58d852f098a20d1,3,0x55d398326f99059ff775485246999027b3197955,0x560f57b00bfcd70209d1e38e7d326db322176260,18,18,25,0,0,2940
0x2a9a4a5efc7ec943a43c48583279991160d3c4a2,3,0xbb4cdb9cbd36b01bd1cbaebf2de08d9173bc095c,0xdc847755343c3a2b94d6afc0aae57651e1b14064,18,18,25,0,0,2941
0x28771d5074ea2550ffec1724659a8837846a5912,3,0x55d398326f99059ff775485246999027b3197955,0xff3e3a2acc0bf08dfc224e3e0e083e8fbb0fe8fc,18,18,25,0,0,2942
0x721f56ba7caf96aa89bc88e46f2724093ea8e78a,3,0x11526f93be5f26220e9c7eacb587edaebaa9f627,0x55d398326f99059ff775485246999027b3197955,6,18,25,0,0,2943
0xd895158fe8757d258e25c857512d5565d3a5ce5d,3,0x55d398326f99059ff775485246999027b3197955,0x81a30076e9186b672e98c899e0bc691f63354248,18,18,25,0,0,2944
0x6f5168460de7c80221087dac7bae6d02da51c700,3,0x55d398326f99059ff775485246999027b3197955,0x5f351820674ccd9203ee9b019031647f31efd2d9,18,18,25,0,0,2945
0x8b4aaedafea4e5a6199ade3a4fd05acbb9007c44,3,0x55d398326f99059ff775485246999027b3197955,0x8588a313cb694cfd19dd7e299492fc8081b4828a,18,18,25,0,0,2946
0x20e9d47442d4acdc6d1d6f8a8f736eef1eeae34f,3,0xb29dbf910bc4df6c2f7475c8d07dd2e8b6a6c016,0xbb4cdb9cbd36b01bd1cbaebf2de08d9173bc095c,18,18,25,0,0,2947
0xed769315ab1e400f460a7230a4d23f939bf71092,3,0x55d398326f99059ff775485246999027b3197955,0xf57664d6442cea5c60d826391a23dbdc9b86364a,18,18,25,0,0,2948
0x9a3ff3e20a64e6c7447bd80c0ded0f2077918ebf,3,0x745d3140f804bfc888a9a8dad9b36fab3b43274a,0xbb4cdb9cbd36b01bd1cbaebf2de08d9173bc095c,18,18,25,0,0,2949
0xc5bfa4d96a66ff3ad5d2c4b5011a4e3a84f106ea,3,0x4cf7957128f5eabad9d6591c6ac797a0aa76533f,0xbb4cdb9cbd36b01bd1cbaebf2de08d9173bc095c,18,18,25,0,0,2950
0xcb39540316f1aba8361243bd5380ff1cfa81503b,3,0x55d398326f99059ff775485246999027b3197955,0x86165448c1da6003e60a0f2b9c63edb93eeef9b1,18,18,25,0,0,2951
0xcd79ad389d7755b63953d582d11494170fbe27ad,3,0xabe52ebd556cf04bcc2347651cf32b239c9f4a2b,0xbb4cdb9cbd36b01bd1cbaebf2de08d9173bc095c,18,18,25,0,0,2952
0x106d4da8d79521dbb585f9536833eacaca0872ae,3,0x55d398326f99059ff775485246999027b3197955,0xbce8c8b84758284eb8197bdd7d32d8cc7e669622,18,18,25,0,0,2953
0x1b6ec32b6d83c28dd328080c6d70470d6ad32045,3,0x55d398326f99059ff775485246999027b3197955,0x6edc72d4765a7bcaf685ea8e8eb8248b02888888,18,18,25,0,0,2954
0xeb9704393a88c42e9c4e666e091966929beb17a4,3,0x068482533ccb1322d7105de202031b5aadb3ed6d,0xbb4cdb9cbd36b01bd1cbaebf2de08d9173bc095c,6,18,25,0,0,2955
0x16d789caeea998e4862ae2e24bfdfb5157809ee0,3,0x55d398326f99059ff775485246999027b3197955,0xb8cf77aeedc98977eea106853c76b7665b3b51c5,18,18,25,0,0,2956
0x3e1d011ed8c84a1680191551cd6b15334698be57,3,0x942a82f55342965d025125034e37eb03ca18ba4a,0xbb4cdb9cbd36b01bd1cbaebf2de08d9173bc095c,18,18,25,0,0,2957
0x6ffc3f4f8d3afc02a9f0a3d7cd105174d801fbde,3,0x0ff0eeceb900c6008bdde65479b5624d4e3415dc,0xbb4cdb9cbd36b01bd1cbaebf2de08d9173bc095c,18,18,25,0,0,2958
0x1370ee455b14a8b9945137ea4a9d00c3033e074a,3,0x2054601f4ad0133f0282f3eba0f4a4ef35630930,0xbb4cdb9cbd36b01bd1cbaebf2de08d9173bc095c,18,18,25,0,0,2959
0xb0a17d34c1969b613e8bf1ee2ac326e1534883d8,3,0x7747472bc807cb9232dc131b888fb91c5aaa92c8,0xbb4cdb9cbd36b01bd1cbaebf2de08d9173bc095c,18,18,25,0,0,2960
0x3b5157379daaed9777918c0d44097538e15f1747,3,0x60afc5162acbeed644945a2d3f279b306e1444e4,0xbb4cdb9cbd36b01bd1cbaebf2de08d9173bc095c,18,18,25,0,0,2961
0x026c2bc7b18eb806574fc2a3fd0258f679c5dc88,3,0x353d21dabdb6dd97958a95df13e0753a24b561b1,0xbb4cdb9cbd36b01bd1cbaebf2de08d9173bc095c,18,18,25,0,0,2962
0x32e887a4c3f3143234ac97fc0d5957c11b8a2c94,3,0x9fe22d981f2c9f3563d044c43e14feeecde8fc54,0xbb4cdb9cbd36b01bd1cbaebf2de08d9173bc095c,18,18,25,0,0,2963
0xaa9f0c82c875d78f9a24490a7ee2405d61d90572,3,0x55d398326f99059ff775485246999027b3197955,0xb0d22255889850f41d3ffa5ba4152f8865aaaaaa,18,18,25,0,0,2964
0x466061cd70209b8cae451ace684413462b93074d,3,0xa6d2ec4c126421cf775884a0ab91cb6d90618de5,0xbb4cdb9cbd36b01bd1cbaebf2de08d9173bc095c,18,18,25,0,0,2965
0xdab6578d0c8811f0a6ccf153db3b7a5ac4e55932,3,0x0d26e1609711ed97750d2c873a78efe9be4ccf46,0x55d398326f99059ff775485246999027b3197955,18,18,25,0,0,2966
0x216e0e4f2fea80569c6050a49fab984936dadb91,3,0x014eecb1ab76f8841095fcc27f7c4f507582176a,0xbb4cdb9cbd36b01bd1cbaebf2de08d9173bc095c,18,18,25,0,0,2967
0x62bcdc4f6297fbcadbe755005cf6bc674add0f71,3,0x4a67a307e6c6f35117ecfdd4a2767095eb4c2b4e,0xbb4cdb9cbd36b01bd1cbaebf2de08d9173bc095c,18,18,25,0,0,2968
0x9ba084b1c31ec3565944ebefaedd62d9603c4556,3,0x55d398326f99059ff775485246999027b3197955,0x96adaa33e175f4a7f20c099730bc78dd0b45745b,18,18,25,0,0,2969
0x40d2b2b7253dda97ab3c1e9cdb5c59452d4fdbe2,3,0xa98d662e1f7eb8f89a8f86c109b9cb61ec2740bc,0xbb4cdb9cbd36b01bd1cbaebf2de08d9173bc095c,18,18,25,0,0,2970
0x163b346fc0a7da3534de05553c2745dbc6033636,3,0x3abc79b570f5cf282c33009385397a0cb04d853d,0x55d398326f99059ff775485246999027b3197955,18,18,25,0,0,2971
0xc33fbf6a0fdd00639a35db7432d2f2ff5ede2961,3,0xaed762745cf6b2e2f894b2aa15d9eeef59754444,0xbb4cdb9cbd36b01bd1cbaebf2de08d9173bc095c,18,18,25,0,0,2972
0xac0a66a2fd5a25c4327957da2fbdd5c50a937654,3,0x63d9b8830255ba8ceaf3958e6f2906e52b424444,0xbb4cdb9cbd36b01bd1cbaebf2de08d9173bc095c,18,18,25,0,0,2973
0x7ca2a5c8317de6628da7450dc18e6bfa5189cf6a,3,0x55d398326f99059ff775485246999027b3197955,0xb90c640f9cdd34b15c39165ad1a060d24c37b3c8,18,18,25,0,0,2974
0xeac98bb1e2f2d9d01a2bf8f0af0ecc597f78aac7,3,0xbb4cdb9cbd36b01bd1cbaebf2de08d9173bc095c,0xd53939d73759bfcc90731dd2a92d85aff322b201,18,18,25,0,0,2975
0xd1d3962befef7506b0062392968fe71b464b5470,3,0x49083d8e7daada7ede74c04ed52ec512fd9f006c,0x55d398326f99059ff775485246999027b3197955,18,18,25,0,0,2976
0x0ce7f354752bd0e75d8465822edb7e1638ecb86f,3,0x55d398326f99059ff775485246999027b3197955,0xaeaf9dc8afc6e8cb009a7c1163f8e546ac134444,18,18,25,0,0,2977
0xfdeb3912c4904fccb6dc4d7724b432dfaa931bd3,3,0x29776fcd48e9506f9421cec21cd48304ff564444,0xbb4cdb9cbd36b01bd1cbaebf2de08d9173bc095c,18,18,25,0,0,2978
0xa2679c809d0b50b49a2dcb9e086b30b5d9b024aa,3,0x014a3ca662a4894313ac1aa4a7de06e594265a94,0xbb4cdb9cbd36b01bd1cbaebf2de08d9173bc095c,18,18,25,0,0,2979
0x53079d68c0f93d94d307cb0400ba2c318bc483c5,3,0x55d398326f99059ff775485246999027b3197955,0x8bf9fa365be3fdeed2147e4fdcc208f3a8766666,18,18,25,0,0,2980
0x8d6d9865006ffad2fbd2450341315fa7de252f26,3,0xbb4cdb9cbd36b01bd1cbaebf2de08d9173bc095c,0xbb7c70b504199ec048eeafe3399908853d192bdd,18,18,25,0,0,2981
0x15ee61d219371d60ac6ae748d201e0b8d0e6fe3f,3,0x55d398326f99059ff775485246999027b3197955,0xbca79b60062388733aea5f3e88dfe99b9c648d74,18,18,25,0,0,2982
0xac6ac7a47c481c81b8cc1c81addd4e909d1284fb,3,0xbb4cdb9cbd36b01bd1cbaebf2de08d9173bc095c,0xe1def164017771b0bcd63f288f691cbc28c14444,18,18,25,0,0,2983
0x2e2db563ca1e7340a71123f59d2df76af18a34ad,3,0x44449691728c181dbdd9c7c75d933b2a23242f3b,0xbb4cdb9cbd36b01bd1cbaebf2de08d9173bc095c,18,18,25,0,0,2984
0x7e7e309690a3d8159ae0ab4b171592b0869763b3,3,0xbb4cdb9cbd36b01bd1cbaebf2de08d9173bc095c,0xbedbe958494d4e97ee33cf2ffb06db153b707777,18,18,25,0,0,2985
0x9d014d95c76fbde84a9af305241e912573964295,3,0x55d398326f99059ff775485246999027b3197955,0x995ab9ef842dc6d8ae975407a295ffff798c1912,18,18,25,0,0,2986
0xe6cd928377489ab57e6a80fe8c0675033415d448,3,0xbb4cdb9cbd36b01bd1cbaebf2de08d9173bc095c,0xecad387080156f27399ca7df2bd70afb8a5ed67d,18,18,25,0,0,2987
0x2f66e88fea970d9a9dcbf5a0af32fdde711a0ab9,3,0x55d398326f99059ff775485246999027b3197955,0x9e14a22a8cb2e29c1357e6f82bf8d5d3d8437d5d,18,18,25,0,0,2988
0x898522d55d4974c432bcb7e9489ee84a9ce7d07f,3,0x55d398326f99059ff775485246999027b3197955,0xb76959a7ecde8cc3cf64efefa1b1f24b7c67cc9b,18,18,25,0,0,2989
0xd94df9cc92cb0f7bdf0b850d7c75c785450f213a,3,0x2bad52989afc714c653da8e5c47bf794a8f7b11d,0xe9e7cea3dedca5984780bafc599bd69add087d56,18,18,25,0,0,2990
0x4328fa0dca43ec5b4fd717aa58575e06aa5d8190,3,0x4444915314921dedff580946b691e5521d3aaa5a,0xbb4cdb9cbd36b01bd1cbaebf2de08d9173bc095c,18,18,25,0,0,2991
0xccc260bab5e8d023c090f49461c1b8dcb4bd6985,3,0x2628b4be56e6d0509f1307240e7acaca53fc4444,0xbb4cdb9cbd36b01bd1cbaebf2de08d9173bc095c,18,18,25,0,0,2992
0xcc501940a46eb4b4b0eddca73d88c07837d93188,3,0xbb4cdb9cbd36b01bd1cbaebf2de08d9173bc095c,0xe9ed9f1dde9c831937969f18ab047393a53b07da,18,18,25,0,0,2993
0x8e8ec910928eae7a3dd8337baebbac0c2ba6336b,3,0x55d398326f99059ff775485246999027b3197955,0xabd9418edb266a1a2e5b701a8fa0cd85b3852750,18,6,25,0,0,2994
0x57d6a59440c100c336be9bacc84acdb3685b780d,3,0xbb4cdb9cbd36b01bd1cbaebf2de08d9173bc095c,0xc64102aceebfc7e76c38b5ec71df0014747eb5ca,18,18,25,0,0,2995
0x458f2fee32a889079d94beb605a306902c6e9b56,3,0xac36b3e9a5e56cdfd72fbb2ea7e4d54373ddf16f,0xbb4cdb9cbd36b01bd1cbaebf2de08d9173bc095c,18,18,25,0,0,2996
0xf9320dba5074eb7bd831a1e6fe643a29d584e389,3,0x55d398326f99059ff775485246999027b3197955,0xaa6189544a8386df68d18976641eef3317901e11,18,18,25,0,0,2997
0xc69b86728f80b0b66d790dfe078a7a8bdec7d01e,3,0xbb4cdb9cbd36b01bd1cbaebf2de08d9173bc095c,0xe27c702dd2203c2f917063b2d676a734461dca98,18,18,25,0,0,2998
0xaa9a6a84f1cba128901a4a108d4e28939a9a076d,3,0xafe61a075d3cfe107f7e0e4db8e8e77394babc9e,0xbb4cdb9cbd36b01bd1cbaebf2de08d9173bc095c,8,18,25,0,0,2999
0x77b84aaf17acd9c6bd7e29c04465bea39fde9ef2,3,0x074a1c820f1d1e4264d61bbe8ff3e3481767b4b5,0x55d398326f99059ff775485246999027b3197955,18,18,25,0,0,3000
0x49bcc7726bf9ea642bc35e1ed8a61b9cdb25d1d2,3,0x55d398326f99059ff775485246999027b3197955,0xd810dfefdbefa1a57b7345b2273b7e9442a42a33,18,18,25,0,0,3001
0x697c8469fd9ddb93b07275ede695d7969676e93e,3,0x55d398326f99059ff775485246999027b3197955,0x7c958b213248672a320afb746728f97338ae8b13,18,18,25,0,0,3002
0x3c5bbd0428798fb86dfe80e548f18f75df51312b,3,0xa413b1cf3db08a17e1391866538f8014630420af,0xbb4cdb9cbd36b01bd1cbaebf2de08d9173bc095c,18,18,25,0,0,3003
0xf1c2d7d7e539a02acc3f0c46ca1e83c0f69baac2,3,0x57bfe2af99aeb7a3de3bc0c42c22353742bfd20d,0xbb4cdb9cbd36b01bd1cbaebf2de08d9173bc095c,18,18,25,0,0,3004
0xe8175c4ff09136e265db29f0c19b2d8a97c7d986,3,0x55d398326f99059ff775485246999027b3197955,0xb67c8396ee4cd8b8a25d478142ebbdd53aade435,18,6,25,0,0,3005
0x7396ff557cdf8af80ed8aa92b910eab2a278bda3,3,0x72eb7ca07399ec402c5b7aa6a65752b6a1dc0c27,0xbb4cdb9cbd36b01bd1cbaebf2de08d9173bc095c,18,18,25,0,0,3006
0x8f9c863468b411fb476031961c697750b55f160e,3,0x680891034831e06ba48bc5283412d41a5f675404,0xbb4cdb9cbd36b01bd1cbaebf2de08d9173bc095c,18,18,25,0,0,3007
0x68986cb012db6022efbb23322632b38829c8ad07,3,0x55d398326f99059ff775485246999027b3197955,0x57ca2436f9f54f4909a521e24768e21e322cae88,18,18,25,0,0,3008
0xf64128d8600661bbb82127c104df9e5dc7291271,3,0x0720fbf3c5f4fd78b484d81b0c217b7c3fc77777,0xbb4cdb9cbd36b01bd1cbaebf2de08d9173bc095c,18,18,25,0,0,3009
0x477b60fc194818755238324199f9ef189a64ad33,3,0x54f8aac2165be2849ea908c1a6d605d5845aca22,0x55d398326f99059ff775485246999027b3197955,18,18,25,0,0,3010
0x611382857dafd01621d35b4b9dc5c1c2c32b94f8,3,0xbb4cdb9cbd36b01bd1cbaebf2de08d9173bc095c,0xeac17b079cedaebfdc619c8b7751b36f1db8610a,18,18,25,0,0,3011
0x0ac1b224d469389853b03f31cd4393f55cd9be01,3,0x48077400faf11183c043feb5184a13ea628bb0db,0x55d398326f99059ff775485246999027b3197955,18,18,25,0,0,3012
0x328f9badece6060a44770a9c5718f65d9c6a53ae,3,0x8356b0d7290873f62d2e1413cf1e777f64ee8b9d,0xbb4cdb9cbd36b01bd1cbaebf2de08d9173bc095c,8,18,25,0,0,3013
0x02127e5660591f3b43288a2c60842f787a55ef13,3,0xbb4cdb9cbd36b01bd1cbaebf2de08d9173bc095c,0xe90d1567ecef9282cc1ab348d9e9e2ac95659b99,18,18,25,0,0,3014
0x7c15dc11ccc9e5f7fd95c9968cb76620c4c6eb67,3,0x53f0e242ea207b6e9b63e0a53e788267aa99ff9b,0xbb4cdb9cbd36b01bd1cbaebf2de08d9173bc095c,18,18,25,0,0,3015
0x7c91effa38429927825f6b545eda378f346f00d4,3,0xbb4cdb9cbd36b01bd1cbaebf2de08d9173bc095c,0xed6797a4f0f490aed75264f0ba3df95b42db4704,18,18,25,0,0,3016
0x8bec69c2ab2153de12e67d9f60a713dd4cc74bc2,3,0xb7c450bd741f803922bff2353be7ea442b95967f,0xbb4cdb9cbd36b01bd1cbaebf2de08d9173bc095c,18,18,25,0,0,3017
0x44fd1e294c3b6a918a1d1ab17da8d6ce6d375af2,3,0x9073b858a7cdf121e6bf8d1367e200e5d0cc0188,0xbb4cdb9cbd36b01bd1cbaebf2de08d9173bc095c,18,18,25,0,0,3018
0xc0289861ce670ecb8a75768e021b5e3e313d5940,3,0x83c8c815bbf6a239816aa0b14ba9d9222b817777,0xbb4cdb9cbd36b01bd1cbaebf2de08d9173bc095c,18,18,25,0,0,3019
0x7a0d41f457a6cfd8328180f7b810bd10218d0029,3,0x444489f1ded1f000e5b4cd53c16c26f13d1b325d,0xbb4cdb9cbd36b01bd1cbaebf2de08d9173bc095c,18,18,25,0,0,3020
0x725970f299edc3f8b2e7d6a33655aa5ebd573f76,3,0x65aa0d7ce2542d2300f87f59cc042c6bbf7d1031,0xbb4cdb9cbd36b01bd1cbaebf2de08d9173bc095c,18,18,25,0,0,3021
0xc9bf1da6a94934d5f427bf2ac555e90f895fa892,3,0xbaaa37361ba9489dd5049c245b00782451be2dd7,0xbb4cdb9cbd36b01bd1cbaebf2de08d9173bc095c,18,18,25,0,0,3022
0xe0e3488fcdaf724f0a01ada4f774ad9bb7880dc4,3,0x43dc1bf7871f13f72003a33da03eae979bdd3073,0x55d398326f99059ff775485246999027b3197955,18,18,25,0,0,3023
0xa56d15585a42adfa5ec3765c6a9434e5b06c5c4b,3,0x546fa9cee1e665b55510ad179d600b5efb393048,0x55d398326f99059ff775485246999027b3197955,18,18,25,0,0,3024
0x47830b76ed49041f10b3c983bc6916688d81c195,3,0x4d1e90ab966ae26c778b2f9f365aa40abb13f53c,0x55d398326f99059ff775485246999027b3197955,8,18,25,0,0,3025
0xd3fc48baa6e44c16e1fc7fca8e0f640d6641a167,3,0x52ba8febfa73b0f4ea55d7523b761f079cba9e93,0x55d398326f99059ff775485246999027b3197955,18,18,25,0,0,3026
0x981ecab4e3a84ff50abf75cbf4f63f3084b719e2,3,0x4444bb0b0089d0cade9f00b137492111911d618b,0xbb4cdb9cbd36b01bd1cbaebf2de08d9173bc095c,18,18,25,0,0,3027
0xc2c513fde6234bd609bdb1b8778162d42a098990,3,0xbb4cdb9cbd36b01bd1cbaebf2de08d9173bc095c,0xf82007d28b8d0eafc6fde42ecb697a74824d839e,18,18,25,0,0,3028
0x4b716d9cf98ac25571c305d7473695a5309bb3d0,3,0x727ab05edc56a19010aa08f9427f9aa671d191cc,0xbb4cdb9cbd36b01bd1cbaebf2de08d9173bc095c,18,18,25,0,0,3029
0x734b9c6ddcd3f3c38d54db9911b8c9a1eb07cb1e,3,0x55d398326f99059ff775485246999027b3197955,0x9b1b502863071de4c40172991e9459d3e9111111,18,18,25,0,0,3030
0x53dd83a113b9b5a1ecd137138febeb66f3b2125b,3,0x8539600c9aec29d2ab196f9388e59ea250f7b0f9,0xbb4cdb9cbd36b01bd1cbaebf2de08d9173bc095c,18,18,25,0,0,3031
0x715b4acc37674adb2b3375bca70ec769af8c171a,3,0xbb4cdb9cbd36b01bd1cbaebf2de08d9173bc095c,0xfae40b463491a79a56d3bfd6849fe4f76a888888,18,18,25,0,0,3032
0x8a10e7aee47cc9913e2f15f31fa769cce2d69ec9,3,0x554dc1b6f2721379f17521cb49b30faa92bcb6ae,0x55d398326f99059ff775485246999027b3197955,18,18,25,0,0,3033
0x70e44b6b9f304340597723400ad95772b224b16b,3,0xbb4cdb9cbd36b01bd1cbaebf2de08d9173bc095c,0xc6f8532439f4ec88b98b9cc545626960604182db,18,18,25,0,0,3034
0xc6f00a856009f2ef16f6c0f9b50c4ce52aaa1a83,3,0x55d398326f99059ff775485246999027b3197955,0xcb1191c08157cc32837a71946c3eaa7c9683da68,18,18,25,0,0,3035
0xb65697ec1a73ec1bf82677e62cb86d9369ba6c34,3,0xbb4cdb9cbd36b01bd1cbaebf2de08d9173bc095c,0xd4d55b811d9ede2adce61a98d67d7f91bffce495,18,18,25,0,0,3036
0x4c8dd2816a5b23359326838d96a31addc1450ba7,3,0x6f61810e3f4d128b2033b00e72e130ec60479b80,0xe9e7cea3dedca5984780bafc599bd69add087d56,18,18,25,0,0,3037
0x2771b3cc3ec98ee8b17b7cd2520c4727bcc2676e,3,0xbb4cdb9cbd36b01bd1cbaebf2de08d9173bc095c,0xe7324f2987acd88ee7286eb9dab0ee926ad36a68,18,18,25,0,0,3038
0xbacbea108e060aeb3aa4bd55bf46534bdde6f6b7,3,0x2598c30330d5771ae9f983979209486ae26de875,0xbb4cdb9cbd36b01bd1cbaebf2de08d9173bc095c,18,18,25,0,0,3039
0x12df3d550eba29d0a36d04ad7b92c626cdd79cd9,3,0xa88a13e435a6aeb4530a814f3ca7bd96c2637777,0xbb4cdb9cbd36b01bd1cbaebf2de08d9173bc095c,18,18,25,0,0,3040
0xbb6aa27111674e4b36329e958e046171af144de4,3,0xbb4cdb9cbd36b01bd1cbaebf2de08d9173bc095c,0xbf19367080c33e8a36c87b979edc1a5cd8f47949,18,18,25,0,0,3041
0x041c7041510aedf93dea1d6952ee3ed2b5a18079,3,0x320f6c1304e1a2a50a0febb62ba6a9700043d152,0xbb4cdb9cbd36b01bd1cbaebf2de08d9173bc095c,18,18,25,0,0,3042
0xca9f6c81079a35706d886bfbf44d61272c803b04,3,0x55d398326f99059ff775485246999027b3197955,0xf403878598014cd703e17c187f37ba82d2291298,18,18,25,0,0,3043
0x9a39d62477407c967bdf8101d0908a14d6813a17,3,0xbb4cdb9cbd36b01bd1cbaebf2de08d9173bc095c,0xf0be488c7435ee16d3d46829582aea8ef5acb9b2,18,18,25,0,0,3044
0xab29d60946165218da2f3a85ff778bd915a2322d,3,0xbb4cdb9cbd36b01bd1cbaebf2de08d9173bc095c,0xe23a0fb793fe221cbd5ffd5a5047b505957bbab9,18,18,25,0,0,3045
0xbe317cdaaa969ab5193d0775bdf680fd5cc6fe25,3,0x55d398326f99059ff775485246999027b3197955,0xff56c53788b1f61e56e39bba8c5a0da3b78d1616,18,18,25,0,0,3046
0xdfdf642980887a6ae9db1ab10c463c00212ff9e0,3,0x0377c05a19a38865f5f4be560ee6c2fb16cc4cde,0xbb4cdb9cbd36b01bd1cbaebf2de08d9173bc095c,18,18,25,0,0,3047
0x8720862a4fb7e1cbacfb42cb32c9eb4f5e84e403,3,0xbb4cdb9cbd36b01bd1cbaebf2de08d9173bc095c,0xf83aa05d3d7a6ca2dce8a5329f7d1be879b215f0,18,8,25,0,0,3048
0x449fb7ece3e21eb32099ed3edc35ddf84adb8e38,3,0x6fafec4730e0102d8ac82b00de460b9f31f44444,0xbb4cdb9cbd36b01bd1cbaebf2de08d9173bc095c,18,18,25,0,0,3049
0x9dd45849eead1176de5981455f76146c5716e2cc,3,0x60e0bc95fa7208197dda79a2d606152d301babd7,0xbb4cdb9cbd36b01bd1cbaebf2de08d9173bc095c,18,18,25,0,0,3050
0xbcb0661b90158c3416b97c98c40d131955c4f6fe,3,0x14a9c53cadda4b5ca5201776e5364c914aab3f7d,0x55d398326f99059ff775485246999027b3197955,18,18,25,0,0,3051
0x74ce23bbb6ac900422c5fe588e9a4cf8b60c9967,3,0x7320c128e89ba4584ab02ed1c9c96285b726443c,0xbb4cdb9cbd36b01bd1cbaebf2de08d9173bc095c,18,18,25,0,0,3052
0x73eda54a43c6a3d08ee30b089ef4c1bc3d0d4d9b,3,0xbb4cdb9cbd36b01bd1cbaebf2de08d9173bc095c,0xfea292e5ea4510881bdb840e3cec63abd43f936f,18,18,25,0,0,3053
0xb0666fcc82b32a1ace964f22e8ecf1b9534483f7,3,0x5a0707304c55a39c98533b683ccd7894db33ffff,0xbb4cdb9cbd36b01bd1cbaebf2de08d9173bc095c,18,18,25,0,0,3054
0x480f8c765debb89caa4e3f96e975b36e1e0f7942,3,0x562adc6cd909b9b3760d9d0c5758ea8dca254444,0xbb4cdb9cbd36b01bd1cbaebf2de08d9173bc095c,18,18,25,0,0,3055
0xe9e0828e243e5930cb478528f01c02242d8ba0fd,3,0x55d398326f99059ff775485246999027b3197955,0x6df52fd8732c0d149035e16f4536ef0a61487056,18,18,25,0,0,3056
0xd88fdcdde295a862e87eaf96cb3e04211ea8661a,3,0x0eeba0a5ba4c2b014aab49e5060c8533ef32665d,0xbb4cdb9cbd36b01bd1cbaebf2de08d9173bc095c,18,18,25,0,0,3057
0x50eaafe08f070639070fdacd59bca122398d1a0d,3,0x55d398326f99059ff775485246999027b3197955,0x7351dcd98c69fb2d6c7d1c010e4bc534cf88d8dc,18,18,25,0,0,3058
0xcc9a8c340d9c57e31b411dfdcc41e571f23b9bb8,3,0x55d398326f99059ff775485246999027b3197955,0xc98f60b3f98e8bf860436746db637e13b0e17458,18,18,25,0,0,3059
0x777eb6a89a520738ff6ce629e97a3a254baf334a,3,0x55d398326f99059ff775485246999027b3197955,0x671ec076340d2ee06ccad3c5341e79eadf269577,18,18,25,0,0,3060
0x8de6d7af04b647e32b48e964d0ca67cc0fd7f177,3,0xbb4cdb9cbd36b01bd1cbaebf2de08d9173bc095c,0xfe972e2da7239de2f43a7e0149f7a1d40881f712,18,18,25,0,0,3061
0x241f1077279ea2dbca890ef3a0003cb511c4585a,3,0x8b427b44c71e8a3c5b53be2cf714a9cce2f94444,0xbb4cdb9cbd36b01bd1cbaebf2de08d9173bc095c,18,18,25,0,0,3062
0x67d8cd4eb419eb402043194c9edbe9c6fbe9eeed,3,0x56af2dd18fda1ff89f5d0caf6a5978e831999999,0xbb4cdb9cbd36b01bd1cbaebf2de08d9173bc095c,18,18,25,0,0,3063
0xec8b1c16076ebbd917864beadf96495e357a565a,3,0x55d398326f99059ff775485246999027b3197955,0x9c23942ca2c35e06d1d20747f33705983a18d2ab,18,18,25,0,0,3064
0xfc7b8b2e95e30385320f2185f1187cc47adf8dc3,3,0xe9e7cea3dedca5984780bafc599bd69add087d56,0xef843fb4c112e618b262f6897f479474e4586f05,18,18,25,0,0,3065
0xa2ca412df2ddb0324e1ada8ee68f2371fdaae232,3,0x3e689f6c41d7d7a705a5fbf14b8e19af295452b5,0xbb4cdb9cbd36b01bd1cbaebf2de08d9173bc095c,18,18,25,0,0,3066
0x9e6f6d0d4d86fbda9515b1742e86f8dbe21a2870,3,0x24da767078d8b1327493d0bb02eddf572b01b66d,0xbb4cdb9cbd36b01bd1cbaebf2de08d9173bc095c,18,18,25,0,0,3067
0x8fa69810ba992f54f725d749fffd42b40f0a6068,3,0x98c58739144620003332f1fcce3eec3286391956,0xbb4cdb9cbd36b01bd1cbaebf2de08d9173bc095c,18,18,25,0,0,3068
0x5ca595cdf3adc4dcb201df29814dd66941975c58,3,0x6dc8d8748f538a8458acc69d4b66b26a2168169c,0xbb4cdb9cbd36b01bd1cbaebf2de08d9173bc095c,8,18,25,0,0,3069
0x8e8f5fa8523797082e1ca9cd0ef4ab68b8ed3876,3,0xbb4cdb9cbd36b01bd1cbaebf2de08d9173bc095c,0xc9c6587d405295e035e4db1963774a0b85349bb5,18,8,25,0,0,3070
0x4be63ff4b64f6600386c8d286591981774236245,3,0x55d398326f99059ff775485246999027b3197955,0xe2f2c0891a92a1dd040f0375eead1d178e433689,18,18,25,0,0,3071
0x0a292e96abb35297786a38fdd67dc4f82689e670,3,0x49f2145d6366099e13b10fbf80646c0f377ee7f6,0xbb4cdb9cbd36b01bd1cbaebf2de08d9173bc095c,8,18,25,0,0,3072
0xe2d86d6dfde0d428f8f83260b6c7c1e7f16c8ed2,3,0x65aea108c21439693468fcd542d81c29e8df4444,0xbb4cdb9cbd36b01bd1cbaebf2de08d9173bc095c,18,18,25,0,0,3073
0xddac86f45e7a14c0a49e626c81c76cd3087967cf,3,0x6586ad7891cd356fc116e484827c2e19c6acffbf,0xbb4cdb9cbd36b01bd1cbaebf2de08d9173bc095c,18,18,25,0,0,3074
0x98945985d97e88aae787412111eb77a35108d5bc,3,0xbb4cdb9cbd36b01bd1cbaebf2de08d9173bc095c,0xc9dccbb27d712494c99c20702fa87bd591f5f8ce,18,18,25,0,0,3075
0xd9ef6a5f3661bfab844616b2857adcddb6803ae4,3,0x4f259dcd05db760e807805af00dea700543a4444,0xbb4cdb9cbd36b01bd1cbaebf2de08d9173bc095c,18,18,25,0,0,3076
0x58824e275dbee1720bfdfc75865a386a35b6d5c2,3,0x248db81f8307de98107602d5fdf1aa6398a14444,0xbb4cdb9cbd36b01bd1cbaebf2de08d9173bc095c,18,18,25,0,0,3077
0x0c38cd544da06da6c6fa48bd6e9a871169aa3e05,3,0xbb4cdb9cbd36b01bd1cbaebf2de08d9173bc095c,0xe14dd30477fc30af64a5f5792fef9ab740fb7777,18,18,25,0,0,3078
0x9ae31cd6a0db18e7c23f9b6c9bd048fc79a51ba9,3,0xbb4cdb9cbd36b01bd1cbaebf2de08d9173bc095c,0xcbf8b0df3a571400df7f3643e8e8c2bfe1987777,18,18,25,0,0,3079
0xb4d3baa044521b08ba6c0cbf134afa6c5c7b2501,3,0x55d398326f99059ff775485246999027b3197955,0x757e36af65f0d56c08270a554cdad01e77fb9d59,18,18,25,0,0,3080
0x270d827bec67947386e5b284ac6079f81a5d489c,3,0x55d398326f99059ff775485246999027b3197955,0xf259bd78552b56ed3b3d1757046f0b70ad05af2c,18,18,25,0,0,3081
0x388d13fc48b65460b33e0256f69b1682ca1061b6,3,0xbb4cdb9cbd36b01bd1cbaebf2de08d9173bc095c,0xfdce3ebb2f5f703f350dfc08afc014848f1bf48a,18,18,25,0,0,3082
0x3e92aa8e198bf4c0e9c77a07ea0735b8c67f15b2,3,0x55d398326f99059ff775485246999027b3197955,0x70d52bfa0d024a3393b0669f76367d4306cb4444,18,18,25,0,0,3083
0xea65f3112e7f9dbdcde0f3ea9f86069ac41f7704,3,0x819a27c0d14a1d7e05d4e31a4778a0662db5cb00,0xbb4cdb9cbd36b01bd1cbaebf2de08d9173bc095c,18,18,25,0,0,3084
0xe4e24de0de6207a736afb8fe9e23285e1dbf7446,3,0x55d398326f99059ff775485246999027b3197955,0xff7b276639775760a695c4025c27d29a99c9e648,18,18,25,0,0,3085
0x9783fe06632116b21cf58ebb8634b4ef33a81b40,3,0x312df46aaa8e8c8821e6fedccca237efa8f44444,0xbb4cdb9cbd36b01bd1cbaebf2de08d9173bc095c,18,18,25,0,0,3086
0x21afe897c7a6a029097613217936c15a941f14d1,3,0x7faaf8d4c411218415d9d3f82d56214658349dbb,0xbb4cdb9cbd36b01bd1cbaebf2de08d9173bc095c,18,18,25,0,0,3087
0x33504fd553f85c866679bd7b1f316df057c29937,3,0x33b48893b8f119fb45f431b36f830a9584804201,0xbb4cdb9cbd36b01bd1cbaebf2de08d9173bc095c,18,18,25,0,0,3088
0xf3dc8ba306a2dbc530ddb741de4fa21cda157223,3,0x55d398326f99059ff775485246999027b3197955,0xbe1936a67f503e0eaf2434b0cf9f4e3d7100008a,18,18,25,0,0,3089
0x5512f3bef9f7305fcdc05860d14d1fb7ae7cb81e,3,0x7b976abacb71334a4920d424df30cda302909ba9,0xbb4cdb9cbd36b01bd1cbaebf2de08d9173bc095c,18,18,25,0,0,3090
0xb38da549c2078897c313fa98208e994556afccee,3,0x2693bfb95f3b3cf7d3bdfc020328cd6cfa673eb8,0xbb4cdb9cbd36b01bd1cbaebf2de08d9173bc095c,18,18,25,0,0,3091
0x8659ec4fc20d878399a4ae1f1b25d5d24f95b0e0,3,0x797bb0beea437d2762a755ea911c0046c1284568,0xbb4cdb9cbd36b01bd1cbaebf2de08d9173bc095c,18,18,25,0,0,3092
0x96509d3016969bfef9c1f929f0fa01d14fa16f30,3,0xbb4cdb9cbd36b01bd1cbaebf2de08d9173bc095c,0xf1cf3b0e5c427c04cc48dbb3ab7f6ba357434444,18,18,25,0,0,3093
0xbdf11ff96b33ad018a486a92983fcc07d9d71185,3,0x4a6db8f47b8c827aaa846ba017e9809bb92cf6b2,0xbb4cdb9cbd36b01bd1cbaebf2de08d9173bc095c,18,18,25,0,0,3094
0xd39f05ab936aa201235005c47b83268f2d9833f8,3,0x4be63a9b26ee89b9a3a13fd0aa1d0b2427c135f8,0xe9e7cea3dedca5984780bafc599bd69add087d56,18,18,25,0,0,3095
0x0c2393018b425a33eb5792fbd0328f74cb62ba7e,3,0xbb4cdb9cbd36b01bd1cbaebf2de08d9173bc095c,0xcd1faff6e578fa5cac469d2418c95671ba1a62fe,18,18,25,0,0,3096
0x9f07679ea7011da476ed03968558742e518bca38,3,0x55d398326f99059ff775485246999027b3197955,0xfd57ac98aa8e445c99bc2c41b23997573fadf795,18,18,25,0,0,3097
0x22a95409e69b06662620854592d7746040c09296,3,0xbb4cdb9cbd36b01bd1cbaebf2de08d9173bc095c,0xd5c2f67458fdca1b914601d6634a7e05bbb7868c,18,18,25,0,0,3098
0x3dd93e112651cd476c4aa2939da63df662d19d37,3,0xa4a8208cd4dcc50484fff7e2606681f93048bc09,0xbb4cdb9cbd36b01bd1cbaebf2de08d9173bc095c,8,18,25,0,0,3099
0x44a3dbae956f90a428371801d15ac3bddf0c97b2,3,0x29b6839d7136a0f44e4c5636ee059b5ef5b757b7,0x55d398326f99059ff775485246999027b3197955,18,18,25,0,0,3100
0x7646c457a2c4d260f678f3126fa41e20bfdd1f95,3,0x3a9e15b28e099708d0812e0843a9ed70c508fb4b,0xbb4cdb9cbd36b01bd1cbaebf2de08d9173bc095c,18,18,25,0,0,3101
0x102a9892c53fc4fb90ffd7fff34570ef716c23f8,3,0xbb4cdb9cbd36b01bd1cbaebf2de08d9173bc095c,0xed8eaa78845293502d14f7b2083e60a7c39e6471,18,18,25,0,0,3102
0x78782543f340a25560c420670f3af8b6f487769b,3,0x1af72b6e8ddcf357170a03ac40e3f1bbb1f491ab,0xbb4cdb9cbd36b01bd1cbaebf2de08d9173bc095c,18,18,25,0,0,3103
0x4438f671e5dc484fc807a928ee63427f976881b1,3,0xbb4cdb9cbd36b01bd1cbaebf2de08d9173bc095c,0xff8372d6065ae97791e17e58e56a27c6ac16ba87,18,18,25,0,0,3104
0x60ee24d8a707b349df22bab165107584592bbea8,3,0x229a54fb9de889c271380452c0483ce89b8c1e0d,0xbb4cdb9cbd36b01bd1cbaebf2de08d9173bc095c,18,18,25,0,0,3105
0x5bf163e64cb0aead89fea1759dddd7c2269a6ba1,3,0x6d1408a6bb3d1f4320f9404a5bbaf8fbadaaf232,0xbb4cdb9cbd36b01bd1cbaebf2de08d9173bc095c,18,18,25,0,0,3106
0x7d0a55ea8b8510a7847df2a61342ea7863d0c343,3,0xbb4cdb9cbd36b01bd1cbaebf2de08d9173bc095c,0xc6e41d1144cfabd5345e11c7bb5c5944b4c62e33,18,18,25,0,0,3107
0xf674eea4926150567f00cd35076da615f2e49682,3,0xbb4cdb9cbd36b01bd1cbaebf2de08d9173bc095c,0xf06be7919e41394c7087ac2b2549c9c769d0fb04,18,18,25,0,0,3108
0x4088e197c97d0188efbf77b316100ac456ab4eca,3,0x55d398326f99059ff775485246999027b3197955,0xc544d8ab2b5ed395b96e3ec87462801eca579ae1,18,18,25,0,0,3109
0xc7db6f26c3b42f1d27865a41917c182614e63a66,3,0x4e93bfcd6378e564c454bf99e130ae10a1c7b2dd,0x55d398326f99059ff775485246999027b3197955,18,18,25,0,0,3110
0x11dbd3915ec2a933cdd2f9f3acf03507190a258a,3,0x661af369690a8f5591cc0df7d581c83d1a6e4444,0xbb4cdb9cbd36b01bd1cbaebf2de08d9173bc095c,18,18,25,0,0,3111
0x816783f31cd00967baacd62908f87ec8b5fb201d,3,0x2f4c759b7f43cd644835b51f29f708a02e0ce0af,0x55d398326f99059ff775485246999027b3197955,18,18,25,0,0,3112
0x875f732da920a38725b152e24d76d8374456995b,3,0x23c684bea2e85d20486fd6b4445b4e2ba96125b1,0xbb4cdb9cbd36b01bd1cbaebf2de08d9173bc095c,18,18,25,0,0,3113
0xfbc86cb7aa203f273efe22cc1de32bf160363ea3,3,0xbb4cdb9cbd36b01bd1cbaebf2de08d9173bc095c,0xfadc157f0d98e3051cfad0653e720e5889db2b92,18,18,25,0,0,3114
0xfa1f2cf9fd3465b88889420918b6315b887127fe,3,0xbb4cdb9cbd36b01bd1cbaebf2de08d9173bc095c,0xd6da6491a6663b1d413715f4fd8edd74a4b47694,18,18,25,0,0,3115
0x5f5b50fa904c092d79e53ce0c2d0d9e62d77679f,3,0x55d398326f99059ff775485246999027b3197955,0xde510853f69a34a2c97d736ba5807036c7284444,18,18,25,0,0,3116
0x6c8e5f09e112dd5e9ddacf30d1d086cbfe0f0ab4,3,0xa745cf73c0ea16b0df9bf4aef39507021d224444,0xbb4cdb9cbd36b01bd1cbaebf2de08d9173bc095c,18,18,25,0,0,3117
0x499bcf66e36464130934d7677df5e991e1461bc2,3,0x8fdbba28088b7a6792ebebb2a271bcc84f2d8f6a,0xbb4cdb9cbd36b01bd1cbaebf2de08d9173bc095c,18,18,25,0,0,3118
0x5ab885259e1529a0d483a3d1903eebd086c2c87b,3,0x55d398326f99059ff775485246999027b3197955,0x6e41be092502e71f63e4dd34c381af45677a9999,18,18,25,0,0,3119
0x2f9faf1cbe30710b37a073f6a96cfd1815f10129,3,0xb3d1df1852e7ed3f4d056c7f7d9c0d340a3b78ac,0xbb4cdb9cbd36b01bd1cbaebf2de08d9173bc095c,18,18,25,0,0,3120
0xa84f79e97521a95115a9c4dd0ef6835793c24ec7,3,0x55d398326f99059ff775485246999027b3197955,0xeda97661e3c0541daa210e2324ea589f86e49e15,18,18,25,0,0,3121
0x43151cc14ddcdcb557a360eb5eadd8a7299b594b,3,0xb8309421b0603febbc370a6b0c5c59d3af202759,0xbb4cdb9cbd36b01bd1cbaebf2de08d9173bc095c,18,18,25,0,0,3122
0x83454be92068403c7c2425f7b96763d06b4f26ec,3,0x5d10780da28e5b225a0c6a1bed230a04cf96ece3,0xbb4cdb9cbd36b01bd1cbaebf2de08d9173bc095c,18,18,25,0,0,3123
0x3b1dbe3388243727f7d23d6b21332cc9cc1a28fb,3,0x55d398326f99059ff775485246999027b3197955,0xa2a41c8bb0df7189cacadafc0d33dbc9ab08f3a5,18,18,25,0,0,3124
0x3b348f2c980e999ca4d3b88b6b692b600848d581,3,0x55d398326f99059ff775485246999027b3197955,0xf44c1052842d61aff83cb9d6af763d2aaa09fbad,18,18,25,0,0,3125
0x197332a81b3d20f62df0545441e29e2762e69124,3,0xbb4cdb9cbd36b01bd1cbaebf2de08d9173bc095c,0xea3cc71354d4c6e654ac6b4ee3e6052811a2eec5,18,18,25,0,0,3126
0x3c00cc5b881d67f88785454ec673ce449952f4b2,3,0x55d398326f99059ff775485246999027b3197955,0x7759f8281a7894216bec5f1ea2ff073727159999,18,18,25,0,0,3127
0x96d56ef36582f1666660c8a9677e20ca0e6519ab,3,0x2170ed0880ac9a755fd29b2688956bd959f933f8,0x227952cb66aa9a4397d11654740baf1a40c20cc4,18,6,25,0,0,3128
0x128fe34822feb4266d9559b64aa8f55d623dcd4f,3,0x0c4ac8952c28e2e7fe22033c8d2f1263372d301d,0xbb4cdb9cbd36b01bd1cbaebf2de08d9173bc095c,18,18,25,0,0,3129
0xf234116418eb0176ee2d67a86f1e49f6965c9584,3,0x55d398326f99059ff775485246999027b3197955,0x6129173a8db84137ed1cf51e97f1b118557c6098,18,18,25,0,0,3130
0xcd3a00f4a481ae617c8b46fb9028c2bd04c95750,3,0x68adc858ec16d8e2dbea565602f3fa310864b1a6,0xbb4cdb9cbd36b01bd1cbaebf2de08d9173bc095c,18,18,25,0,0,3131
0x70f969fac89538ea6791c21e1d4155c4dddee75a,3,0x779ed4fffdfcdd6bcdbe6f6826e528b0ac999999,0xbb4cdb9cbd36b01bd1cbaebf2de08d9173bc095c,18,18,25,0,0,3132
0xc0006b298c98d1f25d5f0471f657df19bfb7936a,3,0xbae2392599aadd9da45c7a5fd314f4268f474444,0xbb4cdb9cbd36b01bd1cbaebf2de08d9173bc095c,18,18,25,0,0,3133
0xbd5d0111ceb32f55d28c20e34dc5fa1d63dc1d5d,3,0x0d9549594c476c0626dea9a35bb0117240f9c8d3,0x55d398326f99059ff775485246999027b3197955,18,18,25,0,0,3134
0x748ca4ac7f6556f31a6f5d9ab18d9146bed64895,3,0x2c4857ada55b5891014789c0611c7d9b5ea54444,0xbb4cdb9cbd36b01bd1cbaebf2de08d9173bc095c,18,18,25,0,0,3135
0xb650d30833c50093be8e3b1eb82e139a3dc6c350,3,0xbb4cdb9cbd36b01bd1cbaebf2de08d9173bc095c,0xfdce0c0fe058e3f31153a5caef99a2ff24904444,18,18,25,0,0,3136
0x818c90ed90d84be991d0b02e5b204b2f2a9eda6a,3,0x55d398326f99059ff775485246999027b3197955,0xb58170859dff78013bf1c69f8507b86748014444,18,18,25,0,0,3137
0x25053e6c00f975742f3b9a60c80966c7bb416404,3,0x54bcaeeabd26fe69f11471eb68298b2777c104b0,0xbb4cdb9cbd36b01bd1cbaebf2de08d9173bc095c,18,18,25,0,0,3138
0xe26628cb570b3d330aeeffd4515cb1eebb23e2b1,3,0xbb4cdb9cbd36b01bd1cbaebf2de08d9173bc095c,0xf368b32764a4b9e58cf6da67bb454f7809bc4444,18,18,25,0,0,3139
0x4718963cdb41b2af611b1a03a42aaac8712f6d81,3,0x3a948c9f42e444c4539615b119fa8c8085f5af41,0x55d398326f99059ff775485246999027b3197955,18,18,25,0,0,3140
0xc5e91ad79f0289294bdc53990a3aaad3638b71be,3,0x977f8daec35948da1fef8ba00ebfda191240d1ac,0xbb4cdb9cbd36b01bd1cbaebf2de08d9173bc095c,18,18,25,0,0,3141
0x6bb71deaf8c165528e24b85bc0fe1e49b8f592ae,3,0x55d398326f99059ff775485246999027b3197955,0xb713508ac41093e2808eb2c46cbfc52f99999999,18,18,25,0,0,3142
0xa60874e8557902ef3039c1b623b55e6e210110dd,3,0x2f7c6fce82a4845726c3744df21dc87788112b66,0xbb4cdb9cbd36b01bd1cbaebf2de08d9173bc095c,18,18,25,0,0,3143
0x515633816dffb15aff5811debdb1d250ea28f9fd,3,0xbb4cdb9cbd36b01bd1cbaebf2de08d9173bc095c,0xfdb624a9a617820260e5b3cb024c85da0441e6a8,18,18,25,0,0,3144
0x96b8d9eda3be2b9dca6a2245993342bfc9017cdb,3,0x55d398326f99059ff775485246999027b3197955,0xf2b01852b6aad944136e7da4a532e273ff0ccf2a,18,18,25,0,0,3145
0xa87f563eef5b1daf940509881a66db6735c7b4db,3,0x94db03752342bc9b5bbf89e3bf0132494f0cb2b3,0xbb4cdb9cbd36b01bd1cbaebf2de08d9173bc095c,18,18,25,0,0,3146
0x4382bf511aa6b7c8244641ac34745d9aa588fc42,3,0x7c3b00cb3b40cc77d88329a58574e29cfa3cb9e2,0xbb4cdb9cbd36b01bd1cbaebf2de08d9173bc095c,18,18,25,0,0,3147
0x00a5d81d67dc8a2faa3fe786c29693a0fd4b8f0a,3,0x456a0f4349c240b690e00afdfb268aa38f62aac1,0x55d398326f99059ff775485246999027b3197955,18,18,25,0,0,3148
0xbacca4f212bce996675d1f1d2af709bc2611cb93,3,0x14e3598571f4683cea1ff2a917f4a3354cd5842b,0xbb4cdb9cbd36b01bd1cbaebf2de08d9173bc095c,18,18,25,0,0,3149
0xd41e2a8e3aef1649b1df2c4c7b29be18324df55e,3,0x1aeb3f66d96bfaf74fcbd15dc21798de36f6f933,0xbb4cdb9cbd36b01bd1cbaebf2de08d9173bc095c,18,18,25,0,0,3150
0x1851cfc79da29dab20887e0e3a91b6f1151dc7a1,3,0x0733618ab62eeec815f2d1739b7a50bf9e74d8a2,0xbb4cdb9cbd36b01bd1cbaebf2de08d9173bc095c,18,18,25,0,0,3151
0x19a935fc30eed5b9c356146752efcaca3863c802,3,0xbb4cdb9cbd36b01bd1cbaebf2de08d9173bc095c,0xf1548c0702c7f72d86d288f2d49fb9f171b17024,18,18,25,0,0,3152
0xcce7c174688ba6260a8a537e599ceb0d265c66a6,3,0x55d398326f99059ff775485246999027b3197955,0xfe7f25359c0b7977e93734c776b34800d8d44444,18,18,25,0,0,3153
0xfb7507887a360e49515b2a7f406d6b9c70a70185,3,0x55d398326f99059ff775485246999027b3197955,0xec821f9dd801825a4331cd56fc97a2e3fba843c4,18,18,25,0,0,3154
0xb668ab6c13ff84c13e66bffc6149e76fafd06733,3,0xbb4cdb9cbd36b01bd1cbaebf2de08d9173bc095c,0xbca727ef322aaff018469d5b5d1dd7d09bb54444,18,18,25,0,0,3155
0xf863107a24742db1e00545769fb12e62e2c9a26f,3,0x44440bb4494a2e1f16f3f68dbd81e5da9d70a2a2,0xbb4cdb9cbd36b01bd1cbaebf2de08d9173bc095c,18,18,25,0,0,3156
0x9fbc7fb1f6009674da532658e300f74c03354c5d,3,0xa1578bdcd26773e16631ac626803bf388449c53c,0xbb4cdb9cbd36b01bd1cbaebf2de08d9173bc095c,18,18,25,0,0,3157
0xf3f06068d7343b574e5ba29ab982b682e7180e32,3,0x583168f86c427bf6ea91de7e968fb101e8505d9a,0xbb4cdb9cbd36b01bd1cbaebf2de08d9173bc095c,18,18,25,0,0,3158
0xf4da297f4c59a0dc1d64d834dee88c307d282bca,3,0xac9aa6f04494e08cb182f2a56b9ceae9b9154444,0xbb4cdb9cbd36b01bd1cbaebf2de08d9173bc095c,18,18,25,0,0,3159
0xe453dc98e9b2d0c9f5dd05fe7285abd3d2e31b06,3,0x55d398326f99059ff775485246999027b3197955,0x7ede72bbaa15edd455b3a009759cf6075d819784,18,18,25,0,0,3160
0xd800ea2ce0b0ad46dff267de3804a5e1cc2b6b8b,3,0xbb4cdb9cbd36b01bd1cbaebf2de08d9173bc095c,0xf9a61244a5d15898f9618ae9bcb5d00539bc88bb,18,18,25,0,0,3161
0x25ce65ea31781f0702b80bb03b6e749b6308791d,3,0x31cde769ce07973c45d9075a2e945af4ba750153,0x55d398326f99059ff775485246999027b3197955,6,18,25,0,0,3162
0x9b203004c0ae285f4a6639ef12d2e4cbfa37d983,3,0xad76f8bf9eb0c9b71b92c14754473f9f9b117777,0xbb4cdb9cbd36b01bd1cbaebf2de08d9173bc095c,18,18,25,0,0,3163
0xdddc870f276fb65db2a619487bca4acbdfabc1d8,3,0x5b8143a88608ba7e93c32d3d69aedff5ecb82701,0xbb4cdb9cbd36b01bd1cbaebf2de08d9173bc095c,18,18,25,0,0,3164
0x768b64d38148cba1a9c1825bdeb2fe562b05762b,3,0x066aee69d93dee28b32a57febd1878a2d94f6b0c,0xbb4cdb9cbd36b01bd1cbaebf2de08d9173bc095c,18,18,25,0,0,3165
0x201e4b9fa587aaebb3e01025e58e992e61ffd472,3,0x55d398326f99059ff775485246999027b3197955,0x7fcb86c94407cbf4442f35222ea6d27c6ddcb28c,18,18,25,0,0,3166
0xdfa62df3334eb02d1a12063ef44097a687c13993,3,0x2433092b3554eefc154f5ee3a275ebf2a85f4444,0xbb4cdb9cbd36b01bd1cbaebf2de08d9173bc095c,18,18,25,0,0,3167
0x3a8ff21249ee5c8591cb010272098ea6bc216b51,3,0x061f0038413ef0f3785d4acd79804332f6ebb457,0xbb4cdb9cbd36b01bd1cbaebf2de08d9173bc095c,18,18,25,0,0,3168
0x4ddf0ce6308af89a1eea11bd2e7c0cfd17a80a66,3,0x55d398326f99059ff775485246999027b3197955,0x7f1f312384190884c54fecc46c360650cc45b294,18,18,25,0,0,3169
0x3f4bd5fa99df01c9a69d6786371395197e51beda,3,0x55d398326f99059ff775485246999027b3197955,0xcf77ee70de94e0584110beeb683e7405d2666666,18,18,25,0,0,3170
0x660c4315fb266898b97c3cf4e972c7f5c920d23a,3,0xbb4cdb9cbd36b01bd1cbaebf2de08d9173bc095c,0xdf7955204192594cf37ac7bbdcba8c445ae01a29,18,18,25,0,0,3171
0xcd0f2fe418ec5637bda1910d8cb3c54bbebd348b,3,0xbb4cdb9cbd36b01bd1cbaebf2de08d9173bc095c,0xd79bc26c424bcb52eec2708d224868c1499422c8,18,18,25,0,0,3172
0x2710eda90532bc9647d8b6d7a4e62bee1be9dffe,3,0x44440f35599a7d517054647def8e06e849c4afb4,0xbb4cdb9cbd36b01bd1cbaebf2de08d9173bc095c,18,18,25,0,0,3173
0x5a3e4341544284ec75e7a05d095e8db3ae18350a,3,0x3f2b10f3327ea2337c524eef23f4cd61bc364444,0xbb4cdb9cbd36b01bd1cbaebf2de08d9173bc095c,18,18,25,0,0,3174
0xd866ff0e353e7f07a574e75e921626b2d3033267,3,0x1f43d2f16b598af110b75bb2fab6ceb362577b3a,0x55d398326f99059ff775485246999027b3197955,18,18,25,0,0,3175
0xeb005160f90727c8b3fea30b27a23270e398126f,3,0xbb4cdb9cbd36b01bd1cbaebf2de08d9173bc095c,0xdd19a94d9e283c896aabfc72ec7a76d51d9be058,18,18,25,0,0,3176
0xe45f482b86cc979a6a28f6725e8fe2e5150dc985,3,0x9cb3ab4fb21cf910da2ce6800753dbd866784444,0xbb4cdb9cbd36b01bd1cbaebf2de08d9173bc095c,18,18,25,0,0,3177
0xac3ad07fd1c1fcf62e76d5d523324695dece5558,3,0xbb4cdb9cbd36b01bd1cbaebf2de08d9173bc095c,0xe8b83637db98540cd2c196741c449aa6f9594444,18,18,25,0,0,3178
0xe0cd910f12bece3e3e9dd7b77a72b8e8173f502a,3,0x1938468a65627482b6a0147c396487f40aaf743c,0xbb4cdb9cbd36b01bd1cbaebf2de08d9173bc095c,8,18,25,0,0,3179
0xe4077a90f8600d9599440cc6d9057785f43a6ac9,3,0x5fe80d2cd054645b9419657d3d10d26391780a7b,0xbb4cdb9cbd36b01bd1cbaebf2de08d9173bc095c,18,18,25,0,0,3180
0x5afe8bbd62de7cea924ecde765bf6b2ec23cfcc2,3,0xbb4cdb9cbd36b01bd1cbaebf2de08d9173bc095c,0xbb7714ab517e911ff59993548fffffe75c2b7777,18,18,25,0,0,3181
0xc2b30a5378fb4acd5274bede996c3df8d025702b,3,0x8d9fb713587174ee97e91866050c383b5cee6209,0xbb4cdb9cbd36b01bd1cbaebf2de08d9173bc095c,18,18,25,0,0,3182
0x16a132e74531bc4f8bc150f6413fba10fd40e376,3,0x7a5c7be8478f4a65c9264bdc684f8e9e0aae4444,0xbb4cdb9cbd36b01bd1cbaebf2de08d9173bc095c,18,18,25,0,0,3183
0x90319f4986a32bfb3e1cb08b04339cb92d14946e,3,0x5f453f03ab0cdf8d0f3144001e3182adb1d57777,0xbb4cdb9cbd36b01bd1cbaebf2de08d9173bc095c,18,18,25,0,0,3184
0xac3fb18a471b3ccc96157ed2528ed7807fcaeb3a,3,0x0f91719c1198c7525bf06ccad8a5ff6c0f896bde,0x55d398326f99059ff775485246999027b3197955,18,18,25,0,0,3185
0x80ccc25a8961d3690dcd5e6eae21ea0b35a67052,3,0x55d398326f99059ff775485246999027b3197955,0x57ca5139cb609bf382ce11f05a28c7446b879999,18,18,25,0,0,3186
0xc89e3db9f7ab39b3e2964533ffcbaf1fd892abc4,3,0x55d398326f99059ff775485246999027b3197955,0xc124c48b5822f0e8e02bea56c71f9768863aeac9,18,18,25,0,0,3187
0x48555c83839c22904631d34d8f4589e489882cb5,3,0x49717878ffcf8945c627adc7f9d056edee1feb1e,0x55d398326f99059ff775485246999027b3197955,18,18,25,0,0,3188
0x08b52d8e6c9f390d68a21c43fe6ee442d94f8cf1,3,0x0f0dd5e2c0e0c4a41f8908d73d36b8d142f6745a,0xbb4cdb9cbd36b01bd1cbaebf2de08d9173bc095c,18,18,25,0,0,3189
0xe6c476b2865f246bf0e7011e218e8a50af4cd63a,3,0xbb4cdb9cbd36b01bd1cbaebf2de08d9173bc095c,0xbc45edd4b1d3bc9aa665232055cbddae64ef503e,18,18,25,0,0,3190
0xe8b38b7bace617b9b2f7501bdfe33be63838454d,3,0x3465fd2d9f900e34280abab60e8d9987b5b5bb47,0xbb4cdb9cbd36b01bd1cbaebf2de08d9173bc095c,18,18,25,0,0,3191
0x07852d688aef742c477ede84deac1287a51814c5,3,0x55d398326f99059ff775485246999027b3197955,0x6cf271270662be1c4fc1b7bb7d7d7fc60cc19125,18,6,25,0,0,3192
0x51b1ffb693c61f574dc899faad89f5b221195698,3,0x55d398326f99059ff775485246999027b3197955,0xc55c8145e53905a2cc6315499f6c6e57a46ce650,18,18,25,0,0,3193
0x563ad89604a755a3a0cf05858fcba3b461b391d8,3,0x55d398326f99059ff775485246999027b3197955,0xbb2b9dd3cc3b556cc05dcc798a8efc4d10e4d46a,18,18,25,0,0,3194
0x7f1a1d01e85aa906bc108f23b30aeca2241e3b82,3,0x2c9856bcd97782bbcd3c6477cdf5755050907deb,0xe9e7cea3dedca5984780bafc599bd69add087d56,18,18,25,0,0,3195
0x570a734413373d8ee720beca2f8219b9a65c887a,3,0x6946d758559e9e8e945bdc25b4a406e57af79691,0xbb4cdb9cbd36b01bd1cbaebf2de08d9173bc095c,18,18,25,0,0,3196
0x9a20a7dba9cea66e00adfb872cc61ad5716a98bc,3,0x9c189bacce49c00f233265f81b456c38786c34e1,0xbb4cdb9cbd36b01bd1cbaebf2de08d9173bc095c,18,18,25,0,0,3197
0xd804d19f8be8cd5335cda5c9e9df6a0747b07e31,3,0x0be4c23bddbf43ec14ebbd27d6ac7c62379f4444,0xbb4cdb9cbd36b01bd1cbaebf2de08d9173bc095c,18,18,25,0,0,3198
0xc16a96db84323ab9e11ad039c0b4c7d3b356900a,3,0x55d398326f99059ff775485246999027b3197955,0xcf09d3c22c939fa48e93afe2e668181928ef01b1,18,18,25,0,0,3199
0xb56b83b84dbc2a3d7de4bf88969b20907115000a,3,0x55d398326f99059ff775485246999027b3197955,0x6485accb893eac4f4de15b6ea7c1192f96db88ca,18,18,25,0,0,3200
0x880c7bd2be9677d918c9d630f144b9fcb30b2cb1,3,0xbb4cdb9cbd36b01bd1cbaebf2de08d9173bc095c,0xd3b0e53b8379cead266e4341d7b484fa6a7991de,18,18,25,0,0,3201
0xe38b0ac526397fbc5063762a6460071ff2125371,3,0x55d398326f99059ff775485246999027b3197955,0xccbdd85cb9867bd8350d44dcf4022f921b800000,18,18,25,0,0,3202
0x61710b8ff6bf3257e0d1b4453aafe34b8564b582,3,0x55d398326f99059ff775485246999027b3197955,0x62285357516cbd7e1687590bbca08cfd221e5430,18,18,25,0,0,3203
0x536efa5e73ca042ea249c5cf8ef81996224d11ff,3,0x409e1fb8dcd7092bd08b08a2c1d2294f1dba9999,0x55d398326f99059ff775485246999027b3197955,18,18,25,0,0,3204
0x587fbe5f3caf4300449c400d98b9b57022fc219f,3,0x780c9f7b97d8521eb62b362f8d749e0d7a864444,0xbb4cdb9cbd36b01bd1cbaebf2de08d9173bc095c,18,18,25,0,0,3205
0x1a855af1b0656153bbd1d6fe75d0be03c5b11930,3,0x99d986cc7f8ad02eb39ac480836939c4d1fca7f6,0xbb4cdb9cbd36b01bd1cbaebf2de08d9173bc095c,18,18,25,0,0,3206
0xf6d94990a3c667086b11c80a7d85f53c3189c9b9,3,0xbb4cdb9cbd36b01bd1cbaebf2de08d9173bc095c,0xd12bc17de3446f320e17b6a5a932e5c79a52ae49,18,18,25,0,0,3207
0xa66f2227fb1376e5d717f5f74279ab605cd29b6f,3,0x55d398326f99059ff775485246999027b3197955,0xd477887fd19abc782917d6edbec57cdd530d2503,18,18,25,0,0,3208
0x14075b51a0f5c06d8d276c4870740da7b44d5f67,3,0xca044f16afa434c0c17c0478d8a6ce4feef46504,0xe9e7cea3dedca5984780bafc599bd69add087d56,18,18,25,0,0,3209
0x8d5efec8bccfac25b0646cc8f308d6a35281ed19,3,0xbb4cdb9cbd36b01bd1cbaebf2de08d9173bc095c,0xbb5fc49a37c9c17d54273a5dece03b6cbbbbbbbb,18,18,25,0,0,3210
0x61acb7ed45ebef357b9d0a2db64a03ae85c3ea9b,3,0x36765928c3d4abf286f2b67120c093c26a284444,0xbb4cdb9cbd36b01bd1cbaebf2de08d9173bc095c,18,18,25,0,0,3211
0xa02509c5b0bb160aaf7ab446f619a9e0b3a1ff2a,3,0xbb4cdb9cbd36b01bd1cbaebf2de08d9173bc095c,0xbfb9669da51e7ee0aa94aceabc66e9cf34ce4256,18,18,25,0,0,3212
0xbdef6bd9e942078021f2f8f6c50e61dd550dead9,3,0x44447b99f8bf2917df76cde55077483de1d3dc2d,0xbb4cdb9cbd36b01bd1cbaebf2de08d9173bc095c,18,18,25,0,0,3213
0xc56885366d92e0a923895e518d2af58dd22e2c39,3,0x55d398326f99059ff775485246999027b3197955,0xa696ccc6d3e108778315879cc53272bbd7336f55,18,18,25,0,0,3214
0x0f1aa9f7c6a0f65c0334a740ac1be2905d13178b,3,0x55d398326f99059ff775485246999027b3197955,0x7a8119f078d548fd4da029df5b167624554c314e,18,18,25,0,0,3215
0x9627ecf7d3f554f6c7c4fb832999cc25735e69b3,3,0x0c9e6145b1234f5245baeefb90947c2263131419,0x55d398326f99059ff775485246999027b3197955,18,18,25,0,0,3216
0x0a1303200062c852ab4b889bec9a5005ae1cd4cd,3,0x55d398326f99059ff775485246999027b3197955,0xa354a5a801efb9a667dace4d9137f60cc536166f,18,8,25,0,0,3217
0x8b20c4e40e50fe8fc88decdedb0f43bdce815d46,3,0x0e2d372deace3816371715f4b0e7d76aa93f3c12,0x55d398326f99059ff775485246999027b3197955,18,18,25,0,0,3218
0x9e3cabdce926d7b5529992f49efcd142ce742717,3,0xb1232ca8dfed148ea358c0effc8b785280734444,0xbb4cdb9cbd36b01bd1cbaebf2de08d9173bc095c,18,18,25,0,0,3219
0xfabd088ef69827b5326a4b09781c1fa145a89426,3,0x5194433e6fb169ae74f06215d1fcfb642626cfee,0xbb4cdb9cbd36b01bd1cbaebf2de08d9173bc095c,6,18,25,0,0,3220
0x738d9afe300cacf0a78eddf28144dbdf7f94cde1,3,0xb4865fb4848d243caa508cfe509c599c32524444,0xbb4cdb9cbd36b01bd1cbaebf2de08d9173bc095c,18,18,25,0,0,3221
0x6da028a20f3f69c96a2f633124499105bc761040,3,0x55d398326f99059ff775485246999027b3197955,0xc79fda51894dce271065e06df3f68ec19481aea5,18,18,25,0,0,3222
0x4964bfdb26fea12b33f402d072a789bc5e74a339,3,0xbb4cdb9cbd36b01bd1cbaebf2de08d9173bc095c,0xf74bbae97e8e8c4d856c857e4707d5cfd4904444,18,18,25,0,0,3223
0x9e37aac7c8d3e2fb1d6a061376ff31f5a9d18199,3,0x2adc3468fc4149932dd16d0244b7228aa8eead5c,0x55d398326f99059ff775485246999027b3197955,6,18,25,0,0,3224
0x01274ec8137cb9bb0b7f3eb697d99470f634a6d4,3,0xbb4cdb9cbd36b01bd1cbaebf2de08d9173bc095c,0xfdedf0a4b16e8891f1d33a0513833510779efee7,18,18,25,0,0,3225
0x23f73063289c7a1a5785588fb6b9eee17ef52353,3,0xbb4cdb9cbd36b01bd1cbaebf2de08d9173bc095c,0xd4af5d6eb2d5c5cee4e5a6138b64f8fd53545555,18,18,25,0,0,3226
0xbbca9e951170aa533726624fd9fb6085d5515e46,3,0x55d398326f99059ff775485246999027b3197955,0x9d0f99517efef9f94d696bae41a038afb32ae519,18,18,25,0,0,3227
0x0bdb3decf7e1c1d2cd6bc2efaf9dcd77f50ceeeb,3,0xbb4cdb9cbd36b01bd1cbaebf2de08d9173bc095c,0xf5dfd94bf89e0948c7770adf5e747dfa47bc4444,18,18,25,0,0,3228
0x856b5f3935e36ce3c8d731cd9ac743d5e140fd2e,3,0x55d398326f99059ff775485246999027b3197955,0xd0355366b215c406f3ec55cc24b1c6889a111111,18,18,25,0,0,3229
0x33a9790117927e8b499ea23324c92bebe1de68e2,3,0xbb4cdb9cbd36b01bd1cbaebf2de08d9173bc095c,0xcf85cbf6e55022e59ebf543501cf76aee42d030c,18,18,25,0,0,3230
0x219d9d1c29337a667199ff666cf725f1588bf4e2,3,0x72c3e1cfd42d40e0635ef486527788ef499ac859,0xe9e7cea3dedca5984780bafc599bd69add087d56,18,18,25,0,0,3231
0x41c6300c93d48729c2cf7f4d1b803c8a502c419e,3,0x55d398326f99059ff775485246999027b3197955,0x71720310b45f9e01825c393a34fb84c778ed8888,18,18,25,0,0,3232
0x8dc5b82398decace63d15788314ab80f81d00529,3,0x3433a5748bda2f7338bdc600be7bc716d5882b0c,0xbb4cdb9cbd36b01bd1cbaebf2de08d9173bc095c,18,18,25,0,0,3233
0x2968ec261676618b28c6921dcb91347b5517175d,3,0x5a92a0a3ad1ef31e8b53527c9c09ddf391eb47f1,0xbb4cdb9cbd36b01bd1cbaebf2de08d9173bc095c,18,18,25,0,0,3234
0x7f1b8637ffe6750c18a5800c7bbf1c5af5fd3e4d,3,0xbb4cdb9cbd36b01bd1cbaebf2de08d9173bc095c,0xe94fbee8ff1921e520b70d64f924cb9a822d4444,18,18,25,0,0,3235
0xa9a6a589a24f03153b9915ff9bf3d76ae35e14ab,3,0x06c910d728499aa9aa7da39fb26ddc5dc6ea4444,0xbb4cdb9cbd36b01bd1cbaebf2de08d9173bc095c,18,18,25,0,0,3236
0x7c3c8e6aea1b1cee598f411a22b36e700e5a6fb3,3,0xb194d48350bc336520080d0732069ebf26cdf648,0xbb4cdb9cbd36b01bd1cbaebf2de08d9173bc095c,18,18,25,0,0,3237
0x1a3886cc4478c430c0a9ad5ba633d4f3f0e448ed,3,0x031d912d28efac3b0d36440419a4593f0cb74444,0xbb4cdb9cbd36b01bd1cbaebf2de08d9173bc095c,18,18,25,0,0,3238
0x963903bb19eb5510b903f0e0da29aaf305bcfcda,3,0x5530ec23f4ee1521182bd158c09f4ca7efec1ef0,0xe9e7cea3dedca5984780bafc599bd69add087d56,18,18,25,0,0,3239
0x95b5530c09412244378270bccacef36cfc933fd2,3,0x448ee2b0a080ef84a725ca3c1e53b2386de300de,0x55d398326f99059ff775485246999027b3197955,18,18,25,0,0,3240
0xe80df579921f5d8c49feaefb73aca4c45121b0ad,3,0x55d398326f99059ff775485246999027b3197955,0xacf34edcc424128cccc730bf85cdaceebcb3eece,18,18,25,0,0,3241
0x277716cc8122c460b93f803fb06ce58d16c91c15,3,0x55d398326f99059ff775485246999027b3197955,0x9735b8d0666212f8e93728f2bd008902e3131419,18,18,25,0,0,3242
0xc6d477719226e97ee6fcf48cf4d43be717b27fe2,3,0x5f992abf5bc1725f6b0dfd116031c31aebb54444,0xbb4cdb9cbd36b01bd1cbaebf2de08d9173bc095c,18,18,25,0,0,3243
0xa511dc3d8422ee0e2a2c4ec1ac8b893757f0dc77,3,0x55f75fe8345db62fd30d57e0c60903a758484444,0xbb4cdb9cbd36b01bd1cbaebf2de08d9173bc095c,18,18,25,0,0,3244
0x202aa76f51a362ac2510e9cea71acd49e1dae64e,3,0xbb4cdb9cbd36b01bd1cbaebf2de08d9173bc095c,0xec126e20e7cb114dd3ba356100eaca2cc2921322,18,18,25,0,0,3245
0xface7175814db1b14579e00ea01e2891b44300cc,3,0x94b2df3f3c5635f8f9d1413e03307f5938cd4444,0xbb4cdb9cbd36b01bd1cbaebf2de08d9173bc095c,18,18,25,0,0,3246
0x22861b361913e19affddeb8ccf588b92e3b0cedd,3,0x7e390ab72222d25839209f01d3af816df11e4444,0xbb4cdb9cbd36b01bd1cbaebf2de08d9173bc095c,18,18,25,0,0,3247
0xdd3f8c8c33c92747bb968a5ab24f0c75770ab15e,3,0x55c8228873e4e07c8507fb14e4e2a8803e034444,0xbb4cdb9cbd36b01bd1cbaebf2de08d9173bc095c,18,18,25,0,0,3248
0x36a0c612f986a0b15e665f574d971bad71998977,3,0x2722c9db0fc6818dc9dd3a01254afc3804438b64,0xbb4cdb9cbd36b01bd1cbaebf2de08d9173bc095c,18,18,25,0,0,3249
0x6952d0f379c040d0823d4795611ade10249aced8,3,0x377f20d22748d906f2b7933db2177c3f12e25b39,0x55d398326f99059ff775485246999027b3197955,18,18,25,0,0,3250
0x84060b969a80ca72dd53d69e28e7370837618458,3,0x55d398326f99059ff775485246999027b3197955,0xf4076bb033a8b72a6e33090db0a83705994ccccc,18,18,25,0,0,3251
0x9dc9a9aba7fb0bdbf3edeba61fb8985e1e7969dc,3,0x471c8a60ba1d083ad7c38c0944b91b6075b88888,0x55d398326f99059ff775485246999027b3197955,18,18,25,0,0,3252
0x40cd2fd754359778af20e92d00869fa1503b17c5,3,0x762f68a78a03c38f5e242196e8d3d96fb185ffff,0xbb4cdb9cbd36b01bd1cbaebf2de08d9173bc095c,18,18,25,0,0,3253
0xb52663765b54719397ec76f7fb7250c75ff7303c,3,0x55d398326f99059ff775485246999027b3197955,0x5d40e8bd213c4eb65456a0e8dd387c558070e777,18,18,25,0,0,3254
0xef7c7d7c705e00b350b7ec2187cdec38d1620724,3,0x2e4929f87b881a1aac5fd45f8d2277f30fcb4444,0xbb4cdb9cbd36b01bd1cbaebf2de08d9173bc095c,18,18,25,0,0,3255
0x3a18d9acf6cb6bf11a19f17227cf1c37f18569e0,3,0x3d40b9568d97064feaf6783ae1dee597bf40541e,0x55d398326f99059ff775485246999027b3197955,18,18,25,0,0,3256
0x71e6de81381efe0aa98f56b3b43eb3727d640715,3,0x0b15ddf19d47e6a86a56148fb4afffc6929bcb89,0xe9e7cea3dedca5984780bafc599bd69add087d56,18,18,25,0,0,3257
0x74dae744d7838918c2176742f8cf4113a9266203,3,0x26b9a652e7d45fff08f2229a835862cdc811e54a,0xbb4cdb9cbd36b01bd1cbaebf2de08d9173bc095c,18,18,25,0,0,3258
0xece3f2645ed0910d4a10f4e262e9fe47c481d9de,3,0x1f790e7eb953b3f7ead89e5a100ffc3b8d2d2b28,0xbb4cdb9cbd36b01bd1cbaebf2de08d9173bc095c,18,18,25,0,0,3259
0x42b58eb4746272e9b298e1def588790efec798b3,3,0x215592abd8aa3900925eb40ba4492a5efd761951,0xbb4cdb9cbd36b01bd1cbaebf2de08d9173bc095c,18,18,25,0,0,3260
0x6c96082d510045c80a309d1bbf8377ae7d0be2c1,3,0x682f8fddfec6ebdf6c7bf1c0eec276b37a647d59,0xbb4cdb9cbd36b01bd1cbaebf2de08d9173bc095c,8,18,25,0,0,3261
0xbef8d6196c3ef914689673ade0b5866dee0ae411,3,0x375ea2406789adc36b1ffa19806a2f7ee6154444,0x55d398326f99059ff775485246999027b3197955,18,18,25,0,0,3262
0x3ad4ba9d9e51828f8b1fa94c3dc66664406c6cdd,3,0x55d398326f99059ff775485246999027b3197955,0xf735af29a14aa017fd6b40c0b6be2fa2df0ccd5c,18,18,25,0,0,3263
0x8386518a07c13a6cc86537422d0289e2c22c7416,3,0x8c8631e52a9fdd131c87ac17ce64470ff94c4444,0xbb4cdb9cbd36b01bd1cbaebf2de08d9173bc095c,18,18,25,0,0,3264
0xe14412dfefebb1fc0055940a729338e2f9c6c8d9,3,0x55d398326f99059ff775485246999027b3197955,0x9d2144328e1d618f54cd38540f5ee50671f6a208,18,18,25,0,0,3265
0xf96b0d46fa03628f981b3f51f02bb817bee6666f,3,0x2ee5c35f92e287f190e0446c679b171b8c332934,0xbb4cdb9cbd36b01bd1cbaebf2de08d9173bc095c,18,18,25,0,0,3266
0xa9705af6ad335d17d35bfb40f5c30ef9ffb89489,3,0x55d398326f99059ff775485246999027b3197955,0x83ff97f11a276ca239e32146b61757ab5b089e3d,18,18,25,0,0,3267
0x05a1e6c4c3439f4477aede5f7f7b8a1fd2e60f2f,3,0xbb4cdb9cbd36b01bd1cbaebf2de08d9173bc095c,0xe0a73a4a39039924a5d7476b5a0f174693b4966e,18,18,25,0,0,3268
0xd4fa3017cb84d48de231102600c82359b6298965,3,0x1c69673b15871264c180deaa08d0c48a3659f85c,0xbb4cdb9cbd36b01bd1cbaebf2de08d9173bc095c,18,18,25,0,0,3269
0x8f97bfc2144341e85b4b15bb6e005155574b2071,3,0x769d8be8bee17ca62fbccbbe3f5cb1f6549a4444,0xbb4cdb9cbd36b01bd1cbaebf2de08d9173bc095c,18,18,25,0,0,3270
0xde49e70be18722968dff0d1256588ad85e7d5526,3,0x3c54be79b841fb5e886940d7a861ac11ff389c3e,0x55d398326f99059ff775485246999027b3197955,18,18,25,0,0,3271
0xac51583fb8836f27f135fe358dde009b29d95ef7,3,0x55d398326f99059ff775485246999027b3197955,0x657ef7af0fffc7ac913a0492150060935b668f2c,18,18,25,0,0,3272
0x8fc48e2443d86daf425519619e5e82725449169e,3,0xbb4cdb9cbd36b01bd1cbaebf2de08d9173bc095c,0xd7e6c43ebb9ce73b892f86edccfe2271f0943841,18,18,25,0,0,3273
0xb7eb0e87b1eb91afa7b6b2030ea5c4ac63546bb3,3,0x095ec869ee91d85915d29d2d59dbc70481294a4e,0x7130d2a12b9bcbfae4f2634d864a1ee1ce3ead9c,18,18,25,0,0,3274
0x90900cb766f30b55ffc7a1a6d0b6f0a37529ab5d,3,0xa881958c5dbfbea3c8ec145d7cc9338b22b195ab,0xbb4cdb9cbd36b01bd1cbaebf2de08d9173bc095c,18,18,25,0,0,3275
0xeb966a3cfbc213ad759d9b185399797b63233295,3,0x38c4b187834f6351c5e523182f23ed64adf9ffff,0xbb4cdb9cbd36b01bd1cbaebf2de08d9173bc095c,18,18,25,0,0,3276
0x0291f5bd3b7e0acffa85144542b76815f0ac9e45,3,0xbb4cdb9cbd36b01bd1cbaebf2de08d9173bc095c,0xcf192966b61456b38fd17c8b4ce07126cdb25312,18,18,25,0,0,3277
0xa17a523a20ce9c3d9f5366ab06284fac29c13854,3,0x071337faedb807733a50ed4f49f26198499b7777,0xbb4cdb9cbd36b01bd1cbaebf2de08d9173bc095c,18,18,25,0,0,3278
0xeb3a2b11de9a85f5af6ea9182acbc302f8dfdead,3,0xbb4cdb9cbd36b01bd1cbaebf2de08d9173bc095c,0xe03710afb34bb2cbfd5a88943d40eeef45584444,18,18,25,0,0,3279
0x105fff6ac7c18272c63717caa9ceb5772821479d,3,0x1164dce902a5dbfe2dd5a01191c145889e48520c,0xbb4cdb9cbd36b01bd1cbaebf2de08d9173bc095c,18,18,25,0,0,3280
0xe52b233d475a30db80e797d489ed37b54503d99c,3,0x5d0ae9223533db48f32ae0aa3845eedf20894444,0xbb4cdb9cbd36b01bd1cbaebf2de08d9173bc095c,18,18,25,0,0,3281
0xc942313fe4bfe5ef05327f8a70564c16f80f16e3,3,0xbb4cdb9cbd36b01bd1cbaebf2de08d9173bc095c,0xd9a5eecb66637a7e869d56bcb9fb8a1ce98b735a,18,8,25,0,0,3282
0xdac86b72bb0356bb8e0167a60be6a858eaaf1d87,3,0xbb4cdb9cbd36b01bd1cbaebf2de08d9173bc095c,0xca71e41f7945da2b080d63daa7c934b02f464444,18,18,25,0,0,3283
0x3c068a8d60852718eac898b403e4f8dd84a02306,3,0x108dd0ef1cd383d6f83e678e664ede29f628da02,0xbb4cdb9cbd36b01bd1cbaebf2de08d9173bc095c,18,18,25,0,0,3284
0x47be2808d0b7d41235f67370827290e4b0b94690,3,0xbb4cdb9cbd36b01bd1cbaebf2de08d9173bc095c,0xd6e15a4605d9f7a48db51aa842c2b55b36718342,18,18,25,0,0,3285
0x38a4bbcceb4401165415be948834cc3e59402d55,3,0x037b202ca88d2028d82936d5615ee5088cb9fd78,0x55d398326f99059ff775485246999027b3197955,18,18,25,0,0,3286
0x1fe39ff3d8ac90dbb83dfe30c3b94fc0d77c68d8,3,0x8b9ad5e415b78aad213023e73f1677304ea24444,0xbb4cdb9cbd36b01bd1cbaebf2de08d9173bc095c,18,18,25,0,0,3287
0x93e5eb6acf1ac357797c0158f170133dbfe1ff6d,3,0xb29994a5cb3afc8aac24ecd4bc43a65f52229c78,0xbb4cdb9cbd36b01bd1cbaebf2de08d9173bc095c,18,18,25,0,0,3288
0x4c50491d4f512d8014190a1bc0dd0af01fe419c9,3,0x4c4eb410616614318b156ed4d787129aa6c40177,0xbb4cdb9cbd36b01bd1cbaebf2de08d9173bc095c,18,18,25,0,0,3289
0xebc7b2ed61ddef361a316bdf9b557b739126fc57,3,0x0f4d70d106e17a5da106ff156626cb87cef403ef,0x55d398326f99059ff775485246999027b3197955,18,18,25,0,0,3290
0x7216ba721cee57c2c816c77d76eabfd07b18f6fd,3,0x55d398326f99059ff775485246999027b3197955,0xa51cb5ef4159a2fb00148f4ce093f8827b028333,18,18,25,0,0,3291
0xad96f1da6e7ead3f1b7c0358b7296137014bb747,3,0x65e8af3e2646330a2b17a9f85f1f9e7d56aa4444,0xbb4cdb9cbd36b01bd1cbaebf2de08d9173bc095c,18,18,25,0,0,3292
0x98e7f366487aa697f85fedcb1d27311e7f4d4516,3,0xa9d75cc3405f0450955050c520843f99aff8749d,0xbb4cdb9cbd36b01bd1cbaebf2de08d9173bc095c,18,18,25,0,0,3293
0x710b1cdacf165704108a9583dd1ea3582ee469ad,3,0x55d398326f99059ff775485246999027b3197955,0xa4eacdf5b13a50358c6a995690e71d8ffc2cd6a2,18,18,25,0,0,3294
0x4d5a4c0cc021e6bd2c7c9be6c12165b3d5565058,3,0x9798da338fe83caf52d7533b48b8aed0913c4444,0xbb4cdb9cbd36b01bd1cbaebf2de08d9173bc095c,18,18,25,0,0,3295
0x51ad15c06e9fa15a2a8563347f050cd2b8db64fc,3,0x55d398326f99059ff775485246999027b3197955,0x8c1798ba1ddebe794f75a71d45a2d5106264ad3d,18,18,25,0,0,3296
0xbbfde9d4863baf4503fdc9abdc4def539ea301b5,3,0x3810a078aa274ea6d06a480588eff8fe517220a4,0xbb4cdb9cbd36b01bd1cbaebf2de08d9173bc095c,18,18,25,0,0,3297
0x7185a2350e8f78e67f9087aeee2d4ae7d62290f7,3,0xa7bbe1a49d98dbc5d9c3b26c0ae5333a93bfac4f,0xbb4cdb9cbd36b01bd1cbaebf2de08d9173bc095c,18,18,25,0,0,3298
0xe7ac7ff9dec4811a8c9cb6bcf3e5072cc85c2ec5,3,0xb0a58d1d7c4e3183900691d08ca3c9d43bc4823b,0xbb4cdb9cbd36b01bd1cbaebf2de08d9173bc095c,8,18,25,0,0,3299
0x3d807482cc64b73d375432cfc489b08a28344c76,3,0x31fb93c7040a6f53ae784a8ee427ea2ff0bf7043,0xbb4cdb9cbd36b01bd1cbaebf2de08d9173bc095c,18,18,25,0,0,3300
0x7c0cf3ffe9bf0f150be1bd1445dbc7cdd1559c75,3,0x55d398326f99059ff775485246999027b3197955,0xdb7cb34812d3da763ab81cade15d68d5b867ca2d,18,18,25,0,0,3301
0xa4ff36d118917bfb84ef7efa9126dd38e7709cea,3,0x864612d802cb25364c9f95c51e1e59abc442c828,0xbb4cdb9cbd36b01bd1cbaebf2de08d9173bc095c,18,18,25,0,0,3302
0xfb4ba2ccacbf0881d7503962a5b805be5eae53c9,3,0x13bfa360820e001444bba3ef2391ec9f6255f6fd,0xbb4cdb9cbd36b01bd1cbaebf2de08d9173bc095c,18,18,25,0,0,3303
0xdbf60cf38f6f09a2cfbdeb2d37a4d59c3fa87d64,3,0xbb4cdb9cbd36b01bd1cbaebf2de08d9173bc095c,0xfdf7d23c38f0d0a7e66fffea27106485b8374444,18,18,25,0,0,3304
0xd16eee66969539ea67bb85d1a3412a1ff0e3310f,3,0x6b4917a11bcb3bdcb545d79f211e81aa5835a3ba,0xbb4cdb9cbd36b01bd1cbaebf2de08d9173bc095c,18,18,25,0,0,3305
0xa80e904bba0309c75469cc7cf92fa04fe8d4270d,3,0x8b56e20317b62bc11f61b3e13e370835a025f3fc,0xbb4cdb9cbd36b01bd1cbaebf2de08d9173bc095c,18,18,25,0,0,3306
0xf81d068f815ead98baa5c1e8fe0eca0e0fdd059e,3,0xb42d00932c22ec2cd243ad314e81e71b1031156e,0xbb4cdb9cbd36b01bd1cbaebf2de08d9173bc095c,18,18,25,0,0,3307
0x573c28e98227c8a7150991a34bdfc7002d66a20d,3,0x8783ed9b70d4c354c19dacd211f9d6258cc5ab89,0xbb4cdb9cbd36b01bd1cbaebf2de08d9173bc095c,18,18,25,0,0,3308
0x784914721b26e6464732d0dccdf50fc686a9db8a,3,0x6b471d5ab9f3d92a600e7d49a0b135bf6d4c6a5b,0xbb4cdb9cbd36b01bd1cbaebf2de08d9173bc095c,18,18,25,0,0,3309
0x9ad7eee97891fa30c808904fa7d1ddc3313e6649,3,0x6f112c6aaf661684e99f1b4a45f861587c0595f1,0xbb4cdb9cbd36b01bd1cbaebf2de08d9173bc095c,18,18,25,0,0,3310
0x5949aeccab9cb0084f21adb139a26d0992f42aaa,3,0xa4bec91b00228ef2da61eefa3ee5cbd0fdf447eb,0xbb4cdb9cbd36b01bd1cbaebf2de08d9173bc095c,18,18,25,0,0,3311
0x4333ee4e7e76f3fb29a5620bc2e21169c77feae3,3,0x55d398326f99059ff775485246999027b3197955,0xd091c7ffcb66172980156a1643dac18121e2678b,18,18,25,0,0,3312
0xe213e8f651d1d10ff452741de326b17d0de04684,3,0x55d398326f99059ff775485246999027b3197955,0xd48474e7444727bf500a32d5abe01943f3a59a64,18,8,25,0,0,3313
0x82735e1391d3797e48bbdbdd05938ba80334c6e8,3,0x0d999596ccb9ebcf312ea31bd89714c92087e0e4,0x55d398326f99059ff775485246999027b3197955,18,18,25,0,0,3314
0x912da07eb4f65f8a46a6e5578b962c151d18c0b7,3,0xe9e7cea3dedca5984780bafc599bd69add087d56,0xf25868b9e9c62f12192650ac668a2aa69f965f44,18,18,25,0,0,3315
0x0345ea5da65a2d528b54a18d97b9663cd7843cd0,3,0x55d398326f99059ff775485246999027b3197955,0x793d30e15be34c4d333d42ea96338c9471899999,18,18,25,0,0,3316
0x99d73032de84a5644a1dfb06b6640b5cc257ccc6,3,0xbb4cdb9cbd36b01bd1cbaebf2de08d9173bc095c,0xc234104abd3381c666c46b08077552ecfc97392b,18,18,25,0,0,3317
0x5da66498783f418b14e904d43c5f5fe1ed4b2bc1,3,0x37c9ab94818c995569fd6f23feccec54bce900e0,0xbb4cdb9cbd36b01bd1cbaebf2de08d9173bc095c,18,18,25,0,0,3318
0xc5918102cc1ee51e98ef12d77cf27c7aa954ea78,3,0x9c8c624e9dff5b840e834b3336b52a224d52578a,0xbb4cdb9cbd36b01bd1cbaebf2de08d9173bc095c,18,18,25,0,0,3319
0x194e684c847f0eac6b564a3e3d82b69151d354c5,3,0x4550003152f12014558e5ce025707e4dd841100f,0xbb4cdb9cbd36b01bd1cbaebf2de08d9173bc095c,18,18,25,0,0,3320
0x8eb7a50c70149ddf2ec05d89658417dfb9840ebb,3,0x44442be09193f13a69b6586ba402255cdea1e893,0xbb4cdb9cbd36b01bd1cbaebf2de08d9173bc095c,18,18,25,0,0,3321
0xff9aed73da4bca08ec6bea58fa8848c33a8d06e8,3,0xaff848e2461d3306ab30ddb363e1a1db5ced7777,0xbb4cdb9cbd36b01bd1cbaebf2de08d9173bc095c,18,18,25,0,0,3322
0xd35fa96f83343586aff73955cb3c1be2adbea9ea,3,0x55d398326f99059ff775485246999027b3197955,0xd141846b4b009b13e074063940b0829ad1194444,18,18,25,0,0,3323
0x7139a2e4d55967c88b2c1412328498e804b46d49,3,0x55d398326f99059ff775485246999027b3197955,0xe76c5c8c3452ae4f58287bcd88582b19f07b9bc8,18,18,25,0,0,3324
0xe91840503494228647dd87fddcab73204fe83391,3,0x55d398326f99059ff775485246999027b3197955,0xb2f53069e1555793481aafe639f8e274f4ec8435,18,18,25,0,0,3325
0xbda019a523506bc7b7c092a3b882792e582c039c,3,0x55d398326f99059ff775485246999027b3197955,0xec0703b60d0f4e13527ecd3f9ae9daa4fb75036b,18,18,25,0,0,3326
0xecb3b36a07032ee799326b6b7cf2fdb1d5b76e57,3,0xbb4cdb9cbd36b01bd1cbaebf2de08d9173bc095c,0xf41e230ea7c3492656316fdbd248e57670ccabe3,18,18,25,0,0,3327
0x4f532191fa5b3ff8e4522a3367ba3e2824dd5fee,3,0x55d398326f99059ff775485246999027b3197955,0xb860b85253f4527e1361b0893c53d9b76a2b9cd1,18,18,25,0,0,3328
0xaa29973ec578877553df06fa4f74fb63d88136f8,3,0x5050fb516016a3f41be2947084815a487762a335,0xbb4cdb9cbd36b01bd1cbaebf2de08d9173bc095c,18,18,25,0,0,3329
0x57be2eaf2169f11b1a807bcdbe19536b198e0c61,3,0x55d398326f99059ff775485246999027b3197955,0xbad37b278e495b3e357b3f9e7a6fc5920a33bc6a,18,18,25,0,0,3330
0x76e17333cb39ec1b487ea59fbbfbb29b24abe792,3,0x29aca1239fb8b1a2f51b00a485725f029f8f470e,0x55d398326f99059ff775485246999027b3197955,18,18,25,0,0,3331
0x28a3111113526ee1391531f6ef27482309af4ec4,3,0x55d398326f99059ff775485246999027b3197955,0x877261b629f5ee571fda07228c02cc963ef1b127,18,8,25,0,0,3332
0x88774a8bb173638f8ca344d31914780e70d8c552,3,0x14ee333538b4621a600f011e508d783ea200d60e,0x55d398326f99059ff775485246999027b3197955,18,18,25,0,0,3333
0x7672eb91d647e66530fc8ee19814ec559a88a752,3,0x52f8e037767164726a7d12de98314e3c446aa021,0x55d398326f99059ff775485246999027b3197955,18,18,25,0,0,3334
0xac46d251b22b084c8f255bb28b7894c79bdee075,3,0x6b3bf1b4d2430fd01af4dd410722b5ff04c02bf3,0xbb4cdb9cbd36b01bd1cbaebf2de08d9173bc095c,18,18,25,0,0,3335
0x036eda2a98449f2d40a761d0a3048a08bdeccff4,3,0x55d398326f99059ff775485246999027b3197955,0xa029cc03a5318fecc0262756cb3f49de35eb4336,18,18,25,0,0,3336
0x02d7bafb69541cbd84f7a2e83171a7fa79ff822f,3,0x2f3c6d2fea752942856f8e34af26ae76f4bbf53c,0xbb4cdb9cbd36b01bd1cbaebf2de08d9173bc095c,6,18,25,0,0,3337
0x11f2d3a54845d142669e1cb304105f3fd55038ad,3,0xbb4cdb9cbd36b01bd1cbaebf2de08d9173bc095c,0xdf3762007f19dadee51273169feb8bce896d8da8,18,18,25,0,0,3338
0x83d671c76afcc89b504ce83f03465cf4ce07b26c,3,0xbb4cdb9cbd36b01bd1cbaebf2de08d9173bc095c,0xefc90bd06b1737d73baba1fc7b4c5d4391d17777,18,18,25,0,0,3339
0x92ff504e3522059ad783b9116fceb4c71ffaf989,3,0x613467cf60f250a8f1bdf3fd170d286d7c9a165c,0xbb4cdb9cbd36b01bd1cbaebf2de08d9173bc095c,18,18,25,0,0,3340
0xdcce26517d144fe951842ef5163a646e6943d846,3,0xa1cbb8e0da189f1d9eebb53ce743545fed413a0e,0xbb4cdb9cbd36b01bd1cbaebf2de08d9173bc095c,18,18,25,0,0,3341
0x06ba915b8d97aa4e80b6579e58620619a988c6d9,3,0x55d398326f99059ff775485246999027b3197955,0xa86a86b8acdc55812bec2971a2fc8a989455858c,18,18,25,0,0,3342
0xa0117b4d60420a0dbe2cefea0acb6538c39b1077,3,0xbb4cdb9cbd36b01bd1cbaebf2de08d9173bc095c,0xdf8aa9bd210b6f26f71303985a35d4d2ccec7777,18,18,25,0,0,3343
0xde249d74f3db91fbbb4d7f1b842d1da55a9b2bcd,3,0x129dc62d76b3c2afac1606d04921cfa693f04444,0xbb4cdb9cbd36b01bd1cbaebf2de08d9173bc095c,18,18,25,0,0,3344
0xf46b7690246e49b369799c35787eb79eb55fc910,3,0x7130d2a12b9bcbfae4f2634d864a1ee1ce3ead9c,0xdf9c2de5fb4887877dd849ec13c25aacc6365970,18,18,25,0,0,3345
0x96c981808ccc62089368a5a9e8f749d057f86578,3,0x55d398326f99059ff775485246999027b3197955,0x6a37f1219f367f8a369a2e2d00c8dbe0354086dd,18,18,25,0,0,3346
0xb679e01cc758ade54494d291ebc970e6c149a19e,3,0xb022260e40eadbad0ab0cd757af7f9ec64eb1c57,0xbb4cdb9cbd36b01bd1cbaebf2de08d9173bc095c,18,18,25,0,0,3347
0xe293807312baabf35a08c5dad44387bb553fc6dc,3,0x63982bbd062cf9d8efca59ec37609dcc0bc2f305,0xbb4cdb9cbd36b01bd1cbaebf2de08d9173bc095c,18,18,25,0,0,3348
0xa95238c7f6da1daf3b057427a1bbb85401f19dcf,3,0x1f20f26a747916fab87c1fe342fa4fa787f2b2bf,0x55d398326f99059ff775485246999027b3197955,18,18,25,0,0,3349
0x5abc3d8c924a9e59416632f4676ce472af0dee11,3,0x55d398326f99059ff775485246999027b3197955,0xb7f2d67b37f5afb65225c5bc3c28b405be5bc964,18,18,25,0,0,3350
0x3555d2dd49c7242e338cc320e79e69c97f62a877,3,0xbb4cdb9cbd36b01bd1cbaebf2de08d9173bc095c,0xf4f64924435fba90edae779ce95af4cc93c6e539,18,18,25,0,0,3351
0x4c5f4f77a6a1a7ddacfd48039777582dc8acf143,3,0x55d398326f99059ff775485246999027b3197955,0xf3961311567851a7f79baa2ba0955e5c1a8f8888,18,18,25,0,0,3352
0xe3164318c451d45192f8186b99094cbeaf10824d,3,0xbb4cdb9cbd36b01bd1cbaebf2de08d9173bc095c,0xeb57b0de4b8d162909b4cc513102885695be4444,18,18,25,0,0,3353
0x562c0c707984d40b98ccba889c6847de274e5d57,3,0x7f12a37b6921ffac11fab16338b3ae67ee0c462b,0xe9e7cea3dedca5984780bafc599bd69add087d56,18,18,25,0,0,3354
0x4edd66ea25ff86177758e8d481f08f8b101770e0,3,0x1a87091a2c126cd994bc479f9f66c57ba3b8e9d8,0xbb4cdb9cbd36b01bd1cbaebf2de08d9173bc095c,18,18,25,0,0,3355
0x0fe730c00d9060db238d405e612c3eaf93e21073,3,0x47c18b9758d48901b54d046c0e803753da7e433f,0xbb4cdb9cbd36b01bd1cbaebf2de08d9173bc095c,18,18,25,0,0,3356
0xc8c03af5b0df21eb81edb1f6be3ad6e22421b176,3,0x73da72b67ebcc815e5d430f2c4c722373d7d490e,0xbb4cdb9cbd36b01bd1cbaebf2de08d9173bc095c,18,18,25,0,0,3357
0x265745600c0457dc51f1666baaceb08398d26583,3,0x44441a97d01eadd250372b097bd5662793645670,0xbb4cdb9cbd36b01bd1cbaebf2de08d9173bc095c,18,18,25,0,0,3358
0x8b5628fab47311d7f0f3fd43645166c05df0d4be,3,0x46e785acf94cb449e9c1526f0421d35004cd7777,0xbb4cdb9cbd36b01bd1cbaebf2de08d9173bc095c,18,18,25,0,0,3359
0xcf6caa90fc92a0f2de6d6df9234bcc2558b1b0c4,3,0x55d398326f99059ff775485246999027b3197955,0xd0a3e36eff78333a421950a8008231da656e7689,18,18,25,0,0,3360
0xe543f1a2412eacfbf00c2f633a62369e3f4bfd8f,3,0x55d398326f99059ff775485246999027b3197955,0xe6df05ce8c8301223373cf5b969afcb1498c5528,18,18,25,0,0,3361
0x29667f140ffda1ab2d8948c20b9f71fbfa1a070d,3,0x55d398326f99059ff775485246999027b3197955,0x658310c8219b1a92773523e52ca84b55fb333f43,18,18,25,0,0,3362
0xa37882bfdcfe472a04c143d17d7ac7600bfad1f0,3,0xbb4cdb9cbd36b01bd1cbaebf2de08d9173bc095c,0xfcf364952d5bf6241b54eff7b3606ff92664199f,18,18,25,0,0,3363
0xd77ddfe7d510d85a6951d4e15755b47dc9c55aec,3,0xbb4cdb9cbd36b01bd1cbaebf2de08d9173bc095c,0xdc17477e674ebd152b34e2149651cfe38b840a53,18,18,25,0,0,3364
0xa084d4511dce73c1eaf4dca0153e88e943d5f6a6,3,0xbb4cdb9cbd36b01bd1cbaebf2de08d9173bc095c,0xe68a62531202222ebd67e2f5688be0d22831eddd,18,18,25,0,0,3365
0x8a34e521af04734fbb236123dbba3ec6c9c0271f,3,0x07bf63bdfce8d2272879eae61ee83959f516e123,0xbb4cdb9cbd36b01bd1cbaebf2de08d9173bc095c,18,18,25,0,0,3366
0x92bbd5b7b6adf4fb410f73ba314e69b4d98fe127,3,0x4444fb7ce35463b437b633fea1935623a49e367b,0xbb4cdb9cbd36b01bd1cbaebf2de08d9173bc095c,18,18,25,0,0,3367
0x9f0faa9668ca7f0a0c1cef0d267fcd3af388941b,3,0xbb4cdb9cbd36b01bd1cbaebf2de08d9173bc095c,0xebd3619642d78f0c98c84f6fa9a678653fb5a99b,18,18,25,0,0,3368
0x46bf980427a3f0b5dd67992e7b2b77fd35b24c73,3,0xbb4cdb9cbd36b01bd1cbaebf2de08d9173bc095c,0xfe99b493483d493ae3e19e2a682cb2ea43904444,18,18,25,0,0,3369
0x3c275020b0aaa505d30af7218a195e6484f8f9d5,3,0xbb4cdb9cbd36b01bd1cbaebf2de08d9173bc095c,0xc1af6d2ca0ba8efa472ea54790b3caaeb6b80727,18,18,25,0,0,3370
0xb63b69870ffe20fe1c01492cfc9c38177da8ef0a,3,0x6cb755c4b82e11e727c05f697c790fdbc4253957,0xbb4cdb9cbd36b01bd1cbaebf2de08d9173bc095c,18,18,25,0,0,3371
0x39d24337d9e19484eab57ea2f54b96b5d2135e7f,3,0x5c27821d71fa720fccdd2164f806820fd43c7777,0xbb4cdb9cbd36b01bd1cbaebf2de08d9173bc095c,18,18,25,0,0,3372
0x570d59e90616ba3d95a0e64e5894c3a985cad697,3,0x27d72484f1910f5d0226afa4e03742c9cd2b297a,0xbb4cdb9cbd36b01bd1cbaebf2de08d9173bc095c,18,18,25,0,0,3373
0xdaabeea698dfa3913cbafed41dd8b11dba71dc5c,3,0x52b9f5ccdb313ca1125d8bf9be800f78cea15351,0x55d398326f99059ff775485246999027b3197955,18,18,25,0,0,3374
0xbd1db8b3da5179e7d8d3d4baf1a3958972367aea,3,0x1a9b49e9f075c37fe5f86c916bac9deb33556d7e,0xe9e7cea3dedca5984780bafc599bd69add087d56,18,18,25,0,0,3375
0xb91d3809811494222fe1765441968490c00c99ba,3,0x9ccd7671fde42d814430ccabcb5dda127526ec91,0xbb4cdb9cbd36b01bd1cbaebf2de08d9173bc095c,18,18,25,0,0,3376
0x05d1da0b5f61175f38b389e9aeb1b50a14cb72e5,3,0x1fe34d34ec67ef7020874a69a9dd1fb778cf9522,0xbb4cdb9cbd36b01bd1cbaebf2de08d9173bc095c,18,18,25,0,0,3377
0x2d6903bada4f5f07ccb51b711dd159d7dec9da96,3,0x6da288f2b0e111d12a6ec7ac09b8b182f46d54bc,0xbb4cdb9cbd36b01bd1cbaebf2de08d9173bc095c,18,18,25,0,0,3378
0x942f8bfa99ea9e0e2ed2c92896ce3e1e9f4c9d6b,3,0xbb4cdb9cbd36b01bd1cbaebf2de08d9173bc095c,0xd8003ffa422883346e0f45c5171595401c024444,18,18,25,0,0,3379
0x635d319a147f235ca5b8e1bf09ccc8a1a4f43b3f,3,0xbb4cdb9cbd36b01bd1cbaebf2de08d9173bc095c,0xed51083ad183e05ef2d9dfde1ad758c7384d652f,18,18,25,0,0,3380
0x3f01d9f355de832c9f458867fd41e6ccb73742a7,3,0x059ca11ba3099683dc2e46f048063f5799a7f34c,0x55d398326f99059ff775485246999027b3197955,18,18,25,0,0,3381
0x62cbc78bbeb128ede6e3a3242900d987e6572fc0,3,0x55d398326f99059ff775485246999027b3197955,0xf3722ff7068711c93724fba1f4805c8d3ba4f30d,18,18,25,0,0,3382
0xd4189ce5bcee86bc8cb18a9d8ab65e9aeffef3ff,3,0xbb4cdb9cbd36b01bd1cbaebf2de08d9173bc095c,0xddb7d4ab0f3b34976727a4399e804262a4381cd1,18,18,25,0,0,3383
0x48cdc6116a2c0e2ea459345c3aeacc6b3311c1ff,3,0x55d398326f99059ff775485246999027b3197955,0x99f62004fd49cb85b32cd862d0382d493f1b65d2,18,18,25,0,0,3384
0x9a2b1b95226a02e2deb6b8d6a838011c74989a46,3,0xbb4cdb9cbd36b01bd1cbaebf2de08d9173bc095c,0xda08ba041b901cd6f4744c924b6a111a2f57904e,18,18,25,0,0,3385
0x518fd9e7b49b938636780bcbafa88d0b59bc66fb,3,0xac2806267952365c4fb1cd0e8121c0dd35b04ff4,0xbb4cdb9cbd36b01bd1cbaebf2de08d9173bc095c,18,18,25,0,0,3386
0x9fcb1c1719d882f5532c973f884004ea72a7df08,3,0x7760a27365d9cae7335b8681d7e682bb8057e2f1,0xbb4cdb9cbd36b01bd1cbaebf2de08d9173bc095c,18,18,25,0,0,3387
0x3558c47c0f2309197857689d84cb620405e2c54d,3,0x55d398326f99059ff775485246999027b3197955,0x6ded0f2c886568fb4bb6f04f179093d3d167c9d7,18,18,25,0,0,3388
0xa8235baf70077dc42d81282dd119c0831e02db92,3,0x22178c1b9e0455d5d20661e5aa8f34354f888888,0xbb4cdb9cbd36b01bd1cbaebf2de08d9173bc095c,18,18,25,0,0,3389
0x105a0aa586636b67a3a11582e2ffa0b0ed028669,3,0x965d3704de812f5e1e7eef1ac22fe92174258bd9,0xbb4cdb9cbd36b01bd1cbaebf2de08d9173bc095c,18,18,25,0,0,3390
0x1e82a7945a246a580a31988f00738195a2d96f35,3,0x55d398326f99059ff775485246999027b3197955,0x7690430e006316f356fe59ca98f88ae1d1579e0d,18,18,25,0,0,3391
0xe6fbb691bac3c1073cfe200718414dff8ac8ac90,3,0x1abf9cb0b2cfb001dbc673cff960ab20ee338956,0xbb4cdb9cbd36b01bd1cbaebf2de08d9173bc095c,18,18,25,0,0,3392
0xb75d88d2d9d4643014334a0ccfea29cf25e8dad4,3,0x0455b5e580809f7b8ac345b85fcb7b724e24ffff,0xbb4cdb9cbd36b01bd1cbaebf2de08d9173bc095c,18,18,25,0,0,3393
0xbb8ae522f812e9e65239a0e5db87a9d738ce957a,3,0x9810512be701801954449408966c630595d0cd51,0xbb4cdb9cbd36b01bd1cbaebf2de08d9173bc095c,18,18,25,0,0,3394
0x32b1a5cac697b13f6c413704b104f5b05a5bdc20,3,0xbb4cdb9cbd36b01bd1cbaebf2de08d9173bc095c,0xd0ed8f9c119beb13b9fce318a28827d0574c37d6,18,18,25,0,0,3395
0xf6e494aee6262073c950b29d04e9a4128edf382d,3,0x55d398326f99059ff775485246999027b3197955,0x7346bffc83645417fc8eb9abe1679edae34faab0,18,18,25,0,0,3396
0xcdf37106299c03a8fee626a03b23adf678d4a869,3,0xbb4cdb9cbd36b01bd1cbaebf2de08d9173bc095c,0xd97a3a4bcd4b4820673b2bcbe8fcc03ded563404,18,18,25,0,0,3397
0xe59c04ad40a89fa71fbdbe23547e032c50e4826e,3,0xbb4cdb9cbd36b01bd1cbaebf2de08d9173bc095c,0xc8cc4bbd33264db465e4c9ea011f895d02505959,18,18,25,0,0,3398
0x0e0cc022c0145ced64c6b0c8dfb17a5bed353e0a,3,0x55d398326f99059ff775485246999027b3197955,0xcc68a00db1120db10ae6ce0ca6b941a25afbfeb6,18,18,25,0,0,3399
0xea0ca976ba057ab9c5f3b0088043a53561b678a7,3,0x273964388e43a8c492eb7fc3094314b7dd78bce2,0xbb4cdb9cbd36b01bd1cbaebf2de08d9173bc095c,6,18,25,0,0,3400
0x9314233d4f84bfc56c2206947c44b8dd98bc153b,3,0xbb4cdb9cbd36b01bd1cbaebf2de08d9173bc095c,0xd3158a48c4ab6a53032b0c3f41e47591e1cd4444,18,18,25,0,0,3401
0x52409d240238bf9838b38003c27534b6389ec4cc,3,0x556a9f6bc439599f30b57cf14cbce05afa20f704,0xbb4cdb9cbd36b01bd1cbaebf2de08d9173bc095c,18,18,25,0,0,3402
0x33825d075084f2bcc061f16aef91fe4702e4e459,3,0x2f86e2047905bf17f4020625cca27820c928a130,0x55d398326f99059ff775485246999027b3197955,18,18,25,0,0,3403
0xb93de99fe48ec2a6d3a5aa8e8fba904049a17112,3,0x1671a2ab49928523c138dd85c1b9d242f28a35a4,0xbb4cdb9cbd36b01bd1cbaebf2de08d9173bc095c,18,18,25,0,0,3404
0x6d913b377472d5f807dec138cddf7f3a32b4408f,3,0xa78775bba7a542f291e5ef7f13c6204e704a90ba,0xe9e7cea3dedca5984780bafc599bd69add087d56,18,18,25,0,0,3405
0x41c1baa64d97446f27bf6b2d5b970ee243f16559,3,0xaff713b62e642b25898e24d5be6561f863582144,0xbb4cdb9cbd36b01bd1cbaebf2de08d9173bc095c,18,18,25,0,0,3406
0x6564498ef57e138b43e531aac3698836c880af1e,3,0x44441412b008cb20f06685780fd5aaf916cba63d,0xbb4cdb9cbd36b01bd1cbaebf2de08d9173bc095c,18,18,25,0,0,3407
0x11cfb4d205eda33bcb3f408a97db46b3cac28264,3,0xb7bda6a89e724f63572ce68fddc1a6d1d5d24bcf,0xbb4cdb9cbd36b01bd1cbaebf2de08d9173bc095c,18,18,25,0,0,3408
0xcb5b68bd313e40cf042971ad702a8c6fd67d3014,3,0xbb4cdb9cbd36b01bd1cbaebf2de08d9173bc095c,0xbd566c45e13023b94ad0f07f2a93d1ed74801f90,18,18,25,0,0,3409
0xbd8db381f611391679f0ecd9aee34df13380742d,3,0xbb4cdb9cbd36b01bd1cbaebf2de08d9173bc095c,0xf6661fdb33c5fbf6d2c514598cdee0ea9ff04444,18,18,25,0,0,3410
0xc983359d23e30e8f8d5f9f1adbad9c36ea6a04f0,3,0xbb4cdb9cbd36b01bd1cbaebf2de08d9173bc095c,0xe60dfc88d3fea303a3e45e1f7e2f1494898f571b,18,8,25,0,0,3411
0x4788644cd99baacc4f62c844f85c5b2195b61661,3,0x301d651a47e2193eda6890c07d99917a29702ae6,0x55d398326f99059ff775485246999027b3197955,18,18,25,0,0,3412
0xe097b0b836b1b643dc5e3134980637974c790d7d,3,0x55d398326f99059ff775485246999027b3197955,0xf5494b2d2e3db22a27d9990f3e188389b2057857,18,18,25,0,0,3413
0x260f7f368c3e5cebc5ab4f808b137b62d0dd9854,3,0x525089f9269620e892d55a09969d7fc87d1ccd53,0xbb4cdb9cbd36b01bd1cbaebf2de08d9173bc095c,18,18,25,0,0,3414
0xe8cc1f627dbc317dde77363c018acee170cd0592,3,0x2162627785e8e3cc87961ffdcccb6a4286dec03e,0x55d398326f99059ff775485246999027b3197955,18,18,25,0,0,3415
0x354d52b6a4da34b11bcd991ada117d884d0e850f,3,0x2c1b9c96059e125e99cebc4d766ece627e15d22a,0x55d398326f99059ff775485246999027b3197955,18,18,25,0,0,3416
0x919c9fb08c6d59a51017959aa7ceff32494dd867,3,0x218cf81c65b97776efd7f54848c021f2225b01c6,0xbb4cdb9cbd36b01bd1cbaebf2de08d9173bc095c,18,18,25,0,0,3417
0x4e510d555c30a8bb58ab1edaf3b8d4f63ff4baf9,3,0x352716758b399be1e2f030bd2bb4b7396db8254e,0x55d398326f99059ff775485246999027b3197955,6,18,25,0,0,3418
0x3a175aa72ffa1b0839b273b06ba534c080d14e7d,3,0xbb4cdb9cbd36b01bd1cbaebf2de08d9173bc095c,0xe2f2eb62eb026899a3f410ca841bf963af30a3ff,18,18,25,0,0,3419
0x620cc969a7616acaa9a6c35d82c2eff5e6b29c75,3,0xe9e7cea3dedca5984780bafc599bd69add087d56,0xf5a1fb7fba714b548ecb82904c074ff4d0359daf,18,18,25,0,0,3420
0xdf5106e47956dbc54524a941dc858cf9d4e91972,3,0x5e9a7b0a5ea6cd086417355b81b8015e95844444,0xbb4cdb9cbd36b01bd1cbaebf2de08d9173bc095c,18,18,25,0,0,3421
0x8ad740f28edf86137d3f3ebb4952c98c3532344f,3,0x77d689c28b9a1661aa75451dcee6d3d3c0264444,0xbb4cdb9cbd36b01bd1cbaebf2de08d9173bc095c,18,18,25,0,0,3422
0x2a5965e6f5479f9170038a95a4e7ab6ba63e60b7,3,0x040385ad4fd6d360a29209dc911b1808ec138efa,0xbb4cdb9cbd36b01bd1cbaebf2de08d9173bc095c,18,18,25,0,0,3423
0x982aa7a48f6eec95d604ea0076e7701f2f01d9fc,3,0xbb4cdb9cbd36b01bd1cbaebf2de08d9173bc095c,0xf599ef4aaec7462e685c783079baa3c433f0f6d5,18,18,25,0,0,3424
0x38abb3bff45759209894df9d96292ccfd651fc86,3,0xbb4cdb9cbd36b01bd1cbaebf2de08d9173bc095c,0xe0528c170a18acca1b96479fafbdb05a359b7777,18,18,25,0,0,3425
0x8cd62a2efcd4bf5c23e42ae42b68eccd09f204d2,3,0x52e2b86948eda700551286016c8fc22809d6452b,0x55d398326f99059ff775485246999027b3197955,18,18,25,0,0,3426
0x1a5ef00cf0bd15b8e988c08edd6cbde6cbde1bf1,3,0x33e1705dafc68208872635d47d04fdc5b49b2a09,0xbb4cdb9cbd36b01bd1cbaebf2de08d9173bc095c,18,18,25,0,0,3427
0xb6fe1c61ba14d43393fe24874e62a4093f550167,3,0x788b2134c9215650c3fd70911e879ce5bdaeca86,0xbb4cdb9cbd36b01bd1cbaebf2de08d9173bc095c,18,18,25,0,0,3428
0xafbebb9e6953654fb12131548fececfaae03c8b4,3,0x963274bad61c7011a9a1487225cd7a69fb6ddd14,0xbb4cdb9cbd36b01bd1cbaebf2de08d9173bc095c,18,18,25,0,0,3429
0x6908072abf2ba378cdee12651736d25ea36396b8,3,0x6acffe87a43155b8300d1e462cee97d7fed902d9,0xbb4cdb9cbd36b01bd1cbaebf2de08d9173bc095c,18,18,25,0,0,3430
0xbd08389a60145f4ae3afff2aa02e27baa33f201d,3,0xbb4cdb9cbd36b01bd1cbaebf2de08d9173bc095c,0xdd51e0984bb79d2fa080cfa80a69f25ad2034444,18,18,25,0,0,3431
0x54c3b320ba5e2d1ae1b4c8e49707fe771e34d545,3,0xbb4cdb9cbd36b01bd1cbaebf2de08d9173bc095c,0xf942ea9174dda116eeccbedf71a4951e428a266e,18,18,25,0,0,3432
0x66713ecfd635c441d05762928cdad8f40512979d,3,0x6a1fa4caa5ba831b10d0afdd2644fa3770704444,0xbb4cdb9cbd36b01bd1cbaebf2de08d9173bc095c,18,18,25,0,0,3433
0x211ead3e8a72cf70badf6c88ac3554401ad6aa2c,3,0x585a33948095bb66888fe62a062f697955634444,0xbb4cdb9cbd36b01bd1cbaebf2de08d9173bc095c,18,18,25,0,0,3434
0x4781653b6515e2aa0759dfc245c319fd50881a9b,3,0xbb4cdb9cbd36b01bd1cbaebf2de08d9173bc095c,0xc93abf577b737ba8092146c6572e0bda8354c066,18,18,25,0,0,3435
0x7e5ba0e2936dd33fa077546f387a9be88020a7e3,3,0xbb4cdb9cbd36b01bd1cbaebf2de08d9173bc095c,0xc38938d708d2b8b3578ed3213f3b86e2fbb47777,18,18,25,0,0,3436
0x44ff319aed9cd1461d8877038026310f686aed68,3,0x23d6645c66ebb25a68aa2862357eac378a274444,0xbb4cdb9cbd36b01bd1cbaebf2de08d9173bc095c,18,18,25,0,0,3437
0x05d65a04083f9f3176033239fda3ac89fcd67711,3,0x4444b33f8d84f37c08b9487ff2efb8c908496b34,0xbb4cdb9cbd36b01bd1cbaebf2de08d9173bc095c,18,18,25,0,0,3438
0x04ecd0064d6a191428efd2117ee1984c045d03ee,3,0x3067177a2a3d68b02cf9bd585f28b755958ced3b,0xbb4cdb9cbd36b01bd1cbaebf2de08d9173bc095c,18,18,25,0,0,3439
0xf2d52a3af68a7c96cef59431561bac2235653a7a,3,0x6e169d536553a21ae02cc0fee2e1b0672e4d5d49,0xbb4cdb9cbd36b01bd1cbaebf2de08d9173bc095c,18,18,25,0,0,3440
0xf51b162ba697ec4454862098f00249a30022cdbc,3,0xbb4cdb9cbd36b01bd1cbaebf2de08d9173bc095c,0xfa5aa50005cfc767156b323d585b165599a27777,18,18,25,0,0,3441
0xf2db7bbc7fc9ea2fa4ad3bfa79cb81ed15765a41,3,0xa8667db0e97473d520327f79467881f2cf808851,0xbb4cdb9cbd36b01bd1cbaebf2de08d9173bc095c,18,18,25,0,0,3442
0x007783ce045e0d95739e9baa656469431bb39f21,3,0x55d398326f99059ff775485246999027b3197955,0x875dbac041105f5ae89ba7f7f62de8770cf7065a,18,18,25,0,0,3443
0x0ca8eafd9b851228c0c7a65a43aded02b964dfd6,3,0xbb4cdb9cbd36b01bd1cbaebf2de08d9173bc095c,0xbd29490383edfd560426c3b63d01534408bc2da6,18,18,25,0,0,3444
0xa0e74669a29a26fc518d06c4bb3a58be7fba47f5,3,0xb14b0876856dad346e84bee1edd2ff63ef9ce839,0xbb4cdb9cbd36b01bd1cbaebf2de08d9173bc095c,18,18,25,0,0,3445
0x60771f729d24837ca052c8ce4dac9a4fc1602dd7,3,0xbb4cdb9cbd36b01bd1cbaebf2de08d9173bc095c,0xe8c392861d675517fd4b078330cd175053c74444,18,18,25,0,0,3446
0xe85dee5edbe8712336d38b49dbd776358554c2ae,3,0x55d398326f99059ff775485246999027b3197955,0x9214aa16944dd2a6de18514e511fe2d63dc97777,18,18,25,0,0,3447
0x352a91e9f971b001672497e3c114aa83da3c9b99,3,0x55d398326f99059ff775485246999027b3197955,0xfe2d3c882b4c0a76a2c34260fa4e079e3741919e,18,18,25,0,0,3448
0x0e1374ada470cbde4f5319899ac9af29d5f887ba,3,0x122b5e81b6fd666406e325ec53cc5f42b91956be,0xbb4cdb9cbd36b01bd1cbaebf2de08d9173bc095c,18,18,25,0,0,3449
0xca271ce5ebf35645e981052707c9b6303a9f1e89,3,0xbb4cdb9cbd36b01bd1cbaebf2de08d9173bc095c,0xfa136f0d0b4685f2dd3b93566bd8a2e0d1b4d6e7,18,18,25,0,0,3450
0x0b00b67b2b850cf98e6adb9cf807546e0145683d,3,0xb5d718117fada69aa0af980f31a4b9757ec5b7ad,0xbb4cdb9cbd36b01bd1cbaebf2de08d9173bc095c,18,18,25,0,0,3451
0x9fa8124b319cc6de2f7f226fbcb3d7561f444a78,3,0xbb4cdb9cbd36b01bd1cbaebf2de08d9173bc095c,0xdeef937c854a96b9b56791bb1fd9d56666666666,18,18,25,0,0,3452
0x04c007375a8138d2b5d1d6d7d4c56c88294f80e2,3,0x7c1376481417dce6e9a1838bcc71252e7dd6ad81,0xbb4cdb9cbd36b01bd1cbaebf2de08d9173bc095c,18,18,25,0,0,3453
0x9eed59058fc57c4bbaf92ea706e21d788fb6f278,3,0x701be97c604a35ab7bcf6c75ca6de3aba0704444,0xbb4cdb9cbd36b01bd1cbaebf2de08d9173bc095c,18,18,25,0,0,3454
0x94d7342c58f342e4fde8c6217938b09626fb8d62,3,0x0c01099f3d4c920504e577bd7617f0d7c53cd8df,0xbb4cdb9cbd36b01bd1cbaebf2de08d9173bc095c,18,18,25,0,0,3455
0xb1b5744c7aff69da5e3cd42c715fc3da98658beb,3,0x0cca95fd87441dcd90fddb4e34526c1b3cc6f660,0xbb4cdb9cbd36b01bd1cbaebf2de08d9173bc095c,18,18,25,0,0,3456
0x9902c6eb1d7fccb56461a695195e82436dcf886e,3,0x2167afa1c658dc5c4ec975f4af608ff075a8b8ae,0xe9e7cea3dedca5984780bafc599bd69add087d56,8,18,25,0,0,3457
0xc073a62866966deffb7281629dc359aab669e04c,3,0xbb4cdb9cbd36b01bd1cbaebf2de08d9173bc095c,0xcded5a69e9f23d59b5f636db081aac400b7ef3c9,18,18,25,0,0,3458
0xcb676c4c77c02ada8ef930551fa0c91f4d8218b7,3,0xb229c47132d42576a15037a2931f9edd01ac0c2a,0xe9e7cea3dedca5984780bafc599bd69add087d56,18,18,25,0,0,3459
0xeeae637a68f984ae14572673659e351f37b9e110,3,0x8b4c03308579a0c4166b44f84565d97378303247,0xbb4cdb9cbd36b01bd1cbaebf2de08d9173bc095c,18,18,25,0,0,3460
0x8f3c73f5dc288e9aa5e7f5c420806835aee45c6b,3,0x0ef156dde056b96c214beb89ed64308350844444,0xbb4cdb9cbd36b01bd1cbaebf2de08d9173bc095c,18,18,25,0,0,3461
0xde5b01167d96184b6bbe2c669a61c29686086241,3,0x55d398326f99059ff775485246999027b3197955,0x6067490d05f3cf2fdffc0e353b1f5fd6e5ccdf70,18,18,25,0,0,3462
0x63b3825d4d0a6b1f30987e283c6317d35c67d68c,3,0x2cd6f07bf8a32b43fc1d8c06fd910fd59ec7b9b7,0xbb4cdb9cbd36b01bd1cbaebf2de08d9173bc095c,18,18,25,0,0,3463
0x9780c61aed776ccfda5954dd3d7161bca202ae76,3,0x55d398326f99059ff775485246999027b3197955,0xd8317988a1cc7e64be4dde61d0e5c28659e3334c,18,18,25,0,0,3464
0x5d9431c8f95954af7658d8a9b4046338840f9928,3,0x074ed790f889d1948ec98fa1429d367a7f517711,0xbb4cdb9cbd36b01bd1cbaebf2de08d9173bc095c,18,18,25,0,0,3465
0x8e19c3b47e92bbe308cdf89af1ae0de5e78755fc,3,0xbb4cdb9cbd36b01bd1cbaebf2de08d9173bc095c,0xe576670499de7d832f3eb59e07b603c7b5c10a36,18,18,25,0,0,3466
0x5469a1f7b204f53126739066b6b80c255aafdd2c,3,0x1334123246b886d8bbe156f9959f58fb64953f79,0x55d398326f99059ff775485246999027b3197955,8,18,25,0,0,3467
0x1dc585c150c08738a9bf0c8f9a701d8a8f13a482,3,0x717fb7b6d0c3d7f1421cc60260412558283a6ae5,0xe9e7cea3dedca5984780bafc599bd69add087d56,18,18,25,0,0,3468
0x5fe3cb87247fdff17a05f105acc74f16f19eadf1,3,0x6ad31fd4577b60579fc04e1a0898c983e9827777,0xbb4cdb9cbd36b01bd1cbaebf2de08d9173bc095c,18,18,25,0,0,3469
0x7aa4ecff19e41c02c1f6a0f647d97fc669aca464,3,0x55d398326f99059ff775485246999027b3197955,0xa348c8a0e93d97fbd2629448ecb4cacd6eb2b953,18,18,25,0,0,3470
0xc3ad9ce0bb6351f53a09123518ce516ae6307a5d,3,0x55d398326f99059ff775485246999027b3197955,0x643a09248bbed99aff0beee30ff41a65e738bc6a,18,18,25,0,0,3471
0x5c74ef8df85ebea6a1f3fec3abbeb4472670b314,3,0x55d398326f99059ff775485246999027b3197955,0xf6193c75cd3ffacc053155204dfbc566cc360778,18,18,25,0,0,3472
0xe7e3d41d288cf8df3dc2788269cf2eee16e2acf1,3,0x55d398326f99059ff775485246999027b3197955,0x7edc0ec89f987ecd85617b891c44fe462a325869,18,18,25,0,0,3473
0x31eff8b6b90a13023b6fc91b1a4af2c6628befe1,3,0x55d398326f99059ff775485246999027b3197955,0x6736d7e6c36c5eaee4246477c9d4de91359d213b,18,18,25,0,0,3474
0x2c238859583e3ef21af65c494fc32c8400d91de1,3,0x55d398326f99059ff775485246999027b3197955,0xa39964d6212c3753c3ef8dada0d46311504ea18b,18,18,25,0,0,3475
0x6f52c82a4926e3f67ac775c702f0cc02a4daf9c4,3,0x55d398326f99059ff775485246999027b3197955,0xc5630df2327eb38a1bbb323c059bcfb95ee527f3,18,18,25,0,0,3476
0x59670d4ac4862b5b9c495ca31a2a4bc6fd1d0101,3,0x1ee8a2f28586e542af677eb15fd00430f98d8fd8,0xbb4cdb9cbd36b01bd1cbaebf2de08d9173bc095c,18,18,25,0,0,3477
0xc10b90cb567c10a6d919f6902e3031001650b0d8,3,0x55d398326f99059ff775485246999027b3197955,0xbaac5ba0030de60cbe8de24dca45b4eaf27c92e5,18,18,25,0,0,3478
0x1fd2d248bc610eb1456a9ac9cf580a211c6c1a3c,3,0x5be0faaabd0118bbde160098f6cde21968023c6e,0xbb4cdb9cbd36b01bd1cbaebf2de08d9173bc095c,18,18,25,0,0,3479
0xa544f042b347205775af40b5218ea990f94672e5,3,0x78998d790d6236cc05929101de65a361af309f5b,0xbb4cdb9cbd36b01bd1cbaebf2de08d9173bc095c,18,18,25,0,0,3480
0x2af1d2505954f2ce80275412eb2af36b7136414d,3,0x2ca1dfc5d8567924dee82842ad169e29dd314444,0xbb4cdb9cbd36b01bd1cbaebf2de08d9173bc095c,18,18,25,0,0,3481
0xc0d34c9eeb557a35821545380bab36d7041d2a48,3,0x55d398326f99059ff775485246999027b3197955,0x7950e4b5139abc86233879e2f2d6a816b0d9ed7d,18,18,25,0,0,3482
0xc998df7c32c49b72d337d483cf7ab4a2af1ca95f,3,0xbb4cdb9cbd36b01bd1cbaebf2de08d9173bc095c,0xfa1ba18067ac6884fb26e329e60273488a247fc3,18,18,25,0,0,3483
0xeecc2761d96a93ecf3c4d2eba8007b0d35ca2d73,3,0xbb4cdb9cbd36b01bd1cbaebf2de08d9173bc095c,0xc835d5e7f6f67cfb3b25ae19bb7e1e06904e3f5f,18,18,25,0,0,3484
0x7eb3980f51ef7b9ad7dfb81e266874607055cc35,3,0xbb4cdb9cbd36b01bd1cbaebf2de08d9173bc095c,0xc865a5938eda8b5f6629a17fc066d74bb20ab85d,18,18,25,0,0,3485
0xbf3fb8f3ac42ad64d9e79f71d5bb846e38e5bafe,3,0x64b5140f1bbcaeb6128c895ee33b8cfb9dbc7a0f,0xbb4cdb9cbd36b01bd1cbaebf2de08d9173bc095c,18,18,25,0,0,3486
0x5748876855bdcf1bfd87de7d8b1e2b6743d698c6,3,0x0ff81f18bcb9519ac6027c732d196945ca4d2a9a,0xbb4cdb9cbd36b01bd1cbaebf2de08d9173bc095c,18,18,25,0,0,3487
0x11dccbde9e42e161519a35566fe13028fe18cf0c,3,0x26bf47d9783abbe60b2fd35e356002bb41777777,0xbb4cdb9cbd36b01bd1cbaebf2de08d9173bc095c,18,18,25,0,0,3488
0xe9b091436a64de32ff6b8d741630938d3c3fd1ed,3,0x55d398326f99059ff775485246999027b3197955,0xfd276aa3d55ab911e63b6a02aeebae27f2373a02,18,18,25,0,0,3489
0x3e1474252ce70a3ebc8109882df1f98b7a3ef56d,3,0x55d398326f99059ff775485246999027b3197955,0xa53d3a9c430c218cb14689db84c886f63e2a4175,18,18,25,0,0,3490
0x9d5dd17a5ac1585cbbb906790ca3619b6b8167a7,3,0x250e08af7694c506a19c733aa165526ef588ecb8,0xbb4cdb9cbd36b01bd1cbaebf2de08d9173bc095c,18,18,25,0,0,3491
0xa019e0179813abcdac28a00cff9375f024e69ad8,3,0x4ac9427ebafdd2aac3b514fd77cf168737f5d999,0x55d398326f99059ff775485246999027b3197955,18,18,25,0,0,3492
0xc431455e04dba57e5fe3ff96c48a092c3899ace1,3,0x3ed846a7fa71414e286d52e09666fa233fbdc462,0xbb4cdb9cbd36b01bd1cbaebf2de08d9173bc095c,18,18,25,0,0,3493
0x4eda9dc0e22ee74556755851a8690da089d0f74d,3,0x98c64cd79459076a69f618718745f89138102e8d,0xbb4cdb9cbd36b01bd1cbaebf2de08d9173bc095c,18,18,25,0,0,3494
0xa66de919eac4afbffb7013b25bac6aea010090f6,3,0x55d398326f99059ff775485246999027b3197955,0xe4d5857271c7978f5fe6b29a73c97142d6d8befe,18,18,25,0,0,3495
0x7b3f47e74e1d3c070c7a301f174f272267d27c79,3,0x50d5c6cbe5b5d4ae048f8aa3cdcdc5a2f10d5f78,0x55d398326f99059ff775485246999027b3197955,18,18,25,0,0,3496
0xdf9d73d4c046857ab621d3630ed67e3588f938eb,3,0xbb4cdb9cbd36b01bd1cbaebf2de08d9173bc095c,0xf35675560f66576078047c2662252f5089c88b0a,18,18,25,0,0,3497
0x9a7494ba571f5e0c561ba00f348d6bb016075d06,3,0xbb4cdb9cbd36b01bd1cbaebf2de08d9173bc095c,0xc46f75505a16418d5954bd0effe8f8a6338e6db5,18,18,25,0,0,3498
0x331e96858f770432e29a6eb1fa7287dde9a60b14,3,0x55d398326f99059ff775485246999027b3197955,0xc3c2d83fffaa331352e416a5d40599adfed5a676,18,18,25,0,0,3499
0x7294c1f1f5b6d0c6c0aa8bb3f7c2a78214a9c297,3,0x55d398326f99059ff775485246999027b3197955,0x892b0530f9cdd3e26b39911bafe393f18975ce9f,18,18,25,0,0,3500
0xd18461c94b4c8822f80603ef3a8012c53b595151,3,0x2a5e3d7570425a7e7d0e7722c352d8d2b6945c7c,0xbb4cdb9cbd36b01bd1cbaebf2de08d9173bc095c,18,18,25,0,0,3501
0x1f8775ccba76bec75070edc813b7a790445877d5,3,0xbb4cdb9cbd36b01bd1cbaebf2de08d9173bc095c,0xdda80366f04e108be8e9a1e90f48c37bb45d4444,18,18,25,0,0,3502
0x7c3ec9c6aeb6af2327b095546b38bf55b8aaf36b,3,0x55d398326f99059ff775485246999027b3197955,0x9c878dc69bdd4e38da46654bc6fc32d8641a2f94,18,18,25,0,0,3503
0xc86706034b225110e76d2aa38b9e8090c9ad160e,3,0x4ce887896a2bb66e0798c394b87dc843e6707908,0x55d398326f99059ff775485246999027b3197955,18,18,25,0,0,3504
0x7f9f459cb2a166b40ddefdd205594a17268e341d,3,0x27458c06f626b10dd5925e9d7b9f448273f979fe,0xe9e7cea3dedca5984780bafc599bd69add087d56,18,18,25,0,0,3505
0x024f9121744c75efc12eb4a057f5e8abcea2b832,3,0x4ab1758dba8c030962ad82f39d9f4f696f8bda8a,0xbb4cdb9cbd36b01bd1cbaebf2de08d9173bc095c,18,18,25,0,0,3506
0xfae38943e993047c9240a77a1968d4419d04f027,3,0x55d398326f99059ff775485246999027b3197955,0xa54cf46856fcc4dc428ab140c90dfbbb22e21fe5,18,8,25,0,0,3507
0x9ab2dfb948caabf8eec37dc4b569eb7ed02caa49,3,0x55d398326f99059ff775485246999027b3197955,0x873fdbb72a54b1e074b17b319a66ced63dad599e,18,18,25,0,0,3508
0x819a255b1b2e9427136bb3cf0c0d68aeea191cc7,3,0x49dcc020bdb16a4344c848827d154b6d1ef2a25c,0xbb4cdb9cbd36b01bd1cbaebf2de08d9173bc095c,18,18,25,0,0,3509
0xe3ac78f30dcd830a6d79a6c22ec58f7b36e9944c,3,0x175c7cce3ac5449bbe25ff15f267dcde2e7d4444,0xbb4cdb9cbd36b01bd1cbaebf2de08d9173bc095c,18,18,25,0,0,3510
0xdab67ddc24bcdb1df24255c21f0226c5558a275b,3,0x55d398326f99059ff775485246999027b3197955,0xac12cb4ace8a571ed7fc25099ba2509871a05f25,18,18,25,0,0,3511
0x8b2b408e1426198693df35b34f712d11136589d0,3,0x55d398326f99059ff775485246999027b3197955,0xab92276e79750ce2c892ab1cb8bab12e21034ca4,18,18,25,0,0,3512
0x4670b7006dce4e089a617b8e58c11a66d96985ac,3,0x55d398326f99059ff775485246999027b3197955,0xb7ae29efe1788af4992a9cef677c4caa95c96990,18,18,25,0,0,3513
0x3d8dd94229840aaee828efdd9767b576f055eaf4,3,0x55d398326f99059ff775485246999027b3197955,0xcbab7ab9d8179d9ad273eb695750d064aa87bcc3,18,18,25,0,0,3514
0x397b8073b6ad8e1fe0de6fbc60a63c75f91d5820,3,0x55d398326f99059ff775485246999027b3197955,0x9e271a44d191630a981fe9a443a972ea90aad36d,18,18,25,0,0,3515
0x05ae59e5945e3d30d5a5e2bb753bbf5f66d71dd8,3,0x55d398326f99059ff775485246999027b3197955,0x773b6dc01552f5b51cc1c9ba4bb3ebf951404715,18,18,25,0,0,3516
0x6b73e964a146b160a441c91a88995db4cb59544e,3,0x55d398326f99059ff775485246999027b3197955,0x6bf5fe53c2f1e94d9d9a633a70dc1482a9209113,18,18,25,0,0,3517
