protocol,address,token0_symbol,token1_symbol,tickSpacing,fee,token0_address,token1_address,decimals0,decimals1,dex
PancakeSwapV3,0x33b8adb0b9f6d2ba5bd4bd2586b3ac318ef42996,test3,WBNB,200,10000,0x4dde94c5fae7f878d63cac1b43ab0c7f4d77a704,0xbb4cdb9cbd36b01bd1cbaebf2de08d9173bc095c,18,18,PancakeSwapV3
PancakeSwapV3,0x09450fc7e884eb28b53114b888c94845419de323,WBNB,test2,200,10000,0xbb4cdb9cbd36b01bd1cbaebf2de08d9173bc095c,0xbc6caf4e3d994776ca3db62e7a80ded17855d9d5,18,18,PancakeSwapV3
PancakeSwapV3,0xcd7ca6290fcdf554d93917f48c4b286ed63e3651,test1,WBNB,200,10000,0x91e04ef706b7d8a18fd560c7be53bcf3b3bcedb0,0xbb4cdb9cbd36b01bd1cbaebf2de08d9173bc095c,18,18,PancakeSwapV3
UniswapV3CL,0xfb900fa6f8ca3fcdff8f20956f7490c989af8932,WBNB,Efik,200,10000,0xbb4cdb9cbd36b01bd1cbaebf2de08d9173bc095c,0xccbfa0d59551010e1eef983580f34e8d014df9e6,18,18,UniswapV3CL
UniswapV3CL,0xbb46860d72ec28d9a889b356e9f13f18a8ceceeb,WBNB,USDT,200,10000,0xbb4cdb9cbd36b01bd1cbaebf2de08d9173bc095c,0xca8f9939f864b61b765e8910ac1279caed53fb02,18,18,UniswapV3CL
PancakeSwapV3,0xe4b1905ab1fba742447ae2fe5d0b9ff15975779f,WBNB,FAG,200,10000,0xbb4cdb9cbd36b01bd1cbaebf2de08d9173bc095c,0xf5f7687b05f8857ee8ba09995ba133187f8ae348,18,18,PancakeSwapV3
PancakeSwapV3,0x82591384571010e09d930190a11ed134f73b6459,FAG,WBNB,200,10000,0x1372be7a6a50b993eb4cdaa356dc19af15221442,0xbb4cdb9cbd36b01bd1cbaebf2de08d9173bc095c,18,18,PancakeSwapV3
UniswapV3CL,0x2ab2f10f294678e87c53c59d5124062bd2aa4c91,MoonCoin,WBNB,200,10000,0x1be3e8474aded1d3f86123492f05ab45384fd120,0xbb4cdb9cbd36b01bd1cbaebf2de08d9173bc095c,18,18,UniswapV3CL
PancakeSwapV3,0x18283a067589f8fa31b0760ae00d8fb4618204ca,WBNB,CHEERS,200,10000,0xbb4cdb9cbd36b01bd1cbaebf2de08d9173bc095c,0xfd3d4f266a98b8837a8d84e5818572e1fd181cf2,18,18,PancakeSwapV3
PancakeSwapV3,0x0b7fdec74f3145845235cc81f7a38941ddc186d3,XXX,WBNB,200,10000,0x44076695f34fd958cf7d7ba99eef8d5597ee7044,0xbb4cdb9cbd36b01bd1cbaebf2de08d9173bc095c,18,18,PancakeSwapV3
PancakeSwapV3,0x9a9f5b636ff3a6740f58b7e0e703eae756f3cc1d,XXX,WBNB,200,10000,0x93cbd1b12882311960d3b45759801cc5118e096f,0xbb4cdb9cbd36b01bd1cbaebf2de08d9173bc095c,18,18,PancakeSwapV3
PancakeSwapV3,0xcc33bc0b8c6274e20706c55525c5786ec5ccca59,XXX,WBNB,200,10000,0x44d3f4085a976f9860069727cb6d00178b200144,0xbb4cdb9cbd36b01bd1cbaebf2de08d9173bc095c,18,18,PancakeSwapV3
PancakeSwapV3,0xd35eaf669ebbb442ac674b3b23427c1213e9ca4d,XXX,WBNB,200,10000,0x6f6c2e43602798843b809a85bfbd3ec30314c9a0,0xbb4cdb9cbd36b01bd1cbaebf2de08d9173bc095c,18,18,PancakeSwapV3
PancakeSwapV3,0x89638be3c9fadcd19151a1ef1c89b9f09d924564,XXX,WBNB,200,10000,0x1d2a8d61ab026f416f44ad4a53a4c648d2e87bd1,0xbb4cdb9cbd36b01bd1cbaebf2de08d9173bc095c,18,18,PancakeSwapV3
PancakeSwapV3,0x87d225220bc5e9bd6e436147ca337954a8e878e1,XXX,WBNB,200,10000,0x44b692269cd02f0e143e0c2ab05ec0c62d168444,0xbb4cdb9cbd36b01bd1cbaebf2de08d9173bc095c,18,18,PancakeSwapV3
PancakeSwapV3,0x0b1b2ee8799690327e691e8740a65c9fead45011,XXX,WBNB,200,10000,0x44302924ff7be37cfe56d6a025067110a5ef5b44,0xbb4cdb9cbd36b01bd1cbaebf2de08d9173bc095c,18,18,PancakeSwapV3
PancakeSwapV3,0xdba3b1594997eee33fd9e41f079cb844305538cd,XXX,WBNB,200,10000,0x9802334de6123f4fd8cfbb3f9984baf929af5c57,0xbb4cdb9cbd36b01bd1cbaebf2de08d9173bc095c,18,18,PancakeSwapV3
PancakeSwapV3,0xf54dadbe547a6c1ff129e721d8ac77190cdc5589,XXX,WBNB,200,10000,0x448bc45e65174d8d3631e62f3f4e8558330b7944,0xbb4cdb9cbd36b01bd1cbaebf2de08d9173bc095c,18,18,PancakeSwapV3
PancakeSwapV3,0x6239ad2052a2c8cd6e5677d44ffd8051b2f7a9a7,WBNB,REZ,10,500,0xbb4cdb9cbd36b01bd1cbaebf2de08d9173bc095c,0xe0464a2ca466da301ba62a996def801bff963671,18,18,PancakeSwapV3
PancakeSwapV3,0x7ae33b3b4efbc420eb2deb39d7270f64c0af1d18,Sweet ,WBNB,200,10000,0x9a230c277ed5d132bb82248f0191b25215f3490d,0xbb4cdb9cbd36b01bd1cbaebf2de08d9173bc095c,18,18,PancakeSwapV3
UniswapV3CL,0x3e2e17869d34bc795b366672b1223ecd39467281,BTCB,PLNR,60,3000,0x7130d2a12b9bcbfae4f2634d864a1ee1ce3ead9c,0x986e0cdbe4fa96ae6a629e8418119067d56a5cc3,18,8,UniswapV3CL
PancakeSwapV3,0x4fe487d500fc9885c86971195aba35ffba632d71,Test,WBNB,50,2500,0x94ad7798d13de2ca3214eaafe9cfcea961271cef,0xbb4cdb9cbd36b01bd1cbaebf2de08d9173bc095c,18,18,PancakeSwapV3
PancakeSwapV3,0xfad1670c91d9fa96550dd540112f7b8bdde6d147,BLAGOS,WBNB,50,2500,0x4979d6b6796d9fd02a5039de49ad545893ecad20,0xbb4cdb9cbd36b01bd1cbaebf2de08d9173bc095c,8,18,PancakeSwapV3
UniswapV3CL,0xe1d30d28f9e11bf5e50f7c10429beebff985d1f0,USDT,USDT.Z,200,10000,0x55d398326f99059ff775485246999027b3197955,0xdf4585630956edbf0533fd4517f61e8c8b96434d,18,18,UniswapV3CL
PancakeSwapV3,0x1b6d1407a789bd93df92fb8737cc408a45c34b15,BTCB,PLNR,50,2500,0x7130d2a12b9bcbfae4f2634d864a1ee1ce3ead9c,0x986e0cdbe4fa96ae6a629e8418119067d56a5cc3,18,8,PancakeSwapV3
UniswapV3CL,0x7a24d13c03c95ce8eb61dc3e68baa442602e0744,KSA,WBNB,1,100,0x0b92ad62c41b44725973db9ecabb79929b89b822,0xbb4cdb9cbd36b01bd1cbaebf2de08d9173bc095c,18,18,UniswapV3CL
UniswapV3CL,0x0aa5198083946d9450971860c8f2f5f4b072e0b7,KSA,WBNB,10,500,0x0b92ad62c41b44725973db9ecabb79929b89b822,0xbb4cdb9cbd36b01bd1cbaebf2de08d9173bc095c,18,18,UniswapV3CL
PancakeSwapV3,0x5219ff27bb2c6a5dbde0077ea9cdf7f97d78a140,WBNB,ZIO,1,100,0xbb4cdb9cbd36b01bd1cbaebf2de08d9173bc095c,0xfb93c84056541c367aa46c2a3676d14f47e5188d,18,18,PancakeSwapV3
PancakeSwapV3,0x6e8017f9d95819599a420f6aba8f5148c2543fb3,99812,WBNB,1,100,0xb7e5663075c81fdc725b08920d0d640dd0544ff0,0xbb4cdb9cbd36b01bd1cbaebf2de08d9173bc095c,18,18,PancakeSwapV3
UniswapV3CL,0xcf835595075196bb68de3a96f51f83bacd6a059b,WBNB,ASTOR,200,10000,0xbb4cdb9cbd36b01bd1cbaebf2de08d9173bc095c,0xfab6d080c9722ad37c86e0820b88ad7e7d908ae0,18,18,UniswapV3CL
UniswapV3CL,0x156b90d0f57c250d9b2e7dcd3ecec6b0e393668c,BNB,WBNB,200,10000,0x9918d53e3583c876556de1e83f139441a5918856,0xbb4cdb9cbd36b01bd1cbaebf2de08d9173bc095c,18,18,UniswapV3CL
UniswapV3CL,0xd7f24cc072b3906b678007f27dfe230edae01def,WBNB,EOE,200,10000,0xbb4cdb9cbd36b01bd1cbaebf2de08d9173bc095c,0xe5f245634af5117ae1cb93b579f911fce6ba8b91,18,18,UniswapV3CL
PancakeSwapV3,0x7e5a18c1f460ad08825630acae26e628ed388bd1,WBNB,SWVRCH,200,10000,0xbb4cdb9cbd36b01bd1cbaebf2de08d9173bc095c,0xfb20c07f6e60143ec73e736b98fbe65c5e3f362b,18,18,PancakeSwapV3
PancakeSwapV3,0x125f136e6010102470a7c3e0bfe22e6184d0bf04,test,WBNB,200,10000,0xbacf1cfd5517f5e23739199798c2fda4b3c556cc,0xbb4cdb9cbd36b01bd1cbaebf2de08d9173bc095c,18,18,PancakeSwapV3
UniswapV3CL,0xeb9faa3ead8d576168f7615a6918f8af924f28cd,HODL4,USDC,60,3000,0x197fb6855e0d6a237a7ab6228e3a0b8168fe5dec,0x8ac76a51cc950d9822d68b83fe1ad97b32cd580d,18,18,UniswapV3CL
PancakeSwapV3,0xeebc68e96a4af43da47d3203d43cb7dc4efa394f,XRP,USDT,10,500,0x05dc542b5846695eba51396727e415a7a7952163,0x55d398326f99059ff775485246999027b3197955,6,18,PancakeSwapV3
UniswapV3CL,0xff69032682df8c47277a15d3233de784442e9357,USDT,?,1,100,0x55d398326f99059ff775485246999027b3197955,0x7cafc6e5809754c917004fe0adc8916ff4709a4c,18,18,UniswapV3CL
UniswapV3CL,0x748b2c83df2edfa8aed52b600b2971b78329cb78,USDT,WBNB,10,500,0x061ad94fc46a98b368495fd41571ce52f06687a1,0xbb4cdb9cbd36b01bd1cbaebf2de08d9173bc095c,6,18,UniswapV3CL
UniswapV3CL,0x9133e95d1769f058299fc88f4c1bcad2cc4cc2e7,USDT,aUSDz,1,100,0x55d398326f99059ff775485246999027b3197955,0xc291a940a3af49877584260753032c2390d87989,18,18,UniswapV3CL
UniswapV3CL,0x249fb8cdde8c114f6d7658b0539c0041152a7755,WBNB,ASTOR,200,10000,0xbb4cdb9cbd36b01bd1cbaebf2de08d9173bc095c,0xf14187608502b9b176206758cad6bbff6b3a697a,18,18,UniswapV3CL
PancakeSwapV3,0x891fe67fe589f92409d8046ec573134cb709ec5d,uSUI,WBNB,50,2500,0x5560da712d5e24352d90e6949d30e577b682901a,0xbb4cdb9cbd36b01bd1cbaebf2de08d9173bc095c,18,18,PancakeSwapV3
UniswapV3CL,0x102f7a314727c6e33704fb590020b503467bd930,aBTCz,BTCB,1,100,0x5e36cccf66f1ed4ef092328be511298a25889b82,0x7130d2a12b9bcbfae4f2634d864a1ee1ce3ead9c,18,18,UniswapV3CL
PancakeSwapV3,0x34f98ba060459a52ad2e8adba42e6ff3f4ad7268,aBTCz,BTCB,1,100,0x5e36cccf66f1ed4ef092328be511298a25889b82,0x7130d2a12b9bcbfae4f2634d864a1ee1ce3ead9c,18,18,PancakeSwapV3
PancakeSwapV3,0xe998ab20a5bb3f4066c3b74beb68888bfc72f4ed,USDT,PI,10,500,0x55d398326f99059ff775485246999027b3197955,0xf08035e08051345054bef0ada905daedafd80a16,18,6,PancakeSwapV3
UniswapV3CL,0x0509a07e64f3131c7957f6d2ccca09971b1b1f33,WBNB,GALABET,200,10000,0xbb4cdb9cbd36b01bd1cbaebf2de08d9173bc095c,0xeecaff9b92b60e3ef0980fc09dd9e87da53bb5a6,18,18,UniswapV3CL
PancakeSwapV3,0x242058380e90add384f0d265fb51d9edef20fdf4,MiniDoge,WBNB,50,2500,0xa0c0b83c06dd70a58c3f6962e4b552b91aeda321,0xbb4cdb9cbd36b01bd1cbaebf2de08d9173bc095c,18,18,PancakeSwapV3
PancakeSwapV3,0x6cc2490c9f7f047ee485e49d90a1bd74c2377a12,WBNB,CHILLGUY,50,2500,0xbb4cdb9cbd36b01bd1cbaebf2de08d9173bc095c,0xbdf4b6b721fc92628d858b6d9fe56c346d1a6874,18,18,PancakeSwapV3
PancakeSwapV3,0x2e50d968de6ffc87a617501d251370fd2a8e8fff,USDT,USDA,1,100,0x55d398326f99059ff775485246999027b3197955,0xd855b3fbf178724982a50b153702b1db2cd9db90,18,18,PancakeSwapV3
PancakeSwapV3,0x861445f5179c47bb0769fa880dd957ec76c8614e,WBNB,LILX,50,2500,0xbb4cdb9cbd36b01bd1cbaebf2de08d9173bc095c,0xe0b2b22da81034e16b83166d8dade5e05d6b860c,18,18,PancakeSwapV3
PancakeSwapV3,0xa7572db84d647fabfe7f5a70b696a69a3f37cad5,NKN,WBNB,10,500,0x77a7ededff15d2c47ce078df5e2b32b260ef0106,0xbb4cdb9cbd36b01bd1cbaebf2de08d9173bc095c,18,18,PancakeSwapV3
PancakeSwapV3,0x9806bbe6f4949c74f6b3bdc9225eac37dfe42daa,PI ,WBNB,50,2500,0x085672161196f3e65cf033815dc173973b63381b,0xbb4cdb9cbd36b01bd1cbaebf2de08d9173bc095c,18,18,PancakeSwapV3
PancakeSwapV3,0xe8afcc22c8baf7082ffecdcb70f6d4a8239c40e7,WBNB,WLFI,50,2500,0xbb4cdb9cbd36b01bd1cbaebf2de08d9173bc095c,0xf2bcdf08ff704cca433005fc1333484a8ebb40dc,18,18,PancakeSwapV3
PancakeSwapV3,0x8f799976478b9326f54c10252af351d0fc7f4315,mrt,WBNB,1,100,0xacaef5136ba552a5897a92b9b66dfb997ab93273,0xbb4cdb9cbd36b01bd1cbaebf2de08d9173bc095c,18,18,PancakeSwapV3
PancakeSwapV3,0x56e337dff36de235f0b8ee272357bab955734a3b,SUI,USDT,10,500,0x1c080976a3e613ee88f54f52cb1e4e7d91e30737,0x55d398326f99059ff775485246999027b3197955,6,18,PancakeSwapV3
PancakeSwapV3,0xdc65e580501fe8a8479a9aa10b8b87df58955318,USDT,USDT,1,100,0x55d398326f99059ff775485246999027b3197955,0xdd3844401ccd9973f8f8b44a57ca5a4a377aa04a,18,18,PancakeSwapV3
PancakeSwapV3,0x9528ef035f9319e17377a04ee47488abf3c04322,USDT,HYPE,10,500,0x55d398326f99059ff775485246999027b3197955,0xdc3c8645a1292e47ce9766196b9989bd42f45e28,18,8,PancakeSwapV3
PancakeSwapV3,0x58e35215ad0a19eb2da93b4bf98f8594a0b0a75c,USDT,L50,1,100,0x55d398326f99059ff775485246999027b3197955,0xe923df0969e9f111e7c97abb610826520a9e1b74,18,18,PancakeSwapV3
PancakeSwapV3,0x08696c4d8b242a10ca7105e14493f58f49a8d4d0,BETR,USDC,1,100,0x3664fd4ad6f42573c0f50130491d61d96a54faa1,0x8ac76a51cc950d9822d68b83fe1ad97b32cd580d,18,18,PancakeSwapV3
PancakeSwapV3,0x166fabc60ce46a42899de4ea7aaf5a4e61851d19,USSP,USDC,1,100,0x7e904b25e4f05de05dd8f4ef1162f30580a5e3a5,0x8ac76a51cc950d9822d68b83fe1ad97b32cd580d,18,18,PancakeSwapV3
UniswapV3CL,0x74dc8963be43fc0d832c77f0a1034b350111df8a,USDT,USSP,1,100,0x55d398326f99059ff775485246999027b3197955,0x7e904b25e4f05de05dd8f4ef1162f30580a5e3a5,18,18,UniswapV3CL
PancakeSwapV3,0x7b6b76b0fedeed0e98789ddf085137888d27d7f7,WBNB,NOT,10,500,0xbb4cdb9cbd36b01bd1cbaebf2de08d9173bc095c,0xd70c3681f6f14a65758be094a5a52dc44c196250,18,18,PancakeSwapV3
UniswapV3CL,0x289ca320ee712da2673cbee0fdd9b5dfeccc1fd5,X,USDT,1,100,0x0000000003d65ccd223fff0a607a247bbf6b47a4,0x55d398326f99059ff775485246999027b3197955,18,18,UniswapV3CL
UniswapV3CL,0x8ffea875b6a6341a3cb4ad98060f2e18ede1ce4e,WBNB,TEST,60,3000,0xbb4cdb9cbd36b01bd1cbaebf2de08d9173bc095c,0xdabca02ba5350fd2a4afb59d84848fc476dce333,18,18,UniswapV3CL
UniswapV3CL,0x61a6265ddf602c72ce2ca6469371e79deab095b6,WBNB,TEST,60,3000,0xbb4cdb9cbd36b01bd1cbaebf2de08d9173bc095c,0xf4098cf7e0b20ad1dde9c2263298e25046fe9960,18,18,UniswapV3CL
UniswapV3CL,0x4a68f419a7c43a869c30533b6f7ea8f1e7cb54c4,TEST,WBNB,60,3000,0x589e22317c2972c26ee5941ce3908137b3248955,0xbb4cdb9cbd36b01bd1cbaebf2de08d9173bc095c,18,18,UniswapV3CL
UniswapV3CL,0xc3879d1c5badab89d985c42345b573cb10b7271e,TEST,WBNB,60,3000,0xa063e16be0f48748141269729b667f7f8a29435b,0xbb4cdb9cbd36b01bd1cbaebf2de08d9173bc095c,18,18,UniswapV3CL
PancakeSwapV3,0x9aac48b59a091d7772fc2cb80193987cb89a5cdb,XLM,USDT,10,500,0x07ea3fe672be60113353df8a822887bd8a455914,0x55d398326f99059ff775485246999027b3197955,6,18,PancakeSwapV3
PancakeSwapV3,0xdb4725785b9b0ea9da9bbc4cd002a415b457a0e0,USDT,BUSD,1,100,0xdd3844401ccd9973f8f8b44a57ca5a4a377aa04a,0xe9e7cea3dedca5984780bafc599bd69add087d56,18,18,PancakeSwapV3
PancakeSwapV3,0x0c461965f9b0b9a49485b29e81c3afe4396371e7,USDT,USDC,1,100,0x55d398326f99059ff775485246999027b3197955,0xb5f7816a40eb56dda6744fa0901394269162f174,18,18,PancakeSwapV3
PancakeSwapV3,0x92bb545f877e36395c1410130ce72c6726f55189,USDT,USD1,1,100,0x55d398326f99059ff775485246999027b3197955,0xc7493f20a424427319c3aa8f09c0e85e769f936f,18,18,PancakeSwapV3
PancakeSwapV3,0x58a9599ab736e54a50c632f910094149a7f2a8a1,Tmascot,WBNB,50,2500,0x7c263bd3bf8611061c304322cb9b41cb1e078211,0xbb4cdb9cbd36b01bd1cbaebf2de08d9173bc095c,18,18,PancakeSwapV3
PancakeSwapV3,0xc734979d9c85b78c0dac2c9e00abb37012196c4c,USDT,RON,1,100,0x55d398326f99059ff775485246999027b3197955,0xa8bec752f2dcb85814d12d9d49105bffa533adb0,18,18,PancakeSwapV3
UniswapV3CL,0x70795f33e5e54d6d557a1d7e294f6219c7305b1e,WBNB,MFT,10,500,0xbb4cdb9cbd36b01bd1cbaebf2de08d9173bc095c,0xd35a9b7aa491c9e502766d38da578239d8afbcd3,18,18,UniswapV3CL
PancakeSwapV3,0xff5b9aa7ce18c3257e23565618bc89598a1393dc,USDT,TON,10,500,0x55d398326f99059ff775485246999027b3197955,0x7ece09a997cf0614e558b96745aea74d71b42594,18,6,PancakeSwapV3
PancakeSwapV3,0xf9ee49b00b3bb85190c64008cd3271c4a13f1744,69.4.20,WBNB,1,100,0x35c681e3090a37bfb9e294c61323ae920230048c,0xbb4cdb9cbd36b01bd1cbaebf2de08d9173bc095c,18,18,PancakeSwapV3
PancakeSwapV3,0xb198217d86b811279babd61ca3dbecfbd2fe4d5a,KICK,WBNB,50,2500,0x71e3bc2b5d10cf3e665970ed1781f2b5b3428ec6,0xbb4cdb9cbd36b01bd1cbaebf2de08d9173bc095c,18,18,PancakeSwapV3
PancakeSwapV3,0x9a5fea80263bacc9c35810cdabcb1b2041f322bb,XMR,USDT,10,500,0x322187f7388d8737c280c473df905ac57280c179,0x55d398326f99059ff775485246999027b3197955,8,18,PancakeSwapV3
PancakeSwapV3,0x5ecebf93f9235347c4f44d4be56c46eef67b8279,ECB,USDT,1,100,0x21862b543fc442fb3f06c182ec791cb164b9bd5a,0x55d398326f99059ff775485246999027b3197955,18,18,PancakeSwapV3
PancakeSwapV3,0x9bd268089f8b14f7f5e5fe262bd81f83fa93142a,USDT,USDC,1,100,0x55d398326f99059ff775485246999027b3197955,0xcb683bef41c2f32f830751095fcb422af23c55b3,18,18,PancakeSwapV3
PancakeSwapV3,0xbee8b42af5b7c554a9f80ac7fdb571556de4680b,USDT,USD,1,100,0x55d398326f99059ff775485246999027b3197955,0xc9a28366b00eb233e314db413e65ed0010a1ebbc,18,18,PancakeSwapV3
PancakeSwapV3,0x0469d83687865733f43c0474319eb09b4442fd29,WBNB,EURC,1,100,0xbb4cdb9cbd36b01bd1cbaebf2de08d9173bc095c,0xd15b450570c089d1dc1f0ab6ee7aea976a9116f9,18,18,PancakeSwapV3
UniswapV3CL,0x4a13a07611f684b7924aa573decde1e27d15ce46,DTOMS,WBNB,200,10000,0xb145d6b6f8c13246d34f2bd202a329e2999866da,0xbb4cdb9cbd36b01bd1cbaebf2de08d9173bc095c,18,18,UniswapV3CL
PancakeSwapV3,0x98b30902f64f8593001cd44309f1c48892f25a52,USDT,Eva,10,500,0x55d398326f99059ff775485246999027b3197955,0xba0949aa20720cc4f4361afbf7484da99bd89b89,18,18,PancakeSwapV3
PancakeSwapV3,0xaf68d829a8717c0dcbc83b217a4284c47fe94601,SHIFU,WBNB,50,2500,0x8522af786ec6258b025572b45e4f085102c59dcf,0xbb4cdb9cbd36b01bd1cbaebf2de08d9173bc095c,18,18,PancakeSwapV3
PancakeSwapV3,0x169227cd7e6ef755d2e35aea89fa4a187da643ae,USDT,?,1,100,0x55d398326f99059ff775485246999027b3197955,0xd3442f29fd9db74968e72c661c8e745bce52f7d6,18,18,PancakeSwapV3
PancakeSwapV3,0xfdbeb4edd454bc8b57dc1318e5f4abd19a5b9927,D 1,USDT,1,100,0x5554d5d0fb4b668075dbb3977605aa7e75470d96,0x55d398326f99059ff775485246999027b3197955,18,18,PancakeSwapV3
PancakeSwapV3,0x70463ebc8be75d5bf2b9031129a56c850b953fcb,Broccoli,WBNB,50,2500,0x43533c4839263cb04f653a1009b64575f62ef0b4,0xbb4cdb9cbd36b01bd1cbaebf2de08d9173bc095c,18,18,PancakeSwapV3
PancakeSwapV3,0xfb3855ff776786fc4deb9a3761cc8afc19157176,CCCM,WBNB,50,2500,0x10fd456b1a61ac6309d8a007f5570878f0bc659e,0xbb4cdb9cbd36b01bd1cbaebf2de08d9173bc095c,18,18,PancakeSwapV3
PancakeSwapV3,0x3ba14b6cfde6825f829986681c710d368cac5b63,WBNB,CZ,1,100,0xbb4cdb9cbd36b01bd1cbaebf2de08d9173bc095c,0xf7dbefdbed5beb6514e4828ba41dbd6922b934db,18,18,PancakeSwapV3
PancakeSwapV3,0x5205fbd874b20964d71f8c91a167811c291b968b,USDT,MNT21,1,100,0x55d398326f99059ff775485246999027b3197955,0xb7b974dd8d555d3f5f9f88cdd25498245985d23f,18,18,PancakeSwapV3
PancakeSwapV3,0xf87a9d04badff34f7f8c48bae33d146ffdf26f64,BB,USDT,1,100,0x2c6471375da76b17b927b832e91549000f8b5e88,0x55d398326f99059ff775485246999027b3197955,18,18,PancakeSwapV3
PancakeSwapV3,0xe522f36a56304d206d5cc617eda393e2e78d364c,$WLFI,WBNB,50,2500,0x761de77e69d6a20a4b1e29129be33062cca83757,0xbb4cdb9cbd36b01bd1cbaebf2de08d9173bc095c,18,18,PancakeSwapV3
UniswapV3CL,0xdcbf723dac149a2148210d87ca02986ab50ca37b,ETH,POL,10,500,0x2170ed0880ac9a755fd29b2688956bd959f933f8,0x893f933dbf65adc426e288b3ac87ba2da57a8e43,18,18,UniswapV3CL
PancakeSwapV3,0xb42ba5fe07d59119378a47fd3746d6df35d55768,USDX,USDT,1,100,0x510da5f720b00d59a53cf8d7aa453b5231b88888,0x55d398326f99059ff775485246999027b3197955,18,18,PancakeSwapV3
PancakeSwapV3,0x94002a96df7d7b8d83581780b83a559585471158,USDT,USDT,1,100,0x55d398326f99059ff775485246999027b3197955,0xeaaf7d552b1b214b232a7ceb7939aa5b0f9c7ad9,18,18,PancakeSwapV3
UniswapV3CL,0x1a2d79edf1cde53ae9a2310fb3a0bd345ab1a4cc,X,USDT,1,100,0x1d236c28589a7fd0fe9186c6a9f44cedf3f141c3,0x55d398326f99059ff775485246999027b3197955,18,18,UniswapV3CL
UniswapV3CL,0xd7f86643360388b2a3327fc8665a2a44ed031c1e,ZEN,USDT,1,100,0x05154f52d27e630d736dc7341a4f13092550f7db,0x55d398326f99059ff775485246999027b3197955,8,18,UniswapV3CL
PancakeSwapV3,0x530efec62b75409dc1e4b3d02315310447ccf16d,USDT,VIRTUAL,10,500,0x55d398326f99059ff775485246999027b3197955,0x5e2bdc9d8fa761d2c7d147c5ec2ddb15820b8b33,18,8,PancakeSwapV3
UniswapV3CL,0xa5b7912effda3f58798cda113a659ae7ad459f05,USDT,X,1,100,0x55d398326f99059ff775485246999027b3197955,0x999999999567c5e3fd90cf9671b8368e1a7cf66a,18,18,UniswapV3CL
UniswapV3CL,0x179456ea8a791811730497cc341c9d91dc253ebb,WBNB,EFC,200,10000,0xbb4cdb9cbd36b01bd1cbaebf2de08d9173bc095c,0xd8a9f1a8e976b6b5c538d1b62b686c5557c92130,18,18,UniswapV3CL
PancakeSwapV3,0xee470bd88a4b5d7c464472a9a670552164669317,OMNI,WBNB,10,500,0x87174c5ce67e84b2413a2e82380ceef3fc38b1d0,0xbb4cdb9cbd36b01bd1cbaebf2de08d9173bc095c,18,18,PancakeSwapV3
PancakeSwapV3,0xf4a52dc84bd67dbcf26bc509fd6e6f120bf11c05,TST,WBNB,10,500,0x7fe37b5048f7f51e2b45096a2080f34ddbda470f,0xbb4cdb9cbd36b01bd1cbaebf2de08d9173bc095c,18,18,PancakeSwapV3
PancakeSwapV3,0xa156fb4b1e53c25a96d49576900c3619c408c70e,TST2,WBNB,10,500,0x5368a718c6a5be6d08ecb26d8250fd6059ae1382,0xbb4cdb9cbd36b01bd1cbaebf2de08d9173bc095c,18,18,PancakeSwapV3
PancakeSwapV3,0x739a322fe2e9be306b9f3a3a2c5e79c43c64c63c,TST,WBNB,10,500,0x5045bde9e5ccf6327c4347a04bf3b68d2129bb3a,0xbb4cdb9cbd36b01bd1cbaebf2de08d9173bc095c,18,18,PancakeSwapV3
PancakeSwapV3,0x69b2fc127167244f8ec0afb524067ce25e2c2dee,STAR10,WBNB,50,2500,0x50abfe7a15cce4f351a7266c2c49686bd5c9696d,0xbb4cdb9cbd36b01bd1cbaebf2de08d9173bc095c,18,18,PancakeSwapV3
PancakeSwapV3,0x999399fb03915c9c1c8fb42c57092cbd825a0c69,USDT,D1,1,100,0x55d398326f99059ff775485246999027b3197955,0xb6fdb7d804e0bda9037836904f6e07df10666c22,18,18,PancakeSwapV3
PancakeSwapV3,0x64f63bb92702449f67b15c3dc4f65c83d0bdf0b7,USDT,RZUSD,1,100,0x55d398326f99059ff775485246999027b3197955,0xc4a1cc5ca8955a4650bdc109bddf110e33a1e344,18,18,PancakeSwapV3
PancakeSwapV3,0x69f6d78dd86b1df098ee57aa91b024a065abe9be,USDT,PTSDT,1,100,0x55d398326f99059ff775485246999027b3197955,0xe66b569dfa2a0265c866ad15c0edf4baebbfe42b,18,18,PancakeSwapV3
PancakeSwapV3,0x55efe857258293ca91f54077d812016ddecd3427,test,WBNB,10,500,0x9dc35fc991de4eab00d49c24691e235d86e2a518,0xbb4cdb9cbd36b01bd1cbaebf2de08d9173bc095c,18,18,PancakeSwapV3
PancakeSwapV3,0x202744d509174c9ea8d7f5f0bb0961b8a8429986,Test,WBNB,10,500,0x226208d81231ddf81d6edf80e69ce49bae0c50e2,0xbb4cdb9cbd36b01bd1cbaebf2de08d9173bc095c,18,18,PancakeSwapV3
PancakeSwapV3,0xe85a90c4de0faec722cf614bc87d508d6a3801bd,Test,WBNB,10,500,0x6d8799761ed8236baef25bc8ce1804bf7159f8cf,0xbb4cdb9cbd36b01bd1cbaebf2de08d9173bc095c,18,18,PancakeSwapV3
PancakeSwapV3,0x6819f73893e0976076979d691051a35db4f799d7,TEST,WBNB,50,2500,0x6805444ef1e62c26da0496a40fc392c3fa8b96f7,0xbb4cdb9cbd36b01bd1cbaebf2de08d9173bc095c,18,18,PancakeSwapV3
UniswapV3CL,0x51aef0e8e8d0f2576d952ff140667150f452ae2f,CZVD,WBNB,200,10000,0x0b43170b57fea3c59c32ae983ef9631e9326177f,0xbb4cdb9cbd36b01bd1cbaebf2de08d9173bc095c,18,18,UniswapV3CL
PancakeSwapV3,0x84496090b843f8df1827132943c98d4dda8408ef,APEIROS,WBNB,50,2500,0x723aaa19a2ee5396be5137030243132bb7857d30,0xbb4cdb9cbd36b01bd1cbaebf2de08d9173bc095c,18,18,PancakeSwapV3
PancakeSwapV3,0xf39cdfc7628d383b3572581dc01fea12bc933172,HYPER,USDT,10,500,0x0b2839ce6c6d795932a15dd11aed8f23784a8744,0x55d398326f99059ff775485246999027b3197955,6,18,PancakeSwapV3
PancakeSwapV3,0xf042237bd91d453f859ee6736fb86a8afac39290,CLANKER,WBNB,50,2500,0x5a97ad9dba38ad7a66d633ab7098be660bf4635c,0xbb4cdb9cbd36b01bd1cbaebf2de08d9173bc095c,18,18,PancakeSwapV3
PancakeSwapV3,0xf5f9964de9e9604cc9818379a7494942d2e15fd3,USDT,XCN,10,500,0x55d398326f99059ff775485246999027b3197955,0xbc0011d7544274565d35fe86fdb4b35fd0a69ca0,18,6,PancakeSwapV3
UniswapV3CL,0xbed0ffb7dbf62d9c3786b1d6d4734839afabe731,WBNB,KBN,1,100,0xbb4cdb9cbd36b01bd1cbaebf2de08d9173bc095c,0xc26a6a5a553d17be7cac60eadad963adf137dd46,18,18,UniswapV3CL
UniswapV3CL,0x269f4f41d2dc5411caa676f6cf907c4a6ed10d18,WBNB,BTCBR,1,100,0xbb4cdb9cbd36b01bd1cbaebf2de08d9173bc095c,0xfb767fcda2b7fb1e4060f9b3824d394524e87fe6,18,18,UniswapV3CL
UniswapV3CL,0x0e07b8b0f3366b30df677e5a85739741f808df1f,USDT,ACOT,10,500,0x55d398326f99059ff775485246999027b3197955,0xd553228fef4acbac46ff248bcd7eb10f130a68ae,18,18,UniswapV3CL
UniswapV3CL,0xcd7875da176570d0e43b9cc2aa167470dada10f6,USDT,XMY,1,100,0x55d398326f99059ff775485246999027b3197955,0xb0082c014d7449045a6e83c33f8fa93dad5451cd,18,18,UniswapV3CL
PancakeSwapV3,0x40aee7f2b32bd0c91f5345e8d767192415e4dff5,SUSDT,WBNB,1,100,0xa2b5668283f7ead752871d294978f1a2b966d4f0,0xbb4cdb9cbd36b01bd1cbaebf2de08d9173bc095c,6,18,PancakeSwapV3
PancakeSwapV3,0x0cb69255168c19fa562f132edf71f5af8cbe06eb,RNBW,WBNB,10,500,0x0f4d5910f515e2bc261c66e222766bb0ad2f9fb3,0xbb4cdb9cbd36b01bd1cbaebf2de08d9173bc095c,18,18,PancakeSwapV3
UniswapV3CL,0x762ffae25fd3738024b1d260ffef8d184703f4a1,TEst1,WBNB,200,10000,0x743c8e01ced6b1386536b3465be626215831a6ca,0xbb4cdb9cbd36b01bd1cbaebf2de08d9173bc095c,18,18,UniswapV3CL
PancakeSwapV3,0x3ed2e9ff308da595e3ea681ecf8c112afdc71ef7,WBNB,OVL3,50,2500,0xbb4cdb9cbd36b01bd1cbaebf2de08d9173bc095c,0xdf7997a1db25fdc73b4ab548bf1f6c22b6db2e84,18,18,PancakeSwapV3
PancakeSwapV3,0x4646931b4c6e596c62013c97c20f6e9f9f3ec0fd,USDT,DAl,1,100,0x55d398326f99059ff775485246999027b3197955,0x9bcf80cae732eba24cde63bb14751697bcbbdbc3,18,18,PancakeSwapV3
PancakeSwapV3,0x7f435dbe1b2f8e9ebebaa7d93955e88411acbe57,WBNB,PAIN,50,2500,0xbb4cdb9cbd36b01bd1cbaebf2de08d9173bc095c,0xee1b99ae18d6ab138cc32b9239ec44648ff1bd3f,18,18,PancakeSwapV3
PancakeSwapV3,0xaa4f5d59c0f61fa37c2dcadeed666d9728be1cc9,PI ,WBNB,50,2500,0x2d4963ac547cb15866de5c2eaf3ac32a7ec3b3b8,0xbb4cdb9cbd36b01bd1cbaebf2de08d9173bc095c,18,18,PancakeSwapV3
PancakeSwapV3,0xc7186c6466270ab8f9174815a8041f7944897ea1,SQUI,USDT,1,100,0x2bd93206e500e1eb1ab9ea5c84a9cdd0aef1671b,0x55d398326f99059ff775485246999027b3197955,18,18,PancakeSwapV3
PancakeSwapV3,0x973bfa1153fffb8fab21126e2cbab2d8a87d6872,USDT,IO,200,10000,0x55d398326f99059ff775485246999027b3197955,0xfc5e50b8a24b216d6dfaaa7f304ce9e5a94601ab,18,18,PancakeSwapV3
PancakeSwapV3,0xdf61b39fe83dfbfacce9cf9b26357effc86fcee9,Babybtc,WBNB,10,500,0x0724469025d6ee47e093776862f0e223013792c7,0xbb4cdb9cbd36b01bd1cbaebf2de08d9173bc095c,18,18,PancakeSwapV3
PancakeSwapV3,0xfa09940612d7ae39f7f220f3ca6816bd72844577,USDT,LUSD,1,100,0x55d398326f99059ff775485246999027b3197955,0x5bb4d589467c25a5ac8db930372dc5da30c3410e,18,18,PancakeSwapV3
UniswapV3CL,0x81c7294b66955824bc04acb642ae8dc58e6ce507,USDT,KOGE,1,100,0x55d398326f99059ff775485246999027b3197955,0xe6df05ce8c8301223373cf5b969afcb1498c5528,18,18,UniswapV3CL
PancakeSwapV3,0x5e55423b32bf328a0395ac71511a2076feba5967,USDT,USD,50,2500,0x55d398326f99059ff775485246999027b3197955,0x829b949aa8e31ec1bd66ab9c3de7ee3576790c10,18,18,PancakeSwapV3
PancakeSwapV3,0x01fe1a3d6e2f5f6c763cc00e7481ee6e2f5e3a1a,WBNB,BUNDL,50,2500,0xbb4cdb9cbd36b01bd1cbaebf2de08d9173bc095c,0xf185ca3821beec8185256c234b2a6fcf094c3541,18,18,PancakeSwapV3
PancakeSwapV3,0xb4f7332eda94ed7260e1d43b8b7127bc37d4e2ea,WBNB,SAFU,50,2500,0xbb4cdb9cbd36b01bd1cbaebf2de08d9173bc095c,0xcf78496fea3cecc9ab97fd468ccedc19f6450fb4,18,18,PancakeSwapV3
PancakeSwapV3,0x92b7807bf19b7dddf89b706143896d05228f3121,USDT,USDC,1,100,0x55d398326f99059ff775485246999027b3197955,0x8ac76a51cc950d9822d68b83fe1ad97b32cd580d,18,18,PancakeSwapV3
PancakeSwapV3,0xab3b6188dad1102438a6343b29801d2dd6d7db0c,WKEY,USDT,1,100,0x476dcb7a640de9ecc1e1d9ca630d4eab79ea583b,0x55d398326f99059ff775485246999027b3197955,18,18,PancakeSwapV3
PancakeSwapV3,0xcf59b8c8baa2dea520e3d549f97d4e49ade17057,USDT,KOGE,1,100,0x55d398326f99059ff775485246999027b3197955,0xe6df05ce8c8301223373cf5b969afcb1498c5528,18,18,PancakeSwapV3
PancakeSwapV3,0x6e7df76473372047dc290c90f0718636370dbd2a,MAT,WBNB,10,500,0x9c6003d24086245aa9510bd6eef35c361f42bca5,0xbb4cdb9cbd36b01bd1cbaebf2de08d9173bc095c,18,18,PancakeSwapV3
PancakeSwapV3,0x6a305afe9f07199ff02f21cbdbecb699c0897e8c,WBNB,MOZI,10,500,0xbb4cdb9cbd36b01bd1cbaebf2de08d9173bc095c,0xeb3c7a9b039aafa5f3b9c3a61d43af70f5bd139e,18,18,PancakeSwapV3
PancakeSwapV3,0x654fe9d123a999e367189c1690bb90e26964e6d3,USDT,USD,50,2500,0x55d398326f99059ff775485246999027b3197955,0x99717e0aed7290b52c4d52ecec6a52754ef192ce,18,18,PancakeSwapV3
PancakeSwapV3,0x73ee424148e9e40d800eb822f2b43b8832ac1e84,NOT,WBNB,200,10000,0x15e5f0a0a948e975e0e6d17365bb8784d916d67d,0xbb4cdb9cbd36b01bd1cbaebf2de08d9173bc095c,18,18,PancakeSwapV3
PancakeSwapV3,0x2ec741446cad2dfc0e73d29da489fa31cfc7d58d,WBNB,FAFO,50,2500,0xbb4cdb9cbd36b01bd1cbaebf2de08d9173bc095c,0xf29261486c2d04b4b4f2b8bc6c73d620777ef1f0,18,18,PancakeSwapV3
PancakeSwapV3,0xc419263aff6736bd365bc396a4d5a1a0637736b8,BRNTRUMP,WBNB,50,2500,0x4ae47cdf7b04f30431b5afe698eabfbdc7a0de0d,0xbb4cdb9cbd36b01bd1cbaebf2de08d9173bc095c,18,18,PancakeSwapV3
PancakeSwapV3,0x591f7c6d38f36e3593478dff0c7ee3bcd72a1c54,Mascot,WBNB,50,2500,0xb2abdd96b77b4141a9021a2f49ef616847f668e9,0xbb4cdb9cbd36b01bd1cbaebf2de08d9173bc095c,18,18,PancakeSwapV3
PancakeSwapV3,0x49c0a429cdbf413db4a830aadb42dd031c675954,USDT,RUSD,1,100,0x55d398326f99059ff775485246999027b3197955,0x86ffdf1a4de647f8d9b48dbd3d7971840e07c52d,18,18,PancakeSwapV3
PancakeSwapV3,0x518c8551ca4be1e163f28a1b95235e1f1bce7a48,USDT,1,1,100,0x55d398326f99059ff775485246999027b3197955,0xac07ad5ad7e6fc5bbcf35949e6b727b2bf0351be,18,18,PancakeSwapV3
PancakeSwapV3,0xfe60de3e66b11e4fcccd16b59ffd7073641b36b2,USDT,WBNB,50,2500,0x4200957de9ded0aa77fb268a37b7e7f28ba694e0,0xbb4cdb9cbd36b01bd1cbaebf2de08d9173bc095c,18,18,PancakeSwapV3
PancakeSwapV3,0x10fa4b311a72395b62d63de13de7cccdb6ce0d60,USDT,TSC,1,100,0x55d398326f99059ff775485246999027b3197955,0xd899ce970457eb89ddf31daf226647cc9775b662,18,18,PancakeSwapV3
PancakeSwapV3,0xaf3d72e30911ef7634d0760fafe725d56ae74d21,WBNB,BNBXBT,50,2500,0xbb4cdb9cbd36b01bd1cbaebf2de08d9173bc095c,0xd7f5423a28d5adcdfe471eb583da9536f5b18e40,18,18,PancakeSwapV3
UniswapV3CL,0x89f3e409aa4fbb49507d92540bd917ffaf19e0fb,HKDW,USDC,10,500,0x126be40411b9397340f32a87c582b1faec10f939,0x8ac76a51cc950d9822d68b83fe1ad97b32cd580d,6,18,UniswapV3CL
PancakeSwapV3,0x96f808b83e52f0e58d334b0f0f84c9c17c507dad,VULT,WBNB,10,500,0x40b35bf2ac4820f620bcba95dd6416240c317aab,0xbb4cdb9cbd36b01bd1cbaebf2de08d9173bc095c,18,18,PancakeSwapV3
PancakeSwapV3,0xe4b62d91cda7cf5650e2823ae6592fe33bb95dbc,aUSDz,USDT,1,100,0x24cf91a9ffcf614c8ef9bdee6d30bb169efa303e,0x55d398326f99059ff775485246999027b3197955,18,18,PancakeSwapV3
UniswapV3CL,0xfb9dd739c1e152793c744855a48acf3d736463d8,aUSDz,USDT,1,100,0x24cf91a9ffcf614c8ef9bdee6d30bb169efa303e,0x55d398326f99059ff775485246999027b3197955,18,18,UniswapV3CL
UniswapV3CL,0x70603a53c7df14f0304220c7592a34ee5809d82c,USDT,MELST,10,500,0x55d398326f99059ff775485246999027b3197955,0xa2e052636cc548215fbac857d4aa3e7d80d6188d,18,18,UniswapV3CL
PancakeSwapV3,0x582a0c60f225e2a97b6af9227c734fca5f53df2d,PNUT,WBNB,50,2500,0x3d2f9c4c88ee167d19fd980d03716f459756f9d2,0xbb4cdb9cbd36b01bd1cbaebf2de08d9173bc095c,18,18,PancakeSwapV3
PancakeSwapV3,0x93670c017b8f4949e2ee02775bbe8572e92fb396,WBNB,BNB,1,100,0xbb4cdb9cbd36b01bd1cbaebf2de08d9173bc095c,0xfc573ea19de8be201fb3c8d8d0aef662a3337217,18,8,PancakeSwapV3
PancakeSwapV3,0xff6ed167602e86abafe5221e010518a2bce0036c,WBNB,KNINE,50,2500,0xbb4cdb9cbd36b01bd1cbaebf2de08d9173bc095c,0xfda42bf2db9ec5f5d83ff1351eac52a3ab966ebf,18,18,PancakeSwapV3
PancakeSwapV3,0x836f53fd5918d4bb7aac883922bcb820d223df72,FAI,WBNB,50,2500,0x52bfa2b5f31c1096fce0d4c0af0f1874d2e51819,0xbb4cdb9cbd36b01bd1cbaebf2de08d9173bc095c,18,18,PancakeSwapV3
PancakeSwapV3,0x0feb67622d8e87af25f9140c84a71af882f9a410,XPLUS,WBNB,50,2500,0x6d3d1235ffa40e3e67421077d7b65cf47628ddc1,0xbb4cdb9cbd36b01bd1cbaebf2de08d9173bc095c,18,18,PancakeSwapV3
UniswapV3CL,0xa8968f9ef9836b41b7fb69fef5557c360fdc61d3,WBNB,WB,200,10000,0xbb4cdb9cbd36b01bd1cbaebf2de08d9173bc095c,0xc8282a21d8d69d838970b2f721d0c4abca5ae9df,18,18,UniswapV3CL
PancakeSwapV3,0xb67e5eaf770a384ab28029d08b9bc5ebe32beb0f,USDT,DUSD,1,100,0x55d398326f99059ff775485246999027b3197955,0xaf44a1e76f56ee12adbb7ba8acd3cbd474888122,18,6,PancakeSwapV3
PancakeSwapV3,0xf8d8680713125636caee1b4fa09e0dd569920515,WBNB,YTIME,10,500,0xbb4cdb9cbd36b01bd1cbaebf2de08d9173bc095c,0xbeef31bbc66570915c86ad9d55d4e73fe89f590d,18,18,PancakeSwapV3
PancakeSwapV3,0x1ca12f6e1b966704f9b52ada33ec2967344d6937,WBNB,BIGTIME,50,2500,0xbb4cdb9cbd36b01bd1cbaebf2de08d9173bc095c,0xc00421ce586fcc10ac6a26ec7e03efc0a9bb97e8,18,18,PancakeSwapV3
PancakeSwapV3,0x1415303e0bc277382651218df2795cf5fcff9a41,Babydojo,WBNB,50,2500,0x3ea0cc3c5eebd0a70e8dc3dd8d8a4a4cb4837575,0xbb4cdb9cbd36b01bd1cbaebf2de08d9173bc095c,18,18,PancakeSwapV3
PancakeSwapV3,0x465d3dc039aa71639ac500278a53e314072f3772,RSV,USDT,1,100,0x37260a0e9a0a6b7a64a10995494fa9bd3b06b517,0x55d398326f99059ff775485246999027b3197955,18,18,PancakeSwapV3
PancakeSwapV3,0x3b304a61bca78b26609a67783393932bd6b4e2f1,SPX,WBNB,200,10000,0x588e45318ddf6ba03afc822a3735dbeedd81de4c,0xbb4cdb9cbd36b01bd1cbaebf2de08d9173bc095c,18,18,PancakeSwapV3
PancakeSwapV3,0x5b63cbc1d4a7a75328dda28cda875089c916227f,HKDW,USDT,10,500,0x126be40411b9397340f32a87c582b1faec10f939,0x55d398326f99059ff775485246999027b3197955,6,18,PancakeSwapV3
PancakeSwapV3,0x00fe80032cd927e0855e94816b3c5e9e08956748,WBNB,ENQAI,50,2500,0xbb4cdb9cbd36b01bd1cbaebf2de08d9173bc095c,0xc7b116acd0217793396df5e0401465a67c9530c9,18,18,PancakeSwapV3
PancakeSwapV3,0x8e8b724c367f308eaffbf0acd933ad0c2381345f,MEMEMINT,WBNB,50,2500,0x658a83e6d4bb4818f939954dddacbd2eb35090f5,0xbb4cdb9cbd36b01bd1cbaebf2de08d9173bc095c,18,18,PancakeSwapV3
PancakeSwapV3,0x26f256b52e21c6d06b1f6d0fcaf5330ef7b0d2ca,ADA,WBNB,50,2500,0x2ff9fef0a81f19f48f216f2c090b42eff838662b,0xbb4cdb9cbd36b01bd1cbaebf2de08d9173bc095c,18,18,PancakeSwapV3
PancakeSwapV3,0xd7a0f65d2ee105af8f4e96a83e2a7f397338759f,EVLD,WBNB,50,2500,0x6d5ac4d3c19e448243f2ea2e26c1b06ac4fbc8ea,0xbb4cdb9cbd36b01bd1cbaebf2de08d9173bc095c,18,18,PancakeSwapV3
UniswapV3CL,0x8a07956ce2de393cb5a6469833e7fa23cba41b0e,X,USDC,1,100,0x1d236c28589a7fd0fe9186c6a9f44cedf3f141c3,0x8ac76a51cc950d9822d68b83fe1ad97b32cd580d,18,18,UniswapV3CL
PancakeSwapV3,0x02e79ec4b885663806524e070d36ff5821d4badf,USDT,USDT,1,100,0x48f93de7a498c7eff1453ccd1fd38b181c34fcb4,0x55d398326f99059ff775485246999027b3197955,18,18,PancakeSwapV3
PancakeSwapV3,0x698dd7499f6787de455ba8a786e9bfcbf07339df,PI ,WBNB,50,2500,0x36b97a2a6acb4aca71639b9043be6b9c3b65604d,0xbb4cdb9cbd36b01bd1cbaebf2de08d9173bc095c,18,18,PancakeSwapV3
PancakeSwapV3,0x6356dd13b456ab8e14bd429f2b796899b124485c,WBNB,Pin,50,2500,0xbb4cdb9cbd36b01bd1cbaebf2de08d9173bc095c,0xbb4e2e98af07b222f55098f8d590bb41fd594fe1,18,18,PancakeSwapV3
PancakeSwapV3,0x8f6ef959fa19173bd4668b83e80f82442b2c99de,USDD,USDT,1,100,0x45e51bc23d592eb2dba86da3985299f7895d66ba,0x55d398326f99059ff775485246999027b3197955,18,18,PancakeSwapV3
PancakeSwapV3,0x9405aace5abf45ece4ca741908fae05fa577750b,USDT,JOJO,1,100,0x55d398326f99059ff775485246999027b3197955,0xdc8a194078838d1ed906e70b4e5d18b1be1da4dc,18,18,PancakeSwapV3
PancakeSwapV3,0x96a3f75cdf4515a263e94e5a2fb0826928706d30,XAU,WBNB,1,100,0xb6f04237e9f4e8afb37cb19feb33294228b1f288,0xbb4cdb9cbd36b01bd1cbaebf2de08d9173bc095c,18,18,PancakeSwapV3
PancakeSwapV3,0xb89051dbbd91cfd4c025add501115e86043109ac,USDT,AUGT,1,100,0x55d398326f99059ff775485246999027b3197955,0xd1ce3649c6cb9853d2a69328c6b6cfe3c27d1436,18,18,PancakeSwapV3
UniswapV3CL,0xe1acb466421ed24dd8bd381d1205bad0ad43ca9c,quq,USDT,1,100,0x4fa7c69a7b69f8bc48233024d546bc299d6b03bf,0x55d398326f99059ff775485246999027b3197955,18,18,UniswapV3CL
UniswapV3CL,0x2c3c320d49019d4f9a92352e947c7e5acfe47d68,USDT,USDC,1,100,0x55d398326f99059ff775485246999027b3197955,0x8ac76a51cc950d9822d68b83fe1ad97b32cd580d,18,18,UniswapV3CL
UniswapV3CL,0x5f6913b2a5c9f238ea06326e91d7171b26c174a3,USDTc,USDT,1,100,0x2e8eda9c595ed07172d7b296d5f2602358103a2e,0x55d398326f99059ff775485246999027b3197955,6,18,UniswapV3CL
PancakeSwapV3,0x07617dbddd928ce330a27da9528878245c9a9576,USDT,GLVX,1,100,0x55d398326f99059ff775485246999027b3197955,0xbf6e9bb4c27cbff242d44efca606fc896a750442,18,18,PancakeSwapV3
PancakeSwapV3,0xabf6f7a97d13ed47759d201ea8e5c316a7f379ce,USDT,cbXRP,1,100,0x55d398326f99059ff775485246999027b3197955,0x78b4a5efc9aa21fbe5efeca61123b12d38e321d2,18,18,PancakeSwapV3
PancakeSwapV3,0x0472a92e56a3378bde5b22445201fec647ee8346,WBNB,TONNEL,200,10000,0xbb4cdb9cbd36b01bd1cbaebf2de08d9173bc095c,0xda1a5566b274e882b8e456388bb4a0e7e1e4cfc8,18,18,PancakeSwapV3
PancakeSwapV3,0xa77f20df4813039b4793114287a1fea8da629f1b,WBNB,XMR,200,10000,0xbb4cdb9cbd36b01bd1cbaebf2de08d9173bc095c,0xe4091d19f663853f9623a31c84a3cade8e99fe28,18,18,PancakeSwapV3
PancakeSwapV3,0xa876f7f3a010aab8fdacddfb1207e1758e192e35,SEA,WBNB,50,2500,0x2c13de1c628396e9a9a25bcd15bb905829cccd71,0xbb4cdb9cbd36b01bd1cbaebf2de08d9173bc095c,18,18,PancakeSwapV3
PancakeSwapV3,0x79ac566254fe60f602ee1fb67ecd87f38feb6346,WBNB,FOLKS,50,2500,0xbb4cdb9cbd36b01bd1cbaebf2de08d9173bc095c,0xe7b24e17169d59ba58d5c17c2e51c81c6f93362b,18,18,PancakeSwapV3
UniswapV3CL,0xedecf8a617b9c79e92c8731e0cf6b839c547f7f2,xADA,WBNB,1,100,0x91df1ffb670a4a23d987da2366e77b0838d0228f,0xbb4cdb9cbd36b01bd1cbaebf2de08d9173bc095c,18,18,UniswapV3CL
PancakeSwapV3,0xa54f74028c24375903ad4b0ce742bb751f2b0685,WBNB ,WBNB,200,10000,0x487c818c82522b07d4524d174ed05e43970f11d4,0xbb4cdb9cbd36b01bd1cbaebf2de08d9173bc095c,18,18,PancakeSwapV3
PancakeSwapV3,0x178d4c82042afab95147215b91386cb0c14e161d,KAITO,WBNB,50,2500,0x406407d237df26d47983079fb0683fa35c9b1b8f,0xbb4cdb9cbd36b01bd1cbaebf2de08d9173bc095c,18,18,PancakeSwapV3
PancakeSwapV3,0xc05d76d75f502470126c8ed0c571f48e91cc07de,AIXBT,WBNB,50,2500,0x711ddf2c477052bd90869baf0e34248c0adfa2cb,0xbb4cdb9cbd36b01bd1cbaebf2de08d9173bc095c,18,18,PancakeSwapV3
PancakeSwapV3,0x396d19614c62a6f681e711218ce16ad84f8e9c74,EDGE,WBNB,50,2500,0x087f5aa7560f47f4a748e476cdcb42dba8a927e6,0xbb4cdb9cbd36b01bd1cbaebf2de08d9173bc095c,18,18,PancakeSwapV3
PancakeSwapV3,0xae0167ae04bb6ca851550342f283fd8c81d20561,HIPPO,WBNB,50,2500,0xac65ddf07be608359a1e5e3b9ca751bcceec87db,0xbb4cdb9cbd36b01bd1cbaebf2de08d9173bc095c,18,18,PancakeSwapV3
PancakeSwapV3,0x91a6a3b079f6f43e755f22909f38d9bbc61ad7ae,POPCORN,WBNB,1,100,0x145961aa39ec1fb83cbb20bc530f16b03dacd772,0xbb4cdb9cbd36b01bd1cbaebf2de08d9173bc095c,18,18,PancakeSwapV3
PancakeSwapV3,0x8761b1c644a2bb07422f69836e53ab5b3f09e025,HARAMBEAI,WBNB,50,2500,0x60dcecba339253c963842c18a052f39ec7b90bef,0xbb4cdb9cbd36b01bd1cbaebf2de08d9173bc095c,18,18,PancakeSwapV3
PancakeSwapV3,0x0d4a98feb90c049966f208125d76cc1109b44ea3,WBNB,IQBTC,1,100,0xbb4cdb9cbd36b01bd1cbaebf2de08d9173bc095c,0xfede7c7209bc96fe42969ade7de9e08770c47e5f,18,18,PancakeSwapV3
PancakeSwapV3,0xf26c5dae4d368eda6b02c5d40be8a6148f2e983d,RBLZ,WBNB,50,2500,0x992d1a3f51f3a2ea607360abc5a41b73d43b34f5,0xbb4cdb9cbd36b01bd1cbaebf2de08d9173bc095c,18,18,PancakeSwapV3
PancakeSwapV3,0x20055c35f1d085a568b4e5d6db225402271a8e65,ETH,MTK,1,100,0x2170ed0880ac9a755fd29b2688956bd959f933f8,0x2621c4bbe8a8f0fa32e18f3da781f3fc35f9577e,18,18,PancakeSwapV3
UniswapV3CL,0xfe99b7459166bfef3e531941d616caf57d232396,USDT,RON,10,500,0x55d398326f99059ff775485246999027b3197955,0xa8bec752f2dcb85814d12d9d49105bffa533adb0,18,18,UniswapV3CL
UniswapV3CL,0x2c642f054978e63c1ce34bfaf170a9d9fdd8674d,PEPE MOON TOKEN,WBNB,1,100,0x0336f0e3c2bdccd4cd0b546213f07df8e2d76dbd,0xbb4cdb9cbd36b01bd1cbaebf2de08d9173bc095c,18,18,UniswapV3CL
PancakeSwapV3,0xa0909f81785f87f3e79309f0e73a7d82208094e4,USDT,U,1,100,0x55d398326f99059ff775485246999027b3197955,0xce24439f2d9c6a2289f741120fe202248b666666,18,18,PancakeSwapV3
PancakeSwapV3,0x7fe072e58bbb2f237461883cf8e98a8351785613,USDX,USDC,50,2500,0x69633de1d26d6fbe7cf47b96bc12c410d50618d8,0x8ac76a51cc950d9822d68b83fe1ad97b32cd580d,18,18,PancakeSwapV3
PancakeSwapV3,0xc6c12f9fd7e2ff225d68d8661eaaa6b9ca2437a8,WBNB,A1C,50,2500,0xbb4cdb9cbd36b01bd1cbaebf2de08d9173bc095c,0xdbb7dc470e476cab5ad81aa4503688d7be588bca,18,18,PancakeSwapV3
UniswapV3CL,0xcfbbcec876b66950ae39e9e89bc35e3a7c068fab,USDT,777,1,100,0x55d398326f99059ff775485246999027b3197955,0xca40fd985ee538c1db241427a234fdcb5323c749,18,18,UniswapV3CL
PancakeSwapV3,0x006b880947decc78a35c22b13f64c58e61d8a0aa,BTCB,APES,1,100,0x7130d2a12b9bcbfae4f2634d864a1ee1ce3ead9c,0xfbd09f771d1d76275b58eca4016978a8a8dc46de,18,18,PancakeSwapV3
PancakeSwapV3,0xd88a7d57a19ff72020a7a53921da39985b9e42ee,CHTK,WBNB,200,10000,0x66ec3a6d7938f9caf7155248c8293681670496d4,0xbb4cdb9cbd36b01bd1cbaebf2de08d9173bc095c,18,18,PancakeSwapV3
PancakeSwapV3,0x28d9806d260149eb701bce3ad88dba9e5f993e93,FOXY,WBNB,50,2500,0x4ee414a9bc41caa11841351326796b9143203de4,0xbb4cdb9cbd36b01bd1cbaebf2de08d9173bc095c,18,18,PancakeSwapV3
PancakeSwapV3,0x5a386a43f380057ad64ed1155557ad128adc1275,WBNB,CSR,1,100,0xbb4cdb9cbd36b01bd1cbaebf2de08d9173bc095c,0xc80f2656736c8ad213f9dea9a120a005af04ee99,18,18,PancakeSwapV3
PancakeSwapV3,0x6713cce8373e1db92bd7c8813f4cb77f15147764,USDT,AIDM,1,100,0x55d398326f99059ff775485246999027b3197955,0xf5fb705b06f756288ca095d825dc57434d4c1099,18,18,PancakeSwapV3
PancakeSwapV3,0x822b407a8b76afcb4191f88b20ff0f3e62562695,LUNA,WBNB,50,2500,0x675789d1d36d84a70805f14ca290a1067ffab274,0xbb4cdb9cbd36b01bd1cbaebf2de08d9173bc095c,18,18,PancakeSwapV3
PancakeSwapV3,0x1f4fd82b95304d0c42878347741a96b2778fe91c,USDT,$TBET,1,100,0x55d398326f99059ff775485246999027b3197955,0x59caf3854a29d886080fe28dfecb2dec61cf5ba2,18,18,PancakeSwapV3
UniswapV3CL,0xc1fa8823f427c88d2835acca7629dcd5ba343147,USDT,$TBET,1,100,0x55d398326f99059ff775485246999027b3197955,0x59caf3854a29d886080fe28dfecb2dec61cf5ba2,18,18,UniswapV3CL
PancakeSwapV3,0xeb132f23040c5d20515ce78802f6a51ecc194a7b,USDT,TRUMP,200,10000,0x55d398326f99059ff775485246999027b3197955,0x9a9e0f8878a63255ddf4508edfccd0bc5c715cfa,18,8,PancakeSwapV3
PancakeSwapV3,0x1b9d0cac8633a5db76403daf2cf0c14a89edcf79,WBNB,NOT,10,500,0xbb4cdb9cbd36b01bd1cbaebf2de08d9173bc095c,0xc0ab56b1f8a151f79bec7578f8607243cd37f782,18,18,PancakeSwapV3
PancakeSwapV3,0xa89358be7380ce506cac73b7397429ea47c5eb4f,BABYLON,WBNB,50,2500,0x1ff17c292857f97b78378cec0fa9246884f5aae2,0xbb4cdb9cbd36b01bd1cbaebf2de08d9173bc095c,18,18,PancakeSwapV3
PancakeSwapV3,0xfaea283fecd66cd718b234d311d3fbdd11897394,USDT,INIT,1,100,0x55d398326f99059ff775485246999027b3197955,0xcaa020616a095b99b7e466d3d038255db5d01f04,18,18,PancakeSwapV3
PancakeSwapV3,0x7feb5452b366681069011370c0393b533614ef3e,USDT,USDT,50,2500,0x55d398326f99059ff775485246999027b3197955,0x581fcf0e079f5efd283456eac6fe3d54f56b0843,18,18,PancakeSwapV3
PancakeSwapV3,0x7dd13f5e10fb77546b119c0af748353d91162ca5,SMZ,WBNB,10,500,0x9b9210d851063e4779d8261a5d50436620f57c8f,0xbb4cdb9cbd36b01bd1cbaebf2de08d9173bc095c,18,18,PancakeSwapV3
PancakeSwapV3,0x73d6bec80407f654fa0f93b3b3035d0d29d04dc1,WBNB,Broccoli,50,2500,0xbb4cdb9cbd36b01bd1cbaebf2de08d9173bc095c,0xdf211e2b5164cc4996dd77730d8e021d2c20c586,18,18,PancakeSwapV3
PancakeSwapV3,0x4f31fa980a675570939b737ebdde0471a4be40eb,USDT,USDC,10,500,0x55d398326f99059ff775485246999027b3197955,0x8ac76a51cc950d9822d68b83fe1ad97b32cd580d,18,18,PancakeSwapV3
PancakeSwapV3,0xdd0bdd7947bd590971eae63a8c616c3bee4ccc86,SONIC,WBNB,50,2500,0xb8e1fff353bdf60d0ce81b26e6155b86f14a53e7,0xbb4cdb9cbd36b01bd1cbaebf2de08d9173bc095c,18,18,PancakeSwapV3
PancakeSwapV3,0xb29ff7324321b8af5dc5f4ba1cf483eaf0f99ac3,FTT,WBNB,50,2500,0xb96cce8695183bd619071cc0bd06e9fc246d80ac,0xbb4cdb9cbd36b01bd1cbaebf2de08d9173bc095c,18,18,PancakeSwapV3
UniswapV3CL,0x4c8f4ae44c473c9b001529e94e4cdcf593597e94,BTCBR,WBNB,200,10000,0x4a7a8a75769dd4f16acb0271632c6795be192fd9,0xbb4cdb9cbd36b01bd1cbaebf2de08d9173bc095c,18,18,UniswapV3CL
PancakeSwapV3,0xa25dd085fb692630c671b1171330a5c4567944a1,USDT,USDC,50,2500,0x2d1a7a5339d44712de8f221e43430d7dcaa82ca9,0x8ac76a51cc950d9822d68b83fe1ad97b32cd580d,18,18,PancakeSwapV3
UniswapV3CL,0x03c72034d566e01e6f42e6d564b6cfb839d6bae9,TTK,WBNB,200,10000,0x5a1175bb9fdf556954f58180252c7bc71ed1b5af,0xbb4cdb9cbd36b01bd1cbaebf2de08d9173bc095c,18,18,UniswapV3CL
PancakeSwapV3,0x2afdaf1c3058a05b6e4466b18cabd1721aef8959,Super,WBNB,50,2500,0x5d53849d458f715de9cf7fe35aef5817e7308e25,0xbb4cdb9cbd36b01bd1cbaebf2de08d9173bc095c,18,18,PancakeSwapV3
PancakeSwapV3,0x826d9dafccb9d5d9054c5f998a6dac621ee106bd,GM,WBNB,200,10000,0x5022f61e9547d5f20e3a497d335f40dea8d0b33c,0xbb4cdb9cbd36b01bd1cbaebf2de08d9173bc095c,18,18,PancakeSwapV3
PancakeSwapV3,0x1801a8e58073e1ceb07774f03536c7792c724d47,WBNB,KELP,200,10000,0xbb4cdb9cbd36b01bd1cbaebf2de08d9173bc095c,0xccc5ab5dc7d8781752bc8536fb6bc0fd88e8e2ef,18,18,PancakeSwapV3
PancakeSwapV3,0x7440fdce3c56aa223bfc84877610cb5bd580c5de,CUB,WBNB,10,500,0x73c8a5dcc1a07112a6b66a5ea7a73220835df119,0xbb4cdb9cbd36b01bd1cbaebf2de08d9173bc095c,8,18,PancakeSwapV3
UniswapV3CL,0xcd42745142175e5fffecbeab6c5cf4117332d0e9,WBNB,FBTCX,200,10000,0xbb4cdb9cbd36b01bd1cbaebf2de08d9173bc095c,0xe199e3d45db5fcc89d3f1ac8788df662f17e0f98,18,18,UniswapV3CL
PancakeSwapV3,0xb8488ead57201f17def4c403a3c634c6bf18d9b3,PARTI,WBNB,50,2500,0x788eef489b300a05ee6f86f7a6786747757f33a6,0xbb4cdb9cbd36b01bd1cbaebf2de08d9173bc095c,18,18,PancakeSwapV3
PancakeSwapV3,0x99764f3fa42ee2b76dbfae2774be7dbdde807514,ZKP,WBNB,200,10000,0x496d2f27c2d71646975f053b6bb3cf3142a18652,0xbb4cdb9cbd36b01bd1cbaebf2de08d9173bc095c,18,18,PancakeSwapV3
PancakeSwapV3,0x3a992fe610d7459739ddcd64896862f0a2c78301,BEKY,WBNB,10,500,0x5a169b580b67417bfaa17dab64ae5516ebfee787,0xbb4cdb9cbd36b01bd1cbaebf2de08d9173bc095c,18,18,PancakeSwapV3
PancakeSwapV3,0x822976ebb729edc0ae3d63d9e21b890363a23cc5,USDT,USDD,50,2500,0x55d398326f99059ff775485246999027b3197955,0xfc0d2a718487782eab32380f50210ed69befb09b,18,18,PancakeSwapV3
PancakeSwapV3,0xa9e54a65aad4cf4765f454af8d47a24ee28d4916,MONAD,WBNB,200,10000,0x8b48eddfc3e7c59e0541d7ed8b0c790406ad5c61,0xbb4cdb9cbd36b01bd1cbaebf2de08d9173bc095c,18,18,PancakeSwapV3
PancakeSwapV3,0xf0b14407db653bdced0b8b73719ea21d3ca27551,WBNB,WLFI,50,2500,0xbb4cdb9cbd36b01bd1cbaebf2de08d9173bc095c,0xf0db6823880428de917a58524a0627a4817da7ab,18,18,PancakeSwapV3
PancakeSwapV3,0x0df2e029ea4912c230ab6acfbcccda455aecf3bc,WBNB,WLFI,50,2500,0xbb4cdb9cbd36b01bd1cbaebf2de08d9173bc095c,0xd6735ce01fa8a7cc2801bb7846ab2f0e47649149,18,18,PancakeSwapV3
PancakeSwapV3,0xf9b1437306b437b7a5bbe78b508906f600eff799,TRUMP,WBNB,50,2500,0x26171308e0a0c3966729a3e67ddd2b59fa0835b1,0xbb4cdb9cbd36b01bd1cbaebf2de08d9173bc095c,18,18,PancakeSwapV3
PancakeSwapV3,0x7ad7b2c2ba644f37f5b7546e7fe57cbdfc2d0a4a,YzY,WBNB,50,2500,0x28938d0d629f78eb85e37e9747bb4d46abeede9b,0xbb4cdb9cbd36b01bd1cbaebf2de08d9173bc095c,18,18,PancakeSwapV3
PancakeSwapV3,0xfdf4b3aa8df231353b10af3f47351be997638d08,FAFO,WBNB,50,2500,0xba4a6d858fac19eda216bb39d4c70f3fe8d7ccfc,0xbb4cdb9cbd36b01bd1cbaebf2de08d9173bc095c,18,18,PancakeSwapV3
PancakeSwapV3,0xb1ea90f68574c86d76aefb1074336663e4ca9654,WBNB,RED,50,2500,0xbb4cdb9cbd36b01bd1cbaebf2de08d9173bc095c,0xf6f4a05c89ecdc379ad35f7dfee37b799594cd8e,18,18,PancakeSwapV3
PancakeSwapV3,0xbd4706c28be23180769295ff06c8d978c16b617d,WBNB,PERRY,50,2500,0xbb4cdb9cbd36b01bd1cbaebf2de08d9173bc095c,0xe6c04eb6c9166dfc30733bb48a7ef12f71fc2433,18,18,PancakeSwapV3
PancakeSwapV3,0xd3bdca241d99b9d21e81a2c1b373a810fad14558,USDT,AIGEN,1,100,0x55d398326f99059ff775485246999027b3197955,0xe583affce613e098249f7f7410c9103c586f3316,18,18,PancakeSwapV3
PancakeSwapV3,0xfbefde5e203e423801dc97982fc44b3abdc85430,Koi,USDT,1,100,0x1581c162432182fb802777ca9f8ba852d0a48300,0x55d398326f99059ff775485246999027b3197955,18,18,PancakeSwapV3
PancakeSwapV3,0x34d2dcab1f7d5e4fa655a3854b60b31cf0013481,FMBC,WBNB,50,2500,0x7a4f409328506816bb8dfad666c3a520a7c6eb5f,0xbb4cdb9cbd36b01bd1cbaebf2de08d9173bc095c,18,18,PancakeSwapV3
PancakeSwapV3,0x146cd98c78d63a51c87829b7798cb21816e5fcf0,SEEK,WBNB,10,500,0x7a987ceb4f8011de2fb0f3419f34ea47c0f9b102,0xbb4cdb9cbd36b01bd1cbaebf2de08d9173bc095c,18,18,PancakeSwapV3
PancakeSwapV3,0x0c244575b41e9aca48a97880431f120d2645581b,USDT,Silly Goose,1,100,0x55d398326f99059ff775485246999027b3197955,0xa98ff6b0063f2f1107d49911d1f0cc4fda33dbe1,18,18,PancakeSwapV3
PancakeSwapV3,0x11ed9dbe4c7a98add75c3cd18209260dd3be65a1,CASH,USDT,10,500,0x14f3e158c3eab1566769cd1e3e65576e2a2abfc3,0x55d398326f99059ff775485246999027b3197955,18,18,PancakeSwapV3
PancakeSwapV3,0xf959cd2a4027555bd1b8dd91d97793f7d6574100,USDT,aichiyu,10,500,0x55d398326f99059ff775485246999027b3197955,0xdf0c26600e734b5627afb0d23292b4e13a46df3d,18,18,PancakeSwapV3
UniswapV3CL,0x7eb4b61803bfc5ec36ba828756d16f6fefc72a67,USDT,MH,60,3000,0x55d398326f99059ff775485246999027b3197955,0x780ace59658a576dfbfaeafe57a8725cf0474e14,18,6,UniswapV3CL
PancakeSwapV3,0x866572c2a45d2d7916f6bb16aac5c1dfb24fb059,WBNB,USD1,50,2500,0xbb4cdb9cbd36b01bd1cbaebf2de08d9173bc095c,0xeed3a36e442eeca716d1013c5eb069f992e8146d,18,18,PancakeSwapV3
PancakeSwapV3,0x69eb531556cff489b449de0df31a1060c8ebb4e4,FATHER,WBNB,50,2500,0x817cc96f65bc964c3e6b4a7c1bcb23239c8ae228,0xbb4cdb9cbd36b01bd1cbaebf2de08d9173bc095c,18,18,PancakeSwapV3
UniswapV3CL,0x7e17a42c5ef5a5fe846cf453f2f4b87b3ca32d0b,USDT,USD8,1,100,0x55d398326f99059ff775485246999027b3197955,0x6319088ec7d2a04c42a823c480e3a5b833893917,18,18,UniswapV3CL
PancakeSwapV3,0xacb86b64e66a9f6d6705494ac77b4e7739e4e8a9,PAMBO,WBNB,50,2500,0x277fe8cc9c9c4ea55d9dc006f2e57dc165e0b934,0xbb4cdb9cbd36b01bd1cbaebf2de08d9173bc095c,18,18,PancakeSwapV3
PancakeSwapV3,0xf46f8ade08f685d492c968239b5629ec764622ce,$M,WBNB,10,500,0x49b092d2e47effdd67b5685e1ddd18f7d71c3f9c,0xbb4cdb9cbd36b01bd1cbaebf2de08d9173bc095c,18,18,PancakeSwapV3
PancakeSwapV3,0x11888e3b51fdf94ab6773120a2aab038c208541c,DRB,WBNB,50,2500,0x19aead8b66d013777dca312b8ddc034814d3fc7f,0xbb4cdb9cbd36b01bd1cbaebf2de08d9173bc095c,18,18,PancakeSwapV3
PancakeSwapV3,0x7e148759961452e9ff7e056b18143bda3cca42c6,LMTS,WBNB,10,500,0x44774694543ee26f24ce4e6f0fe14c3764e5b3c8,0xbb4cdb9cbd36b01bd1cbaebf2de08d9173bc095c,18,18,PancakeSwapV3
PancakeSwapV3,0x01f1f8489068960fd215c9d26c166baf0162b842,PHRS,WBNB,10,500,0x4b57b6e9f2b18b1e8e2288bfbedcee39c0a4073a,0xbb4cdb9cbd36b01bd1cbaebf2de08d9173bc095c,18,18,PancakeSwapV3
UniswapV3CL,0x704a1f036ee0d5736e4b69f15578c598941ed278,$DGL84,WBNB,200,10000,0x76d3a9fa23795e63ae260540351a912e0bc93548,0xbb4cdb9cbd36b01bd1cbaebf2de08d9173bc095c,18,18,UniswapV3CL
PancakeSwapV3,0x8aab5522d601bbb85501d703b55a272e47852120,USDT,USDu,1,100,0x55d398326f99059ff775485246999027b3197955,0xea953ea6634d55dac6697c436b1e81a679db5882,18,18,PancakeSwapV3
PancakeSwapV3,0x6b281240ea40dfbab9133847dc193e161da2e0d3,WBNB,CODO,50,2500,0xbb4cdb9cbd36b01bd1cbaebf2de08d9173bc095c,0xf3a7867877a902206e4d58bcf54bf21173a419ff,18,18,PancakeSwapV3
PancakeSwapV3,0xf46e82b20db5e50d826941b296e91a7076c2f1bc,USDT,SHAGN,200,10000,0x55d398326f99059ff775485246999027b3197955,0x644f9f47ba822bdcf0c929bb2055064ed6ee4ea7,18,18,PancakeSwapV3
UniswapV3CL,0x8a0db8be4824bc96d7cc15d0dd6c02a11c668bb0,USDT,EUR,200,10000,0x55d398326f99059ff775485246999027b3197955,0xeb83fcc01a22c4be9c8201bf0154ec082aab8440,18,18,UniswapV3CL
UniswapV3CL,0x51c062fc04b0530c1ed4a8fd563d7b04ad51c4ea,USDT,LIKE,10,500,0x55d398326f99059ff775485246999027b3197955,0xf42ce6f5f02bfdb2d36391ea28a42b5c99911199,18,18,UniswapV3CL
PancakeSwapV3,0x2b05b867287a468501c040c03cafd8038a2ba7bb,WBNB,ALLOCA,10,500,0xbb4cdb9cbd36b01bd1cbaebf2de08d9173bc095c,0xfd5589298ca0c0d14d8c169af1ad3b90eab9fc48,18,18,PancakeSwapV3
UniswapV3CL,0x933d1358866d48b5ea94ca9ae7414243639402f2,GMRX,WBNB,60,3000,0xb6bf84b743f5f24981156c9f680955a9bfd4f4a0,0xbb4cdb9cbd36b01bd1cbaebf2de08d9173bc095c,18,18,UniswapV3CL
PancakeSwapV3,0x8fbbdea8f91e8a6ed98ced7025db2354d526a115,VOT3,WBNB,50,2500,0x2f77d5f5c80c77bfb901fdee9534c07bb4a4053d,0xbb4cdb9cbd36b01bd1cbaebf2de08d9173bc095c,18,18,PancakeSwapV3
PancakeSwapV3,0x5761e8f822eec6d28578f32bf2288dfc22ac60e2,SHRDM,WBNB,50,2500,0x35e167299b4dfc6df1d032b331518eb22a4bdc8e,0xbb4cdb9cbd36b01bd1cbaebf2de08d9173bc095c,18,18,PancakeSwapV3
PancakeSwapV3,0x755fbb89b480ac76d4d6f33290ce10082f2cfa47,USDT,LIKE,10,500,0x55d398326f99059ff775485246999027b3197955,0xf42ce6f5f02bfdb2d36391ea28a42b5c99911199,18,18,PancakeSwapV3
PancakeSwapV3,0x0fdc8d94d21ae778e6a16fe7018da4079784614e,MRSOON,WBNB,50,2500,0x31bb1e846e6383e21e73dea21137425dd7f2be3b,0xbb4cdb9cbd36b01bd1cbaebf2de08d9173bc095c,18,18,PancakeSwapV3
PancakeSwapV3,0x0fb3fe8b718924b15b61192203aec7f896832c25,SPAACE,WBNB,10,500,0xac5835c121787c5fc4d3f40fc095aa8b2dbf81b9,0xbb4cdb9cbd36b01bd1cbaebf2de08d9173bc095c,18,18,PancakeSwapV3
PancakeSwapV3,0x8fef880257417be9be3323f5173cdcce465c8048,USDT,DL,200,10000,0x55d398326f99059ff775485246999027b3197955,0xf337fe5e5be141d744a2e2dbc7dd1051376e922a,18,18,PancakeSwapV3
PancakeSwapV3,0x6aa60c5d7783a56dfe353e30588524bd44b0728c,KIMS,WBNB,10,500,0xa5af9cb7bcf8eaea521597a25aaa1755bd65deda,0xbb4cdb9cbd36b01bd1cbaebf2de08d9173bc095c,18,18,PancakeSwapV3
PancakeSwapV3,0x305dc42cacc8b3c2ddb4b796b85f3397cd601310,WBNB,SHREK,50,2500,0xbb4cdb9cbd36b01bd1cbaebf2de08d9173bc095c,0xf37a1b845e40bc77e0b6e9e70c35b6c37a762e88,18,18,PancakeSwapV3
PancakeSwapV3,0x437de1a483069743ea423c545e6cf398b31b900b,LCSN,WBNB,50,2500,0x0b8b62de2dbfc2a419ff571818e41c7640a4f46b,0xbb4cdb9cbd36b01bd1cbaebf2de08d9173bc095c,18,18,PancakeSwapV3
PancakeSwapV3,0xd7ac2be4429270513d5d4b4f295ae44e2295cbee,ZRO,WBNB,200,10000,0x36fe296576d0d68170b279202775eefbf3ca9db9,0xbb4cdb9cbd36b01bd1cbaebf2de08d9173bc095c,18,18,PancakeSwapV3
PancakeSwapV3,0x6b59e3ceea92a53a0723cbba9a6a691bc80b05a3,PUMPAZ,WBNB,10,500,0x7ac78933a3114a0d4842df8918e3ec0907178037,0xbb4cdb9cbd36b01bd1cbaebf2de08d9173bc095c,18,18,PancakeSwapV3
PancakeSwapV3,0xe94d2eb47b4c412bb3b8999e0ff58d04a29a079f,WBNB,FIAMMA,50,2500,0xbb4cdb9cbd36b01bd1cbaebf2de08d9173bc095c,0xf25c99898837b14f9cb663f59dd0606fb80636ee,18,18,PancakeSwapV3
PancakeSwapV3,0x698c01f5b28867e97c267600c3231ed95cf954a7,KLINK,WBNB,50,2500,0x01023ba8e1fefb460d170bb646a371dd329cd672,0xbb4cdb9cbd36b01bd1cbaebf2de08d9173bc095c,18,18,PancakeSwapV3
UniswapV3CL,0x37f45a05f7b69b3a2169177bbe6abfab6a28da41,WLFI ,WBNB,60,3000,0x13970dba95f564222714f821048f185fedaeceb8,0xbb4cdb9cbd36b01bd1cbaebf2de08d9173bc095c,18,18,UniswapV3CL
PancakeSwapV3,0x9af66feacf4811d121e369e7b6c0282d5bb3c942,TEVA,WBNB,50,2500,0x0a3ba382abde45d4e579be05bd97e5fe55d91d9a,0xbb4cdb9cbd36b01bd1cbaebf2de08d9173bc095c,18,18,PancakeSwapV3
PancakeSwapV3,0x3cae2464826e781aab543b851372e12320fadfcc,DOGE20,WBNB,10,500,0x6be75216054b89a78b60942c611b734ec8b05263,0xbb4cdb9cbd36b01bd1cbaebf2de08d9173bc095c,18,18,PancakeSwapV3
PancakeSwapV3,0x30eed13b19d6b68c74145f00501dbc8f8f8e2d4a,PUDEL,WBNB,50,2500,0x4e6b70efb61ae746c722883c9b7cb430579030cd,0xbb4cdb9cbd36b01bd1cbaebf2de08d9173bc095c,18,18,PancakeSwapV3
PancakeSwapV3,0x5ef864fd3f815fe928aed799ce1f863e949b4629,WBNB,HODJ,50,2500,0xbb4cdb9cbd36b01bd1cbaebf2de08d9173bc095c,0xe2230079007a865114d685c339759309c5b16f39,18,18,PancakeSwapV3
PancakeSwapV3,0x4bc175da0e50978eee9ea52bed23ef86e649de69,GLYPHS ,WBNB,50,2500,0xb018d1e59948e6dbfa2c9858c01c6d5a78c6181e,0xbb4cdb9cbd36b01bd1cbaebf2de08d9173bc095c,18,18,PancakeSwapV3
PancakeSwapV3,0xbe1dff1b795a60d52672fb210574a9d89a43079e,PHARON,WBNB,50,2500,0xa94bcc93dd6e224bc1a51b4fd3650e85ad49d882,0xbb4cdb9cbd36b01bd1cbaebf2de08d9173bc095c,18,18,PancakeSwapV3
PancakeSwapV3,0x466626db6aea75b2491fe5ff6cf8cb82a7b3b7c6,ENA,WBNB,10,500,0x48d761312aed29202229fa0672e129befe1d8023,0xbb4cdb9cbd36b01bd1cbaebf2de08d9173bc095c,18,18,PancakeSwapV3
PancakeSwapV3,0x72a667d33677c410c80d15606530f556e168761d,WLFI,WBNB,50,2500,0x070bc7a4427aaaf692348ccfaadc3f7d60f88652,0xbb4cdb9cbd36b01bd1cbaebf2de08d9173bc095c,18,18,PancakeSwapV3
UniswapV3CL,0x17824559e8d92f29b457effb3ccf1bcffdfa39c7,USDT,1USD,60,3000,0x55d398326f99059ff775485246999027b3197955,0xfa26b711ae85ed23e2230148c360f361a55ad926,18,18,UniswapV3CL
UniswapV3CL,0xb96fc3b89af85aa0a64f7af5211f90bdd435acf1,BTCB,APES,1,100,0x7130d2a12b9bcbfae4f2634d864a1ee1ce3ead9c,0xfbd09f771d1d76275b58eca4016978a8a8dc46de,18,18,UniswapV3CL
PancakeSwapV3,0x60bdb947d22cc545c890f93b596a024a8ee9add6,PYUSD0,WBNB,10,500,0x4b7ca8ab2f3600ffb1abed423a7f3ff5dcc9c280,0xbb4cdb9cbd36b01bd1cbaebf2de08d9173bc095c,18,18,PancakeSwapV3
PancakeSwapV3,0x1c6215cb5d84b25b25dd4edc5bf06f60785224b3,USDT,RPX1,1,100,0x55d398326f99059ff775485246999027b3197955,0xbbd95f9efe101e84d28095a9b0090d11d2d97d41,18,18,PancakeSwapV3
PancakeSwapV3,0xf06ab7d504e227cf0395cfb53c1fcf525615ab43,MGLS,WBNB,50,2500,0x432d977615bca954ab434326412814253cc6229d,0xbb4cdb9cbd36b01bd1cbaebf2de08d9173bc095c,18,18,PancakeSwapV3
PancakeSwapV3,0xe3c0ab725a2c193f70b9b5a12742c7f7b80ac69c,USDT,USDX,50,2500,0x55d398326f99059ff775485246999027b3197955,0x69633de1d26d6fbe7cf47b96bc12c410d50618d8,18,18,PancakeSwapV3
PancakeSwapV3,0x7ef27302fc4c1ee82eeaa8dc488443d919310744,HKDR,USDT,10,500,0x1e77885d0365f76894eb1ec9a67b75ba025b7eb0,0x55d398326f99059ff775485246999027b3197955,18,18,PancakeSwapV3
PancakeSwapV3,0x7d93ef0bc33d327893b75eb1a609d22b3299afc9,USDT,TBT,1,100,0x55d398326f99059ff775485246999027b3197955,0x8a11314e55f4d01f734ac3e294d7a2281bb2c778,18,18,PancakeSwapV3
PancakeSwapV3,0xa10e666264bdae1f39d4fcc810778f55eb81590a,WBNB,Eid,50,2500,0xbb4cdb9cbd36b01bd1cbaebf2de08d9173bc095c,0xc3d2e9c34cfba1829061b6353f2647b2e59d7617,18,18,PancakeSwapV3
UniswapV3CL,0x8aa376db60b13c7c85cadd6c66c8e2f00aa768e3,WBNB,MTGX,60,3000,0xbb4cdb9cbd36b01bd1cbaebf2de08d9173bc095c,0xcd2a067db27de11365cd0a2f2878e4e6c13b02dc,18,18,UniswapV3CL
UniswapV3CL,0x409d6dc127cb85ef1c3506ba70ad5e655edd08ba,CRDS,WBNB,60,3000,0x1c0d6652b4532b959eb3f85a25293487297bc816,0xbb4cdb9cbd36b01bd1cbaebf2de08d9173bc095c,18,18,UniswapV3CL
PancakeSwapV3,0xc1be01d302340ac13c91b57f8a14c58f6be5a57d,BDID,WBNB,50,2500,0x345a57f992afc77a21d6c03b3c02f96ba7080eee,0xbb4cdb9cbd36b01bd1cbaebf2de08d9173bc095c,18,18,PancakeSwapV3
PancakeSwapV3,0x41746b8d51d91a64158ae46a79b7411272737ab5,FROC,WBNB,50,2500,0x0a6ecdc83304873e636be7a8b577dbebd8f8fa98,0xbb4cdb9cbd36b01bd1cbaebf2de08d9173bc095c,18,18,PancakeSwapV3
PancakeSwapV3,0x2a59e53c0a69299941b7706d0182f43b2333561d,WBNB,FortKnox,50,2500,0xbb4cdb9cbd36b01bd1cbaebf2de08d9173bc095c,0xcbd1020bb3c020a3a32514826bb33b4f80f46bd5,18,18,PancakeSwapV3
PancakeSwapV3,0x75cccb02f77fbf12cdb94f9f87e925f571e4c82e,CZ DOG,WBNB,50,2500,0x2244846a21a0c667fb1b1e15a189a19510ba3afc,0xbb4cdb9cbd36b01bd1cbaebf2de08d9173bc095c,18,18,PancakeSwapV3
PancakeSwapV3,0x7939854caa9935d5a60b1a933a6a18614686cb3d,True,WBNB,50,2500,0x597edfbda9fc3dd668edef0fb95eb21f34830dd6,0xbb4cdb9cbd36b01bd1cbaebf2de08d9173bc095c,18,18,PancakeSwapV3
PancakeSwapV3,0xe7be6a5dd847b3f1663311f217ed155d4f5b7db6,LDY,WBNB,50,2500,0x0ffbcf731a0e2f0ae7f47e64aa50d0021f8d9cce,0xbb4cdb9cbd36b01bd1cbaebf2de08d9173bc095c,18,18,PancakeSwapV3
PancakeSwapV3,0xcdef6c48806d8a35651ba6e47fc1aa79f3db2510,DEIN,WBNB,50,2500,0x172a486880f2acda55cc8ccb20807b8fca725ed2,0xbb4cdb9cbd36b01bd1cbaebf2de08d9173bc095c,18,18,PancakeSwapV3
PancakeSwapV3,0x095454c64e2a5034e66d7e886f8968fb98658783,WBNB,FAST,1,100,0xbb4cdb9cbd36b01bd1cbaebf2de08d9173bc095c,0xf4f7ad127143e288c3779adb19aacb8d1ae9f99e,18,18,PancakeSwapV3
PancakeSwapV3,0x3e0211d3d740b9dfccbc5a2b9b741ba352e065b6,USDT,JETUSD,1,100,0x55d398326f99059ff775485246999027b3197955,0x61107715903b52c1f4191ef90b3b9e21748af41f,18,18,PancakeSwapV3
PancakeSwapV3,0x65de82105bde03724e70882c1a243337d0a37946,FROC,WBNB,50,2500,0xa774b5e3f539ef3f3de01cb23addd5609dc33937,0xbb4cdb9cbd36b01bd1cbaebf2de08d9173bc095c,18,18,PancakeSwapV3
PancakeSwapV3,0xa7cb243a25f1ae453dadbb8592783360d2e14f54,WBNB,FANTAZMA,10,500,0xbb4cdb9cbd36b01bd1cbaebf2de08d9173bc095c,0xf08457b884eb7c29cabaa512d8458065acf9997b,18,18,PancakeSwapV3
PancakeSwapV3,0x20c70b6947e684568d7b1d1ef738fbb484a9ca38,FUCKSEC,WBNB,200,10000,0x2f85daaab9bdb4ac1644edce5d7b9a1f8cb86244,0xbb4cdb9cbd36b01bd1cbaebf2de08d9173bc095c,18,18,PancakeSwapV3
PancakeSwapV3,0x0286a4ad3e4bfbb3196e4ef9eff310f8f463dad3,WBNB,BD20,50,2500,0xbb4cdb9cbd36b01bd1cbaebf2de08d9173bc095c,0xc626b90ce6f56f8ba4722bc0d198d61b2b5a32a3,18,18,PancakeSwapV3
PancakeSwapV3,0xa95c58014a6792ddd43d654486f52c69383d3505,Doster,WBNB,50,2500,0x2e74870a26ecf90e76beeb9aa02c566524f97ae6,0xbb4cdb9cbd36b01bd1cbaebf2de08d9173bc095c,18,18,PancakeSwapV3
PancakeSwapV3,0xb95b27309349789719fbb08e4826ec36491c813a,NTMPI,WBNB,50,2500,0x5e40694234db324aa431b683167babfa224c1d48,0xbb4cdb9cbd36b01bd1cbaebf2de08d9173bc095c,18,18,PancakeSwapV3
PancakeSwapV3,0xc275a14b84c45f009966af664d506b042749907d,DAPPOS,WBNB,50,2500,0x3db35b9355d16fce22fe6300f81aa561e16a75d1,0xbb4cdb9cbd36b01bd1cbaebf2de08d9173bc095c,18,18,PancakeSwapV3
UniswapV3CL,0xf150d29d92e7460a1531cbc9d1abeab33d6998e4,USDT,USD1,1,100,0x55d398326f99059ff775485246999027b3197955,0x8d0d000ee44948fc98c9b98a4fa4921476f08b0d,18,18,UniswapV3CL
PancakeSwapV3,0x71c4ab02ecbfbd1b025933299ff5230ab8dcd807,WBNB,SAGA,10,500,0xbb4cdb9cbd36b01bd1cbaebf2de08d9173bc095c,0xbe0aa0cf0af373f9f62998c042c2942ca7d9c3d1,18,18,PancakeSwapV3
PancakeSwapV3,0xf78c244ea004d506d00075911af3be5aa9c05a9c,WBNB,Twitter,50,2500,0xbb4cdb9cbd36b01bd1cbaebf2de08d9173bc095c,0xbbc11d72f20a5d331f2269ee3795000bccad1614,18,18,PancakeSwapV3
PancakeSwapV3,0x560382c1eccc4a1610b5953310e4da04d01de488,USDT,DAl,50,2500,0x55d398326f99059ff775485246999027b3197955,0x58ac337f87dabe1f39756524dda5b4bd60e1e44f,18,18,PancakeSwapV3
PancakeSwapV3,0x70f93fbf1fe0719d8e801fe3331d8e2f5aa791db,MOVES,WBNB,50,2500,0x21028772b5f0d231aab5e9dff1facd0459009577,0xbb4cdb9cbd36b01bd1cbaebf2de08d9173bc095c,18,18,PancakeSwapV3
PancakeSwapV3,0x41fff33ac32124afa49c4363d4b518ab84a983c0,USDT,$,1,100,0x55d398326f99059ff775485246999027b3197955,0xde16f585f31006807be2fbf50c74de9cfebd538a,18,18,PancakeSwapV3
PancakeSwapV3,0xc7cebdb5f208b65a23af19c2580147af4877e214,USDT,GHO,10,500,0x55d398326f99059ff775485246999027b3197955,0xad769fed7bf8be78bf339cd2f1db925abf40011c,18,6,PancakeSwapV3
PancakeSwapV3,0xc4aa88f7840a2776fd9c3d9246ee4bfd8e0abc73,RKFI,WBNB,50,2500,0x5c610722cdf8872478edd610c565d9fb9aa562fb,0xbb4cdb9cbd36b01bd1cbaebf2de08d9173bc095c,18,18,PancakeSwapV3
PancakeSwapV3,0xea55e166769f73e50bcee2c7b2c1c25e4fef0408,ITHACA,WBNB,50,2500,0x9e0160bebe98a7df3a4ec5afb6e290131bcf1db4,0xbb4cdb9cbd36b01bd1cbaebf2de08d9173bc095c,18,18,PancakeSwapV3
PancakeSwapV3,0x0ab4c42b0611482fa00d0d7e75447b0234004d00,WBNB,helllo,200,10000,0xbb4cdb9cbd36b01bd1cbaebf2de08d9173bc095c,0xed92dd1471238b396aea1f6ce343b2cb97e3ed11,18,18,PancakeSwapV3
PancakeSwapV3,0x83906664c70ec44d392d2d738c06749a1419e271,WBRGE,WBNB,50,2500,0x5f0d219cf32201efcdd8e60e394e854a0d096ff1,0xbb4cdb9cbd36b01bd1cbaebf2de08d9173bc095c,18,18,PancakeSwapV3
UniswapV3CL,0x4de294e026c76e7fd18e87f2990bb9d009db1a8c,USDT,TD,60,3000,0x55d398326f99059ff775485246999027b3197955,0xb6b5a309d180520e8f8e0c38f6744a7fb4577f2f,18,18,UniswapV3CL
PancakeSwapV3,0x51d487ae0bf6fc0369799dbd422ceb353d2eeb18,KERNEL,WBNB,50,2500,0x1310d7e9f865611923c0a19304522a9e7f632281,0xbb4cdb9cbd36b01bd1cbaebf2de08d9173bc095c,18,18,PancakeSwapV3
PancakeSwapV3,0xae264e357d412bbd42ebbb87acaea23e98c0fade,bMAT,WBNB,50,2500,0x9f3cbaec96e583c98cb5dd6d1ddcd7f03fba0303,0xbb4cdb9cbd36b01bd1cbaebf2de08d9173bc095c,18,18,PancakeSwapV3
UniswapV3CL,0x8443237da3277ce70952205fc67c823903b697b6,WBNB,MAO,200,10000,0xbb4cdb9cbd36b01bd1cbaebf2de08d9173bc095c,0xe08fbb573bcf39f5305c4d5826d2a9332347e05a,18,8,UniswapV3CL
PancakeSwapV3,0x0bdb39239e66f9705dfec5180d4b61ae5b769912,WBNB,MAO,200,10000,0xbb4cdb9cbd36b01bd1cbaebf2de08d9173bc095c,0xe08fbb573bcf39f5305c4d5826d2a9332347e05a,18,8,PancakeSwapV3
PancakeSwapV3,0x9d1b787d2320080048a948a782de05c553ad76fa,USDT,GSRWA,1,100,0x55d398326f99059ff775485246999027b3197955,0xab53de523d06b08c1bd6546f390dc29f0b1e8753,18,18,PancakeSwapV3
PancakeSwapV3,0x3d880dc70fbb0b73de6980a16178f79a9f80fca8,TNSR,WBNB,200,10000,0x5210e7139d11d3434022c9b4529aeb7e4cbb6272,0xbb4cdb9cbd36b01bd1cbaebf2de08d9173bc095c,18,18,PancakeSwapV3
PancakeSwapV3,0xe1c79475afee85b702878ac4a07f966297e0de18,MLC,WBNB,50,2500,0x52cc1f9c43fb409e4598b4f1c603f8f251cd9cdf,0xbb4cdb9cbd36b01bd1cbaebf2de08d9173bc095c,18,18,PancakeSwapV3
UniswapV3CL,0xf7bde45a54817866493fdd6ba88aa6949ed9ec02,USDT,YUSD,10,500,0x55d398326f99059ff775485246999027b3197955,0xd455fe7f4a60583ff54de6348837bea928ffa2d5,18,18,UniswapV3CL
UniswapV3CL,0x8b100af3649129ca101c92441b234b92fe7e2f02,USDT,WMW,1,100,0x55d398326f99059ff775485246999027b3197955,0x667702d5304da27fb26773fc0636904c6094d771,18,18,UniswapV3CL
PancakeSwapV3,0x5f1b4bc6185ce0c7a517b1e45fe6249ebc5dc8d1,JYOC,USDT,1,100,0x3a9438c2a8b9a821f4a4def91ca83da51b2c1504,0x55d398326f99059ff775485246999027b3197955,18,18,PancakeSwapV3
PancakeSwapV3,0x7ee21da891e0e8589fdcf95b4931208e00feff4b,USDT,T-JBP,1,100,0x55d398326f99059ff775485246999027b3197955,0x997af859b0acd1e3b49d2d47e3286c11a91c1a69,18,18,PancakeSwapV3
PancakeSwapV3,0x18dab4c958ca5bf26ab0e861b0982bf61a3232c6,USDT,BRICS,50,2500,0x55d398326f99059ff775485246999027b3197955,0xce5ac2f4ce21099d1a7315df345f5372b05ab4b5,18,18,PancakeSwapV3
PancakeSwapV3,0x789a00ee5c89e816476e9623787bdd7344119146,USDT,OUSD,50,2500,0x55d398326f99059ff775485246999027b3197955,0xe2f6a5f021880b1e48ca1c9ea4d410441242e4e8,18,18,PancakeSwapV3
PancakeSwapV3,0x460a43fc761fafdfbbba1e97349ad7c3642b6c1f,BTCB,PNTO,1,100,0x7130d2a12b9bcbfae4f2634d864a1ee1ce3ead9c,0xf704c6f148b8735eb084245701b617096835da1c,18,18,PancakeSwapV3
PancakeSwapV3,0x1068296e8d46f09c95d1ffb536e4c206b791b81b,Pi ,WBNB,50,2500,0x2d57bcecf5a2f239f3e294c311167e4077a7ce82,0xbb4cdb9cbd36b01bd1cbaebf2de08d9173bc095c,18,18,PancakeSwapV3
PancakeSwapV3,0x9c4ee895e4f6ce07ada631c508d1306db7502cce,USDT,USD1,1,100,0x55d398326f99059ff775485246999027b3197955,0x8d0d000ee44948fc98c9b98a4fa4921476f08b0d,18,18,PancakeSwapV3
PancakeSwapV3,0x04649d3add4108a16c360f7b790660fd12924a18,GLNT,WBNB,10,500,0x1357201fb9a004442526b978eba5db9a31fd0694,0xbb4cdb9cbd36b01bd1cbaebf2de08d9173bc095c,18,18,PancakeSwapV3
PancakeSwapV3,0x264630720550be6781c05f2e24a9f57dedf30961,KTA,WBNB,50,2500,0x5f7e8b9af96eb785e444faa2c15345ba173eff52,0xbb4cdb9cbd36b01bd1cbaebf2de08d9173bc095c,18,18,PancakeSwapV3
PancakeSwapV3,0x8410b0235b1b0cf9d275e564f50edabc8ab34947,USDT,USD.T,1,100,0x55d398326f99059ff775485246999027b3197955,0x9ed8dbe0160cb9c98c8ac5c00adf3b1705cfa643,18,18,PancakeSwapV3
PancakeSwapV3,0x7b344fe992c2adce244ca3413fc90d8c9123bcec,FTX,WBNB,50,2500,0x9263bab1f7edff01fb199343fbcc68e380075e28,0xbb4cdb9cbd36b01bd1cbaebf2de08d9173bc095c,18,18,PancakeSwapV3
UniswapV3CL,0x7a715b3bd3cadff50705ca8500c5523d96bf81cc,WBNB,SUSDT,200,10000,0xbb4cdb9cbd36b01bd1cbaebf2de08d9173bc095c,0xf3fc5a7c7f8b5049a35973c3bac9bd46c2c45981,18,18,UniswapV3CL
PancakeSwapV3,0x44ac9ae87173c7dfd99603f08660c71c672b2013,HSC,WBNB,200,10000,0x1ecd829d596c670003e094d77277b122eb8b59ed,0xbb4cdb9cbd36b01bd1cbaebf2de08d9173bc095c,18,18,PancakeSwapV3
PancakeSwapV3,0x3b12d6d79c6f3259e67c355c54e2ceada3ca7f12,INSP,WBNB,50,2500,0x68f0d5161329b2d686251dc5a554050107a511a1,0xbb4cdb9cbd36b01bd1cbaebf2de08d9173bc095c,18,18,PancakeSwapV3
PancakeSwapV3,0xb6011f41768c17501c6ba494f01f26ac9e07a19d,SAGA,WBNB,200,10000,0x501eb552ceb4b011b311d3499b9c2b0fd2e9b7a0,0xbb4cdb9cbd36b01bd1cbaebf2de08d9173bc095c,18,18,PancakeSwapV3
UniswapV3CL,0x14d58f8309e065058c09c68a148e70c985e0bd21,WMS,USDT,1,100,0x2ae72dbc640c7a6405742bb32b0738c97860a44e,0x55d398326f99059ff775485246999027b3197955,18,18,UniswapV3CL
PancakeSwapV3,0x9432e8ecbfb216a1ff55ca4e7c6e244ce727cbac,WBNB,APEMAN,50,2500,0xbb4cdb9cbd36b01bd1cbaebf2de08d9173bc095c,0xc7493bac80e87a38e2105f080f840b60f18ced3f,18,18,PancakeSwapV3
PancakeSwapV3,0x4f72a206adc64871cb843253af983bbb2baca401,KEKIUS,WBNB,50,2500,0x7921b7d1e10a1e170e143654441152d5c2bfdb72,0xbb4cdb9cbd36b01bd1cbaebf2de08d9173bc095c,18,18,PancakeSwapV3
PancakeSwapV3,0xff622ac55219d6e6c37cdf52734f16ef859cf2c6,ai16cz,WBNB,50,2500,0x318364fc57ef79406df99b97c88540055ed05823,0xbb4cdb9cbd36b01bd1cbaebf2de08d9173bc095c,18,18,PancakeSwapV3
PancakeSwapV3,0xea7a7de5aa27c76fc7d941d48a402eead4ba0fdb,Romulus,WBNB,50,2500,0x4196da8c8445d9313ccb31f78d9066bb4197bdaa,0xbb4cdb9cbd36b01bd1cbaebf2de08d9173bc095c,18,18,PancakeSwapV3
PancakeSwapV3,0xc533e9fa4547e2d73ea011e136ad03cd5a718a4e,WBNB,KANYE,50,2500,0xbb4cdb9cbd36b01bd1cbaebf2de08d9173bc095c,0xe9fca5b7a26daaaed3516b8dc9f5bffa606492bc,18,18,PancakeSwapV3
PancakeSwapV3,0x9c4613b5b0b00778e76bb97781e203ccd4afc5c5,HOOD,WBNB,50,2500,0x53a2417a9d89b5cf4bca9e65b31a4e6caa2859e0,0xbb4cdb9cbd36b01bd1cbaebf2de08d9173bc095c,18,18,PancakeSwapV3
UniswapV3CL,0x1a60e25a0cf03cbebf1a4bcf0d90f301439a58b1,SFCP,WBNB,60,3000,0x5ce8e55e256e4bd58cea94963d4cb280de6b8bb2,0xbb4cdb9cbd36b01bd1cbaebf2de08d9173bc095c,18,18,UniswapV3CL
PancakeSwapV3,0xac0fe1c4126e4a9b644adfc1303827e3bb5dddf3,USDT,satUSD,10,500,0x55d398326f99059ff775485246999027b3197955,0xb4818bb69478730ef4e33cc068dd94278e2766cb,18,18,PancakeSwapV3
UniswapV3CL,0xb1993c48482e5fab792721daac3ec66d7e735327,GUANYIN,WBNB,200,10000,0x46c6c5693ee262cc69dde68adcf1e1d84d150b0a,0xbb4cdb9cbd36b01bd1cbaebf2de08d9173bc095c,8,18,UniswapV3CL
PancakeSwapV3,0x1385cb60c081ca067066451a214c229fe8f5af70,TOLKITSEOSWAP,WBNB,10,500,0xb6876d1eb40c0e2048f5e2876a2d8decb3c05f8f,0xbb4cdb9cbd36b01bd1cbaebf2de08d9173bc095c,18,18,PancakeSwapV3
PancakeSwapV3,0x3e4a113687c2347d39a62c7bc4131f0e969ef5c8,WBNB,PG,1,100,0xbb4cdb9cbd36b01bd1cbaebf2de08d9173bc095c,0xed2385c8ea8c9507ab33e284c3288a62ebccf29e,18,18,PancakeSwapV3
UniswapV3CL,0x00767e906a751322e1bc26da8be32751c6b75f53,USDT,WBNB,200,10000,0x3570d2530188465fa6ba278b787e95fadf807bdb,0xbb4cdb9cbd36b01bd1cbaebf2de08d9173bc095c,18,18,UniswapV3CL
PancakeSwapV3,0xb652630648cd0f98b9977c3b15d0bd693cf5f84f,USDC,U,1,100,0x8ac76a51cc950d9822d68b83fe1ad97b32cd580d,0xce24439f2d9c6a2289f741120fe202248b666666,18,18,PancakeSwapV3
PancakeSwapV3,0xf94586674112c1fc441af4e2fcd0bb3240fc7eb5,ALVA,WBNB,50,2500,0x2cf129e932c1c4dbfd7bb3b69b23a08c8fc08b8c,0xbb4cdb9cbd36b01bd1cbaebf2de08d9173bc095c,18,18,PancakeSwapV3
PancakeSwapV3,0xe1e0348bf0d3bb414ec0d3f9236142082c67fd51,TEST,WBNB,50,2500,0x34c0a8737a206f146c52ac65aadcf0570b96b3bb,0xbb4cdb9cbd36b01bd1cbaebf2de08d9173bc095c,18,18,PancakeSwapV3
PancakeSwapV3,0xb46437e42cec7f546f0c2e12fd184f634b43b4e7,CBA,USDT,50,2500,0x4ecad5724651003a0212ea2a7eaacebaa9e589b4,0x55d398326f99059ff775485246999027b3197955,18,18,PancakeSwapV3
PancakeSwapV3,0x4782fe8c7ca1b20c186da8d31de5a4cad8d18cf1,USDT,CBI,50,2500,0x55d398326f99059ff775485246999027b3197955,0xb6936c80bb4253407fcef3b6d1bae93d9b84ad2a,18,18,PancakeSwapV3
PancakeSwapV3,0xd00b3846fe1b1b18d4bd1251da9c980126312d48,USDT,HUSD,1,100,0x55d398326f99059ff775485246999027b3197955,0xe08aab8e45526c15cc29e272e75eecc9ad8ca52e,18,18,PancakeSwapV3
PancakeSwapV3,0x51180e3524b50b00e1f4df2505bc1a560db83db4,USDT,Siz,1,100,0x55d398326f99059ff775485246999027b3197955,0x8a445843e53d36b38e6aeed197286ce783c7079b,18,18,PancakeSwapV3
UniswapV3CL,0xa5192ad2de4dc86acc0e3657b918b3f43e1c7992,USDT,WBNB,1,100,0x86913ec059e52b960b943a6977d320f0f72317a5,0xbb4cdb9cbd36b01bd1cbaebf2de08d9173bc095c,18,18,UniswapV3CL
PancakeSwapV3,0x7013cd3f7eab65808cacd6a49d5e131ce1b7d592,WBNB,HYPE,200,10000,0xbb4cdb9cbd36b01bd1cbaebf2de08d9173bc095c,0xfcaceafa09b74376bdc69fe8a8ec089ab1ab7b03,18,18,PancakeSwapV3
UniswapV3CL,0x09516c65d4832f2e50fe366fdf849f32f7be3535,BTEST,WBNB,200,10000,0xb9726dbbec1b13a1b66f328f83849ae6daccebb1,0xbb4cdb9cbd36b01bd1cbaebf2de08d9173bc095c,18,18,UniswapV3CL
PancakeSwapV3,0x3bbcc227a1d32a945dc2297f54162d367f911069,BSCTEST,WBNB,50,2500,0x00da123c4cc596ecd5abbd9e0f69a75f3700bb81,0xbb4cdb9cbd36b01bd1cbaebf2de08d9173bc095c,18,18,PancakeSwapV3
PancakeSwapV3,0x639f727e931d4eb6b09eb35d154e9d2c7efd573e,WBNB,ARIAIP,10,500,0xbb4cdb9cbd36b01bd1cbaebf2de08d9173bc095c,0xd8376d459071431768c50feb302ea1340176b253,18,18,PancakeSwapV3
PancakeSwapV3,0x6bf7d0916172682a2c619a4daa129e623a3334ae,ETH,PNTO,1,100,0x2170ed0880ac9a755fd29b2688956bd959f933f8,0xf704c6f148b8735eb084245701b617096835da1c,18,18,PancakeSwapV3
PancakeSwapV3,0xa387816710666048725bea594c65211e301d811a,BLOCK,WBNB,200,10000,0x53b6349a03f06db7ac68e2f6275fe4ba4872751d,0xbb4cdb9cbd36b01bd1cbaebf2de08d9173bc095c,18,18,PancakeSwapV3
PancakeSwapV3,0xcd6ae1018471a54f342828ad91e77119bbd79d75,Broccoli,WBNB,50,2500,0x53a7c7493108f63cb2648b32967939819892cd62,0xbb4cdb9cbd36b01bd1cbaebf2de08d9173bc095c,18,18,PancakeSwapV3
PancakeSwapV3,0xeed4c58471c5c55cf99714f6d18608cd267793f3,SMILEK,USDT,1,100,0x4f9d3adbfaf4579518b1ca7e06468a363897b997,0x55d398326f99059ff775485246999027b3197955,18,18,PancakeSwapV3
PancakeSwapV3,0x9d0c9ca34d974ba1aaf7faaf674120481701b0e6,FOXY,WBNB,200,10000,0x446bbd9e403f4a95f363b2ff84ed6f1b438f1425,0xbb4cdb9cbd36b01bd1cbaebf2de08d9173bc095c,18,18,PancakeSwapV3
PancakeSwapV3,0x51e32cbd4a04ae17faaa454bebfaec45f7bc7fd0,ETHFi,WBNB,200,10000,0xba61b53b492a9421c31b7f3dd744af2f91ad41ca,0xbb4cdb9cbd36b01bd1cbaebf2de08d9173bc095c,18,18,PancakeSwapV3
PancakeSwapV3,0x0587c4b6a1140e3668ac13e27471f11674f1afcf,Bitcat,WBNB,50,2500,0x96a3d13f7c9b4e95a7698b0b4469059464e23b3d,0xbb4cdb9cbd36b01bd1cbaebf2de08d9173bc095c,18,18,PancakeSwapV3
UniswapV3CL,0x0ee2d8a2cabd66fd218e58535e96c33287845f8b,USDT,BOYS,1,100,0x55d398326f99059ff775485246999027b3197955,0xff54011315f6883797f70e21ff5fc912c6528d4f,18,18,UniswapV3CL
PancakeSwapV3,0x12197d7a4fe2d67f9f97ae64d82a44c24b7ad407,SolvBTC,BTCB,10,500,0x4aae823a6a0b376de6a78e74ecc5b079d38cbcf7,0x7130d2a12b9bcbfae4f2634d864a1ee1ce3ead9c,18,18,PancakeSwapV3
PancakeSwapV3,0xdc6f3fbc1d2f0abe058eb867bbdd367c2d8c2d2a,SIZ,USDT,1,100,0x36d8d5de808aa7b0b7f543c8b3e25a1fdb09f912,0x55d398326f99059ff775485246999027b3197955,18,18,PancakeSwapV3
PancakeSwapV3,0x631912e51c375caf7d478dcf85af685d93af68b4,WBNB,Broccoli,200,10000,0xbb4cdb9cbd36b01bd1cbaebf2de08d9173bc095c,0xf6e2509261ad49c080ad28fcaec8b73b95baf741,18,18,PancakeSwapV3
PancakeSwapV3,0x484311466ea809d64aaab0a45eb2848c5ba7219d,USDT,LUBK,200,10000,0x55d398326f99059ff775485246999027b3197955,0x7e6c28e9f4e78a23703561b3dd95979ef590a1ef,18,18,PancakeSwapV3
PancakeSwapV3,0xb6df4b207682ebbb27c081b1f0f429cad3f4b2a6,edua,WBNB,10,500,0x87edefaa1e2c728859903757dff0a25eaa7411eb,0xbb4cdb9cbd36b01bd1cbaebf2de08d9173bc095c,8,18,PancakeSwapV3
UniswapV3CL,0x0b7cb7a64e85d919d79e61c7dfcd1067f088fb10,GME,WBNB,200,10000,0x25e79cc0445d73f6b49c0da88ab99b39e5ed6060,0xbb4cdb9cbd36b01bd1cbaebf2de08d9173bc095c,8,18,UniswapV3CL
PancakeSwapV3,0xbc5a550149a7ca9e727a4b060ff24a153c8c03ed,DOGEVERSE,WBNB,1,100,0xa7d36301189e318638d62a2e2d239b948af269bc,0xbb4cdb9cbd36b01bd1cbaebf2de08d9173bc095c,18,18,PancakeSwapV3
PancakeSwapV3,0x803036ac78752ef599ec75c500ac8b0ac0be67df,axlUSDC,USDT,1,100,0x4268b8f0b87b6eae5d897996e6b845ddbd99adf3,0x55d398326f99059ff775485246999027b3197955,6,18,PancakeSwapV3
UniswapV3CL,0x9748790de31cf5f85dca8fad71e8342a3a17bb1c,WBNB,PUPPIES,60,3000,0xbb4cdb9cbd36b01bd1cbaebf2de08d9173bc095c,0xcd17bf3b0f0cbbfa54b55745a7faab42bf3f0a80,18,8,UniswapV3CL
PancakeSwapV3,0xef1e32d45b2b8a555f399be9449857cd0efaec8c,C4K,WBNB,200,10000,0x37eb6b49e1db51202cfcd4265c65b3beeeb57f2e,0xbb4cdb9cbd36b01bd1cbaebf2de08d9173bc095c,18,18,PancakeSwapV3
PancakeSwapV3,0x660e8eb1afa84ce5556c100e1b7fd933dfb3fcae,BTCB,TELEBTC,1,100,0x7130d2a12b9bcbfae4f2634d864a1ee1ce3ead9c,0xc58c1117da964aebe91fef88f6f5703e79bda574,18,8,PancakeSwapV3
UniswapV3CL,0x14e2b96ecf90809007aa18dc06d2c0430c04e989,USD,WBNB,1,100,0x3760ad50cbb45c643d7d46f2dc9a2f53a675b5bd,0xbb4cdb9cbd36b01bd1cbaebf2de08d9173bc095c,18,18,UniswapV3CL
UniswapV3CL,0xf91385f37b74cfe13a62f88a9e94b17b746ad816,Long,WBNB,10,500,0x483b71492fe8516820a83a7186868f93a824c486,0xbb4cdb9cbd36b01bd1cbaebf2de08d9173bc095c,18,18,UniswapV3CL
PancakeSwapV3,0x5c2f09fb2d741a580a80092233939db662f02618,USDT,CREO,1,100,0x55d398326f99059ff775485246999027b3197955,0x9521728bf66a867bc65a93ece4a543d817871eb7,18,18,PancakeSwapV3
PancakeSwapV3,0xea324b03ddace6e0359e0070f1e57ea7c3786b07,USDT,PYUSD,50,2500,0x55d398326f99059ff775485246999027b3197955,0xb992784960c3caac251a3bfd919bc505fa14661f,18,18,PancakeSwapV3
PancakeSwapV3,0x3006b28c7702c7f7a5094e04f62ed933dac54a1f,ZEND,WBNB,50,2500,0x46c28e1ac9e4332d1304360778d6a0f8844185f0,0xbb4cdb9cbd36b01bd1cbaebf2de08d9173bc095c,18,18,PancakeSwapV3
PancakeSwapV3,0x1a118beb45d8ba4239809dd36188ef2190f700de,XAG,WBNB,1,100,0x1f70cb9ff48465ce3e6ab3475ba82c2d1ca564d4,0xbb4cdb9cbd36b01bd1cbaebf2de08d9173bc095c,18,18,PancakeSwapV3
PancakeSwapV3,0xf54f2ed3ecf20f4fea1f5eede7a4e555708de309,ACT,WBNB,50,2500,0x11c11e93e2be198fa793f5022b84f72f2afb0e61,0xbb4cdb9cbd36b01bd1cbaebf2de08d9173bc095c,18,18,PancakeSwapV3
UniswapV3CL,0xf0f0b9e10d7480732aad6e4262df8bcf2efc07fc,USDT,WBNB,1,100,0x25f5c5b2fa5fc22574ece9215286bc46a3efa8c6,0xbb4cdb9cbd36b01bd1cbaebf2de08d9173bc095c,18,18,UniswapV3CL
PancakeSwapV3,0x93c975b64744849ce34d29d9540997e7bb1f5571,BAMA,WBNB,50,2500,0x2b1f19259f7b247a5f4ca234c980503cf27f43d6,0xbb4cdb9cbd36b01bd1cbaebf2de08d9173bc095c,18,18,PancakeSwapV3
UniswapV3CL,0x308110fdb9f72a6b7e7dde856fb7867def8531d5,quq,USDC,1,100,0x4fa7c69a7b69f8bc48233024d546bc299d6b03bf,0x8ac76a51cc950d9822d68b83fe1ad97b32cd580d,18,18,UniswapV3CL
PancakeSwapV3,0x8ef07d9a5866f7d6dd43545f684ba14fbff7247c,DOPE,WBNB,200,10000,0x82b3a0bf037c2aed972b5ae231cf33a22a6a7e50,0xbb4cdb9cbd36b01bd1cbaebf2de08d9173bc095c,18,18,PancakeSwapV3
UniswapV3CL,0x6321c1d65c1df84f95df8d02a9c34ee8164fa265,WBNB,FLOKINA,60,3000,0xbb4cdb9cbd36b01bd1cbaebf2de08d9173bc095c,0xcebb4d41ec11838f841ffbbd52facb5206561c0b,18,8,UniswapV3CL
PancakeSwapV3,0x9318bf6051b0986b730acb166ffdf837b63bf066,HARK,WBNB,50,2500,0xad014e314216508cc818907e069c2e8d4f4a20fa,0xbb4cdb9cbd36b01bd1cbaebf2de08d9173bc095c,18,18,PancakeSwapV3
PancakeSwapV3,0xf08d3bc90ddd366b0a4c66a91cb7ebcb6fa4d1f9,JPGG,WBNB,50,2500,0x6d59085358c99b3560507bc3e19464199aa0330f,0xbb4cdb9cbd36b01bd1cbaebf2de08d9173bc095c,18,18,PancakeSwapV3
PancakeSwapV3,0x9474e972f49605315763c296b122cbb998b615cf,slisBNB,WBNB,10,500,0xb0b84d294e0c75a6abe60171b70edeb2efd14a1b,0xbb4cdb9cbd36b01bd1cbaebf2de08d9173bc095c,18,18,PancakeSwapV3
PancakeSwapV3,0x1fcc0b30726e5a3cfa322894749d997162edbbad,USDT,AID,200,10000,0x55d398326f99059ff775485246999027b3197955,0x9bfceb940898d5792321e3939a5a4cb0b75ad6de,18,18,PancakeSwapV3
PancakeSwapV3,0x2963004bed9020b7b00147c06be151ca7781ba19,Lester,WBNB,50,2500,0x7599f8036798979376b04ea870a4e2670d18376f,0xbb4cdb9cbd36b01bd1cbaebf2de08d9173bc095c,18,18,PancakeSwapV3
UniswapV3CL,0xa9a6fc026c8e40cd9efbdb414acddc5951b36044,TRUMP,WBNB,60,3000,0x0b982d5e6f23ba5629cf712346c3dfc99d6600bc,0xbb4cdb9cbd36b01bd1cbaebf2de08d9173bc095c,8,18,UniswapV3CL
PancakeSwapV3,0xe3cae30bbe7251550a2473c10cd4413a599f8736,USDT,HKDB,10,500,0x55d398326f99059ff775485246999027b3197955,0x741f5ceaa253d5d8ea440781ccc4c6041a743cd9,18,18,PancakeSwapV3
UniswapV3CL,0x8e70f7d2b87441dff9594bf504d62e15bfc005c2,ASHOKA,WBNB,200,10000,0x069ecbfef74b35822a1738c912a46fa7b5f2300e,0xbb4cdb9cbd36b01bd1cbaebf2de08d9173bc095c,18,18,UniswapV3CL
PancakeSwapV3,0x516726782b2a4e339ec0366e07a960eec142f14f,WBNB,REX-OSPREY,10,500,0xbb4cdb9cbd36b01bd1cbaebf2de08d9173bc095c,0xbd68017c3b6d3bd3aa6e688cd38536d7229a3fb6,18,18,PancakeSwapV3
PancakeSwapV3,0x172fcd41e0913e95784454622d1c3724f546f849,USDT,WBNB,1,100,0x55d398326f99059ff775485246999027b3197955,0xbb4cdb9cbd36b01bd1cbaebf2de08d9173bc095c,18,18,PancakeSwapV3
PancakeSwapV3,0x448120f0255e9a79846013ecd72f545ed57fba07,MOR,WBNB,10,500,0x2d34f7b4ca0d10fa9f85cd0660145768f9223e3c,0xbb4cdb9cbd36b01bd1cbaebf2de08d9173bc095c,18,18,PancakeSwapV3
UniswapV3CL,0xfdfc89d953e044f84faa2ed4953190a066328ee0,USDC,USD1,1,100,0x8ac76a51cc950d9822d68b83fe1ad97b32cd580d,0x8d0d000ee44948fc98c9b98a4fa4921476f08b0d,18,18,UniswapV3CL
PancakeSwapV3,0x75b668eabc5b14a8a752ce3886657ce52408676b,WBNB,CSKY,50,2500,0xbb4cdb9cbd36b01bd1cbaebf2de08d9173bc095c,0xe0f19e4ff9650d8c22eb77d754ee3fa0c9951386,18,18,PancakeSwapV3
PancakeSwapV3,0xed5b28a118fdf56d5eedbb4a925ddbaaf6b2acce,WBNB,FXTL,50,2500,0xbb4cdb9cbd36b01bd1cbaebf2de08d9173bc095c,0xde71a56e0251506159f2eb774a326121549df6dd,18,18,PancakeSwapV3
PancakeSwapV3,0xa5355090b8a18a4693b93f8669710a0ff9c336c6,WBNB,SPX,50,2500,0xbb4cdb9cbd36b01bd1cbaebf2de08d9173bc095c,0xd77d6a4a70bbe108091ed21af3e47ae9b575d5cd,18,18,PancakeSwapV3
PancakeSwapV3,0x0b84361e73c031061ed38984f793d2bbb27d9d50,WBNB,ELDG,50,2500,0xbb4cdb9cbd36b01bd1cbaebf2de08d9173bc095c,0xc0a674b408614d6595d7ad2f8bef07f740b03292,18,18,PancakeSwapV3
PancakeSwapV3,0x4f3126d5de26413abdcf6948943fb9d0847d9818,USDT,BUSD,1,100,0x55d398326f99059ff775485246999027b3197955,0xe9e7cea3dedca5984780bafc599bd69add087d56,18,18,PancakeSwapV3
PancakeSwapV3,0xf98f538267e73507d15fd50575e74245b5452184,USDT,SLC,50,2500,0x55d398326f99059ff775485246999027b3197955,0xac647873f22b590d42c80d5cf04bac8a8f2f1132,18,18,PancakeSwapV3
PancakeSwapV3,0x08f06eeda23d4232da64f30746f5c0bef3a29ece,QWRX_02,WBNB,10,500,0xaa3664aa79cf1ec64b8c9a36ea2f18ff9828f873,0xbb4cdb9cbd36b01bd1cbaebf2de08d9173bc095c,18,18,PancakeSwapV3
PancakeSwapV3,0x3f8b2b91a61f1841d1d42263bdb6fa63c00a0ac3,CZ CAT,WBNB,50,2500,0x29b4a422f707ceb37a1cc66b47beca943791a01d,0xbb4cdb9cbd36b01bd1cbaebf2de08d9173bc095c,18,18,PancakeSwapV3
PancakeSwapV3,0xc3cb9adeb3fc4f43996bcc7cf952f0822654108f,USDT,PNTO,1,100,0x55d398326f99059ff775485246999027b3197955,0xf704c6f148b8735eb084245701b617096835da1c,18,18,PancakeSwapV3
PancakeSwapV3,0xc6703c4e408aeeacf3ec9be790c96712ef0b750c,LIBRA,WBNB,50,2500,0x662e385b4580d2f0dce05ed4d33150bc6c0e7d48,0xbb4cdb9cbd36b01bd1cbaebf2de08d9173bc095c,18,18,PancakeSwapV3
PancakeSwapV3,0xcbf62601192074496d65137203dc10c05e64ce2e,BUSD,PNTO,1,100,0xe9e7cea3dedca5984780bafc599bd69add087d56,0xf704c6f148b8735eb084245701b617096835da1c,18,18,PancakeSwapV3
PancakeSwapV3,0x3a41093a339c1c8606b8e6ece4176b7baac5a624,USDC,PNTO,1,100,0x8ac76a51cc950d9822d68b83fe1ad97b32cd580d,0xf704c6f148b8735eb084245701b617096835da1c,18,18,PancakeSwapV3
UniswapV3CL,0x28df0835942396b7a1b7ae1cd068728e6ddbbafd,BTCB,WBNB,10,500,0x7130d2a12b9bcbfae4f2634d864a1ee1ce3ead9c,0xbb4cdb9cbd36b01bd1cbaebf2de08d9173bc095c,18,18,UniswapV3CL
PancakeSwapV3,0x9afbd7641cd006d020ac2c20c799c3f3cc6e9c2f,TAP,USDT,1,100,0x19240f6d10e533fcb79fbde7181bb13c06fc7233,0x55d398326f99059ff775485246999027b3197955,18,18,PancakeSwapV3
PancakeSwapV3,0x79c623c67e8791d3a8b095316825b273764d09d1,MARS,WBNB,50,2500,0x2366cea45f608b97899be218711879d8e52fb763,0xbb4cdb9cbd36b01bd1cbaebf2de08d9173bc095c,18,18,PancakeSwapV3
PancakeSwapV3,0xbd1bc4ac16634111c6355b0b37e258a2ac6c17b8,MELANIA,WBNB,50,2500,0x3bc6d26a8fc19e37d019a6e7fac68941054c7119,0xbb4cdb9cbd36b01bd1cbaebf2de08d9173bc095c,18,18,PancakeSwapV3
PancakeSwapV3,0x4afed6a0d65030829fbd935b6e560a5750afcdea,BBORED,WBNB,10,500,0x93d5d76c0f5c488e10cd6197ce327ca28b01d47d,0xbb4cdb9cbd36b01bd1cbaebf2de08d9173bc095c,18,18,PancakeSwapV3
PancakeSwapV3,0x22536030b9ce783b6ddfb9a39ac7f439f568e5e6,USDC,BUSD,1,100,0x8ac76a51cc950d9822d68b83fe1ad97b32cd580d,0xe9e7cea3dedca5984780bafc599bd69add087d56,18,18,PancakeSwapV3
PancakeSwapV3,0x341337a305edd4072360a47211ddeaedea8bec7d,WBNB,U  ,200,10000,0xbb4cdb9cbd36b01bd1cbaebf2de08d9173bc095c,0xe419c3bb09f7386f40e0c0ed3f4b84749682b49f,18,18,PancakeSwapV3
PancakeSwapV3,0x8412da9125820e151fadc844ebeba0da14720d3e,BSIZ,USDT,1,100,0x11fea412f4cad3baaaceddac44d73abaf0dd4485,0x55d398326f99059ff775485246999027b3197955,18,18,PancakeSwapV3
PancakeSwapV3,0x1f7c93b1cc06b68408a7d87bc645052410935610,WBNB,NAVX,50,2500,0xbb4cdb9cbd36b01bd1cbaebf2de08d9173bc095c,0xc293661f28d1703e4ed6d574d6e097d9f334308f,18,18,PancakeSwapV3
PancakeSwapV3,0x34f79027bddb96e1cc2c2cdfde642e65dd2823ed,IDGN,WBNB,50,2500,0xa048a814df2a0510d5725f4d0e2cfdaf80f8650d,0xbb4cdb9cbd36b01bd1cbaebf2de08d9173bc095c,18,18,PancakeSwapV3
PancakeSwapV3,0x5121007f6de7f4dccdbdfbd9e19f34502e3d4426,RVV,WBNB,10,500,0x8bab88b18937fdd762d7afa63507df3d3e9776b6,0xbb4cdb9cbd36b01bd1cbaebf2de08d9173bc095c,18,18,PancakeSwapV3
PancakeSwapV3,0x778a13354641bc82f027ea1108ebc0292a3643be,SIFTAI,WBNB,50,2500,0x3f4670432c05e53b12f2d291cb89ce2f7e139455,0xbb4cdb9cbd36b01bd1cbaebf2de08d9173bc095c,18,18,PancakeSwapV3
UniswapV3CL,0x5b7654359be87f30431f68566eb081b4fbfa8e24,LOG,WBNB,200,10000,0x20e66f58a1d5168cb55f0cf5675193deaaa06458,0xbb4cdb9cbd36b01bd1cbaebf2de08d9173bc095c,18,18,UniswapV3CL
UniswapV3CL,0x60a3ab83fd1aef48c9bc7271b36dc37adb8e8e0b,USDT,PYUSD,60,3000,0x55d398326f99059ff775485246999027b3197955,0xfb9c8e737c97fea4438ae313d8aec941d027749c,18,6,UniswapV3CL
PancakeSwapV3,0x6d9051fb334f7a759c46eb17d67b8607fcc185bd,USDT,DAO,50,2500,0x55d398326f99059ff775485246999027b3197955,0x9151d370a754d4cc7afb90c1e9f6924625193abb,18,18,PancakeSwapV3
UniswapV3CL,0x060d4e70153bb5a8229dbace0962fc6d9e5e1c82,AFDSA,WBNB,200,10000,0xb70b26d640fc350254d5f965cfdb8ed9a482ef52,0xbb4cdb9cbd36b01bd1cbaebf2de08d9173bc095c,18,18,UniswapV3CL
UniswapV3CL,0x27c79766a07c3434600cadab0c2f779c77f44550,AFDSA,WBNB,200,10000,0x168059389d2a5ff87ec16e65c90f902c0eb1a732,0xbb4cdb9cbd36b01bd1cbaebf2de08d9173bc095c,18,18,UniswapV3CL
UniswapV3CL,0xa35facbe524a8ecdd990ab008191612c14afbd93,afdsfasd,WBNB,200,10000,0x4f72531238ca8c77a947bdadbcbe5aa1e16d93f0,0xbb4cdb9cbd36b01bd1cbaebf2de08d9173bc095c,18,18,UniswapV3CL
PancakeSwapV3,0xfc0696e07a1b7e58c36a28c3c4c0425317720f05,AUN,WBNB,50,2500,0x58f645fb3b601707bd33be8c24f060009f337388,0xbb4cdb9cbd36b01bd1cbaebf2de08d9173bc095c,18,18,PancakeSwapV3
UniswapV3CL,0xea3dc68b96e08b540567b893fdd0ca65628597bf,ETH,Simba,200,10000,0x2170ed0880ac9a755fd29b2688956bd959f933f8,0x62e689bba84910cab99b08b88de364e1fcd16d82,18,18,UniswapV3CL
PancakeSwapV3,0x4e89815fc1dac28befac3f547844254dd72cf01a,USDT ,USDT,1,100,0x5150662b9dfa6c7764981decb3725a0e8206c8e3,0x55d398326f99059ff775485246999027b3197955,18,18,PancakeSwapV3
PancakeSwapV3,0x8cb78e09a0fc980a34fd421194c7a1dba8999bb1,TRLCO,WBNB,50,2500,0x85dcd73b5eef74464f1f1f64bc328b79326245a1,0xbb4cdb9cbd36b01bd1cbaebf2de08d9173bc095c,18,18,PancakeSwapV3
PancakeSwapV3,0x853f2a2f93f6d6a6c3b1ffb9368febe4c1aad7f3,AARNA,WBNB,10,500,0xa4df39bb20a2c991c8253b3447656f9de18c8491,0xbb4cdb9cbd36b01bd1cbaebf2de08d9173bc095c,18,18,PancakeSwapV3
UniswapV3CL,0xac18e282c0b89a9981520e148ddd2bf9592e440c,USDC,BUSD,1,100,0x8ac76a51cc950d9822d68b83fe1ad97b32cd580d,0xe9e7cea3dedca5984780bafc599bd69add087d56,18,18,UniswapV3CL
PancakeSwapV3,0x51254b78f1d3d3d922bdf1cde08985b11b56d55d,USDT,HANA,1,100,0x55d398326f99059ff775485246999027b3197955,0xcc6f08beece86ab26db5d80f0149eca2ad65814f,18,18,PancakeSwapV3
PancakeSwapV3,0xfc972e41709c5cddee520bd88d2dc1ec3b7b18c0,USDD,USDT,50,2500,0x41074ec080c0567c7dc235ed5175ef8d61f47515,0x55d398326f99059ff775485246999027b3197955,18,18,PancakeSwapV3
PancakeSwapV3,0x5257d1e4c6b198c0bfae16fdf290737ca0a9523c,USDT,WUSDD,50,2500,0x55d398326f99059ff775485246999027b3197955,0xe88bfdcf152cd52251536181aea739df69ccdd40,18,18,PancakeSwapV3
PancakeSwapV3,0x7275ec1ac1071c6d9822bfea8380e7df0f8c4c2d,USDT,USDR,50,2500,0x55d398326f99059ff775485246999027b3197955,0x8ce6b6f381a3754dbb4e8e7a005159d0e576b258,18,18,PancakeSwapV3
PancakeSwapV3,0x6551a5fa008c50cfa39f590621dcb2bee21ffc8a,USDT,PYUSD,50,2500,0x55d398326f99059ff775485246999027b3197955,0x7d8750d57c9d9c88d1af1212f5acb18f828f851c,18,18,PancakeSwapV3
PancakeSwapV3,0xd38bd0440cc6c6363f1ff3f4441eac3b3ba8cf8b,CM100,USDT,1,100,0x00ad418ca33dc9c49592357086b88a939b293bb5,0x55d398326f99059ff775485246999027b3197955,18,18,PancakeSwapV3
PancakeSwapV3,0xd881d9d0e0767719701305c614903f555d589586,TUSD,USDT,1,100,0x40af3827f39d0eacbf4a168f8d4ee67c121d11c9,0x55d398326f99059ff775485246999027b3197955,18,18,PancakeSwapV3
PancakeSwapV3,0x6bbc40579ad1bbd243895ca0acb086bb6300d636,BTCB,WBNB,10,500,0x7130d2a12b9bcbfae4f2634d864a1ee1ce3ead9c,0xbb4cdb9cbd36b01bd1cbaebf2de08d9173bc095c,18,18,PancakeSwapV3
PancakeSwapV3,0x5e66f5adcc1092164e9558ebcb39b6edf62ffd52,WBNB,STAR10,50,2500,0xbb4cdb9cbd36b01bd1cbaebf2de08d9173bc095c,0xdb145ba4053bcf6694db8658f49d34b33471a37c,18,18,PancakeSwapV3
PancakeSwapV3,0x6dedd3024a77777d129ac7138e9f15802809fc44,Broccoli,WBNB,50,2500,0x39fc87aceb9ba60213475decb96827bab3882e29,0xbb4cdb9cbd36b01bd1cbaebf2de08d9173bc095c,18,18,PancakeSwapV3
PancakeSwapV3,0x4865b7e6c8183d50ffd9b019da08ecccb8935279,Greed,WBNB,50,2500,0x03f29f78457760bea99ec30df323f6171f72a133,0xbb4cdb9cbd36b01bd1cbaebf2de08d9173bc095c,18,18,PancakeSwapV3
PancakeSwapV3,0x402d259452dcd3d0c23efd1ba96f334b6981fbdb,Bull BNB,WBNB,50,2500,0x7d72efc8eeece2bdaa4ab8d7c54604f0bd2df230,0xbb4cdb9cbd36b01bd1cbaebf2de08d9173bc095c,18,18,PancakeSwapV3
PancakeSwapV3,0x8cdd0dcd3817ebf9844770a6b0a58f25899d2250,WBNB,FOUR CZ,50,2500,0xbb4cdb9cbd36b01bd1cbaebf2de08d9173bc095c,0xdfafc15fb1656635b4b2000edc6d5bc00d6cb27d,18,18,PancakeSwapV3
PancakeSwapV3,0xb7779019f8758931db2c4eb15f11cef10770a665,Baby4,WBNB,50,2500,0x6c6d6f84b97329a1e029b2d8ad8c2a36dcd2c118,0xbb4cdb9cbd36b01bd1cbaebf2de08d9173bc095c,18,18,PancakeSwapV3
PancakeSwapV3,0x6ad7007c54f3ec157128b1c5b80328aaaf9ed5a6,ai16cz,WBNB,50,2500,0x1ac9ff9172d20a2bc2cae7d0b4da854240e47bbc,0xbb4cdb9cbd36b01bd1cbaebf2de08d9173bc095c,18,18,PancakeSwapV3
PancakeSwapV3,0x83c18e6e8a29d4bbd2820190c4b2d1a5ebbb9052,MrBeast,WBNB,50,2500,0x54075cafc4f191965e700b3217afcd1f16e8d207,0xbb4cdb9cbd36b01bd1cbaebf2de08d9173bc095c,18,18,PancakeSwapV3
PancakeSwapV3,0x7950c34f19c5e10dc3daa5f77144b6626324b0d7,CYBER,WBNB,50,2500,0x6f75bd65fef61793a3c907244d49bd0dd705ab7a,0xbb4cdb9cbd36b01bd1cbaebf2de08d9173bc095c,18,18,PancakeSwapV3
PancakeSwapV3,0xe37a6a2c2f6ce9f384ea1991ce9158c432e82346,GROK3,WBNB,50,2500,0xb4588730edcb7b9e3598922943af6a4b5c05562a,0xbb4cdb9cbd36b01bd1cbaebf2de08d9173bc095c,18,18,PancakeSwapV3
PancakeSwapV3,0x6f5b263f2c477af5d0a46507a4d7e8c5861cd61c,CATTURD,WBNB,50,2500,0x524ba9776a8b2a0c833e73441c4cd3cf80dcea38,0xbb4cdb9cbd36b01bd1cbaebf2de08d9173bc095c,18,18,PancakeSwapV3
PancakeSwapV3,0x2850181c2db558069de48f2372daadfffff8bf23,WBNB,ORFY,50,2500,0xbb4cdb9cbd36b01bd1cbaebf2de08d9173bc095c,0xcd0885856a3745ead601d0a8b5fc8b5b4844d694,18,18,PancakeSwapV3
PancakeSwapV3,0x8993c9fbc43dbfe5784904668899a1dcdca3a68c,ATRIUM,WBNB,50,2500,0x4a360cf71499ff3ae03b62636ad65455e1ab256d,0xbb4cdb9cbd36b01bd1cbaebf2de08d9173bc095c,18,18,PancakeSwapV3
PancakeSwapV3,0xd317b5480faf6ef228c502d9c4d0c04599c5b74b,USDC,KOGE,1,100,0x8ac76a51cc950d9822d68b83fe1ad97b32cd580d,0xe6df05ce8c8301223373cf5b969afcb1498c5528,18,18,PancakeSwapV3
UniswapV3CL,0x942b0f7598734db81eabb2313c99c42ea2e71d3b,SMILEK,USDT,1,100,0x4f9d3adbfaf4579518b1ca7e06468a363897b997,0x55d398326f99059ff775485246999027b3197955,18,18,UniswapV3CL
PancakeSwapV3,0xe043558b77e2b4c262d7d6e579b005ceb7f4591c,DAI,USDT,1,100,0x1af3f329e8be154074d8769d1ffa4ee058b1dbc3,0x55d398326f99059ff775485246999027b3197955,18,18,PancakeSwapV3
UniswapV3CL,0x2431459f3d248ec340db22680c00f31c03ec0982,DAI,USDC,1,100,0x1af3f329e8be154074d8769d1ffa4ee058b1dbc3,0x8ac76a51cc950d9822d68b83fe1ad97b32cd580d,18,18,UniswapV3CL
UniswapV3CL,0x526a83398c84577e28750bb307c89a57a17c1adc,USDT,XRT,200,10000,0x55d398326f99059ff775485246999027b3197955,0xf443dbf12be18be4f1151c5c6432b68ff7123810,18,18,UniswapV3CL
UniswapV3CL,0x2457d78df9a5a463693d0593c56eaf7e87b9df43,XRT,USDT,200,10000,0x488bbfc2aabf5f1b4eba39f21c5ded7cd8b1085f,0x55d398326f99059ff775485246999027b3197955,18,18,UniswapV3CL
UniswapV3CL,0x9d816490ff036f6361d061f7a773842b77ce3d68,USDT,USDC,60,3000,0x2aef5ff4e0995bbfcec8de691a6e5ff768cb788c,0x8ac76a51cc950d9822d68b83fe1ad97b32cd580d,18,18,UniswapV3CL
UniswapV3CL,0x0978400ab32c4b55f91394060abbeb82caba2d2d,BTCB,syBTC,1,100,0x7130d2a12b9bcbfae4f2634d864a1ee1ce3ead9c,0xa67c48f86fc6d0176dca38883ca8153c76a532c7,18,8,UniswapV3CL
PancakeSwapV3,0x46cf1cf8c69595804ba91dfdd8d6b960c9b0a7c4,USDT,BTCB,10,500,0x55d398326f99059ff775485246999027b3197955,0x7130d2a12b9bcbfae4f2634d864a1ee1ce3ead9c,18,18,PancakeSwapV3
PancakeSwapV3,0x01ccbd036884dc13b46796d4bd24214e4f589069,TCT,WBNB,10,500,0xb57e8d70bcfefd16b72a7707b369f98b5fe5ee9b,0xbb4cdb9cbd36b01bd1cbaebf2de08d9173bc095c,18,18,PancakeSwapV3
UniswapV3CL,0xaa646a058dc40a56f8f5858a6658bdf4a41f8c32,SORA,WBNB,200,10000,0x4ca78915e9488d1b83ee9c5ab5f0fe7983e8039a,0xbb4cdb9cbd36b01bd1cbaebf2de08d9173bc095c,8,18,UniswapV3CL
UniswapV3CL,0x7ebb75eb6878f517244d908ffc47b3a2191f0e90,$USD,USDT,1,100,0x2d598b9bdf081a13d5a36e0d1d282c5acb4e5fd2,0x55d398326f99059ff775485246999027b3197955,6,18,UniswapV3CL
UniswapV3CL,0xc98f01bf2141e1140ef8f8cad99d4b021d10718f,USDT,BUSD,1,100,0x55d398326f99059ff775485246999027b3197955,0xe9e7cea3dedca5984780bafc599bd69add087d56,18,18,UniswapV3CL
PancakeSwapV3,0x4bba1018b967e59220b22ca03f68821a3276c9a6,ETH,BTCB,10,500,0x2170ed0880ac9a755fd29b2688956bd959f933f8,0x7130d2a12b9bcbfae4f2634d864a1ee1ce3ead9c,18,18,PancakeSwapV3
UniswapV3CL,0x039df62583ddc1c5fda75db152b87113d863b6d6,DAI,USDT,1,100,0x1af3f329e8be154074d8769d1ffa4ee058b1dbc3,0x55d398326f99059ff775485246999027b3197955,18,18,UniswapV3CL
UniswapV3CL,0x86bfb1ab3606a712fa94a459ba5736b8079c2493,USDT,BIT26,200,10000,0x55d398326f99059ff775485246999027b3197955,0xecbda8ad8163066ecf9c2868a83d4a469cacc0e5,18,18,UniswapV3CL
PancakeSwapV3,0x9d5d9f600610b12a4f908dc0494980ba3d2340ed,WBNB,REYA,10,500,0xbb4cdb9cbd36b01bd1cbaebf2de08d9173bc095c,0xe4e43e62736e3a29d61f0c98f4f785ef747fa354,18,18,PancakeSwapV3
PancakeSwapV3,0x98186064c8391e8dc300e55174cce7c645041897,MTK,WBNB,1,100,0x2621c4bbe8a8f0fa32e18f3da781f3fc35f9577e,0xbb4cdb9cbd36b01bd1cbaebf2de08d9173bc095c,18,18,PancakeSwapV3
UniswapV3CL,0x74c543753397be45e18dfb171329a30921ad518b,G,WBNB,200,10000,0x99999999999fcc662a7bf2b75ea160bc4aa06359,0xbb4cdb9cbd36b01bd1cbaebf2de08d9173bc095c,18,18,UniswapV3CL
PancakeSwapV3,0x67c077cf56e4faf27ecc523006827e2097e53426,Kappa,WBNB,50,2500,0x6081455397cf2d9dd2a01e61da3bff609c6983c9,0xbb4cdb9cbd36b01bd1cbaebf2de08d9173bc095c,18,18,PancakeSwapV3
PancakeSwapV3,0xe9b804d0ffcd8d9140ff7c573f1c93fdced44f6f,WBNB,USDT,1,100,0xbb4cdb9cbd36b01bd1cbaebf2de08d9173bc095c,0xed880bdec53b5b0c7ca0301ac5ac858c795e457f,18,6,PancakeSwapV3
PancakeSwapV3,0x7dc738ff77e0ede12f49eca0afa15e7f91682ef5,Usual,WBNB,50,2500,0x7db3559e4223b2ef9b35c92da595681339771450,0xbb4cdb9cbd36b01bd1cbaebf2de08d9173bc095c,18,18,PancakeSwapV3
PancakeSwapV3,0x74d0b9c9360649c06dc5389172a6235c1341db8b,SolvBTC,BTCB,1,100,0x4aae823a6a0b376de6a78e74ecc5b079d38cbcf7,0x7130d2a12b9bcbfae4f2634d864a1ee1ce3ead9c,18,18,PancakeSwapV3
PancakeSwapV3,0xe012dbda43f0860ff507be435cad5fabfc0403d6,EURT,USDT,1,100,0x1365b1d40ce72200076545c9f8d21cd322450dab,0x55d398326f99059ff775485246999027b3197955,18,18,PancakeSwapV3
PancakeSwapV3,0xfed5f519e37ce1304e4b3622d87a7c58ffe01af6,USDT,AAA,1,100,0x55d398326f99059ff775485246999027b3197955,0x7e2008b6b83e98eaf432cf77d2db45c548ad9c89,18,18,PancakeSwapV3
PancakeSwapV3,0x133c380ad31fe7fd9fde36789ecd4f17fefdca4c,HTI,USDT,10,500,0x3072a7b62509b4954cb53d8338f7921377ebc62d,0x55d398326f99059ff775485246999027b3197955,18,18,PancakeSwapV3
UniswapV3CL,0xd9b98f02b8b22efe7032abad785adc7402bfa6b5,WBNB,LKAT,1,100,0xbb4cdb9cbd36b01bd1cbaebf2de08d9173bc095c,0xd139eaf77e6b59c5f8e5a6170144daa21deb0cd6,18,18,UniswapV3CL
UniswapV3CL,0xa4b651dc25fffc09ab2d2ca7d601690b05b3bc96,USDT,USDT,1,100,0x55d398326f99059ff775485246999027b3197955,0x65c1eb35b2342a2e6287509d890d6ad7371a7777,18,18,UniswapV3CL
PancakeSwapV3,0x5684bc4264f1fe51f6b2ef4ec34e2dea18f5c195,USDT,mUSD,1,100,0x55d398326f99059ff775485246999027b3197955,0xa3ebaacb1d706df49331d417db337d80e00f2598,18,18,PancakeSwapV3
PancakeSwapV3,0x39490c4698c2faab3b87ed00cae996c24c73513e,USDT,GHO,1,100,0x55d398326f99059ff775485246999027b3197955,0x808ff461ab8e5f802fbaeee79935e37f3fda8d8b,18,18,PancakeSwapV3
PancakeSwapV3,0x24618d12b5ea15bb6fe3c81bbb9e011b5d5b107c,USDT,USDf,1,100,0x55d398326f99059ff775485246999027b3197955,0xb3b02e4a9fb2bd28cc2ff97b0ab3f6b3ec1ee9d2,18,18,PancakeSwapV3
PancakeSwapV3,0x1409aed7ec945d98d55c3dbbe494e132593e6ffa,HSDT,USDT,1,100,0x2e226cb12ea0260b2778eb22c964bca59c8312f8,0x55d398326f99059ff775485246999027b3197955,18,18,PancakeSwapV3
PancakeSwapV3,0xf71a0c3a961d0c10e08b5fe02af482f3cec70903,KNE,WBNB,1,100,0x5ee5f2920a8b5423f076b143e6b6e7fce6ca1791,0xbb4cdb9cbd36b01bd1cbaebf2de08d9173bc095c,18,18,PancakeSwapV3
UniswapV3CL,0x9831555ced5229d5107ebc8f839c0db03d96d159,USDT,PNTO,1,100,0x55d398326f99059ff775485246999027b3197955,0xf704c6f148b8735eb084245701b617096835da1c,18,18,UniswapV3CL
UniswapV3CL,0x9f27f50b91590ae79c1036dd49e50ec6f9ecb9a2,USDC,PNTO,1,100,0x8ac76a51cc950d9822d68b83fe1ad97b32cd580d,0xf704c6f148b8735eb084245701b617096835da1c,18,18,UniswapV3CL
UniswapV3CL,0xbe7cc96a863bdb43e25896664cf0e3c65f7973eb,USDC,BOB,1,100,0x8ac76a51cc950d9822d68b83fe1ad97b32cd580d,0xb0b195aefa3650a6908f15cdac7d92f8a5791b0b,18,18,UniswapV3CL
PancakeSwapV3,0x852e909651bc63fd24e2b92817dd84a0c6587a2f,USDT,USDR,50,2500,0x55d398326f99059ff775485246999027b3197955,0xae1bdda515611d35351a2a60155be5a84bb55d49,18,18,PancakeSwapV3
UniswapV3CL,0xbf54148739998f25ba3b7b3c050083caded618ec,?,WBNB,60,3000,0x2a1c7767cfb7790572c5c1101b70ac5818e4983c,0xbb4cdb9cbd36b01bd1cbaebf2de08d9173bc095c,18,18,UniswapV3CL
UniswapV3CL,0x31d66d0b14a82d6c2c57e10a98a6b945ec860a79,PepMoon,WBNB,200,10000,0x2f4848ee5b81fbf7ae7befff770a20b99244a9e7,0xbb4cdb9cbd36b01bd1cbaebf2de08d9173bc095c,18,18,UniswapV3CL
PancakeSwapV3,0x84d5748fe47567a00544d9378d1d24d3bcfed6d1,USDT,SWC,1,100,0x55d398326f99059ff775485246999027b3197955,0xc82e4d728d4f51201c2cda7dbd42722a4f23ec63,18,18,PancakeSwapV3
PancakeSwapV3,0xb32e16081178efc3defd0ed9c426e534fe343e7d,WBNB,VoYd,50,2500,0xbb4cdb9cbd36b01bd1cbaebf2de08d9173bc095c,0xe87540468db8a73b1b75ff7ecf76cb609831daae,18,18,PancakeSwapV3
PancakeSwapV3,0x9d638b40e881728e17927b09d9bfc11ee8ac960d,Mystery,WBNB,200,10000,0x4208ba9c23737eb87889299e639e0605a5af058e,0xbb4cdb9cbd36b01bd1cbaebf2de08d9173bc095c,18,18,PancakeSwapV3
UniswapV3CL,0x3dc4ab52d93d7ab365662c467a139d57bd7d9d39,ETH,MARS,200,10000,0x2170ed0880ac9a755fd29b2688956bd959f933f8,0x4b3ac66fe9c94c8df9aec04b21d1c762bbeaef45,18,8,UniswapV3CL
PancakeSwapV3,0xe51d2000b7de7c00cae1ac121f6c85198e722d5b,GSRWA,USDT,1,100,0x40935698ca8fb3644ae66b90c4fb8efab8afaa59,0x55d398326f99059ff775485246999027b3197955,18,18,PancakeSwapV3
PancakeSwapV3,0x32cf946c97a73200950adc2a23d26283d58593cc,DOPE,WBNB,50,2500,0x618da92b73a1c734faa2fc69b1e3541bb324a4f2,0xbb4cdb9cbd36b01bd1cbaebf2de08d9173bc095c,18,18,PancakeSwapV3
PancakeSwapV3,0x48abdff3dffb860de9300ddcbcce410062abd6c5,Tpay,USDT,1,100,0x47c9bc25c84a1aa6cfb54ae2439d2f20dae45c45,0x55d398326f99059ff775485246999027b3197955,18,18,PancakeSwapV3
PancakeSwapV3,0xeef04c22b0815c5657824b70453b1d80b7abbc3a,USDT,SMVG,1,100,0x55d398326f99059ff775485246999027b3197955,0x5a53339428b81b2b4245c645fa3123ee69b55064,18,18,PancakeSwapV3
UniswapV3CL,0xee714934f5b68017f0e606bbad74656409e9ab28,WBNB,BZC,200,10000,0xbb4cdb9cbd36b01bd1cbaebf2de08d9173bc095c,0xe200d97dabc742d60469d4dba98f779f5235403a,18,18,UniswapV3CL
PancakeSwapV3,0xfdc404b5ff84f1d3be9e873f6a010207f989c829,USDT,FOL,50,2500,0x55d398326f99059ff775485246999027b3197955,0xe7a36a644e9b5a1c6b8e43a4cfb4360330a7d72a,18,18,PancakeSwapV3
PancakeSwapV3,0x88bc19660e51f7bc59c6e1bfed8c33ac25e66cda,USDT,FOL,50,2500,0x55d398326f99059ff775485246999027b3197955,0xeba6bf07ccb8a17f479d679f996fc8d357c9b65d,18,18,PancakeSwapV3
UniswapV3CL,0x25164eca78630e2bcd75897b74ceccf2ee171eb7,TKE,WBNB,1,100,0x6190761d6de8966b51343527f8cfaace6388ee1e,0xbb4cdb9cbd36b01bd1cbaebf2de08d9173bc095c,18,18,UniswapV3CL
PancakeSwapV3,0xcd5aab5f3e7bcee86e356f69c8f37c29c7b47540,MMTR,WBNB,50,2500,0x050ef035403e4c5b366818decbfd3c6bff3f73c6,0xbb4cdb9cbd36b01bd1cbaebf2de08d9173bc095c,18,18,PancakeSwapV3
UniswapV3CL,0xfb5c7391f7c52ca2fd73e6f89b80af61cca7c9cf,MickeyMouse,WBNB,200,10000,0x3c155412bd6ccc2ea1d9753f832980ed4ee0c465,0xbb4cdb9cbd36b01bd1cbaebf2de08d9173bc095c,8,18,UniswapV3CL
PancakeSwapV3,0xd27517e1ce43a8e73dc1fdd532d836adddc9b842,WBTC,BTCB,1,100,0x0555e30da8f98308edb960aa94c0db47230d2b9c,0x7130d2a12b9bcbfae4f2634d864a1ee1ce3ead9c,8,18,PancakeSwapV3
PancakeSwapV3,0x480838a4365b64eef961181362cc19d3a835ff2a,1000X,WBNB,200,10000,0x30861acabb4f9b6044a459393dfb7c8f6d482fd2,0xbb4cdb9cbd36b01bd1cbaebf2de08d9173bc095c,8,18,PancakeSwapV3
PancakeSwapV3,0xf5589808ab7a7eaf5b82f4509c7633fb295d9e42,SOLV,WBNB,10,500,0x98de64af758bab443dc39c31c712411c4bfc04d5,0xbb4cdb9cbd36b01bd1cbaebf2de08d9173bc095c,18,18,PancakeSwapV3
UniswapV3CL,0x3d32a8bfb8bdf504b0713bf1616cface1cb2e878,XRP,WBNB,1,100,0x6bf87ed6391b6b36c4e8b501d3be8bf7cd7bda7c,0xbb4cdb9cbd36b01bd1cbaebf2de08d9173bc095c,18,18,UniswapV3CL
PancakeSwapV3,0x46b46ca874b13ae67e2ee4559571ff6bfdf1ba8d,DONKM,WBNB,50,2500,0x73863debfc5b4f1ba50b1c53d0c829a26e10e38a,0xbb4cdb9cbd36b01bd1cbaebf2de08d9173bc095c,18,18,PancakeSwapV3
PancakeSwapV3,0x98b941d98c2525bdb05fffd2e4f2b01a94924775,IRR,WBNB,50,2500,0x92f0386ebe2aeefacf2bca1c5dc988f5cd987285,0xbb4cdb9cbd36b01bd1cbaebf2de08d9173bc095c,18,18,PancakeSwapV3
PancakeSwapV3,0x78ad546ab1fdab49ce912f793edae23d438b6200,USDT,USDF,1,100,0x55d398326f99059ff775485246999027b3197955,0x5a110fc00474038f6c02e89c707d638602ea44b5,18,18,PancakeSwapV3
PancakeSwapV3,0xfcf5aa805eb2948c1310e6e0e6b292864390e40d,USDT,ZRC,1,100,0x55d398326f99059ff775485246999027b3197955,0x920350025592ae8f47adae3be8dfc8184444b101,18,18,PancakeSwapV3
PancakeSwapV3,0x0ea859b28515c42286e8c4ddd55f6a9994a75bf1,USDT,USDH,1,100,0x55d398326f99059ff775485246999027b3197955,0xd79021d7e9358f2e5eec291774a2e22ea904a87b,18,6,PancakeSwapV3
PancakeSwapV3,0x1bb54751b09a220211c0b04fd5229c6a88ec2a64,USDT,EPH,1,100,0x55d398326f99059ff775485246999027b3197955,0xb7571b74f5b72af633c98cce916727d09115b746,18,18,PancakeSwapV3
UniswapV3CL,0x5206ffef8fad36965f91a8569cd7687bd6600b51,ARKHAM,WBNB,200,10000,0x3c0dce69daa85db5509a787d11cc0c02825d630b,0xbb4cdb9cbd36b01bd1cbaebf2de08d9173bc095c,18,18,UniswapV3CL
PancakeSwapV3,0x88472655a1f7a7a718ff4f19e7a2a6595a09f680,USDA,USDT,10,500,0x17eafd08994305d8ace37efb82f1523177ec70ee,0x55d398326f99059ff775485246999027b3197955,18,18,PancakeSwapV3
UniswapV3CL,0x1b0c9d9c58c0fa96fab0656af8c857fa22888818,AC,WBNB,10,500,0x91874fe5b18d7973fe18c02271b9fd5ae087ea2f,0xbb4cdb9cbd36b01bd1cbaebf2de08d9173bc095c,8,18,UniswapV3CL
PancakeSwapV3,0xdca7a2a983a16c871d606b6ba023974ae419daca,WUSD,USDT,50,2500,0x31aa09d92e5d1269b49e1e4a5d28c118c01b16d5,0x55d398326f99059ff775485246999027b3197955,18,18,PancakeSwapV3
PancakeSwapV3,0xf201fac5e7531458bb43ebc8d36c9c006b5ee5dd,WBNB,$XBL,200,10000,0xbb4cdb9cbd36b01bd1cbaebf2de08d9173bc095c,0xfc268bff5b0593819476e2a85f4a27e614b447a6,18,18,PancakeSwapV3
UniswapV3CL,0xc922eafa7661c4af0510cca99f4ef1cc0e099620,test,WBNB,200,10000,0x516819893fd690c298e33fac87695be4934e9a8e,0xbb4cdb9cbd36b01bd1cbaebf2de08d9173bc095c,18,18,UniswapV3CL
PancakeSwapV3,0x3a085fadc5d5ed8be7da317e65e8ffab6d935c7b,WBNB,GYFI,50,2500,0xbb4cdb9cbd36b01bd1cbaebf2de08d9173bc095c,0xc7193ddc9411e5f9d0b5fc500725d99397ed7542,18,18,PancakeSwapV3
PancakeSwapV3,0x0a03f3f5d3ad0c57d5a4f8277b3a3c104dbf5201,WBNB,PEPU,1,100,0xbb4cdb9cbd36b01bd1cbaebf2de08d9173bc095c,0xee4877dd66b98692eba9e4a2a3eca76ff2b5b043,18,18,PancakeSwapV3
UniswapV3CL,0x0e5e4bea59ef3a32026f6f12d86ce57248474a9d,PRP,WBNB,200,10000,0x65a76fc8428f4ffc02c33471090fbcb39a3419a5,0xbb4cdb9cbd36b01bd1cbaebf2de08d9173bc095c,18,18,UniswapV3CL
UniswapV3CL,0xcca8695f70d52688a0e25f14b8b742d19f839e0a,KMTs,WBNB,200,10000,0xa5ef3d0950e6a03701dd2c4de9481e5fd31f715d,0xbb4cdb9cbd36b01bd1cbaebf2de08d9173bc095c,18,18,UniswapV3CL
PancakeSwapV3,0x3a4854c75da2db12c8ef501a8454636139cc751e,WBNB,BSB,200,10000,0xbb4cdb9cbd36b01bd1cbaebf2de08d9173bc095c,0xe452afd7b12640c062942071448061bd1e06fff0,18,18,PancakeSwapV3
UniswapV3CL,0x050d9ac4a6387ec03676b3999b04902bf36fff6e,USDT,HT,200,10000,0x55d398326f99059ff775485246999027b3197955,0xfc595ab8ca3b783edb1e8c748aa095d652fe0910,18,18,UniswapV3CL
UniswapV3CL,0x8b0074f881074ea5316f9885b6f33b4a8f48b2b8,USDT,USD3,1,100,0x55d398326f99059ff775485246999027b3197955,0xf12bc1d1256ae9e0311e0e4562b99685abf6ea7f,18,18,UniswapV3CL
PancakeSwapV3,0x5cf69ff11923dfb8ef5fca61c6832c05f5c80f0c,BTCB,DUCKY,1,100,0x7130d2a12b9bcbfae4f2634d864a1ee1ce3ead9c,0xadb50d6a3f931e5b4a14d06a4a77fe71171a462f,18,18,PancakeSwapV3
PancakeSwapV3,0x1e8c17ea3dee39a4f42acdbdb8278742a1c74aa8,BTCB,PEANUT,1,100,0x7130d2a12b9bcbfae4f2634d864a1ee1ce3ead9c,0xd1ed7cae60660cf85848eb6ead0fc00c0f9c0dd1,18,18,PancakeSwapV3
PancakeSwapV3,0x6da1ecf97af531f6d1456e34d0129ab37b82a094,WBNB,UST2,10,500,0xbb4cdb9cbd36b01bd1cbaebf2de08d9173bc095c,0xfbb7281c1dcadcfde89d6b10e8d726ecf41ad70d,18,18,PancakeSwapV3
PancakeSwapV3,0x4e04a564251d90a6df254987fd2cda8ca9d79eb9,WBNB,BINA,200,10000,0xbb4cdb9cbd36b01bd1cbaebf2de08d9173bc095c,0xf62f76ff3fcfc7f3dad7a78d80508f6c858ee06c,18,18,PancakeSwapV3
PancakeSwapV3,0xec721ce03c3e961e42ae698f5ab152ab8887fb2b,WBNB,THE,50,2500,0xbb4cdb9cbd36b01bd1cbaebf2de08d9173bc095c,0xc4d6f42645d3ec199a568b3079c4b6e152093259,18,18,PancakeSwapV3
UniswapV3CL,0x42e692b50bd8316afe4b57641b34d373f7985a69,USDT,WBNB,200,10000,0x34319e78a7ac1de371f5b54fd476ce12ef4e86c9,0xbb4cdb9cbd36b01bd1cbaebf2de08d9173bc095c,18,18,UniswapV3CL
PancakeSwapV3,0x0d93ebe93d89f511cdf522dea5e5590db71679a8,ETH,WBETH,1,100,0x2170ed0880ac9a755fd29b2688956bd959f933f8,0xfd7c5383dadf8a8e656fa0bf098550c056007c86,18,18,PancakeSwapV3
PancakeSwapV3,0x2f913ef059c37bef094587266a5dd35cfde4368f,USDT,Broccoli,50,2500,0x55d398326f99059ff775485246999027b3197955,0xf6e2509261ad49c080ad28fcaec8b73b95baf741,18,18,PancakeSwapV3
PancakeSwapV3,0x1412a63f230e333474a11571ed5c40e8d3f2eab6,EURT,USDT,1,100,0x29cb49e8e6c02eaf3e6b652fd5a9e3a2283d467b,0x55d398326f99059ff775485246999027b3197955,18,18,PancakeSwapV3
PancakeSwapV3,0x9a4d3d78aa3a0372335ee43e08575c65a027f653,USDT,USDa,10,500,0x55d398326f99059ff775485246999027b3197955,0x9356086146be5158e98ad827e21b5cf944699894,18,18,PancakeSwapV3
PancakeSwapV3,0xa5c544d3f523ffc5e5a022b8e496340d84638708,USDT,Elf4,10,500,0x55d398326f99059ff775485246999027b3197955,0x8a75d9d2282920353c0c6e804ab71f78e26c0154,18,18,PancakeSwapV3
UniswapV3CL,0x6c6798d36d7a80b0df10e57ac0debbfdb9885739,WBTC,BTCB,10,500,0x0555e30da8f98308edb960aa94c0db47230d2b9c,0x7130d2a12b9bcbfae4f2634d864a1ee1ce3ead9c,8,18,UniswapV3CL
UniswapV3CL,0xe4066f2e6a9feabb81cf9885c1e1649cacc0295c,STC,WBNB,200,10000,0x7b34063c6233209a61ea65f5d89511e1aaaec26d,0xbb4cdb9cbd36b01bd1cbaebf2de08d9173bc095c,18,18,UniswapV3CL
PancakeSwapV3,0x874b86b84f4c8701616e3d9b1c44c81528df9d7a,WBNB,YEPEPE,50,2500,0xbb4cdb9cbd36b01bd1cbaebf2de08d9173bc095c,0xbf87466a194d6b33e42ac9be07f0ef692ff4a135,18,18,PancakeSwapV3
PancakeSwapV3,0x895deb5e7ac26d4b23817cd528a9cfa12e10dd4c,CLIZA,WBNB,50,2500,0x8682087ebd5f7326fe6ec956911c0fd45ff35e1b,0xbb4cdb9cbd36b01bd1cbaebf2de08d9173bc095c,18,18,PancakeSwapV3
PancakeSwapV3,0xd0e226f674bbf064f54ab47f42473ff80db98cba,ETH,WBNB,10,500,0x2170ed0880ac9a755fd29b2688956bd959f933f8,0xbb4cdb9cbd36b01bd1cbaebf2de08d9173bc095c,18,18,PancakeSwapV3
PancakeSwapV3,0x1b1559a777688ede3f7d9a044af96ef131aae1e8,PPN,WBNB,10,500,0x35364b0b29c9b6534f6a54752133dc76bf1795d9,0xbb4cdb9cbd36b01bd1cbaebf2de08d9173bc095c,18,18,PancakeSwapV3
PancakeSwapV3,0x9f5f62013ba1cc26527b55a0dec1b124abf3d569,SORA,WBNB,200,10000,0x4ca78915e9488d1b83ee9c5ab5f0fe7983e8039a,0xbb4cdb9cbd36b01bd1cbaebf2de08d9173bc095c,8,18,PancakeSwapV3
PancakeSwapV3,0x7b71f13965a6f388f1cb43da0cc5e7b65c91914e,PHIL,WBNB,50,2500,0x7916db685e08a5f0d9997220f6d135f643036114,0xbb4cdb9cbd36b01bd1cbaebf2de08d9173bc095c,18,18,PancakeSwapV3
PancakeSwapV3,0x0a6c0991dd2865d9ee3b8a629faa431125f0a7a9,WBNB,GOLDRUSH,200,10000,0xbb4cdb9cbd36b01bd1cbaebf2de08d9173bc095c,0xeb62e6c33a5bb68559ee33a908f5a3b179de49b1,18,8,PancakeSwapV3
PancakeSwapV3,0x0ba9d0dd2ee0a672edfa4cdf7652730d5b130a6c,QWLA,WBNB,50,2500,0x45fe021083472b115dfa83d7e5d22378cd166b52,0xbb4cdb9cbd36b01bd1cbaebf2de08d9173bc095c,18,18,PancakeSwapV3
PancakeSwapV3,0xe39a66f58c42228d7ebf43e021399b752ac3e7b7,USDT,LC,1,100,0x55d398326f99059ff775485246999027b3197955,0x7f5096925fc67407d124f4f3de9eef187cecc5a2,18,18,PancakeSwapV3
PancakeSwapV3,0x0b7769e0cfafc42f505ddad4cf7cb105aaacd5f1,TDN,USDT,200,10000,0x44905ea23e2450df399dce7bc25a7a177f5c3cdc,0x55d398326f99059ff775485246999027b3197955,18,18,PancakeSwapV3
PancakeSwapV3,0x9d6621e55ddbf71fd75797137ab167ae63fc45b5,USDC,AMR,1,100,0x8ac76a51cc950d9822d68b83fe1ad97b32cd580d,0xb6105976a7326ec8c1dc6dd1b09a61729067ec96,18,18,PancakeSwapV3
PancakeSwapV3,0x3bec07d83c4cde1f3c7eceaf7e0c8fdfb034cc7f,FAIR,WBNB,200,10000,0x3e290e20d5c207523f53fa384ad87d69cc543f21,0xbb4cdb9cbd36b01bd1cbaebf2de08d9173bc095c,18,18,PancakeSwapV3
PancakeSwapV3,0x9b6ab4360d2e5afd934ff386af9fe099166b822a,EURR,USDT,10,500,0x14238a61cf2ead9f2dffc719d95eed97d3393287,0x55d398326f99059ff775485246999027b3197955,18,18,PancakeSwapV3
PancakeSwapV3,0xf1a713c7fcc35fd340ed67e835d8d950cf0aa3a0,AZEN,WBNB,50,2500,0x2e9aca9dbac8afee088886ade5ce78c529dc3682,0xbb4cdb9cbd36b01bd1cbaebf2de08d9173bc095c,18,18,PancakeSwapV3
UniswapV3CL,0x08fad50e90f58187e9bd5f0451f859e0e166394b,$,WBNB,1,100,0x7592d91478c56ee15cdf2bb0962bdea809b8eb73,0xbb4cdb9cbd36b01bd1cbaebf2de08d9173bc095c,18,18,UniswapV3CL
PancakeSwapV3,0xdbe2448e588156598fead45fcc5771b963b7bab2,USDT,BVM,200,10000,0x55d398326f99059ff775485246999027b3197955,0xc73cdafea74b8ba726a2bae987b50d91592494d1,18,18,PancakeSwapV3
UniswapV3CL,0x6fe9e9de56356f7edbfcbb29fab7cd69471a4869,USDT,WBNB,10,500,0x55d398326f99059ff775485246999027b3197955,0xbb4cdb9cbd36b01bd1cbaebf2de08d9173bc095c,18,18,UniswapV3CL
PancakeSwapV3,0x53bab53100df4c6300f7431e2d0e7d8823d5899d,INS,WBNB,1,100,0x59cdb133f9299502846f8517edbfdc33a13ff1d6,0xbb4cdb9cbd36b01bd1cbaebf2de08d9173bc095c,18,18,PancakeSwapV3
PancakeSwapV3,0x62d568d629ea1922952b82b264be72b7a41c8053,CAT,WBNB,10,500,0x7b477aab9481a3b121caa245999082a9d9f1e440,0xbb4cdb9cbd36b01bd1cbaebf2de08d9173bc095c,18,18,PancakeSwapV3
UniswapV3CL,0xb81e762f7c3befd93d98f865152dd900caa5cbb1,LASD,USDT,60,3000,0x4c2f2d4925d5194b33209693f1a7da2b3b5e47b7,0x55d398326f99059ff775485246999027b3197955,6,18,UniswapV3CL
UniswapV3CL,0xdb62224a8361cb2357d473f3c9f03d8f00ddb38d,LOL,WBNB,200,10000,0xb1022eb7ce3c7ae1ea4d4bd8b3ece68c5ec55c4c,0xbb4cdb9cbd36b01bd1cbaebf2de08d9173bc095c,18,18,UniswapV3CL
UniswapV3CL,0x0c83e68fc5842495ad95577fe30711f92a293328,SolvBTC,BTCB,1,100,0x4aae823a6a0b376de6a78e74ecc5b079d38cbcf7,0x7130d2a12b9bcbfae4f2634d864a1ee1ce3ead9c,18,18,UniswapV3CL
PancakeSwapV3,0x8c6bef5bb515b6036401a0031332b3763e1badae,CBAB,WBNB,1,100,0x92b0e13f1c6bf5696289863ebc49a4f0bce46f3e,0xbb4cdb9cbd36b01bd1cbaebf2de08d9173bc095c,18,18,PancakeSwapV3
PancakeSwapV3,0x7a72b31918f598154f3e6171c5f341fbaf1fd0b7,DAI,USDC,1,100,0x1af3f329e8be154074d8769d1ffa4ee058b1dbc3,0x8ac76a51cc950d9822d68b83fe1ad97b32cd580d,18,18,PancakeSwapV3
PancakeSwapV3,0xf2688fb5b81049dfb7703ada5e770543770612c4,USDC,WBNB,1,100,0x8ac76a51cc950d9822d68b83fe1ad97b32cd580d,0xbb4cdb9cbd36b01bd1cbaebf2de08d9173bc095c,18,18,PancakeSwapV3
PancakeSwapV3,0xc4b1fd0ebca3d78b97e393dcc349ac3aeafa0bac,IO,WBNB,10,500,0x1fd950c4fb4dddbbaa44bf9292824872e889855b,0xbb4cdb9cbd36b01bd1cbaebf2de08d9173bc095c,18,18,PancakeSwapV3
PancakeSwapV3,0xf1027029eb99d191cc6c13e0b6d1d77cbd930ce6,USDT,FYU,1,100,0x55d398326f99059ff775485246999027b3197955,0x89b54dd9ba2b1269d5648bbaebc36710053e9713,18,18,PancakeSwapV3
PancakeSwapV3,0x2f5ea3e089199e3dd97d5d6dc185de7228fbca2d,WBNB,BGBTC,50,2500,0xbb4cdb9cbd36b01bd1cbaebf2de08d9173bc095c,0xe44414383a31d10ba0f84b4ea1ca747b949abd8d,18,18,PancakeSwapV3
PancakeSwapV3,0x0590e90754813429539aaf0bf1ca9dbb585bded6,ASKPER,WBNB,10,500,0x81e147ea7250bbca88db0fc27d7dd29c082bb1b4,0xbb4cdb9cbd36b01bd1cbaebf2de08d9173bc095c,18,18,PancakeSwapV3
PancakeSwapV3,0x256ddf5b48ded1d812c35c1ece891355fd6f53c5,RSLV,WBNB,50,2500,0x5ecb3467c5bea8e8719b16542220f82b7c7aaffb,0xbb4cdb9cbd36b01bd1cbaebf2de08d9173bc095c,18,18,PancakeSwapV3
UniswapV3CL,0x07a44f2b02668d297a2b4d594b064853c4c4b7c0,USR,USDT,1,100,0x2492d0006411af6c8bbb1c8afc1b0197350a79e9,0x55d398326f99059ff775485246999027b3197955,18,18,UniswapV3CL
UniswapV3CL,0xbf7efacabf30bd02760ab70cfce0a0e584811dae,SUI,WBNB,1,100,0x32e68e35419377acdab40fa69d1cea8979989b18,0xbb4cdb9cbd36b01bd1cbaebf2de08d9173bc095c,18,18,UniswapV3CL
PancakeSwapV3,0xa66d22356acf5f52c7897323b8a0c674f4d91ea5,MM3,WBNB,200,10000,0x6ac700de8e6c16cecd9f760f28ebca98b841b6f5,0xbb4cdb9cbd36b01bd1cbaebf2de08d9173bc095c,18,18,PancakeSwapV3
PancakeSwapV3,0xbf30843b353ba7d3cd54a7ee0850808b0aab2b1a,WBNB,ISIN,50,2500,0xbb4cdb9cbd36b01bd1cbaebf2de08d9173bc095c,0xfd6374e7dfe36c15555ab2f73306ce6624d4e172,18,18,PancakeSwapV3
PancakeSwapV3,0x5c3b9a2f5a85c617b23a10a9b943c517b5da3fb9,FLOCO,WBNB,50,2500,0x84302051570f5147b3cb648f0c4c3ba40d6edd8b,0xbb4cdb9cbd36b01bd1cbaebf2de08d9173bc095c,18,18,PancakeSwapV3
UniswapV3CL,0x8654f98eab81a30aae707403b430532fd9fdf02f,SAGI,USDT,10,500,0x32aef6d7dc206c52c5cb31e438ffdbd37a01671d,0x55d398326f99059ff775485246999027b3197955,18,18,UniswapV3CL
UniswapV3CL,0x8347ded71618d798b715ce0cacd1e801e75ae17f,SAGI,USDC,10,500,0x32aef6d7dc206c52c5cb31e438ffdbd37a01671d,0x8ac76a51cc950d9822d68b83fe1ad97b32cd580d,18,18,UniswapV3CL
PancakeSwapV3,0x93875e6a3dceb7cf8c955d99009ec59311ceffeb,BVNK,WBNB,50,2500,0x041cd41dcb019ab76e9d8b8dffda9bd1048b5d63,0xbb4cdb9cbd36b01bd1cbaebf2de08d9173bc095c,18,18,PancakeSwapV3
PancakeSwapV3,0x22458408c7c74de57edc608de463ddc70edd6fbb,BTCB,valium ,1,100,0x7130d2a12b9bcbfae4f2634d864a1ee1ce3ead9c,0xcfb70a4f8a3665e7c4d12f903cbd5046a541d887,18,18,PancakeSwapV3
PancakeSwapV3,0xb59bf8745b67ddaf79d434703653bbe204ee9d95,WDAI,USDT,1,100,0x51488befcf6f33df85fcfef661b5539bbc6273a0,0x55d398326f99059ff775485246999027b3197955,18,18,PancakeSwapV3
PancakeSwapV3,0xd9e192e9fc83d3273edfb73ae84d707a2378ebe6,CZ4W,WBNB,200,10000,0x9cae69415e2ebad061bd08fb8f8e5aac60e4cf69,0xbb4cdb9cbd36b01bd1cbaebf2de08d9173bc095c,18,18,PancakeSwapV3
PancakeSwapV3,0x75c0d4b81ae37e9da7f43f3972502085541b23f8,CZ4W,WBNB,200,10000,0xb3b15a0f15f74ceeb0cb0150a913f14b17f05650,0xbb4cdb9cbd36b01bd1cbaebf2de08d9173bc095c,18,18,PancakeSwapV3
PancakeSwapV3,0x6615263e00f7f3fd260d945b8fc9345d37ef8fc0,MSN,WBNB,50,2500,0xa35f448504c24f864cc6c881375e107de8584d28,0xbb4cdb9cbd36b01bd1cbaebf2de08d9173bc095c,18,18,PancakeSwapV3
PancakeSwapV3,0x40ccbef27c3f83faf28eb709ac871e3eb5d54be7,WBNB,BELLSKY,1,100,0xbb4cdb9cbd36b01bd1cbaebf2de08d9173bc095c,0xe3962767d26a6efb5484ac09a1430fd03ed42bf8,18,18,PancakeSwapV3
UniswapV3CL,0xdd84c122a302f9869233a10bf185a13095881301,REACT,WBNB,60,3000,0x50623a3afd647d4f44e646fd6644b9392459d8f0,0xbb4cdb9cbd36b01bd1cbaebf2de08d9173bc095c,18,18,UniswapV3CL
PancakeSwapV3,0x1082fe00711fcdb74c9162be8a4a42f6359b809f,WBNB,PCGAMEFI,50,2500,0xbb4cdb9cbd36b01bd1cbaebf2de08d9173bc095c,0xe16dd78e001b6285e37bd08a3463d3c38448c1ad,18,18,PancakeSwapV3
PancakeSwapV3,0x3d7c319090edf2293608a0f9a786317c66d320f8,USD1,WBNB,1,100,0x8d0d000ee44948fc98c9b98a4fa4921476f08b0d,0xbb4cdb9cbd36b01bd1cbaebf2de08d9173bc095c,18,18,PancakeSwapV3
PancakeSwapV3,0xfc79a701360775355515008360fa9992e481f82b,SON,WBNB,10,500,0x6469ef5c5fb0798fe2d52d9c1252e798cd0ffbf4,0xbb4cdb9cbd36b01bd1cbaebf2de08d9173bc095c,18,18,PancakeSwapV3
UniswapV3CL,0x05e14a8802f481627a022f7ecb4168a50503cdb2,EMYC,WBNB,60,3000,0x4fa6857159262e84ca7846c89d78882b724ed94c,0xbb4cdb9cbd36b01bd1cbaebf2de08d9173bc095c,18,18,UniswapV3CL
PancakeSwapV3,0x10ca34987341bc597febb505bdec17bbb0dc6b17,USDT,YOLO,1,100,0x55d398326f99059ff775485246999027b3197955,0x561cc5a1bdd648c9851cbb7a44844e835d1e1868,18,18,PancakeSwapV3
PancakeSwapV3,0x1c83ba3678edead2f8557ec7f05411a1f05d65a9,LILPEPE,WBNB,1,100,0x7f097e232e182b73a3b945a982da1707025e1f01,0xbb4cdb9cbd36b01bd1cbaebf2de08d9173bc095c,18,18,PancakeSwapV3
PancakeSwapV3,0xc396ea4f81132aad17b536990972db83d8ad4a20,WET,WBNB,1,100,0xb850a44b2973b16861d32effdcf2f44bb9a828b8,0xbb4cdb9cbd36b01bd1cbaebf2de08d9173bc095c,18,18,PancakeSwapV3
PancakeSwapV3,0xfc4401759b5bca9e85b7a4a2cf81019fbb8d8709,USDT,DAl,50,2500,0x55d398326f99059ff775485246999027b3197955,0xcaf6cc82b41116d1893db742be3f8ea6e182c53b,18,18,PancakeSwapV3
PancakeSwapV3,0x379044e32f5a162233e82de19da852255d0951b8,ETH,wBETH,10,500,0x2170ed0880ac9a755fd29b2688956bd959f933f8,0xa2e3356610840701bdf5611a53974510ae27e2e1,18,18,PancakeSwapV3
PancakeSwapV3,0xc481454f4d29081d5e4bf5027ba7a027444ab7be,DECZEC,WBNB,50,2500,0x776fa459f8e82c51e14be01b7531c12dd323eb37,0xbb4cdb9cbd36b01bd1cbaebf2de08d9173bc095c,18,18,PancakeSwapV3
UniswapV3CL,0xf9878a5dd55edc120fde01893ea713a4f032229c,ETH,USDT,10,500,0x2170ed0880ac9a755fd29b2688956bd959f933f8,0x55d398326f99059ff775485246999027b3197955,18,18,UniswapV3CL
PancakeSwapV3,0x03c3b1ab7905eed57937202cf67c7014240755b7,TST,WBNB,200,10000,0x5e9558a7f9d94a33fbfa383d04c5ee567fdba1d8,0xbb4cdb9cbd36b01bd1cbaebf2de08d9173bc095c,18,18,PancakeSwapV3
UniswapV3CL,0x51ec6a13a982719493ed8ff7688fb0038cb36196,TEst2,WBNB,200,10000,0x44f948e128f37684beb35ee498b28a453a604c20,0xbb4cdb9cbd36b01bd1cbaebf2de08d9173bc095c,18,18,UniswapV3CL
PancakeSwapV3,0x18f7123b2b2008f5822ae3cdc813a3bc61d55bb8,WBNB,P33L,10,500,0xbb4cdb9cbd36b01bd1cbaebf2de08d9173bc095c,0xd48c831045431a16e0096a2233502b3b9cec3431,18,18,PancakeSwapV3
UniswapV3CL,0xc2dd537b5ef103db0ae1ec040715996ead7fb996,WBNB,DELV,200,10000,0xbb4cdb9cbd36b01bd1cbaebf2de08d9173bc095c,0xc8651e89223bcc144969bcea048aa62e068da916,18,18,UniswapV3CL
UniswapV3CL,0xad49a27684df5a1dcc13ac30fc8081a1b5f3fc09,ETH,BTCB,10,500,0x2170ed0880ac9a755fd29b2688956bd959f933f8,0x7130d2a12b9bcbfae4f2634d864a1ee1ce3ead9c,18,18,UniswapV3CL
PancakeSwapV3,0xf66a930ed3b004ba16ee11b3a9b142eaf2259b0d,USDC,FDUSD,1,100,0x8ac76a51cc950d9822d68b83fe1ad97b32cd580d,0xc5f0f7b66764f6ec8c8dff7ba683102295e16409,18,18,PancakeSwapV3
PancakeSwapV3,0xc58d74b7a3c00a877f92a4d1564a7a480e016b3e,WBNB,TRRUE,50,2500,0xbb4cdb9cbd36b01bd1cbaebf2de08d9173bc095c,0xf6d470c1a4de5ad77c9f54d1fef279a491f348e0,18,18,PancakeSwapV3
PancakeSwapV3,0xe8e5f1b621eae6927e6e19581ab2b4b53edca4af,QTXAI,WBNB,50,2500,0x77a9f373d966d2cf10a743515d168a3394f0662f,0xbb4cdb9cbd36b01bd1cbaebf2de08d9173bc095c,18,18,PancakeSwapV3
UniswapV3CL,0x1bcf045f23b2ef3bff462e534a698709f36f46ce,USDT,USDH,1,100,0x55d398326f99059ff775485246999027b3197955,0xd399e8bcb8568e4eef57f9ce2e42085306647388,18,18,UniswapV3CL
PancakeSwapV3,0x6ba8613dfc853bd9588ab63c3c66cadb95bb5998,USDT,USDT,1,100,0x2f9273355bc9e3939710d61d61058294acf2f7e0,0x55d398326f99059ff775485246999027b3197955,18,18,PancakeSwapV3
PancakeSwapV3,0x1551efca172b03ed14ea081ec7ae6fb2c963d124,USDT,$TIME,200,10000,0x55d398326f99059ff775485246999027b3197955,0x6e658b3f9f99739abd85d84c7c3390a4db41a242,18,18,PancakeSwapV3
PancakeSwapV3,0xe3d1be29074711f9c0b6231572ccff39d1111fdb,Usual,WBNB,50,2500,0xa948ca96728edddbab2e7fe9bbaf5bb3ae2dd79a,0xbb4cdb9cbd36b01bd1cbaebf2de08d9173bc095c,18,18,PancakeSwapV3
PancakeSwapV3,0x9f599f3d64a9d99ea21e68127bb6ce99f893da61,ETH,USDT,1,100,0x2170ed0880ac9a755fd29b2688956bd959f933f8,0x55d398326f99059ff775485246999027b3197955,18,18,PancakeSwapV3
PancakeSwapV3,0x1cabb38ab0294408b914248a1b49f3281354e964,USDT,GFLOW,200,10000,0x55d398326f99059ff775485246999027b3197955,0xfba2863727e2bafa39687d01fb2eefbe4e6e1d5a,18,18,PancakeSwapV3
PancakeSwapV3,0xf406207e03eddfe5534f5b6971b5150ec8e28444,$TIME,WBNB,200,10000,0x6e658b3f9f99739abd85d84c7c3390a4db41a242,0xbb4cdb9cbd36b01bd1cbaebf2de08d9173bc095c,18,18,PancakeSwapV3
PancakeSwapV3,0xb2e0172af9549e0cb67385e3c4185f33f4ff74b0,PERQ,WBNB,50,2500,0x5aa684cbd77bf759a38dc9aae77d99cf1a5a087f,0xbb4cdb9cbd36b01bd1cbaebf2de08d9173bc095c,18,18,PancakeSwapV3
PancakeSwapV3,0xb01133cb24e5fd444ff8ceac670c4b69840256e9,PAC,WBNB,50,2500,0x9acb469943c1c94d2f6588d0f7eb8e625c3b3181,0xbb4cdb9cbd36b01bd1cbaebf2de08d9173bc095c,18,18,PancakeSwapV3
PancakeSwapV3,0xe23371066e7c66104106509d5794fdeea09f0415,SKYA,WBNB,50,2500,0x896e5a8abcbcfa2b4967cac509e8d8fad0424a40,0xbb4cdb9cbd36b01bd1cbaebf2de08d9173bc095c,18,18,PancakeSwapV3
UniswapV3CL,0xccdfcd1aac447d5b29980f64b831c532a6a33726,USDT,USDC,10,500,0x55d398326f99059ff775485246999027b3197955,0x8ac76a51cc950d9822d68b83fe1ad97b32cd580d,18,18,UniswapV3CL
PancakeSwapV3,0x9cb8b1c4d44b4f7ef1d1d5389725eedda48553b8,USDT,APEX,10,500,0x55d398326f99059ff775485246999027b3197955,0xde2903c8d75d477526558ea5968f0d10c7fb5f0c,18,18,PancakeSwapV3
PancakeSwapV3,0xebdb11616903241168f816cb7d69f4c5d5aba8ec,WBNB,MAXI,1,100,0xbb4cdb9cbd36b01bd1cbaebf2de08d9173bc095c,0xf4375f7a9b76399a3659ae2c4e4f933e0d394da7,18,18,PancakeSwapV3
PancakeSwapV3,0x27982098d2a8752fd040568c6982e3825e68fd98,USDT,USDe,10,500,0x55d398326f99059ff775485246999027b3197955,0x5d3a1ff2b6bab83b63cd9ad0787074081a52ef34,18,18,PancakeSwapV3
PancakeSwapV3,0xbf72b6485e4b31601afe7b0a1210be2004d2b1d6,USDT,FDUSD,1,100,0x55d398326f99059ff775485246999027b3197955,0xc5f0f7b66764f6ec8c8dff7ba683102295e16409,18,18,PancakeSwapV3
PancakeSwapV3,0xfae764f4914ea199a91bba58f7747a3564266ba7,USS1,USDT,1,100,0x1d28971d1805c956023c6b349cf7a3fc3cf09fd6,0x55d398326f99059ff775485246999027b3197955,18,18,PancakeSwapV3
PancakeSwapV3,0x95b87b16dadc78e3947143746a835676621c3308,USDT,DJED,1,100,0x55d398326f99059ff775485246999027b3197955,0x5e74dd0f5a9a370b87b8482dac6580369601777c,18,18,PancakeSwapV3
PancakeSwapV3,0x6dad638c25647ce00aa6b2eba2dae5522a462894,OMNUS,WBNB,50,2500,0x3f055f14817ea7513e7f01a5c7eae00ee499131f,0xbb4cdb9cbd36b01bd1cbaebf2de08d9173bc095c,18,18,PancakeSwapV3
PancakeSwapV3,0xd4304a63afda068f7095e0b59e56e4985c415196,WBNB,LILPEPE,1,100,0xbb4cdb9cbd36b01bd1cbaebf2de08d9173bc095c,0xf8c72e766322c729ef8cfa69558e49fb54c56fcd,18,18,PancakeSwapV3
UniswapV3CL,0x0f6dd4716cbea8368061e28f36e1c95c47650264,USDT,APEX,10,500,0x55d398326f99059ff775485246999027b3197955,0xde2903c8d75d477526558ea5968f0d10c7fb5f0c,18,18,UniswapV3CL
PancakeSwapV3,0x2aa1ad9c34912ed2ef6937ebd3780a3932349749,USDT,TUSD(True),1,100,0x55d398326f99059ff775485246999027b3197955,0xd4b2fef1a4ba458810f58f7eed1b1606497e7631,18,18,PancakeSwapV3
PancakeSwapV3,0x257322c3d818b3340790da91ee91b35c36b210e5,USDT,OCX,1,100,0x55d398326f99059ff775485246999027b3197955,0xaf854d528fb3b9b21c30889ca1499a270ef24f61,18,18,PancakeSwapV3
PancakeSwapV3,0xcc19f9594b30fa22ce0707de1b90075176b599e2,USDT,BSX,1,100,0x55d398326f99059ff775485246999027b3197955,0xabee31bca7b1aee4dd6e2a6b62b81ea6a5140589,18,18,PancakeSwapV3
UniswapV3CL,0xb3f2738f2a1909e87d90cfcae5232d656ef1be56,USDT,ssc,10,500,0x55d398326f99059ff775485246999027b3197955,0x8eb5a07b8013ef64d98177933943cec6b98c1a6e,18,18,UniswapV3CL
PancakeSwapV3,0xf95120eff5d77622d6c5dbdbf876b3865b96fd92,asBNB,WBNB,1,100,0x77734e70b6e88b4d82fe632a168edf6e700912b6,0xbb4cdb9cbd36b01bd1cbaebf2de08d9173bc095c,18,18,PancakeSwapV3
PancakeSwapV3,0x2931fafadfbe431ddf072fe9ea38fa84cbded211,MTBL,WBNB,50,2500,0x74b02fc2ee8193a08b237f9e35753fa4229d392d,0xbb4cdb9cbd36b01bd1cbaebf2de08d9173bc095c,18,18,PancakeSwapV3
PancakeSwapV3,0xef5230f087a3e85210d273c93b6dc8ca5dd68b13,WBNB,UNI,50,2500,0xbb4cdb9cbd36b01bd1cbaebf2de08d9173bc095c,0xcd966dd3b7470634a8f3a88aac3d070e79857356,18,18,PancakeSwapV3
PancakeSwapV3,0x3fa023283b13abbaa815008e6a99450154de12ca,KAITO,WBNB,50,2500,0x76adc6e477e3747f3efa6149f65c3ed556c37d6b,0xbb4cdb9cbd36b01bd1cbaebf2de08d9173bc095c,18,18,PancakeSwapV3
PancakeSwapV3,0x0c38a779c9923e01b3e9c2999153a2e8ae7f5fd0,Wepe,WBNB,50,2500,0x3a942a5f3584826464fe824d01305c11b06be0a1,0xbb4cdb9cbd36b01bd1cbaebf2de08d9173bc095c,18,18,PancakeSwapV3
PancakeSwapV3,0x6dd91733e78dd44db5108abad1017e62961a0c0a,KAITO,WBNB,50,2500,0x34914c63a88d57ebb118c8e92d5f0f4cbb196b7d,0xbb4cdb9cbd36b01bd1cbaebf2de08d9173bc095c,18,18,PancakeSwapV3
PancakeSwapV3,0x6231cebc42a52e4fcc101c59c8df550e2dfdad4f,Etheron,WBNB,50,2500,0x340f42c91b94b802e871648f9dc910c3347fd32b,0xbb4cdb9cbd36b01bd1cbaebf2de08d9173bc095c,18,18,PancakeSwapV3
PancakeSwapV3,0x113fc360a56f4c4c77950a8fac6271c20c287674,WBNB,SHREK,50,2500,0xbb4cdb9cbd36b01bd1cbaebf2de08d9173bc095c,0xd0cc2633fb0728d6c2db1e39a0fdfab031f3a730,18,18,PancakeSwapV3
PancakeSwapV3,0x3bc6ec98fb2cb4c1f25f2303d7a17e6ed0752486,WBNB,Broccoli,50,2500,0xbb4cdb9cbd36b01bd1cbaebf2de08d9173bc095c,0xccffbc36314f8542622187d5615d0594b7475748,18,18,PancakeSwapV3
PancakeSwapV3,0x6cd73dcd2318fb70641797a3b56a87af37f87c6c,WBNB,BNRY,50,2500,0xbb4cdb9cbd36b01bd1cbaebf2de08d9173bc095c,0xf3939fe079d056df006764c791046cd9d26399e3,18,18,PancakeSwapV3
PancakeSwapV3,0xdb549907c111ecbde000d23ba71c187dc4a7995e,WBNB,HYPESUI,10,500,0xbb4cdb9cbd36b01bd1cbaebf2de08d9173bc095c,0xd5aa8fc7bfc3a304bd7e5c7bce593c3be189c0f3,18,18,PancakeSwapV3
PancakeSwapV3,0x77bfe6b8d5de1c068ba079adaf528e6bcc51b0a4,WBNB,BBTC,50,2500,0xbb4cdb9cbd36b01bd1cbaebf2de08d9173bc095c,0xdf9f6cb317d62a5a2e713eda15761c0648728087,18,18,PancakeSwapV3
UniswapV3CL,0x3fb2623567e21f8c50f0ae86f54ef4849b4eb47b,ETH,BTCB,60,3000,0x2170ed0880ac9a755fd29b2688956bd959f933f8,0x7130d2a12b9bcbfae4f2634d864a1ee1ce3ead9c,18,18,UniswapV3CL
PancakeSwapV3,0x637281c7962eaeb64e01dd0b7e796aaf9f0972b5,WBNB,ASI,1,100,0xbb4cdb9cbd36b01bd1cbaebf2de08d9173bc095c,0xdeda3d5257b4b73083ba893dbbe0e7b76db020d0,18,18,PancakeSwapV3
PancakeSwapV3,0xe1f32e4687736144ef805e8b2f6375c8e5dd941e,GNESS,WBNB,50,2500,0x5bbbe60d65391a0cfee040a24c3fd63f08539e9e,0xbb4cdb9cbd36b01bd1cbaebf2de08d9173bc095c,18,18,PancakeSwapV3
PancakeSwapV3,0x2bb88406fcf2981936c0b59fba20261dfec934dd,XION,WBNB,50,2500,0x2757c38b6d6fe2b01c6ec140c9a3d46066f287d8,0xbb4cdb9cbd36b01bd1cbaebf2de08d9173bc095c,18,18,PancakeSwapV3
PancakeSwapV3,0xf4a27b239e3bb3b27cda53893ccbd6efc4967cfc,EXPO,USDT,200,10000,0x3475df6e259f7e00b0faab343b5de70d172f3c32,0x55d398326f99059ff775485246999027b3197955,18,18,PancakeSwapV3
PancakeSwapV3,0x28418de6e84f5f991552b75f3ec35ff512caf208,APRS,WBNB,50,2500,0x393cf9fad87c6a4a613be6fcbf59a59c1dd86a8c,0xbb4cdb9cbd36b01bd1cbaebf2de08d9173bc095c,18,18,PancakeSwapV3
PancakeSwapV3,0x6f282155c9548f7e7111ab45139a2c8f57f29761,FOMAI,WBNB,1,100,0xb23298afeef3ade1563396fecf2858a10534287a,0xbb4cdb9cbd36b01bd1cbaebf2de08d9173bc095c,18,18,PancakeSwapV3
PancakeSwapV3,0xae7a3d9bed2ba4ef9c134ff4baee33655ae5de6f,WBNB,stkBNB,10,500,0xbb4cdb9cbd36b01bd1cbaebf2de08d9173bc095c,0xc2e9d07f66a89c44062459a47a0d2dc038e4fb16,18,18,PancakeSwapV3
PancakeSwapV3,0x83474ce930a42258271e38f8e4ce1d5cde273dcc,USDT,UERC,1,100,0x55d398326f99059ff775485246999027b3197955,0xb900aabd7e982985c2a80f7e5fc69185f19275d5,18,18,PancakeSwapV3
UniswapV3CL,0xf6502da676031d3bd2ae9cebb52bd11dd2608dab,EUSD,USDT,60,3000,0x2200652bd000c4dc488aa5d3b5dd8d59b240ccb4,0x55d398326f99059ff775485246999027b3197955,18,18,UniswapV3CL
PancakeSwapV3,0xf76f0c2d36efece5e300318461795dda2a28f0c3,G3,WBNB,50,2500,0x9c74f9ea384284bdb136d9a9679383b24229ac95,0xbb4cdb9cbd36b01bd1cbaebf2de08d9173bc095c,18,18,PancakeSwapV3
PancakeSwapV3,0xc2b1ec105e8cc4654eb57d921b2a6faf245ef11a,USDT,GEODE,10,500,0x55d398326f99059ff775485246999027b3197955,0xbac9678a29d74920f7e2ce8b7f6c7ea4c692b0dd,18,18,PancakeSwapV3
PancakeSwapV3,0xa0f7c418188c7e544d4b412742fcbc61951349d0,ETH,WETH,50,2500,0x2170ed0880ac9a755fd29b2688956bd959f933f8,0x4db5a66e937a9f4473fa95b1caf1d1e1d62e29ea,18,18,PancakeSwapV3
PancakeSwapV3,0x1549a4840cae5e7c186f1c1336f9de624e7e12c8,CREED,WBNB,50,2500,0x006169eea3578ef6b4e29bd3fd678bff9d2f7404,0xbb4cdb9cbd36b01bd1cbaebf2de08d9173bc095c,18,18,PancakeSwapV3
PancakeSwapV3,0x62edaf2a56c9fb55be5f9b1399ac067f6a37013b,BTCB,WBNB,1,100,0x7130d2a12b9bcbfae4f2634d864a1ee1ce3ead9c,0xbb4cdb9cbd36b01bd1cbaebf2de08d9173bc095c,18,18,PancakeSwapV3
PancakeSwapV3,0xf20af87b52ec5504a4b62b3b3f02a3a6c83e55dc,MTMS,WBNB,50,2500,0x4ecef1b9c19ffa0da6e170598cead7aad752041f,0xbb4cdb9cbd36b01bd1cbaebf2de08d9173bc095c,18,18,PancakeSwapV3
PancakeSwapV3,0x49b6f2a9ab4d02d14998ae2f0a7bd8b019aafaea,WERC,USDT,1,100,0x1abfa06e7ebe1c647604781ea0495d132714c6e6,0x55d398326f99059ff775485246999027b3197955,18,18,PancakeSwapV3
PancakeSwapV3,0x25ba4f1def68e82c46b596befa6565500948ff17,PLAZIX,WBNB,10,500,0xb321301a0e7a32c277cba97af8b60516c15a74db,0xbb4cdb9cbd36b01bd1cbaebf2de08d9173bc095c,18,18,PancakeSwapV3
PancakeSwapV3,0xbf0908130dd04205b410ac9b79b9bea4a8ab41cc,WBNB,FIWB,50,2500,0xbb4cdb9cbd36b01bd1cbaebf2de08d9173bc095c,0xfc08ad221bc0547f95d6c460c911541f20e10ac9,18,18,PancakeSwapV3
PancakeSwapV3,0x62fcb3c1794fb95bd8b1a97f6ad5d8a7e4943a1e,ETH,WBNB,1,100,0x2170ed0880ac9a755fd29b2688956bd959f933f8,0xbb4cdb9cbd36b01bd1cbaebf2de08d9173bc095c,18,18,PancakeSwapV3
PancakeSwapV3,0x14699c5419f1922af70670c5744770d43e3c77e8,WBNB,BTVM ,50,2500,0xbb4cdb9cbd36b01bd1cbaebf2de08d9173bc095c,0xc7b626968e2b78dbb0ed24008947e67839f90ada,18,18,PancakeSwapV3
PancakeSwapV3,0x2a6ae80729a380fcb1303e3cb64f59500469e2b3,BMBI,WBNB,50,2500,0x3037ba0ec9a3d3aabec67d369a203a944ca9cf81,0xbb4cdb9cbd36b01bd1cbaebf2de08d9173bc095c,18,18,PancakeSwapV3
PancakeSwapV3,0x3f93a222b2c54cf4c9eb993405ae87f352741fa0,GLSP,USDT,1,100,0x29a42fbeefeba631b0af7ba38e0c04665163c423,0x55d398326f99059ff775485246999027b3197955,18,18,PancakeSwapV3
PancakeSwapV3,0x95b605d7a48472984c748e05140ee08273f3bbb3,ETH,BETH,50,2500,0x2170ed0880ac9a755fd29b2688956bd959f933f8,0x250632378e573c6be1ac2f97fcdf00515d0aa91b,18,18,PancakeSwapV3
PancakeSwapV3,0x9f8f4615ff5143aee365fa34f34196fb85be7650,USDT,FF,1,100,0x55d398326f99059ff775485246999027b3197955,0xac23b90a79504865d52b49b327328411a23d4db2,18,18,PancakeSwapV3
PancakeSwapV3,0x4aa3dcdf22fc16a9843dac2dd67e2d83c7608280,USDT,LPOP,1,100,0x55d398326f99059ff775485246999027b3197955,0xea96daa186c1fa0a709929822867ec176af8baff,18,18,PancakeSwapV3
PancakeSwapV3,0xf5b4b24e5808daa3fbeee11df27a0994600356b4,VAI,USDT,1,100,0x4bd17003473389a42daf6a0a729f6fdb328bbbd7,0x55d398326f99059ff775485246999027b3197955,18,18,PancakeSwapV3
UniswapV3CL,0x569f7e5b3a36479d99e1119ad8300a934596119d,AIBRK,WBNB,200,10000,0x857cd42d82e25374bb3e7f4bee8ffd2b18cd1003,0xbb4cdb9cbd36b01bd1cbaebf2de08d9173bc095c,18,18,UniswapV3CL
PancakeSwapV3,0x79eefe5b98b13d339bfaca02048ecf152f79f6e2,GUSD,USDT,1,100,0x27f1f62577c2245b6fbb1fc56b74731d1fdb6746,0x55d398326f99059ff775485246999027b3197955,18,18,PancakeSwapV3
PancakeSwapV3,0xc8905ed6c83e6a6f37295ffc84d0a61a1edb31b9,Aleo,WBNB,1,100,0x2bc7692b9f4967cfc40c22431181de35a18fec19,0xbb4cdb9cbd36b01bd1cbaebf2de08d9173bc095c,18,18,PancakeSwapV3
PancakeSwapV3,0x3b9e5733387608e515f6874fa05e675379820ed9,YHDL,WBNB,50,2500,0x11b72645fa90dba32852e109974007d497e6abec,0xbb4cdb9cbd36b01bd1cbaebf2de08d9173bc095c,18,18,PancakeSwapV3
UniswapV3CL,0x7ec58707e4eab4bf00a981448040947a5352eca7,ITACHI,WBNB,1,100,0x118f9343a4acd6134f7ab1abd25053e627fe8b8e,0xbb4cdb9cbd36b01bd1cbaebf2de08d9173bc095c,18,18,UniswapV3CL
UniswapV3CL,0xfc7ded65ccfb596590745f1ed48bfb1021c8e5e1,USDT,USDT,1,100,0x22aa3902ee48e76f84b6617ad10986f769918888,0x55d398326f99059ff775485246999027b3197955,18,18,UniswapV3CL
PancakeSwapV3,0x882e23dba77bfe0e514cf5bcdad7a58aceb01522,WBNB,U,10,500,0xbb4cdb9cbd36b01bd1cbaebf2de08d9173bc095c,0xce24439f2d9c6a2289f741120fe202248b666666,18,18,PancakeSwapV3
PancakeSwapV3,0x038bf393b2112c4a73e7ed6c674bbaf51a993c1a,Mystery,WBNB,200,10000,0x4209acd176d5ba7736ca87c05f5379b5052a64e7,0xbb4cdb9cbd36b01bd1cbaebf2de08d9173bc095c,18,18,PancakeSwapV3
PancakeSwapV3,0x7ebeaa23ed32cb38fdb89fb9144cef0cdcc28c50,SPX,WBNB,10,500,0x7b0d432c0ef673c04f17c10477035cfd11c13673,0xbb4cdb9cbd36b01bd1cbaebf2de08d9173bc095c,18,18,PancakeSwapV3
PancakeSwapV3,0x9b55e15511771fd3d0abcb37ebf2edd3d39d3b89,USDT,USD1,1,100,0x55d398326f99059ff775485246999027b3197955,0x60c0bd9466acdc33dc71274b6473a56c8c92a842,18,18,PancakeSwapV3
PancakeSwapV3,0x1de07d1df130ba531ffd212661050812d4cc959d,USDT, USDT ,1,100,0x55d398326f99059ff775485246999027b3197955,0x7767b56e9358d0b5c686b702089af310731a89f6,18,18,PancakeSwapV3
PancakeSwapV3,0x32d5098d14ec087d950958701732b3766b66238d,BTCB,RBTC,10,500,0x7130d2a12b9bcbfae4f2634d864a1ee1ce3ead9c,0xa3500c36a8cc2b53a7d7e16a75148e0527f76eef,18,18,PancakeSwapV3
UniswapV3CL,0x5d425102e73631a513f80f40c30aff9f9afd04d8,TST,WBNB,1,100,0xbaeb29be9ce339a7fdb2abae9e04b4a4b95691af,0xbb4cdb9cbd36b01bd1cbaebf2de08d9173bc095c,6,18,UniswapV3CL
PancakeSwapV3,0x746f01c961a9890916ee63bbd4381808bbb7cf46,W,WBNB,10,500,0x14061c1a8b770f6fad206da6f30d7b2e8d25203a,0xbb4cdb9cbd36b01bd1cbaebf2de08d9173bc095c,18,18,PancakeSwapV3
UniswapV3CL,0x476deadbb720e5b578522a91bcb98c5fe8a875f5,K,USDT,1,100,0x46bd01c566c51c1a48890fa7abbc641a470b741b,0x55d398326f99059ff775485246999027b3197955,18,18,UniswapV3CL
UniswapV3CL,0xb71ef98952484cf5cddfe245867706c50360446d,TH,BUSD,60,3000,0x07d93f815aa3cc77648adf2be1e17bc28b54a838,0xe9e7cea3dedca5984780bafc599bd69add087d56,18,18,UniswapV3CL
PancakeSwapV3,0xc46f59dd9d4cdec2a1eb31b3287ae3befd6cb229,USDT, EURT111,1,100,0x55d398326f99059ff775485246999027b3197955,0xc5268b9f783e3c4398341d700f7bebd2c4a2343a,18,18,PancakeSwapV3
PancakeSwapV3,0x82b8611d2e3d86fd1c1cad00bcd10baaf64fceef,FANT,WBNB,10,500,0x4332b48322edb425fb54e491d7c5242a7c789024,0xbb4cdb9cbd36b01bd1cbaebf2de08d9173bc095c,18,18,PancakeSwapV3
PancakeSwapV3,0x30a2171d9cff10376d705cc5c071034cefa1859c,DCARS,WBNB,50,2500,0x8762ac2b74d4458f003c4b968c547171f2a6cb19,0xbb4cdb9cbd36b01bd1cbaebf2de08d9173bc095c,18,18,PancakeSwapV3
PancakeSwapV3,0x7112db764b21e0186e8fe5511e3c4bef9a0c05f9,USDT,USDV,10,500,0x55d398326f99059ff775485246999027b3197955,0x9a5350edf28c1f93bb36d6e94b5c425fde8e222d,18,6,PancakeSwapV3
UniswapV3CL,0x675fc31a65dbc3c93f2f1e9ff1b6a4f0ea638299,USDT,RFT,60,3000,0x55d398326f99059ff775485246999027b3197955,0x9f17923bb647299bc4f902922ecd4a45beee5f70,18,8,UniswapV3CL
PancakeSwapV3,0x12e79eb21dcc5852f9c6ac1736d977312925da33,lisUSD,USDT,10,500,0x0782b6d8c4551b9760e74c0545a9bcd90bdc41e5,0x55d398326f99059ff775485246999027b3197955,18,18,PancakeSwapV3
PancakeSwapV3,0x5428dbdfbf78a90536a7eac5363a28d255ed3e51,WBNB,O2T,50,2500,0xbb4cdb9cbd36b01bd1cbaebf2de08d9173bc095c,0xcc310d88749a74dac17c884839eb587beac17287,18,18,PancakeSwapV3
PancakeSwapV3,0x3504952265283881e5c588e7a3e18effd07d8923,USDT,HMSTR,50,2500,0x55d398326f99059ff775485246999027b3197955,0xb117e81735eca3453c04b181aeb83b8c33b5b088,18,18,PancakeSwapV3
UniswapV3CL,0xc9fc8dde4f3a693ca8326df8acdbe7ff2e2e7670,FVM,WBNB,10,500,0x5e80cee40bb452faa2f8a9c6380a2d0f917ec324,0xbb4cdb9cbd36b01bd1cbaebf2de08d9173bc095c,18,18,UniswapV3CL
PancakeSwapV3,0x09779391dcb8c2ba32729f26f85ad435f7cb264a,USDT,DER,1,100,0x55d398326f99059ff775485246999027b3197955,0x71f0b6d11cf4fb6d129a4a81395c99268904c2ec,18,18,PancakeSwapV3
PancakeSwapV3,0xbccc29d998c5fb3629b9e9aecfcbd8496c6e227e,WBNB,RED,50,2500,0xbb4cdb9cbd36b01bd1cbaebf2de08d9173bc095c,0xda2ed5337ddaeb9e2c23976dd2dc168cabc86c93,18,18,PancakeSwapV3
PancakeSwapV3,0x64f54840a895af1590604b25b33045757d1b2feb,AIXDROP,WBNB,10,500,0x1fe7b8cd16b7f4b8577030ab8669b71caab29ba1,0xbb4cdb9cbd36b01bd1cbaebf2de08d9173bc095c,18,18,PancakeSwapV3
PancakeSwapV3,0xce6160bb594fc055c943f59de92cee30b8c6b32c,DOGE,WBNB,50,2500,0xba2ae424d960c26247dd6c32edc70b295c744c43,0xbb4cdb9cbd36b01bd1cbaebf2de08d9173bc095c,8,18,PancakeSwapV3
UniswapV3CL,0xf15e0a97ac6dbdeb9a9edc5da18da9a201454d52,SMT,WBNB,200,10000,0x56fc068cac3cc24d7c5dd77a0ce84169b55f77c2,0xbb4cdb9cbd36b01bd1cbaebf2de08d9173bc095c,18,18,UniswapV3CL
PancakeSwapV3,0x033b33107f370ac418d9a00fc8d45977d12aed23,USDT,bNGSP,1,100,0x55d398326f99059ff775485246999027b3197955,0xe2c09340aa37b804795bda2a0d5392584fc51542,18,18,PancakeSwapV3
UniswapV3CL,0xbd201569817bd5099c0f78bc4f78282218f97434,SPM,WBNB,60,3000,0x540ec3bdb4502274216220611d03e3bc2ca457ef,0xbb4cdb9cbd36b01bd1cbaebf2de08d9173bc095c,18,18,UniswapV3CL
PancakeSwapV3,0x62910ebea5e38610d9ec0dceebbe4080f9835578,OSKY,WBNB,50,2500,0x9bf5fc5774ed05acc8ef01289d79400646f33b15,0xbb4cdb9cbd36b01bd1cbaebf2de08d9173bc095c,18,18,PancakeSwapV3
PancakeSwapV3,0x465a33fffd3265dd2e520b3c823d2cab3041926f,USDT,TES,1,100,0x55d398326f99059ff775485246999027b3197955,0x8a272923cb1ac2510b7f43ce4c43ea74260d098a,18,18,PancakeSwapV3
PancakeSwapV3,0xbd0dbc5830d49ee8b3f068bff495e891e015fd7c,ZEC,WBNB,50,2500,0x1ba42e5193dfa8b03d15dd1b86a3113bbbef8eeb,0xbb4cdb9cbd36b01bd1cbaebf2de08d9173bc095c,18,18,PancakeSwapV3
PancakeSwapV3,0x0239292802143ee76c80a71f6f9e9e7ec7b2bb32,WBNB,PERRY,50,2500,0xbb4cdb9cbd36b01bd1cbaebf2de08d9173bc095c,0xfb0d51ef7ff3eadbc88b5c2716f1880c87c3f95b,18,18,PancakeSwapV3
PancakeSwapV3,0xb489985fdebaf3bbf4153d20040967bd59c576e2,USDT,JSB,1,100,0x55d398326f99059ff775485246999027b3197955,0xa3ccb1da4366dfab773a5f2e09a140aa53cb142c,18,18,PancakeSwapV3
PancakeSwapV3,0x1e8708ec31ec26007f8f328fc5af73426693a0d7,WBNB,MIDLE,50,2500,0xbb4cdb9cbd36b01bd1cbaebf2de08d9173bc095c,0xc08ce4bc2eb113cbd3a5485d2ed69ec628c04a7e,18,18,PancakeSwapV3
PancakeSwapV3,0x055746c912fa1a717775b70fd355998c209396f1,5TARS,WBNB,50,2500,0xaa9bd9239de48c537533140ef0749370035bdcb3,0xbb4cdb9cbd36b01bd1cbaebf2de08d9173bc095c,18,18,PancakeSwapV3
PancakeSwapV3,0xd0c300e1c318821f77a9a730150da30e0fa3fbf9,USDT,MTT1M,1,100,0x55d398326f99059ff775485246999027b3197955,0x720a14c5e0f3799d24ff7fa763b8fa91808564e9,18,18,PancakeSwapV3
PancakeSwapV3,0xd2acfaec0e3b556f285fbb9026ede7e87885e611,TIB,USDT,50,2500,0x111b95c2b65cba53ab4e0aada12f55985045e446,0x55d398326f99059ff775485246999027b3197955,18,18,PancakeSwapV3
PancakeSwapV3,0xe3d9f8ef633666771b7f1995aaedeb67d1b3c853,XRP,BTCB,10,500,0x1d2f0da169ceb9fc7b3144628db156f3f6c60dbe,0x7130d2a12b9bcbfae4f2634d864a1ee1ce3ead9c,18,18,PancakeSwapV3
PancakeSwapV3,0x06a2a3bf31eb8d99834b562fff46b50c0a8ce440,WBNB,EARNM,50,2500,0xbb4cdb9cbd36b01bd1cbaebf2de08d9173bc095c,0xe1a6c6b4b773c8d2930053ad7b3cde07700808ef,18,18,PancakeSwapV3
PancakeSwapV3,0x9b549bd5e18ba02c871b82fb2d9474e12d62f41d,USDT,DNB,1,100,0x55d398326f99059ff775485246999027b3197955,0xafb92d398cee172e9e96d03d6c7dac70f2e3415f,18,18,PancakeSwapV3
PancakeSwapV3,0xbf52d4cbde903fd41f53178a9cb41a86f56427bc,USDT,NEURO,1,100,0x55d398326f99059ff775485246999027b3197955,0xc26191047c619960248f9bb982493a3f96455875,18,18,PancakeSwapV3
PancakeSwapV3,0x36696169c63e42cd08ce11f5deebbcebae652050,USDT,WBNB,10,500,0x55d398326f99059ff775485246999027b3197955,0xbb4cdb9cbd36b01bd1cbaebf2de08d9173bc095c,18,18,PancakeSwapV3
UniswapV3CL,0xa242bf959d697f0a3b8f1a6626e849af7d5aeab1,OGRK,BTCB,60,3000,0x3ba3658dc83c03fa03e65db0a33cacc27f0616ac,0x7130d2a12b9bcbfae4f2634d864a1ee1ce3ead9c,18,18,UniswapV3CL
UniswapV3CL,0x457c44df0c756bd029668927c2955c50aaa87bdd,WBNB,LEVs,200,10000,0xbb4cdb9cbd36b01bd1cbaebf2de08d9173bc095c,0xeb18ab5e2db22dd2af325e77599c87510ca8595a,18,18,UniswapV3CL
UniswapV3CL,0x0f338ec12d3f7c3d77a4b9fcc1f95f3fb6ad0ea6,ETH,WBNB,10,500,0x2170ed0880ac9a755fd29b2688956bd959f933f8,0xbb4cdb9cbd36b01bd1cbaebf2de08d9173bc095c,18,18,UniswapV3CL
PancakeSwapV3,0xb71de970d74a10ae0608877d2c4dd0a14a328609,USDT,MOH,1,100,0x55d398326f99059ff775485246999027b3197955,0xb62e8801aa00b3655645e28e934e0f1dba0f56d1,18,18,PancakeSwapV3
PancakeSwapV3,0x5c90824193105278516b913d7284fd83da7a99f4,FER,WBNB,1,100,0x7b7c8f7df8d7aff32808473d6539bc80a37c8ca8,0xbb4cdb9cbd36b01bd1cbaebf2de08d9173bc095c,18,18,PancakeSwapV3
UniswapV3CL,0x51601a5c0ab4cf8c735801cd9d326d022fe0ce39,TRZ,USDT,10,500,0x52fe7b439753092f584917e3efea86a1cfd210f9,0x55d398326f99059ff775485246999027b3197955,18,18,UniswapV3CL
PancakeSwapV3,0xd6604ff48a2f03069d92f1c9e3f08a0e235a7a29,WBNB,FUC,200,10000,0xbb4cdb9cbd36b01bd1cbaebf2de08d9173bc095c,0xf77dcb1d378ff8b83a1948f7982cb6a9802d1037,18,18,PancakeSwapV3
PancakeSwapV3,0x81c5fec92b06bbaf3447a87829784beac2c634fd,RUNEX,WBNB,50,2500,0x884678e462ae626942f3daad9af5b61a226bde45,0xbb4cdb9cbd36b01bd1cbaebf2de08d9173bc095c,18,18,PancakeSwapV3
PancakeSwapV3,0x34faf66d092c4f175a6be24937a7fb7e168f0b6f,Siz,USDT,1,100,0x166723de4eb6b1905f5a2ef1896e1d946f55c269,0x55d398326f99059ff775485246999027b3197955,18,18,PancakeSwapV3
PancakeSwapV3,0xc96514186e2cf89a9beb91640b7a08692f88a593,SEIDOW,WBNB,50,2500,0x8a0ce297c9e6646b3393ef6eb62bd7d74d1b1780,0xbb4cdb9cbd36b01bd1cbaebf2de08d9173bc095c,18,18,PancakeSwapV3
PancakeSwapV3,0x2bb2d84c4686999b231ac5f783b6db5c3df29a78,tGBP,USDC,10,500,0x27f6c8289550fce67f6b50bed1f519966afe5287,0x8ac76a51cc950d9822d68b83fe1ad97b32cd580d,18,18,PancakeSwapV3
PancakeSwapV3,0x55ceba5890701a3c503997ebeea707d06787fe04,USDT,XST,1,100,0x55d398326f99059ff775485246999027b3197955,0xd9319b3288d632cc73513725b97224d1f2a5ed45,18,18,PancakeSwapV3
PancakeSwapV3,0x62d193f66ba6d19e5527f5f46992a44f5fa693ae,$MMD,WBNB,1,100,0x8352dc4d999803d558616c26db38fd04d8dc3480,0xbb4cdb9cbd36b01bd1cbaebf2de08d9173bc095c,18,18,PancakeSwapV3
PancakeSwapV3,0xed425989914fdb5f4819c8274b6a69880f8876ac,WBNB,ZEL,1,100,0xbb4cdb9cbd36b01bd1cbaebf2de08d9173bc095c,0xea9f103d41d1fa8f49c639ee72479ed1239c579b,18,18,PancakeSwapV3
PancakeSwapV3,0x65395960000a358888cd639e73d3988cdf7ca2ae,MON,WBNB,50,2500,0x6cccf612fe878023877d241d8892ce428bc16b3e,0xbb4cdb9cbd36b01bd1cbaebf2de08d9173bc095c,18,18,PancakeSwapV3
PancakeSwapV3,0x1567b800fdf7c1e5115e9e4cb115899983b94600,ARC,WBNB,1,100,0xa6cc4136480bb0c5a2d3a593e07e9fc642575fc6,0xbb4cdb9cbd36b01bd1cbaebf2de08d9173bc095c,18,18,PancakeSwapV3
PancakeSwapV3,0x8323a02318ef89e531693853bef4ce4df14678a5,AMBO,WBNB,50,2500,0x55eeb4f0c4314e53af6f6d432010ea70357c0d6b,0xbb4cdb9cbd36b01bd1cbaebf2de08d9173bc095c,18,18,PancakeSwapV3
PancakeSwapV3,0xeb7528398b2725e1e0374734a87320132223a5c6,Cake,ETH,10,500,0x0e09fabb73bd3ade0a17ecc321fd13a19e81ce82,0x2170ed0880ac9a755fd29b2688956bd959f933f8,18,18,PancakeSwapV3
PancakeSwapV3,0xfc18301b94a77d91015bb90d5249827c506846ae,BTCB,stBTC,1,100,0x7130d2a12b9bcbfae4f2634d864a1ee1ce3ead9c,0xf6718b2701d4a6498ef77d7c152b2137ab28b8a3,18,18,PancakeSwapV3
UniswapV3CL,0x813c0decbb1097fff46d0ed6a39fb5f6a83043f4,USDT,BTCB,10,500,0x55d398326f99059ff775485246999027b3197955,0x7130d2a12b9bcbfae4f2634d864a1ee1ce3ead9c,18,18,UniswapV3CL
PancakeSwapV3,0xf1ab40a7ae8864048133a5de09fb8d1b29a176bf,ETH,valium ,1,100,0x2170ed0880ac9a755fd29b2688956bd959f933f8,0xcfb70a4f8a3665e7c4d12f903cbd5046a541d887,18,18,PancakeSwapV3
UniswapV3CL,0x4b284077f577e850f02d89741d9196de4892a7f4,ETH,valium ,1,100,0x2170ed0880ac9a755fd29b2688956bd959f933f8,0xcfb70a4f8a3665e7c4d12f903cbd5046a541d887,18,18,UniswapV3CL
UniswapV3CL,0xb7a7c787193a3c0de8082b54345f313afc7f5118,ETH,wBETH,1,100,0x2170ed0880ac9a755fd29b2688956bd959f933f8,0xa2e3356610840701bdf5611a53974510ae27e2e1,18,18,UniswapV3CL
PancakeSwapV3,0xafb2da14056725e3ba3a30dd846b6bbbd7886c56,Cake,WBNB,10,500,0x0e09fabb73bd3ade0a17ecc321fd13a19e81ce82,0xbb4cdb9cbd36b01bd1cbaebf2de08d9173bc095c,18,18,PancakeSwapV3
UniswapV3CL,0x450b27e103cfd0a9f90679506de17eb47bfa51e1,BOME,WBNB,60,3000,0x7b47280c3b7f95b752c9d1ffccc19ec0c37dabc7,0xbb4cdb9cbd36b01bd1cbaebf2de08d9173bc095c,8,18,UniswapV3CL
PancakeSwapV3,0xeee83ae83e2be49cfd7b2094e5fdf64577814518,BROCCOLI,WBNB,50,2500,0xa30c6a0f22b1708c53e28c86d294fb53ef67e595,0xbb4cdb9cbd36b01bd1cbaebf2de08d9173bc095c,18,18,PancakeSwapV3
PancakeSwapV3,0x5779fe17d51a658ab1ddcf791b913ba019e4009b,WMN,WBNB,10,500,0x45152c2c94d0b295df04f9d09cdae8e6a744d583,0xbb4cdb9cbd36b01bd1cbaebf2de08d9173bc095c,18,18,PancakeSwapV3
PancakeSwapV3,0x39535d8c96f547f715d6d5fe8df76bf4f2b7f13d,USDT,valium ,1,100,0x55d398326f99059ff775485246999027b3197955,0xcfb70a4f8a3665e7c4d12f903cbd5046a541d887,18,18,PancakeSwapV3
UniswapV3CL,0x1143609e53aa324cc0abc85fcf5f7fac3f1714fd,USDC,valium ,1,100,0x8ac76a51cc950d9822d68b83fe1ad97b32cd580d,0xcfb70a4f8a3665e7c4d12f903cbd5046a541d887,18,18,UniswapV3CL
PancakeSwapV3,0xefde6761c03e0dcb70f90b66d0bed13e4034af31,USDC,valium ,1,100,0x8ac76a51cc950d9822d68b83fe1ad97b32cd580d,0xcfb70a4f8a3665e7c4d12f903cbd5046a541d887,18,18,PancakeSwapV3
UniswapV3CL,0x1493bcdcfa729774ad7c6a68e2084cb3014878b5,USDT,valium ,1,100,0x55d398326f99059ff775485246999027b3197955,0xcfb70a4f8a3665e7c4d12f903cbd5046a541d887,18,18,UniswapV3CL
PancakeSwapV3,0xb040ea24a4ef35a3ed400b0ff26d8b6f30deecad,ASTER,WBNB,50,2500,0x000ae314e2a2172a039b26378814c252734f556a,0xbb4cdb9cbd36b01bd1cbaebf2de08d9173bc095c,18,18,PancakeSwapV3
PancakeSwapV3,0xb3f27fe82bd1e5d7458e02b543cf0c6610ffad83,USDC,USD1,1,100,0x8ac76a51cc950d9822d68b83fe1ad97b32cd580d,0x8d0d000ee44948fc98c9b98a4fa4921476f08b0d,18,18,PancakeSwapV3
UniswapV3CL,0x30db6dfdb8817765797bd62316e41f5f4e431e93,ASTER,USDT,60,3000,0x000ae314e2a2172a039b26378814c252734f556a,0x55d398326f99059ff775485246999027b3197955,18,18,UniswapV3CL
PancakeSwapV3,0x1a949c746c9418798ba7058e85a3867208a7462f,USDH,USDT,1,100,0x441a1a2487037bbe5e2e00022d03687eca263774,0x55d398326f99059ff775485246999027b3197955,18,18,PancakeSwapV3
PancakeSwapV3,0xdf95771a236b6a87b1325bf674737fe498aaefde,USDT,PMT,50,2500,0x55d398326f99059ff775485246999027b3197955,0x68ae2f202799be2008c89e2100257e66f77da1f3,18,18,PancakeSwapV3
UniswapV3CL,0x240841b7b4b85fd56286d4395be2a2ae94a58c45,ELC,USDT,60,3000,0x1aaae70b7242f6a87225d71c4d8ab8ece89b5421,0x55d398326f99059ff775485246999027b3197955,18,18,UniswapV3CL
PancakeSwapV3,0x597835ebb224c41ed568b5329b273b384f3a789b,BESPOKE,WBNB,10,500,0x899821d8e9a5e2bb1f7a8f54536a8ea59e57b069,0xbb4cdb9cbd36b01bd1cbaebf2de08d9173bc095c,18,18,PancakeSwapV3
UniswapV3CL,0x46d604f28f3f1af0560c6299706841ea1568c05a,wEL,WBNB,1,100,0x7b8e9bf44190559255142273ed581291c719b6d8,0xbb4cdb9cbd36b01bd1cbaebf2de08d9173bc095c,18,18,UniswapV3CL
PancakeSwapV3,0x50adc43be936cbdac214e08e427d756eb5648804,WBNB,DEXCTFI,200,10000,0xbb4cdb9cbd36b01bd1cbaebf2de08d9173bc095c,0xefe4091a362da00ad538e0a792b212adfa4bcf0b,18,18,PancakeSwapV3
PancakeSwapV3,0x2d0cc12c50333a659f984321adbd1f5f8fa4931c,USDT,SDT,1,100,0x55d398326f99059ff775485246999027b3197955,0xb96c18643805bf79bc03bf8b92c8433050650aa0,18,6,PancakeSwapV3
PancakeSwapV3,0xbffec96e8f3b5058b1817c14e4380758fada01ef,SOL,WBNB,10,500,0x570a5d26f7765ecb712c0924e4de545b89fd43df,0xbb4cdb9cbd36b01bd1cbaebf2de08d9173bc095c,18,18,PancakeSwapV3
PancakeSwapV3,0x74e508bef0f533ea44fc61ac1ededec5656479f5,WBNB,Gomble Games,200,10000,0xbb4cdb9cbd36b01bd1cbaebf2de08d9173bc095c,0xe7a23491cf9c899387447b32c28066ade45c83fc,18,18,PancakeSwapV3
UniswapV3CL,0x48ea604b29643b6ea343b56037b4ef0d6d17a64d,RAX,WBNB,200,10000,0x77cf7ebcc8d9780d83dfd876f60828a7b73e7f16,0xbb4cdb9cbd36b01bd1cbaebf2de08d9173bc095c,18,18,UniswapV3CL
UniswapV3CL,0x0cb6461cc68e866715dc4a1381af7a59e0d50179,ONG,WBNB,200,10000,0x89c700d5f718e007fbd840dc24635f2e1cfc4a44,0xbb4cdb9cbd36b01bd1cbaebf2de08d9173bc095c,18,18,UniswapV3CL
PancakeSwapV3,0x7a5eda3b26df3c1c920e51df192c91b2ead23a61,USDT,BENGALI,1,100,0x55d398326f99059ff775485246999027b3197955,0x9f8aa434fd871e0a30695eaf0e46693c46e606c2,18,18,PancakeSwapV3
PancakeSwapV3,0x0a783e609993bae42b64b8acf0ced1d41795bb33,ME3,WBNB,50,2500,0x3eced4cf17cb751a76f070e01bfedb12fabfdec4,0xbb4cdb9cbd36b01bd1cbaebf2de08d9173bc095c,18,18,PancakeSwapV3
PancakeSwapV3,0x7482645617674eb5409a8a27711f3c89d897579e,FLAT,WBNB,1,100,0x821f1d87948567fa8df0feff0c771a089d86a939,0xbb4cdb9cbd36b01bd1cbaebf2de08d9173bc095c,18,18,PancakeSwapV3
PancakeSwapV3,0xcd0dd4e6b4faafe133b65d267ede29e590f00d62,USDT,ANB,1,100,0x55d398326f99059ff775485246999027b3197955,0xf1f95d12af84756f5f30e517f20116e2dfef313e,18,18,PancakeSwapV3
PancakeSwapV3,0x0eb6cdc069e060147d65f4521b620b2742a54809,USDT,BFF,50,2500,0x55d398326f99059ff775485246999027b3197955,0xab7398365fb3273ad80b0a57f69ccb03411e34bb,18,18,PancakeSwapV3
PancakeSwapV3,0xd98888aaef6b28ceebdf0223c6229bcb56fb0ca7,KILO,WBNB,10,500,0x35ff6cd490ab2ac949069d9dd9b877ea78f33b22,0xbb4cdb9cbd36b01bd1cbaebf2de08d9173bc095c,18,18,PancakeSwapV3
PancakeSwapV3,0xb4bd7ec1df39806df478d0ce540580a118671eea,CMC20,USDT,10,500,0x2f8a339b5889ffac4c5a956787cda593b3c36867,0x55d398326f99059ff775485246999027b3197955,18,18,PancakeSwapV3
PancakeSwapV3,0xfc75f4e78bf71ed5066db9ca771d4ccb7c1264e0,BTCB,WBNB,50,2500,0x7130d2a12b9bcbfae4f2634d864a1ee1ce3ead9c,0xbb4cdb9cbd36b01bd1cbaebf2de08d9173bc095c,18,18,PancakeSwapV3
PancakeSwapV3,0xbe141893e4c6ad9272e8c04bab7e6a10604501a5,ETH,USDT,10,500,0x2170ed0880ac9a755fd29b2688956bd959f933f8,0x55d398326f99059ff775485246999027b3197955,18,18,PancakeSwapV3
PancakeSwapV3,0x3c4bd6f3ea1f956b8373888ae476393c9f89c511,PONGO,WBNB,10,500,0x72a861fc3dd65a43aaa4b9bd210b050d3b1c7058,0xbb4cdb9cbd36b01bd1cbaebf2de08d9173bc095c,18,18,PancakeSwapV3
PancakeSwapV3,0xc638f2b8b831b1779c54af48e9ded05edd222686,USDT,Mac,1,100,0x55d398326f99059ff775485246999027b3197955,0x640119b529af20fbbfbabc880ae54d8ecf4fa4dd,18,18,PancakeSwapV3
PancakeSwapV3,0x59c0953577311a7b88b736d6d52dfcbf34142004,WBNB,DINO,50,2500,0xbb4cdb9cbd36b01bd1cbaebf2de08d9173bc095c,0xcfcec6cf1c312650dab0c165538da00dc10ef322,18,18,PancakeSwapV3
PancakeSwapV3,0xca0156e9174c980feeaa063552c5911042cffea8,HH366,USDT,1,100,0x138490e5b71f6aa072f8ddadf91d9c5d99eb6f85,0x55d398326f99059ff775485246999027b3197955,6,18,PancakeSwapV3
UniswapV3CL,0xe949b716d9f91c52a9b207f4d6390588b2f78ff8,USDT,XME,200,10000,0x55d398326f99059ff775485246999027b3197955,0x680f44b9e38553cd35e334c75f4ee93ab96f3c0f,18,18,UniswapV3CL
PancakeSwapV3,0x8be667c39d9fcf32eae10276348adde78a42e107,TSR,USDT,200,10000,0x2f8a0cc5fe14c0cf7f7f95058e6410bae0061fcf,0x55d398326f99059ff775485246999027b3197955,18,18,PancakeSwapV3
PancakeSwapV3,0x4353e8c1cfde30dd87f1ed971d27c8f68439bd61,CMC20,WBNB,10,500,0x2f8a339b5889ffac4c5a956787cda593b3c36867,0xbb4cdb9cbd36b01bd1cbaebf2de08d9173bc095c,18,18,PancakeSwapV3
UniswapV3CL,0x03982f7a5ed2921443c0aa39a5a08b016561b50c,USDT,GIGGLE,60,3000,0x55d398326f99059ff775485246999027b3197955,0x9aaec0de8e01f6f923043b35738dee9247bce5ca,18,18,UniswapV3CL
UniswapV3CL,0x49c947cff3fa403210c02905841316e2d1d43533,albertorosasg,WBNB,200,10000,0xa45514190e8a8086953e054056024c4b4aba737e,0xbb4cdb9cbd36b01bd1cbaebf2de08d9173bc095c,18,18,UniswapV3CL
UniswapV3CL,0xaf055abd6c56b76b72be0346ecce76c4b7418f01,DMC,WBNB,200,10000,0xb8bfa08f495e3c5640ba5dcbe40dfa3616f20a90,0xbb4cdb9cbd36b01bd1cbaebf2de08d9173bc095c,18,18,UniswapV3CL
UniswapV3CL,0x755a53cd819868ba74c9d782f1409c8ba0390d48,BOS,WBNB,60,3000,0x491d8bbd2e97ce0c183ff0f34f09f22aff9b18a7,0xbb4cdb9cbd36b01bd1cbaebf2de08d9173bc095c,18,18,UniswapV3CL
PancakeSwapV3,0x0ec7a280709a03877e69d1b80c115f8e8d3abc02,weETH,ETH,1,100,0x04c0599ae5a44757c0af6f9ec3b93da8976c150a,0x2170ed0880ac9a755fd29b2688956bd959f933f8,18,18,PancakeSwapV3
PancakeSwapV3,0x44a5d0143a4ff6a4d9da01733a8128361d8ae089,WBNB,MAX,200,10000,0xbb4cdb9cbd36b01bd1cbaebf2de08d9173bc095c,0xdf97bc5e2c09e71b7eec067f5cb3d933b77a3a81,18,18,PancakeSwapV3
PancakeSwapV3,0x71b4fd531d4ff440123d0e25ea952ab257d1b828,RSIC,WBNB,50,2500,0x86436e49880bd87b0b26ebd54d21db6ac1d3ebc5,0xbb4cdb9cbd36b01bd1cbaebf2de08d9173bc095c,18,18,PancakeSwapV3
PancakeSwapV3,0xaf98993ac7398725e819a078b32c3c5ce18a08c7,WBNB,Fairdog,200,10000,0xbb4cdb9cbd36b01bd1cbaebf2de08d9173bc095c,0xce792aa470ad73858b521912f051ed587279dc50,18,18,PancakeSwapV3
PancakeSwapV3,0xbf37dac01d0ea8b6f4fe300831289de574490a70,Faircat,WBNB,200,10000,0x69b433becede610f495af6cb70bd33d06e1b1d0d,0xbb4cdb9cbd36b01bd1cbaebf2de08d9173bc095c,18,18,PancakeSwapV3
PancakeSwapV3,0x878f698e4c3804df8b8e3da9e7383f1d66290f19,WBNB,FAIRCAT,200,10000,0xbb4cdb9cbd36b01bd1cbaebf2de08d9173bc095c,0xfc8eeea2340af7eb4669bf636697af9b21ca57e0,18,18,PancakeSwapV3
PancakeSwapV3,0x29783c4d114c0969ed77d9116df30e8a7caf0f99,Themis,WBNB,200,10000,0x6461636319dc5edc6e880dfe6a6f99ef173a45af,0xbb4cdb9cbd36b01bd1cbaebf2de08d9173bc095c,18,18,PancakeSwapV3
UniswapV3CL,0x7420e96269f184ddd427735fdc06093e3c5ecd1b,USDT,LA,1,100,0x55d398326f99059ff775485246999027b3197955,0x636d4d1fbc38d3ebb4a3cc5ff2f427245e8b8b4c,18,18,UniswapV3CL
PancakeSwapV3,0x6ffabe65fb8b315819923d6315cb756390b8233d,TEN,WBNB,10,500,0x97db4fdf3bf8f994ae0ef28fec57ced0ae224aca,0xbb4cdb9cbd36b01bd1cbaebf2de08d9173bc095c,18,18,PancakeSwapV3
PancakeSwapV3,0x9b006c42939c567dd691f42db5ad74589c79d643,USDT,asUSDF,10,500,0x55d398326f99059ff775485246999027b3197955,0x917af46b3c3c6e1bb7286b9f59637fb7c65851fb,18,18,PancakeSwapV3
UniswapV3CL,0x70c132a2ddeccf0d76cc9b64a749ffe375a79a21,DAI,USDT,10,500,0x1af3f329e8be154074d8769d1ffa4ee058b1dbc3,0x55d398326f99059ff775485246999027b3197955,18,18,UniswapV3CL
PancakeSwapV3,0x353d328efbef48b79a570cbc2fde20f40e9f2063,BTCB,DOGE,10,500,0x7130d2a12b9bcbfae4f2634d864a1ee1ce3ead9c,0xba2ae424d960c26247dd6c32edc70b295c744c43,18,8,PancakeSwapV3
PancakeSwapV3,0x556b525ca11ebcf17e9126b79bb7a0338c6dd42e,WBNB,RGAME,50,2500,0xbb4cdb9cbd36b01bd1cbaebf2de08d9173bc095c,0xdfea3472d72e3f68f59c983af0a0644ebb8f6e69,18,18,PancakeSwapV3
PancakeSwapV3,0x78eacc9da9128210850d72e4ebcca5d5ab7083f7,AI,WBNB,1,100,0xaa663d460ef89f1f06ed6135a8eb8429af4677e0,0xbb4cdb9cbd36b01bd1cbaebf2de08d9173bc095c,18,18,PancakeSwapV3
UniswapV3CL,0x18ff8877c12c7fef84e09f26798e9a09e636220e,WBNB,USDT.z,200,10000,0xbb4cdb9cbd36b01bd1cbaebf2de08d9173bc095c,0xe75fc0beb4a4d504d8388400e3b8fe2f2d6d1ae3,18,18,UniswapV3CL
PancakeSwapV3,0xb1e97e2d41b9c0989588bdd8efd54b7080284077,OOO,WBNB,1,100,0xa9d6a594a97e1a71138eda92a375789dd65738c7,0xbb4cdb9cbd36b01bd1cbaebf2de08d9173bc095c,18,18,PancakeSwapV3
PancakeSwapV3,0x28274ac2e3183f389527c6b6e1c3c0d051da8e4b,USDT,DUSD,10,500,0x55d398326f99059ff775485246999027b3197955,0xaf44a1e76f56ee12adbb7ba8acd3cbd474888122,18,6,PancakeSwapV3
UniswapV3CL,0x4fb87838a29b37598099ef5aa6b3fbeeef987c50,ETH,WBNB,60,3000,0x2170ed0880ac9a755fd29b2688956bd959f933f8,0xbb4cdb9cbd36b01bd1cbaebf2de08d9173bc095c,18,18,UniswapV3CL
PancakeSwapV3,0xd4dca84e1808da3354924cd243c66828cf775470,ETH,BTCB,50,2500,0x2170ed0880ac9a755fd29b2688956bd959f933f8,0x7130d2a12b9bcbfae4f2634d864a1ee1ce3ead9c,18,18,PancakeSwapV3
PancakeSwapV3,0x7c61d41f74af03b5be7f2d2ad5aa0d0e91cea6b0,USDT,SLVon,10,500,0x55d398326f99059ff775485246999027b3197955,0x8b872732b07be325a8803cdb480d9d20b6f8d11b,18,18,PancakeSwapV3
PancakeSwapV3,0x6811be5539ba6c92ff15f8270eb79fb28ad8e470,Cake,BTCB,10,500,0x0e09fabb73bd3ade0a17ecc321fd13a19e81ce82,0x7130d2a12b9bcbfae4f2634d864a1ee1ce3ead9c,18,18,PancakeSwapV3
UniswapV3CL,0x073ceae2ca2d097a7ca50598aa4e03d75770061e,420,WBNB,60,3000,0xab3d481cb496a4e0d6e79b16328d9eca35ccc50f,0xbb4cdb9cbd36b01bd1cbaebf2de08d9173bc095c,18,18,UniswapV3CL
PancakeSwapV3,0xcd43974cdaa8e137fa5c8e8ecab86cc59d545564,SCORP,WBNB,50,2500,0xa4f7b4c32e312a3734f0c67abde785da88259215,0xbb4cdb9cbd36b01bd1cbaebf2de08d9173bc095c,18,18,PancakeSwapV3
PancakeSwapV3,0x7e58f160b5b77b8b24cd9900c09a3e730215ac47,ASTER,USDT,10,500,0x000ae314e2a2172a039b26378814c252734f556a,0x55d398326f99059ff775485246999027b3197955,18,18,PancakeSwapV3
PancakeSwapV3,0x557c05ab9295be3b37922e4e4e11f56d71228325,USDT,USDV,50,2500,0x55d398326f99059ff775485246999027b3197955,0x9a5350edf28c1f93bb36d6e94b5c425fde8e222d,18,6,PancakeSwapV3
PancakeSwapV3,0xcbb7d76202521bbc18dab4bef31881b144714910,BWf,WBNB,10,500,0x03fbce1ba6af201b99b11171c7fa8a6a9f8ffbcc,0xbb4cdb9cbd36b01bd1cbaebf2de08d9173bc095c,18,18,PancakeSwapV3
PancakeSwapV3,0x133b3d95bad5405d14d53473671200e9342896bf,Cake,WBNB,50,2500,0x0e09fabb73bd3ade0a17ecc321fd13a19e81ce82,0xbb4cdb9cbd36b01bd1cbaebf2de08d9173bc095c,18,18,PancakeSwapV3
PancakeSwapV3,0x948a5086e7c7fbf1ffdea860ce56710a34ae5905,USDT,FAME,50,2500,0x55d398326f99059ff775485246999027b3197955,0xa40e4b91afa53ae65d793831218adf869eabb1a3,18,18,PancakeSwapV3
PancakeSwapV3,0x7d8d7812c60e1af68baa2fa249cb70c1cd40e89d,USDT,STRK,1,100,0x55d398326f99059ff775485246999027b3197955,0xce451b2729d73e85bad2a82eb7fc0a5380dd16c5,18,18,PancakeSwapV3
PancakeSwapV3,0xb3d40d30a66131eb85a8943fab32af89b27379bb,ADA,BTCB,10,500,0x3ee2200efb3400fabb9aacf31297cbdd1d435d47,0x7130d2a12b9bcbfae4f2634d864a1ee1ce3ead9c,18,18,PancakeSwapV3
PancakeSwapV3,0x00fc632459789f637d2e0c0515212c8d00de1bbe,USDT,Debt,1,100,0x55d398326f99059ff775485246999027b3197955,0xa16bf0159ae84427d90a2ba89d4009a0fcf2aa46,18,18,PancakeSwapV3
PancakeSwapV3,0x04a4d09eda367b5b6c7026bc5c5a64852087ef3e,SADDOG,WBNB,1,100,0x2cb997120c3cca8c1bc1ddd6c9c32f0ca32bf0d1,0xbb4cdb9cbd36b01bd1cbaebf2de08d9173bc095c,18,18,PancakeSwapV3
PancakeSwapV3,0x4d3a82cc7932eb229bddbdb96bd346b701ef6ce2,TIKTOKEN,WBNB,200,10000,0x5ee31c029bd0e308505cb19b03a4beb1cd39f483,0xbb4cdb9cbd36b01bd1cbaebf2de08d9173bc095c,18,18,PancakeSwapV3
PancakeSwapV3,0x3250cc09a7d1be285e37561e5e4a612f6dfd6a2a,TPEPE,WBNB,1,100,0x27addd65f7783f31fa4eee842fe2bc1240f7d94a,0xbb4cdb9cbd36b01bd1cbaebf2de08d9173bc095c,18,18,PancakeSwapV3
PancakeSwapV3,0x8af2b2cf2a3ffa0fc65dc86dd7db28218ef6a77c,KURUT,WBNB,1,100,0x40c09eb0f1e0c3b8d0f0758e591f673989d6c5b7,0xbb4cdb9cbd36b01bd1cbaebf2de08d9173bc095c,18,18,PancakeSwapV3
PancakeSwapV3,0xe1b404aaf60eec5c8a1fede7dcdc0eab9c69662f,slisBNB,WBNB,1,100,0xb0b84d294e0c75a6abe60171b70edeb2efd14a1b,0xbb4cdb9cbd36b01bd1cbaebf2de08d9173bc095c,18,18,PancakeSwapV3
PancakeSwapV3,0xb66cb4092277ee946d4fba1d34f425329fedd37e,ETH,STONE,10,500,0x2170ed0880ac9a755fd29b2688956bd959f933f8,0x80137510979822322193fc997d400d5a6c747bf7,18,18,PancakeSwapV3
PancakeSwapV3,0x361dbe3d865b07c60223de656300c6fc87194774,DAGZ,WBNB,50,2500,0x167bb1afd45569611e4955fb7c3c17538405e44d,0xbb4cdb9cbd36b01bd1cbaebf2de08d9173bc095c,18,18,PancakeSwapV3
PancakeSwapV3,0x5966d2df841dc6e033364adede4c869aa145dfe9,USDT,sUSDD,1,100,0x55d398326f99059ff775485246999027b3197955,0x8ba9da757d1d66c58b1ae7e2ed6c04087348a82d,18,18,PancakeSwapV3
UniswapV3CL,0x534d3930edba2c0b90a7973549a0287141c987ef,WBNB,LINK,60,3000,0xbb4cdb9cbd36b01bd1cbaebf2de08d9173bc095c,0xf8a0bf9cf54bb92f17374d9e9a321e6a111a51bd,18,18,UniswapV3CL
UniswapV3CL,0x0b30d998747a9dbdbe868b06a78a5232217e2b9b,Cake-LP,WBNB,200,10000,0x3211227231bb246b0401d6cdd72abf3db3a154f4,0xbb4cdb9cbd36b01bd1cbaebf2de08d9173bc095c,18,18,UniswapV3CL
PancakeSwapV3,0x39ccdd72541652ceb60d5bbf0828fd2b1753f3f9,USDT,PRDT,50,2500,0x55d398326f99059ff775485246999027b3197955,0x854b5f2bfcc5b7cd05d6259cf5d035af57cfa301,18,18,PancakeSwapV3
PancakeSwapV3,0x745b5cfd1d70aff47428751480d79ec537931c0a,USDT,ELR,10,500,0x55d398326f99059ff775485246999027b3197955,0x91e3c2377eabe38b0ee4e8ecb10378786d16992e,18,18,PancakeSwapV3
UniswapV3CL,0x72ecfdb4eded6b4bc677fe1b2501d9482c411bfb,ASP,WBNB,1,100,0xacb1c0f52dbcd06c3a0a03a1a42dfb52e1e5d861,0xbb4cdb9cbd36b01bd1cbaebf2de08d9173bc095c,18,18,UniswapV3CL
PancakeSwapV3,0x032cf263c7a2118b19f01c1bef0e7f448bbe3195,ASD,WBNB,200,10000,0xadf0221dc684ff92950ce5c5ae1480db2c1ec733,0xbb4cdb9cbd36b01bd1cbaebf2de08d9173bc095c,18,18,PancakeSwapV3
PancakeSwapV3,0x68dc3532b3ae68a257bb5e7e42598390d566e9bc,TEST,WBNB,200,10000,0x1b9d1bad6a058f34d7012086c1dd3a7df4278b84,0xbb4cdb9cbd36b01bd1cbaebf2de08d9173bc095c,18,18,PancakeSwapV3
PancakeSwapV3,0x8201b61b7bc5a1179053eb758543904a5aa11754,CZ4W,WBNB,200,10000,0x06f66bf0997e6d50daf12f682ce23971f0548244,0xbb4cdb9cbd36b01bd1cbaebf2de08d9173bc095c,18,18,PancakeSwapV3
PancakeSwapV3,0x9e3c8d82d66e4e13b96fad12c5b44d14bcc5d2ac,CZ4W,WBNB,200,10000,0x3779b3b2193d0d4a1402225895d99d0bf0c4c699,0xbb4cdb9cbd36b01bd1cbaebf2de08d9173bc095c,18,18,PancakeSwapV3
PancakeSwapV3,0x24853895c8864135e77f3b13cf735966f7636f39,uniBTC,BTCB,10,500,0x6b2a01a5f79deb4c2f3c0eda7b01df456fbd726a,0x7130d2a12b9bcbfae4f2634d864a1ee1ce3ead9c,8,18,PancakeSwapV3
PancakeSwapV3,0xf8a6ab30cdf43d18ab20e3f2a138b73a7c8f8411,BOWSER,WBNB,10,500,0x411be70e48305a3da0d7973f5faf9b8642207c55,0xbb4cdb9cbd36b01bd1cbaebf2de08d9173bc095c,18,18,PancakeSwapV3
PancakeSwapV3,0x1a0fe6c2ad0e60d2c6399d89fcee151d2070bb37,TST,WBNB,200,10000,0x40d8c2790d5f9163b8bbeee546c44cde6e5c48cd,0xbb4cdb9cbd36b01bd1cbaebf2de08d9173bc095c,18,18,PancakeSwapV3
PancakeSwapV3,0xd15b00e81f98a7db25f1dc1ba6e983a4316c4cac,XRP,WBNB,50,2500,0x1d2f0da169ceb9fc7b3144628db156f3f6c60dbe,0xbb4cdb9cbd36b01bd1cbaebf2de08d9173bc095c,18,18,PancakeSwapV3
PancakeSwapV3,0xc749293ffb4559c2248a8c52488d457b9ce9aa49,TST,WBNB,200,10000,0x33c302a4a83d9cfe34a0768b41f09c9e43ad7d29,0xbb4cdb9cbd36b01bd1cbaebf2de08d9173bc095c,18,18,PancakeSwapV3
PancakeSwapV3,0x0b29112e6094b3a1f60c9e31c4e2437ad75fac0d,BPENGU,WBNB,10,500,0x1b332cd7e96fea4092a36504f1d91ce2354cb4b4,0xbb4cdb9cbd36b01bd1cbaebf2de08d9173bc095c,18,18,PancakeSwapV3
UniswapV3CL,0x8ea5a2178cd7f36a5d2c7271f4218f1a6d11dc7c,USDC,sUSD,1,100,0x8ac76a51cc950d9822d68b83fe1ad97b32cd580d,0xbe1922750760c4cae69edb6fe79a22ae9b62a23d,18,18,UniswapV3CL
PancakeSwapV3,0xb5bed50fee0f9758d0eb67a45cc959f47dd1a5b9,WBNB,TLEX,10,500,0xbb4cdb9cbd36b01bd1cbaebf2de08d9173bc095c,0xf6a3f49b69de301c2a3277769f1193b9af1b57d3,18,18,PancakeSwapV3
PancakeSwapV3,0x3813389d47d7c6ffd62e0459c74f16b3c1af4d9a,WBETH,WBNB,1,100,0x34464c8013ab3526f77f29c4ae910b28f8e1dd58,0xbb4cdb9cbd36b01bd1cbaebf2de08d9173bc095c,18,18,PancakeSwapV3
PancakeSwapV3,0xbbfdf58f110a58fef75e8fcbb088f0e2cbf627cd,WHL,WBNB,200,10000,0xa28b29a1b6e2f30039c82277a62813635e15aa5a,0xbb4cdb9cbd36b01bd1cbaebf2de08d9173bc095c,18,18,PancakeSwapV3
UniswapV3CL,0x4df014e7dff5180105437629885e3d71d8e6dc68,FUKKA,WBNB,200,10000,0x190f3d31b652156c5e79d796523f7c34242c715e,0xbb4cdb9cbd36b01bd1cbaebf2de08d9173bc095c,18,18,UniswapV3CL
UniswapV3CL,0x32e91ebbb4faecffcad38c5fb5dc11c764c2d477,LGST,WBNB,200,10000,0x761b065d36aadd2f164ab49985db19c6230dd247,0xbb4cdb9cbd36b01bd1cbaebf2de08d9173bc095c,18,18,UniswapV3CL
PancakeSwapV3,0x929c6d7f8edaed1e3f6574bbf49df0ae3af4e772,hi3,WBNB,200,10000,0x3fb330f485bb27dc90af6cd99e0ec5d98b82b9da,0xbb4cdb9cbd36b01bd1cbaebf2de08d9173bc095c,18,18,PancakeSwapV3
UniswapV3CL,0xc8ece5e3777fc3389465ae98245b04d666a9c949,BOT,WBNB,60,3000,0x67ea63ddc83c1372ebedeaf5785d3bdd8c2cdb13,0xbb4cdb9cbd36b01bd1cbaebf2de08d9173bc095c,18,18,UniswapV3CL
PancakeSwapV3,0x03fe23b6e4547542ba692bd8659a4dbc5d6e2777,MARMOTS,WBNB,50,2500,0x35b1d7dbc62e23a9b61144930f4a2ac21b5920de,0xbb4cdb9cbd36b01bd1cbaebf2de08d9173bc095c,18,18,PancakeSwapV3
PancakeSwapV3,0xfe6313d7b292b1a7e5b7edbd2bf290c7648857a0,LTCU,WBNB,1,100,0x4b4b17aba4093c9a5a2e1aaff367d19b3b26b94a,0xbb4cdb9cbd36b01bd1cbaebf2de08d9173bc095c,18,18,PancakeSwapV3
PancakeSwapV3,0x60f29eceae5e9cb5455c0a295dadce65998223eb,SNOOT,WBNB,50,2500,0x86616a5ec170262119a64560197ca56b23b6660d,0xbb4cdb9cbd36b01bd1cbaebf2de08d9173bc095c,18,18,PancakeSwapV3
PancakeSwapV3,0x3b8633c8575761c5d20bfc9303556ad18bfbd5bf,KIDS,USDT,1,100,0x428bdc366c9677f7c7974c93741c66ff12d02e00,0x55d398326f99059ff775485246999027b3197955,18,18,PancakeSwapV3
PancakeSwapV3,0x5daadebff6c175e26e9f16164b971d48bca2d70b,USDT,WERC,10,500,0x55d398326f99059ff775485246999027b3197955,0xa83de2c2a9e0deafa8ee6d116958cacead2e7366,18,18,PancakeSwapV3
PancakeSwapV3,0x96d04584a1a1aac3add3bd86812992f69d9ca276,AIGPT,WBNB,50,2500,0xb750eeba7672fb2a102f54126b338813fb6d65ac,0xbb4cdb9cbd36b01bd1cbaebf2de08d9173bc095c,18,18,PancakeSwapV3
PancakeSwapV3,0x8ba45709054feb44093ca444cd086681f33e9804,TEST,WBNB,200,10000,0x6a4b2e01e473db6809474c2640d788673fd251bc,0xbb4cdb9cbd36b01bd1cbaebf2de08d9173bc095c,18,18,PancakeSwapV3
UniswapV3CL,0x805f41f1912bb01b95f5d31d0f1b19b102fe114d,TC,WBNB,200,10000,0x5d91da5983e71b8fcbfcf62ee76b5b0385aa84fe,0xbb4cdb9cbd36b01bd1cbaebf2de08d9173bc095c,18,18,UniswapV3CL
UniswapV3CL,0x58e8f6d8d64de0b86c3f4fb463311181c0adf5c2,PD,WBNB,200,10000,0xb2b114fabb33eb138c95b342e8503ec6c1182b90,0xbb4cdb9cbd36b01bd1cbaebf2de08d9173bc095c,18,18,UniswapV3CL
PancakeSwapV3,0xeef25555dc4f40458757e7f9fb95dba84f7d2aed,TEST3,WBNB,200,10000,0x99ca1295ca7ba5f3ccc7ce27512ccb2f45553580,0xbb4cdb9cbd36b01bd1cbaebf2de08d9173bc095c,18,18,PancakeSwapV3
UniswapV3CL,0x928b1a632a4c5b6642df2bd0317ab2dcac11a83e,DR3AM 2,WBNB,200,10000,0x08e39b3e9f25a44dc5ba06c14b5228a8afd6a876,0xbb4cdb9cbd36b01bd1cbaebf2de08d9173bc095c,18,18,UniswapV3CL
PancakeSwapV3,0x1cc54187c625f66939f747331ebbf0722fbe31f0,LS,WBNB,200,10000,0xacdb539c76f87c2fa3ad12f9db0bff6baa367a91,0xbb4cdb9cbd36b01bd1cbaebf2de08d9173bc095c,18,18,PancakeSwapV3
PancakeSwapV3,0x8978b516ed02393d9bfcf3f5ee779eea4ef93a2c,FCZ,WBNB,200,10000,0x04e8b340ca04e5681bffd27f3df4cf1675ee39b2,0xbb4cdb9cbd36b01bd1cbaebf2de08d9173bc095c,18,18,PancakeSwapV3
PancakeSwapV3,0x444b44275cf7ee71e2e13f30a4187e79ed4183e9,test4,WBNB,200,10000,0x0c56bf6cbf0953b2c9a64b9c2cba17292f09a448,0xbb4cdb9cbd36b01bd1cbaebf2de08d9173bc095c,18,18,PancakeSwapV3
UniswapV3CL,0x96fa35f3f16f1236069012f267a19d537c4c3bb8,ABC,WBNB,200,10000,0x3f0e76e9efaed27045b6695f60671db2cd54b464,0xbb4cdb9cbd36b01bd1cbaebf2de08d9173bc095c,18,18,UniswapV3CL
PancakeSwapV3,0x4e86f5e3720049d5247d9a181578383fd88219b9,TEST,WBNB,200,10000,0x5fb9f86bcfc0dcb6c64bc88bc53c388b3f75efcf,0xbb4cdb9cbd36b01bd1cbaebf2de08d9173bc095c,18,18,PancakeSwapV3
PancakeSwapV3,0xa8aa03b111ca7f201303e2a765326d3504ab69fe,BTS,WBNB,200,10000,0x11d7eb44d8b79a7e9c979401632b1338cb285a87,0xbb4cdb9cbd36b01bd1cbaebf2de08d9173bc095c,18,18,PancakeSwapV3
UniswapV3CL,0xb7b7950c0a991ebda25196f127b3d60d10e7f51c,CASE 2,WBNB,200,10000,0x76c907b51b089fbf78c4ebaf894a5ca181306bca,0xbb4cdb9cbd36b01bd1cbaebf2de08d9173bc095c,18,18,UniswapV3CL
PancakeSwapV3,0x887ebd311b34ed86b20ad2b6470a3557972ec253,SALTY,WBNB,200,10000,0x631757e00aef0b85e709edca425d343dc9cd4afb,0xbb4cdb9cbd36b01bd1cbaebf2de08d9173bc095c,18,18,PancakeSwapV3
PancakeSwapV3,0x3cfcebb783ea1e5537ab4be8bd6cdc01e06e7248,MEWARX,WBNB,1,100,0x40e76107d7d169285329e237e68f74857f35e8a7,0xbb4cdb9cbd36b01bd1cbaebf2de08d9173bc095c,18,18,PancakeSwapV3
UniswapV3CL,0x7b8c0034395d488b9d06a09aa6faf41e5f6fc161,USDT,BZR,1,100,0x55d398326f99059ff775485246999027b3197955,0x85cb098bdcd3ca929d2cd18fc7a2669ff0362242,18,18,UniswapV3CL
PancakeSwapV3,0xdaf7d89266e53aa8a7173ae79c04d9a9759e3537,ETM,WBNB,1,100,0x0056412816527d7d3a4f374e03b858a2c049e648,0xbb4cdb9cbd36b01bd1cbaebf2de08d9173bc095c,18,18,PancakeSwapV3
PancakeSwapV3,0x0abb1c2c5c3613a8926fd63696cffa12c8ac74ce,TRUMP,WBNB,10,500,0x0b982d5e6f23ba5629cf712346c3dfc99d6600bc,0xbb4cdb9cbd36b01bd1cbaebf2de08d9173bc095c,8,18,PancakeSwapV3
PancakeSwapV3,0x978adccb032ddc7e5bdc13fa63bdbb40fd95e0c9,YBTC.B,BTCB,10,500,0x2cd3cdb3bd68eea0d3be81da707bc0c8743d7335,0x7130d2a12b9bcbfae4f2634d864a1ee1ce3ead9c,8,18,PancakeSwapV3
PancakeSwapV3,0xfea53d45d42ece16ad1ec76d93e7e80237c64a55,asBNB,WBNB,10,500,0x77734e70b6e88b4d82fe632a168edf6e700912b6,0xbb4cdb9cbd36b01bd1cbaebf2de08d9173bc095c,18,18,PancakeSwapV3
PancakeSwapV3,0xaf4e8944cfeb9b33077768878fb6b3fd2cf6b9a6,Sponge v2,WBNB,10,500,0x27e1c2130150b71737f9b24ff17ba2f6bec41cfc,0xbb4cdb9cbd36b01bd1cbaebf2de08d9173bc095c,18,18,PancakeSwapV3
UniswapV3CL,0x4ea1a11fdcb1ad29d6a3e8c5c91ebd49b2c50993,FANT,WBNB,200,10000,0x4332b48322edb425fb54e491d7c5242a7c789024,0xbb4cdb9cbd36b01bd1cbaebf2de08d9173bc095c,18,18,UniswapV3CL
PancakeSwapV3,0x9880f381fd793732443ff99b38166db87a9112fc,USDT,AED,1,100,0x55d398326f99059ff775485246999027b3197955,0xc23708434ce4abca953efe7640b6d58a2411e49b,18,18,PancakeSwapV3
PancakeSwapV3,0x63400fedcae80fdff9644a9253633cbe6114c8e1,NEROX,WBNB,50,2500,0x6f391838dd9b6a83dcbae551f5934e883a9fe27e,0xbb4cdb9cbd36b01bd1cbaebf2de08d9173bc095c,18,18,PancakeSwapV3
PancakeSwapV3,0x5957371e1919a85288cb4f3ab1cd31d26b4d05f7,USDT,AIT,200,10000,0x55d398326f99059ff775485246999027b3197955,0x560c6f82effbcf2aea0f6a102ab7b5854acb08b5,18,18,PancakeSwapV3
PancakeSwapV3,0x253142413f328e78c8f694f36deb82f9c2a4ab08,VDX,USDT,1,100,0x04e09980c3de0f99e86c1b4cbbe0e606fe18b66c,0x55d398326f99059ff775485246999027b3197955,18,18,PancakeSwapV3
UniswapV3CL,0xdd9ca9bd2a5da941389662be4e0dcab96e3fc685,XRP2.0,USDT,200,10000,0x38be0e0177192248cefe916a80a51e7d1715a369,0x55d398326f99059ff775485246999027b3197955,18,18,UniswapV3CL
PancakeSwapV3,0x914366d7e421491ac07dbbb126aa3c781d0a3fb8,Shibarium,WBNB,10,500,0x874860c9a972603d31302977c4390f20c9f3b62f,0xbb4cdb9cbd36b01bd1cbaebf2de08d9173bc095c,18,18,PancakeSwapV3
PancakeSwapV3,0x594d0625a110b015e6d545c1c99588e118a1f145,WBETH,WBNB,1,100,0xa33fe7c673756170dcab32a290513463315170b6,0xbb4cdb9cbd36b01bd1cbaebf2de08d9173bc095c,18,18,PancakeSwapV3
PancakeSwapV3,0x2b67f47e9453c70dd5ba11618af4f2ede21e2bc9,USDT,MM,200,10000,0x55d398326f99059ff775485246999027b3197955,0xbf05279f9bf1ce69bbfed670813b7e431142afa4,18,18,PancakeSwapV3
PancakeSwapV3,0x78c734e4b5ed1fe92d66d5e86b2dab2ee16826bf,FIN,USDT,1,100,0x112bdbb628fab6e90ad4bad380b847aa7881cc78,0x55d398326f99059ff775485246999027b3197955,18,18,PancakeSwapV3
PancakeSwapV3,0x9ec9bf9a86ced4f6f3e718e6eb29a76bdf089280,WBNB,TBC,1,100,0xbb4cdb9cbd36b01bd1cbaebf2de08d9173bc095c,0xcbd08b4b621e2e9b2d0a16b1659669a773397787,18,18,PancakeSwapV3
UniswapV3CL,0xab46d39cb398fb3649ecba781180016fef75f50b,SOL,WBNB,60,3000,0x570a5d26f7765ecb712c0924e4de545b89fd43df,0xbb4cdb9cbd36b01bd1cbaebf2de08d9173bc095c,18,18,UniswapV3CL
PancakeSwapV3,0xe3cbe4dd1bd2f7101f17d586f44bab944091d383,LTC,WBNB,50,2500,0x4338665cbb7b2485a8855a139b75d5e34ab0db94,0xbb4cdb9cbd36b01bd1cbaebf2de08d9173bc095c,18,18,PancakeSwapV3
UniswapV3CL,0xfa7d79f971a70771e5e92bd80ab955edc8602f4d,XRP,WBNB,60,3000,0x1d2f0da169ceb9fc7b3144628db156f3f6c60dbe,0xbb4cdb9cbd36b01bd1cbaebf2de08d9173bc095c,18,18,UniswapV3CL
PancakeSwapV3,0xc00a4ee54d431da088d7ff078eb60d7326789a75,PEPE,BUSD,200,10000,0x30466f351b6ea202505dd19a6f7079365b8124e4,0xe9e7cea3dedca5984780bafc599bd69add087d56,18,18,PancakeSwapV3
PancakeSwapV3,0xf7191103b2302c9b114806363a12f4b228ed9289,USDT,ULTIMA,1,100,0x55d398326f99059ff775485246999027b3197955,0x5668a83b46016b494a30dd14066a451e5417a8b8,18,6,PancakeSwapV3
UniswapV3CL,0x4d1b90273d5b0ea98101154d73a6c7d7a19884db,ZEC,USDT,60,3000,0x1ba42e5193dfa8b03d15dd1b86a3113bbbef8eeb,0x55d398326f99059ff775485246999027b3197955,18,18,UniswapV3CL
PancakeSwapV3,0xa7815254cd94dfa45a09a33db5a9f96e6509076e,MIL,WBNB,1,100,0xbae5d7b675511a765d6ac45d2b230db088fff61f,0xbb4cdb9cbd36b01bd1cbaebf2de08d9173bc095c,18,18,PancakeSwapV3
PancakeSwapV3,0x082e87c0029f72fc53df3a366850b86af442660a,WBNB,ALA,200,10000,0xbb4cdb9cbd36b01bd1cbaebf2de08d9173bc095c,0xd2797a7b01eab38f1bf3d33c37b975b4ba813cf3,18,18,PancakeSwapV3
PancakeSwapV3,0x872a55da2c2fb4f825b5baf231be15a6d94356ed,USDT,CTS,50,2500,0x55d398326f99059ff775485246999027b3197955,0xeed9b3342102ca94301825f538a2a4b8cc801312,18,18,PancakeSwapV3
PancakeSwapV3,0x76ee9e068dc2dcab37faa2e004e9d5d4f04675b5,EXC,WBNB,200,10000,0xa4b3445a58111abd407c34402ab59b0fe05bff5a,0xbb4cdb9cbd36b01bd1cbaebf2de08d9173bc095c,18,18,PancakeSwapV3
PancakeSwapV3,0x6d28460125a71394313076ae03fc792413efeca1,CZ,WBNB,50,2500,0x2e2d546e1434f57743709ea0f39640d36aa5f991,0xbb4cdb9cbd36b01bd1cbaebf2de08d9173bc095c,18,18,PancakeSwapV3
PancakeSwapV3,0x71f5a8f7d448e59b1ede00a19fe59e05d125e742,XRP,USDT,50,2500,0x1d2f0da169ceb9fc7b3144628db156f3f6c60dbe,0x55d398326f99059ff775485246999027b3197955,18,18,PancakeSwapV3
PancakeSwapV3,0x2855c0181abb3462a08ce53c7ebda4e47dec5861,Eigen,WBNB,50,2500,0x57b5b58a6f22567be7140789c235ef8f3f74ff06,0xbb4cdb9cbd36b01bd1cbaebf2de08d9173bc095c,18,18,PancakeSwapV3
PancakeSwapV3,0x25246e5a83790c75bd44a00b165f300af1389295,USDT,BLG,1,100,0x55d398326f99059ff775485246999027b3197955,0x77241aa6cdbe32e386a27597c2558f143548c340,18,18,PancakeSwapV3
UniswapV3CL,0xdc85c2bb53d927006b2db488a0cb4605fca48032,USDT,ULTIMA,1,100,0x55d398326f99059ff775485246999027b3197955,0x5668a83b46016b494a30dd14066a451e5417a8b8,18,6,UniswapV3CL
UniswapV3CL,0x4ca353d0fae8b4edfff619a74e5ab8c029bf5b1e,DCTEST,WBNB,10,500,0x91d561c14a3f61455a3b22c53640b4652846bb1b,0xbb4cdb9cbd36b01bd1cbaebf2de08d9173bc095c,18,18,UniswapV3CL
UniswapV3CL,0x7862d9b4be2156b15d54f41ee4ede2d5b0b455e4,USDT,WBNB,60,3000,0x55d398326f99059ff775485246999027b3197955,0xbb4cdb9cbd36b01bd1cbaebf2de08d9173bc095c,18,18,UniswapV3CL
PancakeSwapV3,0xb861c141196fb0de3d8dbeed90e51095e534cd22,AOP1,USDT,1,100,0x1f3a6438a5ecd5107995c5a69d14ad5d222137ac,0x55d398326f99059ff775485246999027b3197955,18,18,PancakeSwapV3
PancakeSwapV3,0xc39b1c137ace1bc85f478ce4e28567709c0065fe,USDT,AOP,1,100,0x55d398326f99059ff775485246999027b3197955,0xba171e0828f4cb00a3dbd2dcc3c99b5b9a91df8e,18,18,PancakeSwapV3
PancakeSwapV3,0x2da4c24cf7d3266454912fd03d2ff14f7744fc74,VEDU,WBNB,50,2500,0x9eef1e31fffa121ba4c74ec1df7a00cd2cb72e64,0xbb4cdb9cbd36b01bd1cbaebf2de08d9173bc095c,18,18,PancakeSwapV3
UniswapV3CL,0x4b909e83d1f0713b12196c0506f035fc041851c7,USDT,PLAY,1,100,0x55d398326f99059ff775485246999027b3197955,0xdf78061494a688e6ce8715162c23e004e8cce354,18,18,UniswapV3CL
UniswapV3CL,0xb9afed40dfe8648d9ea6a88a2598c86b9f0ed01e,USDT,CF,10,500,0x55d398326f99059ff775485246999027b3197955,0xe6bd695a7ed7bbb1bd92be396f9607a72ecd7524,18,18,UniswapV3CL
PancakeSwapV3,0x5e44ce713b7c643f44453d37451f2812eea3a484,USDT,USDW,1,100,0x55d398326f99059ff775485246999027b3197955,0xed75ad08f416d4e53e4d45dd5140a4c8b84f39fb,18,18,PancakeSwapV3
PancakeSwapV3,0x8bb6639b4e7ff5698dd45e1e983fb175ba56637c,USDT,Tether USD,1,100,0x55d398326f99059ff775485246999027b3197955,0x8138d09fe5a76f8ef1b5e76b0bd7e2b2003ed29c,18,18,PancakeSwapV3
PancakeSwapV3,0xf561e3505e6a342f11c07999ee1e4770bf8b00d3,USDT,PYUSD,1,100,0x55d398326f99059ff775485246999027b3197955,0xa5088c346a5c7f1d49d8d13a03e7a2c72914c5f6,18,18,PancakeSwapV3
PancakeSwapV3,0x11bff502ab4e4a2f394af489f6a9e6a5fe1a051f,USDT,BTA,1,100,0x55d398326f99059ff775485246999027b3197955,0xd3fcd9f842553a689e072fae401a2b15a9cb6db5,18,18,PancakeSwapV3
PancakeSwapV3,0xb47afe51524ba76d9e2108558e04220d51b2c179,USDT,MSVP,200,10000,0x55d398326f99059ff775485246999027b3197955,0x619940c0f69f1612245f94b7659403623239fb20,18,18,PancakeSwapV3
PancakeSwapV3,0x97a8122263fd3b785066f44412cd4c59f0f09b2c,SUFRING,USDT,1,100,0x3edd1be01efcfef7cded112f7ea7f0f511c38e1b,0x55d398326f99059ff775485246999027b3197955,18,18,PancakeSwapV3
PancakeSwapV3,0x2fc07a1c71cc0ba90917fa254861dd42e5399f5d,WBNB,MGA,1,100,0xbb4cdb9cbd36b01bd1cbaebf2de08d9173bc095c,0xbc6677ec848538f7f9892ccaa19ddaf5360788ed,18,18,PancakeSwapV3
PancakeSwapV3,0x916f992df86795f24de6c268cfb9031fbb1155da,UB,USDC,1,100,0x40b8129b786d766267a7a118cf8c07e31cdb6fde,0x8ac76a51cc950d9822d68b83fe1ad97b32cd580d,18,18,PancakeSwapV3
PancakeSwapV3,0x994c906cb5526ce117fc2ccb7f4e23021b613b48,ABS,BUSD,1,100,0xbc6293616227ba1867bdddfb9590531fe5cadfb5,0xe9e7cea3dedca5984780bafc599bd69add087d56,18,18,PancakeSwapV3
PancakeSwapV3,0xaead6bd31dd66eb3a6216aaf271d0e661585b0b1,ASTER,USDT,50,2500,0x000ae314e2a2172a039b26378814c252734f556a,0x55d398326f99059ff775485246999027b3197955,18,18,PancakeSwapV3
PancakeSwapV3,0x41e2e66b7c7a05beafda72a8db2f9b3c431957f3,KAVI,WBNB,50,2500,0x69a8d3ebe5532dcdcd719a16346baf89c7a5d02f,0xbb4cdb9cbd36b01bd1cbaebf2de08d9173bc095c,18,18,PancakeSwapV3
PancakeSwapV3,0x6dc2c50ce40f68522fc685296957155f6c6e02c4,PAYC,WBNB,10,500,0x673b9937f9b5ab68016328dcfceb2a1079ed7dde,0xbb4cdb9cbd36b01bd1cbaebf2de08d9173bc095c,18,18,PancakeSwapV3
PancakeSwapV3,0x5032b078859d6a452be5c69de8d9e1e9a08005d7,Dragon,WBNB,200,10000,0x87900955afbb8fe5e21ae19fdcf0b8d10bb70789,0xbb4cdb9cbd36b01bd1cbaebf2de08d9173bc095c,18,18,PancakeSwapV3
UniswapV3CL,0xfd6e5b7c30538dff2752058e425ad01a56b831cc,BTCB,WBNB,60,3000,0x7130d2a12b9bcbfae4f2634d864a1ee1ce3ead9c,0xbb4cdb9cbd36b01bd1cbaebf2de08d9173bc095c,18,18,UniswapV3CL
PancakeSwapV3,0x585893d95c39f2067bfd4ecc72a108fe386fe98f,OD,WBNB,10,500,0x057a288c87c9d670f7007afa8433f45ef5752595,0xbb4cdb9cbd36b01bd1cbaebf2de08d9173bc095c,18,18,PancakeSwapV3
PancakeSwapV3,0xb381151f67582d807719ef07aa13b0900bce75a5,MOJO,WBNB,10,500,0x1743464a59c1e99f5f48fae5e6c0afeb2e360f2c,0xbb4cdb9cbd36b01bd1cbaebf2de08d9173bc095c,18,18,PancakeSwapV3
PancakeSwapV3,0xb8400a41160723173bd6db7b3207718c4da04974,TEST-PCS,WBNB,200,10000,0x3d74db3dd2f80a5cc173acd36ffa4902d3917fc4,0xbb4cdb9cbd36b01bd1cbaebf2de08d9173bc095c,18,18,PancakeSwapV3
PancakeSwapV3,0xc807f2d204efe51ccefa1a34bb34a170e78317d4,TEST-PCS,WBNB,200,10000,0xab855928b9d29c6f68f42193cb09c45a4dc8005e,0xbb4cdb9cbd36b01bd1cbaebf2de08d9173bc095c,18,18,PancakeSwapV3
PancakeSwapV3,0x3d7fac4c033bab462cd14fd40225c10e11c6eebe,TEST-PCS,WBNB,200,10000,0x927539fb1019a932eac86304578fd8218313a3fb,0xbb4cdb9cbd36b01bd1cbaebf2de08d9173bc095c,18,18,PancakeSwapV3
PancakeSwapV3,0xf783ce952c6a33f5cbc744ee005771193d327a73,TEST,WBNB,200,10000,0x9215380c8bf8f56cebd43508b72b77a4ca42afc4,0xbb4cdb9cbd36b01bd1cbaebf2de08d9173bc095c,18,18,PancakeSwapV3
PancakeSwapV3,0x6ef3d5aaf4d1084dfe5a6d2ab964fcf511ed3598,MEME,WBNB,200,10000,0x2e5644230904b43433c9097020a4b6ab30bc56f0,0xbb4cdb9cbd36b01bd1cbaebf2de08d9173bc095c,18,18,PancakeSwapV3
PancakeSwapV3,0x8160d1b36be99d50ea4fff41ea1df3fbacfa0edb,TEST-PCS,WBNB,200,10000,0x4e86170d870fb6fb3c70db857ef081b43d8929c6,0xbb4cdb9cbd36b01bd1cbaebf2de08d9173bc095c,18,18,PancakeSwapV3
PancakeSwapV3,0x1645f40e8cf1a125ffa92df47deba1dfffa45e01,HOHO,WBNB,10,500,0x0a9fea40499b5e0c3332c5c599fd6f90de70cbdc,0xbb4cdb9cbd36b01bd1cbaebf2de08d9173bc095c,18,18,PancakeSwapV3
PancakeSwapV3,0x3de7a29f066c75e3c3497d7c0ebd19c7f5499fc6,TREE,WBNB,10,500,0x6c2e397fffa648a25b9ef2915d3bfc224ef73528,0xbb4cdb9cbd36b01bd1cbaebf2de08d9173bc095c,18,18,PancakeSwapV3
PancakeSwapV3,0x0528065b1387c82ef27e0894b48ec3c9439ebc24,HOLA,WBNB,200,10000,0x20b9981a043f2244d6fe343b09d76f4a28c6ffb2,0xbb4cdb9cbd36b01bd1cbaebf2de08d9173bc095c,18,18,PancakeSwapV3
PancakeSwapV3,0x2ad2a37747571f78b8d050f4532cb92a5ab22326,BO,WBNB,10,500,0x66a2a60f0fa663580c4021dd52156dd3867f7ce6,0xbb4cdb9cbd36b01bd1cbaebf2de08d9173bc095c,18,18,PancakeSwapV3
PancakeSwapV3,0x4bfba21777e67bdbb81389cf18c14aeaab310dd7,TEST,WBNB,10,500,0x0f7959d84941324335fef560e2a07902652ca728,0xbb4cdb9cbd36b01bd1cbaebf2de08d9173bc095c,18,18,PancakeSwapV3
PancakeSwapV3,0xf97b0c2e7bb8058ad969b86f421cefbd7c36135a,DD,WBNB,10,500,0x00f31bba7ef13490e6f6c59d75394054025f30c6,0xbb4cdb9cbd36b01bd1cbaebf2de08d9173bc095c,18,18,PancakeSwapV3
PancakeSwapV3,0xb982e2526db8acfae2f0971550a9d6ecab68b552,TEST,WBNB,200,10000,0x98813bed1eb059b9232a363113959cb2d55ef65b,0xbb4cdb9cbd36b01bd1cbaebf2de08d9173bc095c,18,18,PancakeSwapV3
PancakeSwapV3,0x4d375dba1dc21e88e5dd882dab6a3eeaee2c3697,TEST,WBNB,200,10000,0x43554660cfda5ef5571bef6302c8505f62fa1612,0xbb4cdb9cbd36b01bd1cbaebf2de08d9173bc095c,18,18,PancakeSwapV3
PancakeSwapV3,0xeab37ebe48e0946c8275231d1f2d5bc3f7c3761c,KD,WBNB,10,500,0x6061040fc501e95525553988468dde6ba7e0ba97,0xbb4cdb9cbd36b01bd1cbaebf2de08d9173bc095c,18,18,PancakeSwapV3
PancakeSwapV3,0x771714fbaca96d9f806ab6b907808ff112775b5b,BD,WBNB,10,500,0x6dc707c9c7344a252d116a64bc022474a39ff4de,0xbb4cdb9cbd36b01bd1cbaebf2de08d9173bc095c,18,18,PancakeSwapV3
PancakeSwapV3,0xe22ed5ff5de46cdaafb589c4a13eb5c046576eab,DD,WBNB,10,500,0xad0dca12c44566882e938ce2dbab67b52f052d12,0xbb4cdb9cbd36b01bd1cbaebf2de08d9173bc095c,18,18,PancakeSwapV3
PancakeSwapV3,0x98799b82dbed5baac39013fb85fb31b96418dc3f,DD,WBNB,10,500,0x3c0fb9b16e9dc580b41679e246dfbd85f2bc0fb6,0xbb4cdb9cbd36b01bd1cbaebf2de08d9173bc095c,18,18,PancakeSwapV3
PancakeSwapV3,0x3724663837681ccff2169023f20c13bdd3d8582f,AIRDROP,WBNB,10,500,0x0943950b7fa24cd34dd6432fbf4416a0a61a734c,0xbb4cdb9cbd36b01bd1cbaebf2de08d9173bc095c,18,18,PancakeSwapV3
PancakeSwapV3,0x309f49f0a65c548a49fe15b324abd71b14f4f4a5,AIRDROP,WBNB,10,500,0x0db648fc76748a8b4b0ec9640669dd0645a43e4a,0xbb4cdb9cbd36b01bd1cbaebf2de08d9173bc095c,18,18,PancakeSwapV3
PancakeSwapV3,0xee88c5e0e8d98208aa864652ef16a21860fe1f1b,GOHO,WBNB,10,500,0x9cbb2aa85afac21a8648da3fb6baa95137a537e3,0xbb4cdb9cbd36b01bd1cbaebf2de08d9173bc095c,18,18,PancakeSwapV3
PancakeSwapV3,0x83c1e7f1ccf14729fa42171ea04eb7925d9c7521,DD,WBNB,10,500,0x0e48a73f1febc9a10a7367b4a3f33dec818cb536,0xbb4cdb9cbd36b01bd1cbaebf2de08d9173bc095c,18,18,PancakeSwapV3
PancakeSwapV3,0xb7d78cd96e010ac689b432b6b10fcdb6996001bc,DT,WBNB,1,100,0x9f2d45332fd1d7a0396fa06aae8b8cc4bb5f5854,0xbb4cdb9cbd36b01bd1cbaebf2de08d9173bc095c,18,18,PancakeSwapV3
PancakeSwapV3,0x82141ced0e78304be595fad22a02114fbd73a506,TEST,WBNB,200,10000,0x5c04d6a03d405ef3f2e0ccdef56301d9863d772f,0xbb4cdb9cbd36b01bd1cbaebf2de08d9173bc095c,18,18,PancakeSwapV3
PancakeSwapV3,0xcfb4947e690b20d095e869a29f758bc095f3b1b7,TEST,WBNB,200,10000,0x716225b413431101d90611a388e01280bc00c4c5,0xbb4cdb9cbd36b01bd1cbaebf2de08d9173bc095c,18,18,PancakeSwapV3
PancakeSwapV3,0x099f0db3765e4444fa99d65dc8659c94de4664f7,TEST,WBNB,200,10000,0x11bf9b38694c1b1c890a9d90bb9b3605cf8147a3,0xbb4cdb9cbd36b01bd1cbaebf2de08d9173bc095c,18,18,PancakeSwapV3
PancakeSwapV3,0xa1aee6b876401b788f1189551530ab121a5df2ae,TEST,WBNB,200,10000,0x1ab46f4bb0fa1aed4fc2a1e064b4821049293941,0xbb4cdb9cbd36b01bd1cbaebf2de08d9173bc095c,18,18,PancakeSwapV3
PancakeSwapV3,0xb2af49dbf526054faf19602860a5e298a79f3d05,SIREN,WBNB,200,10000,0x997a58129890bbda032231a52ed1ddc845fc18e1,0xbb4cdb9cbd36b01bd1cbaebf2de08d9173bc095c,18,18,PancakeSwapV3
PancakeSwapV3,0x6bc250f1d1fbe8eab72b16e7e0ae9d7db2e35b2a,VGR,WBNB,200,10000,0x1fa9176ce47c61e5c6a678a9014832c1d631a9a6,0xbb4cdb9cbd36b01bd1cbaebf2de08d9173bc095c,18,18,PancakeSwapV3
PancakeSwapV3,0x7f51c8aaa6b0599abd16674e2b17fec7a9f674a1,Cake,USDT,50,2500,0x0e09fabb73bd3ade0a17ecc321fd13a19e81ce82,0x55d398326f99059ff775485246999027b3197955,18,18,PancakeSwapV3
UniswapV3CL,0x82e5f10b7b47310be1cde3c2965ac0ac571fdc0b,S,USDT,60,3000,0x000000005b8fe7645c05e04b29a8c055012bb508,0x55d398326f99059ff775485246999027b3197955,18,18,UniswapV3CL
UniswapV3CL,0x5f35c44c3bdc45127c9f0c9dd08418a5a89d6369,USDT,CUDIS,1,100,0x55d398326f99059ff775485246999027b3197955,0xea03a50582b0f900248c68bdff6e96659545a809,18,18,UniswapV3CL
PancakeSwapV3,0xacbe4c0faf42d3055a610359f18a7c631ca5ae00,WBNB,HARD,10,500,0xbb4cdb9cbd36b01bd1cbaebf2de08d9173bc095c,0xf79037f6f6be66832de4e7516be52826bc3cbcc4,18,6,PancakeSwapV3
PancakeSwapV3,0xf59acff8a37ca941641e664e0e098e30f5d017fe,BC,WBNB,1,100,0x1d938528151cbfe4dd8fbac1de7318efd2daaaae,0xbb4cdb9cbd36b01bd1cbaebf2de08d9173bc095c,18,18,PancakeSwapV3
PancakeSwapV3,0x198b53622d70fe019a12d9ee1ca5c1535a14a39a,IVPAY,WBNB,50,2500,0x96635b702cadcda88dfbf11a4c8cbf6e8e7ab5c4,0xbb4cdb9cbd36b01bd1cbaebf2de08d9173bc095c,18,18,PancakeSwapV3
PancakeSwapV3,0x134a400834106efd2ca710ff3fc2e5fd57055724,PEHE,WBNB,50,2500,0xb2b9d09e77cb36bb5a7faa664506f5c13ecabba3,0xbb4cdb9cbd36b01bd1cbaebf2de08d9173bc095c,18,18,PancakeSwapV3
PancakeSwapV3,0x0e1893beeb4d0913d26b9614b18aea29c56d94b9,WBNB,LINK,50,2500,0xbb4cdb9cbd36b01bd1cbaebf2de08d9173bc095c,0xf8a0bf9cf54bb92f17374d9e9a321e6a111a51bd,18,18,PancakeSwapV3
PancakeSwapV3,0x9880918753b2acce0de5c9c6efa0db244d3ffbbc,USDT,TTusd,50,2500,0x55d398326f99059ff775485246999027b3197955,0x9c3dd98b30b1ba6c756014aa7648138ab218fc33,18,18,PancakeSwapV3
UniswapV3CL,0x55d1dfb89e5c0aaf38213cc64aab1256f1d2ef3c,BTC3,WBNB,60,3000,0x5a863731404d9dab05a56d6765821e0f6e0bdf99,0xbb4cdb9cbd36b01bd1cbaebf2de08d9173bc095c,8,18,UniswapV3CL
PancakeSwapV3,0xeaba109a3af5eeb8c154a7b98bfd9bee0bacd9fa,ICNT,WBNB,50,2500,0x5bf313f41173a282730be956975010387f864dcd,0xbb4cdb9cbd36b01bd1cbaebf2de08d9173bc095c,18,18,PancakeSwapV3
PancakeSwapV3,0xb6bd889e380f637441adc2efb7bd99149feb2ce4,FCTS,WBNB,50,2500,0x42d6e3b7a5b4285f827ca3f6adab975385244239,0xbb4cdb9cbd36b01bd1cbaebf2de08d9173bc095c,8,18,PancakeSwapV3
UniswapV3CL,0x09a2a92959eb7421a927f3b962451fd038423103,LEV5,WBNB,200,10000,0xad442ea69bdce56e7cfffe37f3f5eb03da7d6504,0xbb4cdb9cbd36b01bd1cbaebf2de08d9173bc095c,18,18,UniswapV3CL
PancakeSwapV3,0xeb756c4853ffacddd0e626472956e3a05fc383bf,WBNB,FWT,10,500,0xbb4cdb9cbd36b01bd1cbaebf2de08d9173bc095c,0xe061936deddabcb66f92390fea00a2464601b455,18,18,PancakeSwapV3
PancakeSwapV3,0x620583a2204d0a5df047fc8dd671c4074af1e04c,XRPCL,USDT,1,100,0x5261a0788fd3ae05101ec8da14756a79be2dc7ea,0x55d398326f99059ff775485246999027b3197955,18,18,PancakeSwapV3
UniswapV3CL,0xca201eb699408475833e343a77c7b3b84beabaf8,WBNB,AAMP,200,10000,0xbb4cdb9cbd36b01bd1cbaebf2de08d9173bc095c,0xdeee6599cde2d5d9247cb5636be24fd5f61d2303,18,18,UniswapV3CL
PancakeSwapV3,0x8d2bb7ef6511dd0532ae4f1dae4a347ef69fa175,XAI,USDT,50,2500,0x43ff4cf60f75fbcc91be7d5036710ffcf2a80459,0x55d398326f99059ff775485246999027b3197955,18,18,PancakeSwapV3
PancakeSwapV3,0xdc5f98d4fb4c1f0be083035413682a8f711ef118,MEPU,WBNB,50,2500,0x4f0c8e32e43db2a408aa078ac1d7e86ee213db22,0xbb4cdb9cbd36b01bd1cbaebf2de08d9173bc095c,18,18,PancakeSwapV3
PancakeSwapV3,0x769ed027fab54490ecf901a45e8d05b2b1f3987e,WBNB,PZLA,1,100,0xbb4cdb9cbd36b01bd1cbaebf2de08d9173bc095c,0xe37736d2253e59879a939000e75072cc641192f2,18,18,PancakeSwapV3
UniswapV3CL,0x73ea6cc8d4dcfaf52d309800f8428d57e6dc3a2b,USDT,POWER,60,3000,0x55d398326f99059ff775485246999027b3197955,0x9dc44ae5be187eca9e2a67e33f27a4c91cea1223,18,18,UniswapV3CL
PancakeSwapV3,0xeaa6c7292ed954ca9dd72e769568d057b0525c9a,STABLE,USDT,1,100,0x011ebe7d75e2c9d1e0bd0be0bef5c36f0a90075f,0x55d398326f99059ff775485246999027b3197955,18,18,PancakeSwapV3
PancakeSwapV3,0x0ac0c76f4ab5a892def9836a31df90b3db4859ee,NRABBIT,WBNB,1,100,0x13023cadf59a0c60db8734143fed2dff60adef6a,0xbb4cdb9cbd36b01bd1cbaebf2de08d9173bc095c,18,18,PancakeSwapV3
PancakeSwapV3,0x30f7c9a2dcf44110180884903e6d7a93cf0282b2,WBNB,FRGX,10,500,0xbb4cdb9cbd36b01bd1cbaebf2de08d9173bc095c,0xfd7a3c3a5f3bb0ab3f1f8f0d7acc6fb0fb33291f,18,18,PancakeSwapV3
PancakeSwapV3,0xa57df626623439f14e76a0a1bba4fd8ceade14e1,USDT,WIN,1,100,0x55d398326f99059ff775485246999027b3197955,0xeda29189b2a13a07d5ec3620e4f447cf63b55f35,18,18,PancakeSwapV3
PancakeSwapV3,0x3a951214684abaad2ad7ff890f254937e60ccbc0,OV,WBNB,50,2500,0x53eb536b5a4a407ebb77b161783acd31d0e236dc,0xbb4cdb9cbd36b01bd1cbaebf2de08d9173bc095c,18,18,PancakeSwapV3
PancakeSwapV3,0xa322b156b138deaa6b5df1f76154ee019f33db25,XRP,ETH,50,2500,0x1d2f0da169ceb9fc7b3144628db156f3f6c60dbe,0x2170ed0880ac9a755fd29b2688956bd959f933f8,18,18,PancakeSwapV3
UniswapV3CL,0x1ad981260ad8465809c5dd58627590dd03c33240,WBNB,DYM,1,100,0xbb4cdb9cbd36b01bd1cbaebf2de08d9173bc095c,0xfc93c2588234ccafe46eebcf07f67b5f61f9bb9a,18,18,UniswapV3CL
PancakeSwapV3,0xc480afcf7ece4545fe272f17337eb0c92e889db4,USDT,BLOCK,1,100,0x55d398326f99059ff775485246999027b3197955,0xd5b5882a76a63c032e789e033a1c5b1e4b70ba91,18,18,PancakeSwapV3
UniswapV3CL,0xae6c4982a5128bbff1b8717f68904a8cbebe79ea,BROCCOLI,WBNB,10,500,0x1c067ef8aba3d164cdd3fbc1f3826573c43d57f9,0xbb4cdb9cbd36b01bd1cbaebf2de08d9173bc095c,18,18,UniswapV3CL
PancakeSwapV3,0x9191a8772895949d1660df4bff0d2336178f69a9,WBNB,SFX,10,500,0xbb4cdb9cbd36b01bd1cbaebf2de08d9173bc095c,0xed2cdf004bf87a2b8e5365463889c58b65ba5a0e,18,18,PancakeSwapV3
PancakeSwapV3,0x0a50692690bb0c92645b317e1007998d09fc4e08,ONA,WBNB,1,100,0x4a9d2f1523aa0f9bfca52738ac392981085ce1de,0xbb4cdb9cbd36b01bd1cbaebf2de08d9173bc095c,18,18,PancakeSwapV3
PancakeSwapV3,0xe353ca09502c8a0d8eee9ac41f3876dba0ad2d9f,ERIS,WBNB,1,100,0x93508d4514fd36c683dde7dbbb59f91f29877f6b,0xbb4cdb9cbd36b01bd1cbaebf2de08d9173bc095c,18,18,PancakeSwapV3
UniswapV3CL,0xa15472048f709bb15eeb7c81f96b41cfdd9de841,BTCB,?,60,3000,0x7130d2a12b9bcbfae4f2634d864a1ee1ce3ead9c,0x9c89cd56cf485a55d6c5fe3446f5a04c87738c79,18,18,UniswapV3CL
PancakeSwapV3,0x6c92b5f598fb7ed6dede7384ce683c213a8dc104,HTC,WBNB,1,100,0x222929fe31decb2af4dea82864545d1ee630226a,0xbb4cdb9cbd36b01bd1cbaebf2de08d9173bc095c,18,18,PancakeSwapV3
PancakeSwapV3,0x6489231fdcc12d0348242826ee55d9311d5813ef,USDT,Kags,1,100,0x55d398326f99059ff775485246999027b3197955,0xd2d13807e2293f5faebd6312e573ebee4ae15060,18,18,PancakeSwapV3
PancakeSwapV3,0x295036f36b280ab6ad030a6715e40c755668ea1b,DNF,USDT,10,500,0x02b7feac1fe23d2a90f10d624513211da8a0fb0c,0x55d398326f99059ff775485246999027b3197955,18,18,PancakeSwapV3
PancakeSwapV3,0x6cd061334aafee6cdd5bc5c958e71f769d7ca8cc,WHY,WBNB,200,10000,0x9ec02756a559700d8d9e79ece56809f7bcc5dc27,0xbb4cdb9cbd36b01bd1cbaebf2de08d9173bc095c,18,18,PancakeSwapV3
PancakeSwapV3,0x38231d4ef9d33ebea944c75a21301ff6986499c3,Cheems,WBNB,50,2500,0x0df0587216a4a1bb7d5082fdc491d93d2dd4b413,0xbb4cdb9cbd36b01bd1cbaebf2de08d9173bc095c,18,18,PancakeSwapV3
PancakeSwapV3,0x7267154438251c3f9bfa692d9f62bc0d7baa291c,WBNB,FINETUKIN,200,10000,0xbb4cdb9cbd36b01bd1cbaebf2de08d9173bc095c,0xd0bee50f3706fd3f7c4a6dabfc8da9bbb73926b0,18,18,PancakeSwapV3
PancakeSwapV3,0xfbc2495ef73dce237e69ff08d2295088ec17d760,Wise,WBNB,200,10000,0x014483760d8a8fba292548440cd988e04b8c7dea,0xbb4cdb9cbd36b01bd1cbaebf2de08d9173bc095c,18,18,PancakeSwapV3
PancakeSwapV3,0xf50cf2da7471419285d2079b51883d1f3f6d1e18,TZ,WBNB,200,10000,0x75e27998b903fb1494e539e2d30cc26c9396927a,0xbb4cdb9cbd36b01bd1cbaebf2de08d9173bc095c,18,18,PancakeSwapV3
PancakeSwapV3,0x406ce68756b8e97d7b27e33e09c8958214899b9a,DTCN,WBNB,1,100,0x2d4133642a121ec1c3873c9c6112d2f62df22b57,0xbb4cdb9cbd36b01bd1cbaebf2de08d9173bc095c,18,18,PancakeSwapV3
PancakeSwapV3,0xc14587306d5a3238413d2e48abc8cdd05e0b1d65,MBFC,USDT,1,100,0x458c3d7bcbed7768c3ea0232a9f2c8a21648c7b1,0x55d398326f99059ff775485246999027b3197955,18,18,PancakeSwapV3
PancakeSwapV3,0x63b8fdb5ee3231dedde962664b42577eaa9c5ff9,PRTL,WBNB,1,100,0x3554c08b7d7619f71f712b3dba447503f2ab3e9c,0xbb4cdb9cbd36b01bd1cbaebf2de08d9173bc095c,18,18,PancakeSwapV3
PancakeSwapV3,0xb45926255e964fd3146620c8c86416cedeb11c1c,FOFF,BUSD,200,10000,0x93b3b0ef09db7294ebf5d8beb0743866e16c0a2c,0xe9e7cea3dedca5984780bafc599bd69add087d56,18,18,PancakeSwapV3
PancakeSwapV3,0x2a36f6ab4690a8705072ff2b8e01c79f15062a2c,XAL,WBNB,1,100,0xb6f4f9b5e04e3ec8cf54a8be06efda1aeec42de6,0xbb4cdb9cbd36b01bd1cbaebf2de08d9173bc095c,18,18,PancakeSwapV3
PancakeSwapV3,0x118ee30b61811daf365b4d883c14910d223f1365,Wise,WBNB,200,10000,0xabf6184b7f3eb30f44af326605687206dd4989a7,0xbb4cdb9cbd36b01bd1cbaebf2de08d9173bc095c,18,18,PancakeSwapV3
PancakeSwapV3,0x22834b8bad63ec5a4f963601c5538a28217dd664,OWLKING,WBNB,1,100,0x7774aab055b7f2d8463ef5da18af5b04db76c262,0xbb4cdb9cbd36b01bd1cbaebf2de08d9173bc095c,18,18,PancakeSwapV3
PancakeSwapV3,0xff276ba1bb24411d9589c1aabf0cf0558dc3b096,STOC,WBNB,1,100,0xa42f745b71b03a309ed070378c5865077025a6fd,0xbb4cdb9cbd36b01bd1cbaebf2de08d9173bc095c,18,18,PancakeSwapV3
PancakeSwapV3,0xa1ce0448cb7ce36e64e2caab11193584defbfbc1,WBNB,LHP,50,2500,0xbb4cdb9cbd36b01bd1cbaebf2de08d9173bc095c,0xda5a92aa7625a58596ce20282b15e2ac83cd299e,18,18,PancakeSwapV3
PancakeSwapV3,0x97552fbd41c02e99a85ce19e3538edd649959b99,WBNB,BTC100K,50,2500,0xbb4cdb9cbd36b01bd1cbaebf2de08d9173bc095c,0xdcbcd839a264be14b4cb9bbc7a999c4333fa67a2,18,18,PancakeSwapV3
PancakeSwapV3,0x90166b5795250fe7f0831e844121cc91799787e9,USDC,STBL,1,100,0x8ac76a51cc950d9822d68b83fe1ad97b32cd580d,0x8dedf84656fa932157e27c060d8613824e7979e3,18,18,PancakeSwapV3
PancakeSwapV3,0x7f51bbf34156ba802deb0e38b7671dc4fa32041d,$BANANA,WBNB,1,100,0x3d4f0513e8a29669b960f9dbca61861548a9a760,0xbb4cdb9cbd36b01bd1cbaebf2de08d9173bc095c,18,18,PancakeSwapV3
PancakeSwapV3,0xa4c7dd47c4f71c73d2803e86166e8c70f1870e4d,BTS,USDT,10,500,0x1118da1a16d68f3bd5446d4bc16c3f0f20d8765c,0x55d398326f99059ff775485246999027b3197955,18,18,PancakeSwapV3
PancakeSwapV3,0x778121b464151fe5d931587c457e48fcaaa0dc7a,COAI,USDC,1,100,0x0a8d6c86e1bce73fe4d0bd531e1a567306836ea5,0x8ac76a51cc950d9822d68b83fe1ad97b32cd580d,18,18,PancakeSwapV3
PancakeSwapV3,0xae1a0ce1a52f4313a3ada708e9a733e66f179374,USDC,TTT,200,10000,0x8ac76a51cc950d9822d68b83fe1ad97b32cd580d,0xbec8daaea2b350b16d590e67b01746b529eaf733,18,18,PancakeSwapV3
UniswapV3CL,0xf719fcd6d8a50188481554c28d0a69a3de2c6759,LN ,WBNB,60,3000,0x1c3534d7f97c47a30efac812e8ca1fbe09cbdef6,0xbb4cdb9cbd36b01bd1cbaebf2de08d9173bc095c,18,18,UniswapV3CL
UniswapV3CL,0x7fbbfc735d1108c035714b0268e831d74532a747,CTX,USDT,10,500,0x3e40357a19b1fe0b69f315b0c6c2c4dc6458a585,0x55d398326f99059ff775485246999027b3197955,18,18,UniswapV3CL
PancakeSwapV3,0x7fc42b45c748d10277ea0ded3f171d01c8d3a141,IO,WBNB,200,10000,0x39e8d61341f711df2de0f8f970ec416d4849d603,0xbb4cdb9cbd36b01bd1cbaebf2de08d9173bc095c,18,18,PancakeSwapV3
PancakeSwapV3,0xf10ff937c011832f355f68e41bced0120e175ae7,CRZ,WBNB,1,100,0x58afdbf8c69b05b0710ac2a05cbb68befbb2c00b,0xbb4cdb9cbd36b01bd1cbaebf2de08d9173bc095c,18,18,PancakeSwapV3
PancakeSwapV3,0xcb2d7f4efbec215b44dd53b6ee721154d0bd310e,KMNO,WBNB,50,2500,0xa924830e5cc8d8de00c8f25233c5a62e792464cf,0xbb4cdb9cbd36b01bd1cbaebf2de08d9173bc095c,18,18,PancakeSwapV3
PancakeSwapV3,0x29c5ba7dbb67a4af999a28cc380ad234fe7c1b86,ADA,USDT,50,2500,0x3ee2200efb3400fabb9aacf31297cbdd1d435d47,0x55d398326f99059ff775485246999027b3197955,18,18,PancakeSwapV3
PancakeSwapV3,0xe48a8c5cef8660d06b3885d67ab81d4666c92e9c,USDT,USDT.D,50,2500,0x55d398326f99059ff775485246999027b3197955,0xbc13ae7c321c52cf39ca722522064b6096d29009,18,6,PancakeSwapV3
PancakeSwapV3,0xc397a2bd9bc9302fc399149c0c5290911e63fa98,OXYZ,WBNB,50,2500,0x0320e4fb06e5e9d78e36db1c02c64381c19a4931,0xbb4cdb9cbd36b01bd1cbaebf2de08d9173bc095c,18,18,PancakeSwapV3
PancakeSwapV3,0xaffef179db353ddc084a92cf01736f7c269a559e,USDT,maUSDT_Lista,1,100,0x55d398326f99059ff775485246999027b3197955,0x6d1703d913c74afaedd4b78deee7f32aa91a5943,18,24,PancakeSwapV3
PancakeSwapV3,0xf3f9d68c9a77ae00aedbc51545888fec8981e121,UUSD,WBNB,1,100,0x61a10e8556bed032ea176330e7f17d6a12a10000,0xbb4cdb9cbd36b01bd1cbaebf2de08d9173bc095c,18,18,PancakeSwapV3
PancakeSwapV3,0x64b279fafd7d72ff5a6c596d081c27257495d760,USDT,DWE,1,100,0x55d398326f99059ff775485246999027b3197955,0x7638dfb9646463a33b8783413f163032962b08a0,18,18,PancakeSwapV3
PancakeSwapV3,0x07dc7b8821ccb1d3cd4d9d5c3243215ac1fc31dd,USDT.z,USDT,1,100,0x212501fc7fc20c428ae7e38f435837057f84ba7f,0x55d398326f99059ff775485246999027b3197955,18,18,PancakeSwapV3
PancakeSwapV3,0x954d7f0d2babcf9abb881fd154ffe529f6eb4d03,FGZ,WBNB,200,10000,0x130785c7dd6c732fb00a40e02eb1df654d8772f7,0xbb4cdb9cbd36b01bd1cbaebf2de08d9173bc095c,18,18,PancakeSwapV3
PancakeSwapV3,0xa3f409ed998ee8db61a3c95ef5bbad74e6bbf510,USDT,ZRO,1,100,0x55d398326f99059ff775485246999027b3197955,0x5fb9e47da8ca151d1460ad4f954db13623375b05,18,18,PancakeSwapV3
UniswapV3CL,0xe7d5b8ed87a4c203466f6d7890563059a18c0dec,ETH,10,60,3000,0x2170ed0880ac9a755fd29b2688956bd959f933f8,0xf2ec9f5a4466a6c3b8550d523f8159333abcba05,18,18,UniswapV3CL
PancakeSwapV3,0x8cb829111c90e0101492d5a1aa011f09614129e7,USDT,PIRATE,1,100,0x55d398326f99059ff775485246999027b3197955,0xafcc12e4040615e7afe9fb4330eb3d9120acac05,18,8,PancakeSwapV3
PancakeSwapV3,0x64ae65093cafcecec8d0890e4f586c05b491f445,USDT,VELT,50,2500,0x55d398326f99059ff775485246999027b3197955,0xb26df3cadef9f4b771d98d20a7f05e055173f90a,18,18,PancakeSwapV3
PancakeSwapV3,0x1b5c16c848cab7261647bdcd538bf46629440910,INAWAY,WBNB,200,10000,0x3caeebcb3e53e8e470a4bd3427dbbd3c77de4a78,0xbb4cdb9cbd36b01bd1cbaebf2de08d9173bc095c,18,18,PancakeSwapV3
PancakeSwapV3,0x8ccb4544b3030dacf3d4d71c658f04e8688e25b1,TWT,WBNB,50,2500,0x4b0f1812e5df2a09796481ff14017e6005508003,0xbb4cdb9cbd36b01bd1cbaebf2de08d9173bc095c,18,18,PancakeSwapV3
PancakeSwapV3,0xcd28dd9cccf82fbcd0db721bfcf244ae1cc73c69,MNG,WBNB,1,100,0x77821079dba9f6738efb56367408147057d4fdf4,0xbb4cdb9cbd36b01bd1cbaebf2de08d9173bc095c,18,18,PancakeSwapV3
PancakeSwapV3,0x5bd808ab85c124f99080da5f864edcb39950ede5,USDT,IN,1,100,0x55d398326f99059ff775485246999027b3197955,0x61fac5f038515572d6f42d4bcb6b581642753d50,18,18,PancakeSwapV3
UniswapV3CL,0xa190ed916675e6f945969d35994a1e89fc1abfc5,USDT,DEPAY,60,3000,0x55d398326f99059ff775485246999027b3197955,0xa0bed124a09ac2bd941b10349d8d224fe3c955eb,18,18,UniswapV3CL
PancakeSwapV3,0xb4f22638860bb87c62dddb9f7c4cce70f4562175,USDT,LOP,1,100,0x55d398326f99059ff775485246999027b3197955,0x6e9bdd2d2e2a0a0e9fb3bc8b0a84eafdf6b3f658,18,18,PancakeSwapV3
PancakeSwapV3,0x1ff26b91882b13544d9e97947c29ef51e9d3ca17,USDT,BSC-USD,200,10000,0x55d398326f99059ff775485246999027b3197955,0xd4927872510d95c26c60ec39c5eac97d2b34ef26,18,18,PancakeSwapV3
PancakeSwapV3,0xe69eee1deec722923361a53374686fdce9064cec,USDT,CFC,1,100,0x55d398326f99059ff775485246999027b3197955,0x99c0b0e36906490667de85908e95f38702e7c46f,18,18,PancakeSwapV3
PancakeSwapV3,0x26c72d3fc46f57eebfcde1d395082fe2b1c68dd7,USDT,9,50,2500,0x55d398326f99059ff775485246999027b3197955,0xff0ffd03db6916ad786abadf1a7306aafa87a905,18,18,PancakeSwapV3
PancakeSwapV3,0xd8ac0e476e25fea525ec7663a1e8a5e92b799c8b,EUD,USDT,1,100,0x3ca2331cf2cbefc1dacc4466894d47b5f4e9e167,0x55d398326f99059ff775485246999027b3197955,18,18,PancakeSwapV3
PancakeSwapV3,0xe5685633853975157cc2233c1a61f46355dd9306,DDYN,WBNB,1,100,0x287b052d47df990c44e2e9f99614563879f420f8,0xbb4cdb9cbd36b01bd1cbaebf2de08d9173bc095c,18,18,PancakeSwapV3
PancakeSwapV3,0xf9ebbd8e33bc69019eb72af589dfd2080150c08e,TATE INU,WBNB,10,500,0x3352a93ad57dc23b0ceb7c64623392b7d78aefa1,0xbb4cdb9cbd36b01bd1cbaebf2de08d9173bc095c,18,18,PancakeSwapV3
UniswapV3CL,0xe369d33b799dc0305f018c34a9c51190d02bce7e,USDT,FUSD,1,100,0x55d398326f99059ff775485246999027b3197955,0x7e17f382db614bde529f62dbe2d607f464a0af63,18,18,UniswapV3CL
UniswapV3CL,0x886928eb467ef5e69b4ebc2c8af4275b21af41bd,USDT,RIVER,60,3000,0x55d398326f99059ff775485246999027b3197955,0xda7ad9dea9397cffddae2f8a052b82f1484252b3,18,18,UniswapV3CL
UniswapV3CL,0x1f283be87b233fda83f0a76b1525f6992897ff32,STABLE,USDT,60,3000,0x011ebe7d75e2c9d1e0bd0be0bef5c36f0a90075f,0x55d398326f99059ff775485246999027b3197955,18,18,UniswapV3CL
PancakeSwapV3,0x9425faf12af863a7d5a95e89a77c0b399cc34d95,USDT,MCoin,200,10000,0x55d398326f99059ff775485246999027b3197955,0x826923122a8521be36358bdc53d3b4362b6f46e5,18,18,PancakeSwapV3
PancakeSwapV3,0x17efc2fdf5267864618a4543b9925ab814eceea0,USDT,USD Pro,1,100,0x55d398326f99059ff775485246999027b3197955,0x77777773dfc018aa45abe8ab9aaea1afc6777777,18,18,PancakeSwapV3
UniswapV3CL,0x525224b1ced562dec7cb0ff0d2877258f38ca6b4,wCHEK,WBNB,200,10000,0x760eae17d792d54b7e2021213741e30a0ace3f07,0xbb4cdb9cbd36b01bd1cbaebf2de08d9173bc095c,18,18,UniswapV3CL
UniswapV3CL,0x0adaf134ae0c4583b3a38fc3168a83e33162651e,XRP,USDT,60,3000,0x1d2f0da169ceb9fc7b3144628db156f3f6c60dbe,0x55d398326f99059ff775485246999027b3197955,18,18,UniswapV3CL
PancakeSwapV3,0x347fe241caac1d41d33eee68b14a9c9cf63eb224,USDT,Ethfi,1,100,0x55d398326f99059ff775485246999027b3197955,0x8562bd3bca8df02577c893e58e44c9f30bd6daef,18,18,PancakeSwapV3
UniswapV3CL,0x51d7e4b59ba2f04d8e2b5c2e9fefc502189f48ed,WBNB,test111,200,10000,0xbb4cdb9cbd36b01bd1cbaebf2de08d9173bc095c,0xcb0be12192c60396e6e73958de0714bd975109ca,18,18,UniswapV3CL
PancakeSwapV3,0xbc988b258b05eddcbc5fc978a046da0f25aa10e5,Ace,USDT,1,100,0x35763c68c7ba8c2ce81212dfbd3942a7590baebe,0x55d398326f99059ff775485246999027b3197955,18,18,PancakeSwapV3
UniswapV3CL,0x248b5c17844fe7e77703d1bc2f10decf6dba204e,USDC,OMENX,200,10000,0x8ac76a51cc950d9822d68b83fe1ad97b32cd580d,0x992a09877b619b4755cabe9edaf5092a956f0317,18,18,UniswapV3CL
PancakeSwapV3,0x3758c46a5147db0d7d725f4d7575c68bb7150eb2,DAI-BEP20,USDT,1,100,0x530cf804c4fac181e05fa03ecf83fafd3257fbe6,0x55d398326f99059ff775485246999027b3197955,18,18,PancakeSwapV3
PancakeSwapV3,0x51c52b2bb87b5a90b4b0211be92e7655b6f883b2,CM,USDT,1,100,0x1ce53af8c86fcbf507e8f3cd6d2b1fde1981d6d1,0x55d398326f99059ff775485246999027b3197955,18,18,PancakeSwapV3
UniswapV3CL,0x85a7dcb6d445ad2c12c39449e5610e598d6f5d5b,REKT,USDT,60,3000,0x54c0de35f0edcff3dcf862eb16a32076fb36ab06,0x55d398326f99059ff775485246999027b3197955,18,18,UniswapV3CL
PancakeSwapV3,0xd14bc980c4e3ebabb42487e9c3ac82821a5fa815,WBNB,MTAUR,10,500,0xbb4cdb9cbd36b01bd1cbaebf2de08d9173bc095c,0xfb6a08d695985c1335e88cb2c695ff52b5f8182e,18,18,PancakeSwapV3
PancakeSwapV3,0x32fba82002b0200a6c52701d74c82faee6ce5818,PIXEL,WBNB,50,2500,0x4416c1304b310bb8563850a381c6eb57063534e5,0xbb4cdb9cbd36b01bd1cbaebf2de08d9173bc095c,18,18,PancakeSwapV3
PancakeSwapV3,0xdc61d5bf862d9029e44fae01c14cdbf8554e63b6,USDT,Gpt,1,100,0x55d398326f99059ff775485246999027b3197955,0xf3555e6821115cf36cc527efc0240c605e5817db,18,18,PancakeSwapV3
PancakeSwapV3,0x107e37f060305f5df881a72226747bcfb5ad04b2,UNY,BUSD,1,100,0x7df80c384c59b5f5417072545c23613f78d2d90f,0xe9e7cea3dedca5984780bafc599bd69add087d56,18,18,PancakeSwapV3
PancakeSwapV3,0xc089253e8e28ef1213d7158b0add26e014175339,USDT,ART,10,500,0x55d398326f99059ff775485246999027b3197955,0xb8a1ed561c914f22bd69b0bb4558ad5a89feaae1,18,6,PancakeSwapV3
PancakeSwapV3,0xb2af49c3ce4e251e8d06625b163c13f3a146f9a3,PORTAL,WBNB,50,2500,0x646f58e79b3b134170ba2462cf1d6d1fd6f7a5d5,0xbb4cdb9cbd36b01bd1cbaebf2de08d9173bc095c,18,18,PancakeSwapV3
UniswapV3CL,0x47a90a2d92a8367a91efa1906bfc8c1e05bf10c4,USDT,WBNB,1,100,0x55d398326f99059ff775485246999027b3197955,0xbb4cdb9cbd36b01bd1cbaebf2de08d9173bc095c,18,18,UniswapV3CL
PancakeSwapV3,0x02b7bb716fd50dbd236b3ddbcecec2f9569af05c,TRS,WBNB,200,10000,0xa56e58aa38b9c4e079d85790ca916e03607a3fbe,0xbb4cdb9cbd36b01bd1cbaebf2de08d9173bc095c,18,18,PancakeSwapV3
PancakeSwapV3,0x2cae914e229308ab8d46ecbb3260af98c3e2c585,USDC,WBNB,1,100,0x238055fdb23d8f764c25597e3cf2c7733cdedf06,0xbb4cdb9cbd36b01bd1cbaebf2de08d9173bc095c,18,18,PancakeSwapV3
PancakeSwapV3,0xc11ad602c2e0bc07ef1a4277bcd26ae83c6e8055,SaudiV,WBNB,50,2500,0xb85207f59ac82664f9f04f9c4bce62f19b5fcbb2,0xbb4cdb9cbd36b01bd1cbaebf2de08d9173bc095c,18,18,PancakeSwapV3
PancakeSwapV3,0x0022f0dcd574a1e646250eebd086781823434504,USDT,AT,1,100,0x55d398326f99059ff775485246999027b3197955,0x9be61a38725b265bc3eb7bfdf17afdfc9d26c130,18,18,PancakeSwapV3
PancakeSwapV3,0xc3a4401e8665a252504c69a13d6be24b027d673a,WBNB,AI,1,100,0xbb4cdb9cbd36b01bd1cbaebf2de08d9173bc095c,0xd4f3a52ac5f7da5707c80cd78911cf365e80aaf0,18,18,PancakeSwapV3
PancakeSwapV3,0xdbbb8c123f0ee395efcaaf6b3285562470ab40e0,USDT,WFI,200,10000,0x55d398326f99059ff775485246999027b3197955,0x90c48855bb69f9d2c261efd0d8c7f35990f2dd6f,18,18,PancakeSwapV3
PancakeSwapV3,0xb5abbdcacba151d4df6570b629962c0be04b4c26,ATM,WBNB,1,100,0x0f32ec1d35fac19ff9c2cdb9712da28e084ecacf,0xbb4cdb9cbd36b01bd1cbaebf2de08d9173bc095c,18,18,PancakeSwapV3
PancakeSwapV3,0xc4c56ab1f5a867dd1fd64ba1d32f418f6acf4dbc,INTEL,WBNB,1,100,0x7dd2b4dcfcf77bb9998d17403e400b2446559366,0xbb4cdb9cbd36b01bd1cbaebf2de08d9173bc095c,18,18,PancakeSwapV3
UniswapV3CL,0x3c0fdcec43ac94ce34c9b3febe7ea83f14df1861,$,WBNB,1,100,0x90951aaf4a08b8f493d80f08775d5be1bac40a56,0xbb4cdb9cbd36b01bd1cbaebf2de08d9173bc095c,18,18,UniswapV3CL
PancakeSwapV3,0x319133ae6559fc4622059e3290e2c8c57612efae,RTF,WBNB,200,10000,0x1421748487e6de96444f05663459fb7f758305eb,0xbb4cdb9cbd36b01bd1cbaebf2de08d9173bc095c,18,18,PancakeSwapV3
PancakeSwapV3,0x79180545488b374df89570f7676904358b7a85a9,USDT,CRSR,50,2500,0x55d398326f99059ff775485246999027b3197955,0x8d52f97ab2803e9c23d949d377c019770dbf1ff3,18,18,PancakeSwapV3
PancakeSwapV3,0x628bf45fd187d92dc28f14fb9a56cf99bf883e14,EIGEN,WBNB,50,2500,0xb4605e6e608d35d3892c5b6bb085e24e46746351,0xbb4cdb9cbd36b01bd1cbaebf2de08d9173bc095c,18,18,PancakeSwapV3
PancakeSwapV3,0x7d05c84581f0c41ad80ddf677a510360bae09a5a,ETH,WBNB,50,2500,0x2170ed0880ac9a755fd29b2688956bd959f933f8,0xbb4cdb9cbd36b01bd1cbaebf2de08d9173bc095c,18,18,PancakeSwapV3
PancakeSwapV3,0x6cb608ce3aa5851ada7a078dae6f803ade9c64c6,CHUS,WBNB,1,100,0x785ca7c856502259b199987ddcdc35f323f3fc6f,0xbb4cdb9cbd36b01bd1cbaebf2de08d9173bc095c,18,18,PancakeSwapV3
PancakeSwapV3,0x31b33bb9c90c3ed9c55d29414a8f151415733259,USDT,Ton,1,100,0x55d398326f99059ff775485246999027b3197955,0x9a20a78ded4b820abbe9b47e0241dead10f4e683,18,18,PancakeSwapV3
PancakeSwapV3,0xd1660fe707753a61d09d437f19f69180103bb29f,WBNB,CHIPOX,10,500,0xbb4cdb9cbd36b01bd1cbaebf2de08d9173bc095c,0xea8e5845e67c22353dcfc4d4093e5bc18d4eafab,18,18,PancakeSwapV3
UniswapV3CL,0x95eaf567111bee321bac1ad643703f70a9737acf,USDT,WTM,10,500,0x55d398326f99059ff775485246999027b3197955,0x71434f1e374acafa3b135e8cc5f626c0df91be2e,18,8,UniswapV3CL
PancakeSwapV3,0xcea45dda7fa11a2eab185d361b02600025ad8fda,Absurdcoin,WBNB,1,100,0x06c9303d9d56d137a61c01fe6ed73b0afa7cd67e,0xbb4cdb9cbd36b01bd1cbaebf2de08d9173bc095c,18,18,PancakeSwapV3
PancakeSwapV3,0x70af890a6c21348e5705186818fd4c01d3b82bb4,VEDU,WBNB,50,2500,0x1aeb975e45d7bf5fd2fb80e4b379285671c3c14f,0xbb4cdb9cbd36b01bd1cbaebf2de08d9173bc095c,18,18,PancakeSwapV3
PancakeSwapV3,0x6cb5392b9ca52d7a0e6940e82d29087361360ec3,ETH,wstETH,1,100,0x2170ed0880ac9a755fd29b2688956bd959f933f8,0x26c5e01524d2e6280a48f2c50ff6de7e52e9611c,18,18,PancakeSwapV3
PancakeSwapV3,0x2a664b64e2c5f9b4097d5075e02a2938718fb3d1,miBNB,WBNB,1,100,0xa5deb178c729e058018db8bd68a9ffb8418df42d,0xbb4cdb9cbd36b01bd1cbaebf2de08d9173bc095c,24,18,PancakeSwapV3
PancakeSwapV3,0xb4db9fcda97fd7b02eaf1e8317e6ddb04bacc1af,USDT,STAR,1,100,0x55d398326f99059ff775485246999027b3197955,0x8fce7206e3043dd360f115afa956ee31b90b787c,18,18,PancakeSwapV3
PancakeSwapV3,0x54b1dc57ba1dbee9c167df1da9f67c2e7e07714d,AIVC,WBNB,1,100,0x47ee414a61e0ead59740da828299be35fffaedf1,0xbb4cdb9cbd36b01bd1cbaebf2de08d9173bc095c,18,18,PancakeSwapV3
PancakeSwapV3,0x7104bcca9e831b881ac5abe76a6d374ccf30dec6,WBNB,LISTA,50,2500,0xbb4cdb9cbd36b01bd1cbaebf2de08d9173bc095c,0xca35abfb1de8ea2bc5fd5c389fbbb4cae5e85254,18,18,PancakeSwapV3
PancakeSwapV3,0x01879954d89b6b7c0d44bd3fa2e768da6b421fdd,EVT,USDC,50,2500,0x73b895da1197403b8fbbb179633ec3fd526b2fd5,0x8ac76a51cc950d9822d68b83fe1ad97b32cd580d,18,18,PancakeSwapV3
PancakeSwapV3,0x8f889728c2a879b15936eecc38a61f03fcdc6818,USDT,CRTR,1,100,0x55d398326f99059ff775485246999027b3197955,0xb150e91cb40909f47d45115ee9e90667d807464b,18,18,PancakeSwapV3
PancakeSwapV3,0xd21bc2291c1aef340f5265e257b18aa5dafed759,USDT,HANA,1,100,0x55d398326f99059ff775485246999027b3197955,0x6261963ebe9ff014aad10ecc3b0238d4d04e8353,18,18,PancakeSwapV3
UniswapV3CL,0xb7a9a186d6273ccf1c4e2b5d389d0015d163c4fb,USDT,WBNB,60,3000,0x30941c34df13d4400cc07c07c9218576a0a761af,0xbb4cdb9cbd36b01bd1cbaebf2de08d9173bc095c,18,18,UniswapV3CL
PancakeSwapV3,0xe08f272a860d9e56ba5eaf03601defe07c6c460f,SMOG,WBNB,50,2500,0x6be4700a5a5cf5127bc828997a685285a91a0469,0xbb4cdb9cbd36b01bd1cbaebf2de08d9173bc095c,18,18,PancakeSwapV3
PancakeSwapV3,0x0b69cb10497c084835b311f54e2ee8325c2900d4,430to500M,WBNB,1,100,0x9d73b4237acfac27a19758bcda41e4d0e821c81a,0xbb4cdb9cbd36b01bd1cbaebf2de08d9173bc095c,18,18,PancakeSwapV3
PancakeSwapV3,0x2d8b66ffe72857928eebf816b4da76057ce060c3,USDT,ZK,1,100,0x55d398326f99059ff775485246999027b3197955,0x75b54af46d0ec1078e507f0bad09a656a7ce5be4,18,18,PancakeSwapV3
PancakeSwapV3,0x91b3abdcb5226733338b1a1aeb4b546618eea4e1,ENTS,WBNB,50,2500,0x9240c44ee90d058b0b17ababe0f74ab1a205ae04,0xbb4cdb9cbd36b01bd1cbaebf2de08d9173bc095c,18,18,PancakeSwapV3
UniswapV3CL,0x7d98804119551f915a75ce278526ac7ee5077087,ASTER,WBNB,60,3000,0x000ae314e2a2172a039b26378814c252734f556a,0xbb4cdb9cbd36b01bd1cbaebf2de08d9173bc095c,18,18,UniswapV3CL
UniswapV3CL,0x55f124c91358f87bbc359701a85a89f19af0b70c,HYPNO,WBNB,1,100,0x10b4ff63ae437b753764668ba6398ba128734fb3,0xbb4cdb9cbd36b01bd1cbaebf2de08d9173bc095c,18,18,UniswapV3CL
PancakeSwapV3,0x7dffa63e1e8abc4ae736bb1f9848cab4b413082d,YYY,USDT,50,2500,0x1236d7f59b3aaffefe1eb18a34cf32f09d92ea2d,0x55d398326f99059ff775485246999027b3197955,18,18,PancakeSwapV3
PancakeSwapV3,0x934c4ce7cf0dcb1c3191110d6e073044cf1eedf3,WBNB,HBM,50,2500,0xbb4cdb9cbd36b01bd1cbaebf2de08d9173bc095c,0xdd9852b32c1fd16488967f197680b0c0fdb106aa,18,18,PancakeSwapV3
PancakeSwapV3,0x068fc41e15ff644dbe8ca332e05c4a2d92542979,WBNB,PAIS,200,10000,0xbb4cdb9cbd36b01bd1cbaebf2de08d9173bc095c,0xc75c929ff9ef2bf06d28fa6be5ae7d4977f5433b,18,18,PancakeSwapV3
PancakeSwapV3,0xdbfe283e1b15c010dc167cf8d815b07e562b4957,PorkAI,WBNB,50,2500,0x34de4458200b2505339bafb553c5b636e08d94aa,0xbb4cdb9cbd36b01bd1cbaebf2de08d9173bc095c,18,18,PancakeSwapV3
PancakeSwapV3,0x526e4774ba4ccbdd7a5a7e23326712253150ea3d,PEPE404,WBNB,50,2500,0x8ffaed1dba413913b91f03e471ac0cde32140852,0xbb4cdb9cbd36b01bd1cbaebf2de08d9173bc095c,18,18,PancakeSwapV3
PancakeSwapV3,0x6fb214bcc66335195e0aa9d1cc40917c8144798d,crudo,USDT,1,100,0x3785b789c64f2fcab1c35f72fc2bdeb43d2049c7,0x55d398326f99059ff775485246999027b3197955,18,18,PancakeSwapV3
PancakeSwapV3,0xa0d6996ca9e26efabc27cd9877962374984ec0a6,TEST9,USDT,1,100,0x074ce78746090a41c2252133f31caea01a110034,0x55d398326f99059ff775485246999027b3197955,18,18,PancakeSwapV3
PancakeSwapV3,0x2c9a2b0c114a740a244360ef42069364953dc7ec,CPC,WBNB,1,100,0x1b6e8782b1bfa17b36473598e89652b899aed786,0xbb4cdb9cbd36b01bd1cbaebf2de08d9173bc095c,18,18,PancakeSwapV3
PancakeSwapV3,0xca3f029a70d5d90000e614afd29e5c833f33cea5,USDT,AOP,1,100,0x55d398326f99059ff775485246999027b3197955,0xd5df4d260d7a0145f655bcbf3b398076f21016c7,18,18,PancakeSwapV3
PancakeSwapV3,0xafcdbda3e605657a55c33a7107e26c13a1d89b97,BCW,WBNB,1,100,0x4d41d6786ee7d51f430a6c0545582451cd65b730,0xbb4cdb9cbd36b01bd1cbaebf2de08d9173bc095c,18,18,PancakeSwapV3
PancakeSwapV3,0xfff4857a955b2b460c27fd431aa5a85fabca5559,IDOL,WBNB,1,100,0x3b4de3c7855c03bb9f50ea252cd2c9fa1125ab07,0xbb4cdb9cbd36b01bd1cbaebf2de08d9173bc095c,18,18,PancakeSwapV3
PancakeSwapV3,0xd1a956262b63061fbf23b99972365955048739e7,USDT,INJ,1,100,0x55d398326f99059ff775485246999027b3197955,0xd5231d05ce58d196471dc819670c0b52dbb89700,18,18,PancakeSwapV3
PancakeSwapV3,0x5fc8776d540c8eaa1b0c06f127719bcc5152c090,BDCA,USDT,10,500,0x0c8382719ef242cae2247e4decb2891fbf699818,0x55d398326f99059ff775485246999027b3197955,18,18,PancakeSwapV3
UniswapV3CL,0x0ab8855c73d567f0ec633cddec43580c5f7e2555,ADA,WBNB,60,3000,0x3ee2200efb3400fabb9aacf31297cbdd1d435d47,0xbb4cdb9cbd36b01bd1cbaebf2de08d9173bc095c,18,18,UniswapV3CL
UniswapV3CL,0x9370dcc13e5d1dcca807c6b9499c620cda8f4121,PEG,WBNB,200,10000,0x6b4741ffbdad7264eb692f1b2dc92b877dad1ba1,0xbb4cdb9cbd36b01bd1cbaebf2de08d9173bc095c,18,18,UniswapV3CL
PancakeSwapV3,0x6f0ae34af2ff0d7fbea03ff5db8029efd565ef00,TKO,WBNB,50,2500,0x9651490758bb4654b78c295b5e9227e129aee290,0xbb4cdb9cbd36b01bd1cbaebf2de08d9173bc095c,18,18,PancakeSwapV3
UniswapV3CL,0xa2c6f60591738b17f5257eddf10b4cf0138323b1,XRP,ETH,60,3000,0x1d2f0da169ceb9fc7b3144628db156f3f6c60dbe,0x2170ed0880ac9a755fd29b2688956bd959f933f8,18,18,UniswapV3CL
PancakeSwapV3,0xf4374f603259f505513a149389d65f7b8a624be9,GAGA,WBNB,50,2500,0x0f3033a3ae529f6068dc347e413cb1f1abe1cc84,0xbb4cdb9cbd36b01bd1cbaebf2de08d9173bc095c,18,18,PancakeSwapV3
UniswapV3CL,0x4d170f8714367c44787ae98259ce8adb72240067,USDT,WBNB,200,10000,0x55d398326f99059ff775485246999027b3197955,0xbb4cdb9cbd36b01bd1cbaebf2de08d9173bc095c,18,18,UniswapV3CL
PancakeSwapV3,0x5c341dc1f6eeb99ef2edd321d3753f997adc4c1a,LIQUIDATORCZ,WBNB,200,10000,0x76ba147eedcfaaa72d12c94c2ab67b19b80be3f5,0xbb4cdb9cbd36b01bd1cbaebf2de08d9173bc095c,18,18,PancakeSwapV3
PancakeSwapV3,0x602461e5922f7125cfa33e69cd0ec76be0475c6e,Token,WBNB,50,2500,0x488b51ac6102244db2a241a14062ee65260a97c9,0xbb4cdb9cbd36b01bd1cbaebf2de08d9173bc095c,18,18,PancakeSwapV3
PancakeSwapV3,0xa4818e5a17fe945a96d287e28c0d735d0f82b8d4,WBNB,T1M,50,2500,0xbb4cdb9cbd36b01bd1cbaebf2de08d9173bc095c,0xc2ab2e83f962e4f013b9235a1e75fd3a52a6c13f,18,18,PancakeSwapV3
PancakeSwapV3,0x5061fd409bcd3c775ad2d97640f04ee856bcec17,OMNIA,WBNB,50,2500,0x7e7f327728147328b2b0ac0a4742fb5c432a43fc,0xbb4cdb9cbd36b01bd1cbaebf2de08d9173bc095c,18,18,PancakeSwapV3
PancakeSwapV3,0xd5f07fed6ddca96c6e93f06498dfecf7e1346d7e,USDT,HYDT,10,500,0x55d398326f99059ff775485246999027b3197955,0x9810512be701801954449408966c630595d0cd51,18,18,PancakeSwapV3
PancakeSwapV3,0x62c451f62fa1b84451e1ec837ad82a27dc1330c1,FAT,WBNB,1,100,0x5f7c4895eadece7eecc20b9204b0beec2b53186a,0xbb4cdb9cbd36b01bd1cbaebf2de08d9173bc095c,18,18,PancakeSwapV3
UniswapV3CL,0x688aa9136e2d48c4cd4f117a40029c6bc18506f6,M,USDT,200,10000,0x22b1458e780f8fa71e2f84502cee8b5a3cc731fa,0x55d398326f99059ff775485246999027b3197955,18,18,UniswapV3CL
PancakeSwapV3,0xfd05e9ebb645d7adf48db8132c17fa39bdffbd33,NFTGAL,USDT,1,100,0x4927dc45bc8bbf2d3361a03d9bd7da7e20859385,0x55d398326f99059ff775485246999027b3197955,18,18,PancakeSwapV3
PancakeSwapV3,0xb81c5dc4ba5e757365f0cf9f67e8a76ca5666c9c,USDT,UNC,50,2500,0x55d398326f99059ff775485246999027b3197955,0x9969eca91470cdc80e62d4ce43d871dab5055d4b,18,18,PancakeSwapV3
PancakeSwapV3,0x924e62a3689e7b94f397e61ac796dabfea32e93b,USDT,TRADOOR,1,100,0x55d398326f99059ff775485246999027b3197955,0x9123400446a56176eb1b6be9ee5cf703e409f492,18,18,PancakeSwapV3
PancakeSwapV3,0xe6e51ea572502dbdf8b40834d0619f9a9144d3a5,USDT,CROSS,1,100,0x55d398326f99059ff775485246999027b3197955,0x6bf62ca91e397b5a7d1d6bce97d9092065d7a510,18,18,PancakeSwapV3
PancakeSwapV3,0x787abd73593bed588852163402d191c302c7f8b6,USDT,BTR,1,100,0x55d398326f99059ff775485246999027b3197955,0xfed13d0c40790220fbde712987079eda1ed75c51,18,18,PancakeSwapV3
PancakeSwapV3,0x5a0ba590d76c46e90e17df512ebadf57427cbc2d,USDT,USDT,1,100,0x3e413f5607615e2f6a3b2a4c3d460b68263c8888,0x55d398326f99059ff775485246999027b3197955,18,18,PancakeSwapV3
PancakeSwapV3,0x8bafe0bdd3eb9ae0539f5b32e771c1a72a189b7f,USDT,Q,1,100,0x55d398326f99059ff775485246999027b3197955,0xc07e1300dc138601fa6b0b59f8d0fa477e690589,18,18,PancakeSwapV3
UniswapV3CL,0xff8dd24ffd38eca6bbe58c7aca49abc2d9abb574,ASTER,WBNB,10,500,0x000ae314e2a2172a039b26378814c252734f556a,0xbb4cdb9cbd36b01bd1cbaebf2de08d9173bc095c,18,18,UniswapV3CL
UniswapV3CL,0x841792fafa5383bdc634323a919cac4c193e6b44,BUSD,SPD,200,10000,0xe9e7cea3dedca5984780bafc599bd69add087d56,0xf28ddf08160e6794ef6da0262f2678bdfa310f1e,18,18,UniswapV3CL
PancakeSwapV3,0x53cf3d485d0a406da8b97545140002c0a5a1face,WBNB,REZ,50,2500,0xbb4cdb9cbd36b01bd1cbaebf2de08d9173bc095c,0xdb3b9d077e70bc6ab38fd927ca5bf40f74a163e3,18,18,PancakeSwapV3
PancakeSwapV3,0x7972a5d0665a82bbe062b2a71c1352d48452c160,WBTC,BTCB,10,500,0x0555e30da8f98308edb960aa94c0db47230d2b9c,0x7130d2a12b9bcbfae4f2634d864a1ee1ce3ead9c,8,18,PancakeSwapV3
PancakeSwapV3,0x3be400e891786c958c22e121abe71599c576effc,USDT,PLAY,1,100,0x55d398326f99059ff775485246999027b3197955,0xf86089b30f30285d492b0527c37b9c2225bfcf8c,18,18,PancakeSwapV3
PancakeSwapV3,0x1d80c7e4af84a6cafedf8d7c9635ac4978a8e338,DAI,BUSD,1,100,0x1af3f329e8be154074d8769d1ffa4ee058b1dbc3,0xe9e7cea3dedca5984780bafc599bd69add087d56,18,18,PancakeSwapV3
PancakeSwapV3,0xe03c5274b035b3f7dfb2671dcb1e6204a7dd2b37,USDT,DUSD,50,2500,0x55d398326f99059ff775485246999027b3197955,0xaf44a1e76f56ee12adbb7ba8acd3cbd474888122,18,6,PancakeSwapV3
PancakeSwapV3,0x4279f6fdf30b891b696f9b8850d0675210ea8c73,USDT,HNG,10,500,0x55d398326f99059ff775485246999027b3197955,0x8a1d112313131320a2f834e509e8374afa225646,18,8,PancakeSwapV3
PancakeSwapV3,0x4177d01a5b15438438f4e9f19a6015eed58f708f,quq,USDC,1,100,0x4fa7c69a7b69f8bc48233024d546bc299d6b03bf,0x8ac76a51cc950d9822d68b83fe1ad97b32cd580d,18,18,PancakeSwapV3
PancakeSwapV3,0xef7d88d12b6393fe06f5f07d48d7b76511909e6b,H,USDT,1,100,0x44f161ae29361e332dea039dfa2f404e0bc5b5cc,0x55d398326f99059ff775485246999027b3197955,18,18,PancakeSwapV3
PancakeSwapV3,0x80968a476e0235a026fd1f33aaac5a3b7b76110f,AIOZ,WBNB,50,2500,0x33d08d8c7a168333a85285a68c0042b39fc3741d,0xbb4cdb9cbd36b01bd1cbaebf2de08d9173bc095c,18,18,PancakeSwapV3
PancakeSwapV3,0xf683113764e4499c473acd38fc4b37e71554e4ad,WBNB,TRX,50,2500,0xbb4cdb9cbd36b01bd1cbaebf2de08d9173bc095c,0xce7de646e7208a4ef112cb6ed5038fa6cc6b12e3,18,6,PancakeSwapV3
PancakeSwapV3,0x1b7e8acd4b0581eb7ffb2668fd8489a0b1961251,PAIR,WBNB,1,100,0x2f5a0c4542d952c5b104d8912f444b5959a7602b,0xbb4cdb9cbd36b01bd1cbaebf2de08d9173bc095c,18,18,PancakeSwapV3
PancakeSwapV3,0xf5b7575c60a61b9dd87e1fee3f0eac27171ec2c7,TL,WBNB,1,100,0x01dbd9827838ede2e3f132f04736a3b6d8ec2b19,0xbb4cdb9cbd36b01bd1cbaebf2de08d9173bc095c,18,18,PancakeSwapV3
PancakeSwapV3,0xd10df9e37128078af10a539a7eb422e32cd07a6a,ST,WBNB,1,100,0x8a25f9d9cfc50a3c0227c078ed994e701bfa9db2,0xbb4cdb9cbd36b01bd1cbaebf2de08d9173bc095c,18,18,PancakeSwapV3
PancakeSwapV3,0x551fb28da111b6ad3ad48fca537279367fb8e3a1,MEME,USDT,10,500,0x1a5136cd80e07ed4638df9ad02cd8263d3e45770,0x55d398326f99059ff775485246999027b3197955,18,18,PancakeSwapV3
PancakeSwapV3,0x1f307da9a1ed35f1b27665149564446fd588ce81,testAdd,USDT,1,100,0x04e5b4bfef220450ac2026813d6e34c525abb92a,0x55d398326f99059ff775485246999027b3197955,18,18,PancakeSwapV3
PancakeSwapV3,0x0bc03c0d7e62a0bd2477c317bdf30fe9463cb388,WBNB,MY,50,2500,0xbb4cdb9cbd36b01bd1cbaebf2de08d9173bc095c,0xf0ebb572643336834d516c485ad31d3299999999,18,18,PancakeSwapV3
PancakeSwapV3,0x8e7e21c48864d9ab3ab972eac21c8d17b654fe7b,T2,WBNB,50,2500,0x5f8465143fa122ffcf250c0490ad15536ef9e8ea,0xbb4cdb9cbd36b01bd1cbaebf2de08d9173bc095c,18,18,PancakeSwapV3
PancakeSwapV3,0x80e94586f3dcc8a97d010228c4ced48afcdf6bee,MSTR,WBNB,50,2500,0x9665b6f345fc4b2c8d2e57881d363660e9f15038,0xbb4cdb9cbd36b01bd1cbaebf2de08d9173bc095c,18,18,PancakeSwapV3
PancakeSwapV3,0x700cfb8e26009c5c121eb80e94dfa8f98223b542,USDT,TLV,50,2500,0x55d398326f99059ff775485246999027b3197955,0x9107bbd6b7ae186c6a6aead69a7bac18ab2e84a9,18,18,PancakeSwapV3
PancakeSwapV3,0x761b490474a3097fcc0a127dfcc1fa5ec66d9793,SIMPLORE,WBNB,200,10000,0x1507fdde74d67c2ea32ac457c2718137b04177e3,0xbb4cdb9cbd36b01bd1cbaebf2de08d9173bc095c,18,18,PancakeSwapV3
PancakeSwapV3,0x4da61cf492de579536ef09709a404b842cd57eaf,WBNB,WMTX,1,100,0xbb4cdb9cbd36b01bd1cbaebf2de08d9173bc095c,0xdbb5cf12408a3ac17d668037ce289f9ea75439d7,18,6,PancakeSwapV3
PancakeSwapV3,0xecb762b92025f0d9248f4bda9afde734a6dc3d47,SRF,WBNB,50,2500,0x5c22fdf6b4aa48db2eb9869d2a2adb995f809cd1,0xbb4cdb9cbd36b01bd1cbaebf2de08d9173bc095c,18,18,PancakeSwapV3
UniswapV3CL,0x68c0945d9aa429bea59c0e19fff8c3b9d66b07f1,Zksync,WBNB,60,3000,0x1ac083e51fb6d5c8e4bd471c816393fde2d4435b,0xbb4cdb9cbd36b01bd1cbaebf2de08d9173bc095c,18,18,UniswapV3CL
PancakeSwapV3,0x43a2beea7cfc7b06e6736a05299dd329aee6bd03,IDN,USDT,200,10000,0x1557e0cbeb70d8692f1d30f79e32079b2f888888,0x55d398326f99059ff775485246999027b3197955,6,18,PancakeSwapV3
PancakeSwapV3,0xa65247d1e8d8c1ceb4923926e1e7a84c529f9850,Conscious,WBNB,50,2500,0x881025d714c587611e47d89b7929c1cb4ff05b51,0xbb4cdb9cbd36b01bd1cbaebf2de08d9173bc095c,18,18,PancakeSwapV3
PancakeSwapV3,0x7f0b9a92fe7abbc64d38cbd02a3c39191657b8bb,USDT,TCOM,1,100,0x55d398326f99059ff775485246999027b3197955,0xc23db46993f643f1fa0494cd30f9f43505885d84,18,18,PancakeSwapV3
PancakeSwapV3,0x73378b5d18eb6db99a6dfd29a17327a2d3d422cf,STRP,USDT,50,2500,0x13578c16e3dc631737e93ed6bbef428faa9bbaf7,0x55d398326f99059ff775485246999027b3197955,18,18,PancakeSwapV3
PancakeSwapV3,0x414d7fda663cb1898d04286cfea534e501b84e4a,TZ,WBNB,200,10000,0x3b5599c7af6042ce2df2fb1e0c027da7fb44cfbb,0xbb4cdb9cbd36b01bd1cbaebf2de08d9173bc095c,18,18,PancakeSwapV3
PancakeSwapV3,0xeca67f131dba162a56a735779ae786a79ba1608a,tst,WBNB,200,10000,0x636640b8fa8a6ca9e20c7ed146e69805ec3f6252,0xbb4cdb9cbd36b01bd1cbaebf2de08d9173bc095c,18,18,PancakeSwapV3
PancakeSwapV3,0xb2f1658ae22dbb041e5539d77c9186c1f3146c0f,tst,WBNB,200,10000,0x36ef801d7e2a7c49731b1430fbd4f44353d9bdf7,0xbb4cdb9cbd36b01bd1cbaebf2de08d9173bc095c,18,18,PancakeSwapV3
PancakeSwapV3,0x84364d61023445791bcd541447abd39abf93477f,AICROW,WBNB,200,10000,0x8386aec78eb2cca2e9d2dc62fdadf5788d0fc8a2,0xbb4cdb9cbd36b01bd1cbaebf2de08d9173bc095c,18,18,PancakeSwapV3
PancakeSwapV3,0x7f2d0a96791e70a2d6700238dad1e9793e75016f,USDT,GAME,1,100,0x55d398326f99059ff775485246999027b3197955,0x825459139c897d769339f295e962396c4f9e4a4d,18,18,PancakeSwapV3
PancakeSwapV3,0xd47132e5c328cc576b41a0073bd3d156d5cd3b97,BRFH01,USDT,10,500,0x248739ac6e1326b27dc41720fa8ac8b99980a2f3,0x55d398326f99059ff775485246999027b3197955,18,18,PancakeSwapV3
PancakeSwapV3,0xebb1c27cab393793f73fbef8abab7487152d3d22,MAGIC,WBNB,10,500,0x12169ea1e8230661b14113cad9f55a029d6d6430,0xbb4cdb9cbd36b01bd1cbaebf2de08d9173bc095c,18,18,PancakeSwapV3
PancakeSwapV3,0x01385972d4c1f68de8afbba1fba18076ef6949ec,LeGiT,WBNB,50,2500,0x25d436702e2cdddd4c588acb4fbcf34f4e33eb66,0xbb4cdb9cbd36b01bd1cbaebf2de08d9173bc095c,18,18,PancakeSwapV3
PancakeSwapV3,0x908ab8983dffbbdd74ec6028110610e18239ec1e,SIGN,WBNB,50,2500,0x868fced65edbf0056c4163515dd840e9f287a4c3,0xbb4cdb9cbd36b01bd1cbaebf2de08d9173bc095c,18,18,PancakeSwapV3
UniswapV3CL,0x7809f9e596a08d4caca69a78dbdd085a7deac95a,USDT,WBNB,200,10000,0x0102fb73f27e62cbbae7ef3792e5fd46a57b9cd9,0xbb4cdb9cbd36b01bd1cbaebf2de08d9173bc095c,18,18,UniswapV3CL
UniswapV3CL,0x596598ae2578e58fa6edac8655e4024241e679c6,WBNB,SND,200,10000,0xbb4cdb9cbd36b01bd1cbaebf2de08d9173bc095c,0xf221867ca085174ec310725c1faf1b2dbd16b7a7,18,18,UniswapV3CL
PancakeSwapV3,0x6e73022459e7d7af60c7cd3a01227855e6585111,BNR,WBNB,1,100,0xa8cfc270415770582f556355f588d22929ca0354,0xbb4cdb9cbd36b01bd1cbaebf2de08d9173bc095c,18,18,PancakeSwapV3
PancakeSwapV3,0x10a63e18b4a56254493f9789621898122d6d8fd9,WBNB,helllo,50,2500,0xbb4cdb9cbd36b01bd1cbaebf2de08d9173bc095c,0xed92dd1471238b396aea1f6ce343b2cb97e3ed11,18,18,PancakeSwapV3
PancakeSwapV3,0xa4b5558c3383a66993f98ef472972244bc168b61,CLANKER,WBNB,10,500,0x5aa78e05245e71a0a3b8ff30847780c3396d0a0e,0xbb4cdb9cbd36b01bd1cbaebf2de08d9173bc095c,18,18,PancakeSwapV3
PancakeSwapV3,0x67587a08a511098dc47004d1090478d5eb0d77c7,REALAPP,WBNB,10,500,0x0c1aa693278947ff7760e9a0f4aa3f235ba8b250,0xbb4cdb9cbd36b01bd1cbaebf2de08d9173bc095c,18,18,PancakeSwapV3
PancakeSwapV3,0xcf95d48655d23d72926d012e1ed9ba7ada39e6de,WBNB,GALA,10,500,0xbb4cdb9cbd36b01bd1cbaebf2de08d9173bc095c,0xd083ebebc75e13e97e7b222f326ccf861763d6af,18,18,PancakeSwapV3
PancakeSwapV3,0xee393bc47b101244bc2aa2f6f6803bee8f8f3012,WBNB,GOD,1,100,0xbb4cdb9cbd36b01bd1cbaebf2de08d9173bc095c,0xc62491f169e12d5aa022f6e85a8149db9ed39e9b,18,18,PancakeSwapV3
PancakeSwapV3,0x1c03566a60dacb6ac15c8fe0eeb5d97d4beec66b,WBNB,ZLBT,1,100,0xbb4cdb9cbd36b01bd1cbaebf2de08d9173bc095c,0xf727339406d1ab76340717ee38ba378636383db2,18,18,PancakeSwapV3
UniswapV3CL,0x55f87e675d7f5cb5629ffe2e89e98d13aa74e994,WBNB,BNBTIGER,200,10000,0xbb4cdb9cbd36b01bd1cbaebf2de08d9173bc095c,0xff3643a8c1d5a02dc9ef579e9068a7fecda1b105,18,18,UniswapV3CL
UniswapV3CL,0xfca6bafd9a001308e07df0066c43b89b9b28bb35,WBNB,SBET,60,3000,0xbb4cdb9cbd36b01bd1cbaebf2de08d9173bc095c,0xf27f433d679d4b27208bcc2802fdd20e3ed6b912,18,18,UniswapV3CL
PancakeSwapV3,0x9ddf6ff3b86cd00fe8d86bda00fc11795860a984,USDU,USDT,1,100,0x094ec137142ed69634267bbfe6e3a9fd2c64d6e1,0x55d398326f99059ff775485246999027b3197955,18,18,PancakeSwapV3
PancakeSwapV3,0x85f0a2de229f2b2e0e5f4e7ae5e61d3de6fd53dc,D223,WBNB,50,2500,0x9574ddafcca0d1bd3155085e09bf2f9ebb179e69,0xbb4cdb9cbd36b01bd1cbaebf2de08d9173bc095c,18,18,PancakeSwapV3
PancakeSwapV3,0x4b8b6102aef4ee2b6fd09a3e86883015e55a60b0,Tekk8,WBNB,50,2500,0x66e8278b3bae717ed0c04c9a6901be1fceb826c1,0xbb4cdb9cbd36b01bd1cbaebf2de08d9173bc095c,18,18,PancakeSwapV3
PancakeSwapV3,0x9ae4f7b6ca479a856c836970152024722ba9d5f3,ORB,WBNB,50,2500,0x38850bfd0c3e8a45696249e640e725e371765925,0xbb4cdb9cbd36b01bd1cbaebf2de08d9173bc095c,18,18,PancakeSwapV3
PancakeSwapV3,0x1a51bd7dd2585f4deca6508bb8041528c6b53c92,ZAMA,WBNB,50,2500,0x1600521dacf6d684fa4e4580ccf9014396ed47be,0xbb4cdb9cbd36b01bd1cbaebf2de08d9173bc095c,18,18,PancakeSwapV3
PancakeSwapV3,0x0a9b03b43dcde0843857406e2f3988169869b162,GTT,WBNB,200,10000,0xa2b4cd19e9205a166c0469f4c8c07207566eedcf,0xbb4cdb9cbd36b01bd1cbaebf2de08d9173bc095c,18,18,PancakeSwapV3
PancakeSwapV3,0xe2625c92dda2a0539f9091a6f6a748a907dbd350,USDT,XUSD,10,500,0x55d398326f99059ff775485246999027b3197955,0xf81ac2e1a0373dde1bce01e2fe694a9b7e3bfcb9,18,6,PancakeSwapV3
PancakeSwapV3,0x08d68d507630955698eef54314a5038ba775136c,USDT,CBTS,1,100,0x55d398326f99059ff775485246999027b3197955,0xdea8b9d6428ae959e95dadc264f31aa75d0b1296,18,18,PancakeSwapV3
PancakeSwapV3,0x510e8a1d98202a3c4ddd5f94f4bcca5d49565302,Psyop,WBNB,10,500,0x8c8aad7465c7e83c7bfbff3c86a18b9905ff0678,0xbb4cdb9cbd36b01bd1cbaebf2de08d9173bc095c,18,18,PancakeSwapV3
UniswapV3CL,0x6409ae76d41f36ab1b2e3f4b386bf4216cd404f8,USR,USDC,1,100,0x2492d0006411af6c8bbb1c8afc1b0197350a79e9,0x8ac76a51cc950d9822d68b83fe1ad97b32cd580d,18,18,UniswapV3CL
PancakeSwapV3,0xe3617531a7af5a12164de8cd7f0676e8ccd11dca,CL3,USDT,1,100,0x10b95de3c7537d615036dfa9c6409f6b029c9011,0x55d398326f99059ff775485246999027b3197955,18,18,PancakeSwapV3
UniswapV3CL,0x7ad399d440bd0abb43089b2d5ad148ae177cc484,WBNB,XNY,1,100,0xbb4cdb9cbd36b01bd1cbaebf2de08d9173bc095c,0xdb1c0406685b816768667d4eb88ce4afcba19e72,18,18,UniswapV3CL
PancakeSwapV3,0xd2c79f89c0cea4f4a56e2547a0f62a3f883a1211,USDT,PI,10,500,0x55d398326f99059ff775485246999027b3197955,0x6aa8535b41ec068fbcc2c53c2c7b6f6e80c5d867,18,6,PancakeSwapV3
PancakeSwapV3,0x9db076298d9a599f78a9dc62caeabcec7a9b2c09,USDT,WBNB,1,100,0xb09f86d0a04781040f6178012543ba6f7dbc681a,0xbb4cdb9cbd36b01bd1cbaebf2de08d9173bc095c,18,18,PancakeSwapV3
PancakeSwapV3,0x00973a33e48e2b11d045aec50f9b2a1d4681693b,GCM,WBNB,50,2500,0x848ac4223391e25db44a26537c510d993666caac,0xbb4cdb9cbd36b01bd1cbaebf2de08d9173bc095c,18,18,PancakeSwapV3
UniswapV3CL,0xf6a80dcc249fb0cc7721c3c9190c764f49194b61,CZMoon,WBNB,1,100,0x5efb2223e681f12fe936127133b4b7c55718a1f6,0xbb4cdb9cbd36b01bd1cbaebf2de08d9173bc095c,18,18,UniswapV3CL
PancakeSwapV3,0xe8f48337ccd3f258147049746542d26dbfd386f4,ICE,WBNB,1,100,0x602730e2ce965a58c91e3586c62abacb94bc7511,0xbb4cdb9cbd36b01bd1cbaebf2de08d9173bc095c,18,18,PancakeSwapV3
PancakeSwapV3,0x8421753f43d915c6dcaf01250b9a10c9912f688f,TBC,WBNB,50,2500,0xa2304cbd0f82d49eb70a6ac122c85fdc35ade291,0xbb4cdb9cbd36b01bd1cbaebf2de08d9173bc095c,18,18,PancakeSwapV3
PancakeSwapV3,0x60984a1c2b8b2ea4a2b34bb4dddb7ce020d510d5,UDCToken,WBNB,10,500,0x49d2f2466c9c2b2e0612169739357bab74b6d22b,0xbb4cdb9cbd36b01bd1cbaebf2de08d9173bc095c,18,18,PancakeSwapV3
PancakeSwapV3,0xf0750c373ebbb3baeef7e03d8300caad1983d67c,TAG,WBNB,10,500,0x208bf3e7da9639f1eaefa2de78c23396b0682025,0xbb4cdb9cbd36b01bd1cbaebf2de08d9173bc095c,18,18,PancakeSwapV3
PancakeSwapV3,0x4f248a50f1570731739e121ff52748a277455b21,WLC,WBNB,200,10000,0xb57e12eeab1a6f0b12ead22ffb4370b9e9a677a4,0xbb4cdb9cbd36b01bd1cbaebf2de08d9173bc095c,18,18,PancakeSwapV3
PancakeSwapV3,0x9f1bda64827ab72486ad3a207d4be4d498c25def,SAGA,USDT,1,100,0x4154712df9b0fcbe7c56d64fa6093e876933d66b,0x55d398326f99059ff775485246999027b3197955,18,18,PancakeSwapV3
PancakeSwapV3,0xb336421cee05d06a462b41978735bf80dd82899a,WBNB,BELLSKY,200,10000,0xbb4cdb9cbd36b01bd1cbaebf2de08d9173bc095c,0xe3962767d26a6efb5484ac09a1430fd03ed42bf8,18,18,PancakeSwapV3
PancakeSwapV3,0x578f68756c114d6d36ca61342e8d339b94418bed,USDT,U,200,10000,0x55d398326f99059ff775485246999027b3197955,0x9a17fd5cb8efc25d11567e713ae795a89775a759,18,18,PancakeSwapV3
PancakeSwapV3,0x85faac652b707fdf6907ef726751087f9e0b6687,WBNB,BUSD,10,500,0xbb4cdb9cbd36b01bd1cbaebf2de08d9173bc095c,0xe9e7cea3dedca5984780bafc599bd69add087d56,18,18,PancakeSwapV3
PancakeSwapV3,0xb0e48feb4089d7d96ce35baf25e5692770081ab8,vU,USDT,200,10000,0x3d5e269787d562b74acc55f18bd26c5d09fa245e,0x55d398326f99059ff775485246999027b3197955,8,18,PancakeSwapV3
PancakeSwapV3,0x38cfd6071b5b56d46bc7f9751d42cb7f206c7afc,GLN,WBNB,10,500,0x1264be9dcb333c653e8fb163a304b2602f9d4f11,0xbb4cdb9cbd36b01bd1cbaebf2de08d9173bc095c,18,18,PancakeSwapV3
PancakeSwapV3,0x3232fa5f9750731438e36e894dec8d4bdc5384db,LABEL,WBNB,1,100,0xba16ab0648b25c02873a17a551ee5e145df8f71f,0xbb4cdb9cbd36b01bd1cbaebf2de08d9173bc095c,18,18,PancakeSwapV3
PancakeSwapV3,0x2f6764175a8e309e7d726efa76ab389b18670151,TELL,WBNB,200,10000,0x6ad6c97cbff4691041a7f85e20b184f62ce17510,0xbb4cdb9cbd36b01bd1cbaebf2de08d9173bc095c,18,18,PancakeSwapV3
UniswapV3CL,0x7701295bf3624b13186f5555d0979614eb3c8060,SPUSD,USDC,1,100,0x40ff3dea2eec93a7b71879874dc4407918da77a6,0x8ac76a51cc950d9822d68b83fe1ad97b32cd580d,18,18,UniswapV3CL
PancakeSwapV3,0x967eed039c86fb4aa8f766eb95e81b2a5eaf903f,BTCB,WRUB,200,10000,0x7130d2a12b9bcbfae4f2634d864a1ee1ce3ead9c,0x72f74fb5382a7a49b5c6e8437a04d65bf2ff5736,18,18,PancakeSwapV3
PancakeSwapV3,0xf26de996845fb1e07f33af3c7f02b084965d6dde,USDC,DUSD,1,100,0x8ac76a51cc950d9822d68b83fe1ad97b32cd580d,0xaf44a1e76f56ee12adbb7ba8acd3cbd474888122,18,6,PancakeSwapV3
PancakeSwapV3,0x1b87567de134dbe30e29953c477f1cbc3d626b6b,USELESS,WBNB,200,10000,0xba38b3c706f7a515ff7c8db04daa0a134ec46d2b,0xbb4cdb9cbd36b01bd1cbaebf2de08d9173bc095c,6,18,PancakeSwapV3
PancakeSwapV3,0x789acf353eb13ec904e95c77b0219750f15f336c,USDT,HEIST,50,2500,0x55d398326f99059ff775485246999027b3197955,0x63565ca93b92eba253b4ea6a7ebbdf87e0140c2c,18,18,PancakeSwapV3
PancakeSwapV3,0x56a59276eab037e673bbbb7f925fe6dbd91e15c0,USDT,WebK,50,2500,0x55d398326f99059ff775485246999027b3197955,0x8f8b4db4a0dcfa78f33ddb08874f92ec8883f097,18,18,PancakeSwapV3
PancakeSwapV3,0x4d9541bcfc450b15c458877c97848c7a96898f6c,USDT,SLX,1,100,0x55d398326f99059ff775485246999027b3197955,0x8a063a9ff4de28dcb87117cc759be6ce70e09f81,18,18,PancakeSwapV3
UniswapV3CL,0x34ab56b75e9dadcdf367c15780bf4423b327dcca,TWIM,USDT,60,3000,0x3c68a6940d8f3b009f467765740699ae5804b997,0x55d398326f99059ff775485246999027b3197955,18,18,UniswapV3CL
PancakeSwapV3,0xeeb99c712a54e8617e76d4747507ddaa328e2505,4CZ,WBNB,50,2500,0x21e7404e395861400d9cc5cdf81bb02c75f50f05,0xbb4cdb9cbd36b01bd1cbaebf2de08d9173bc095c,18,18,PancakeSwapV3
PancakeSwapV3,0x1e213600fa9317feac4ef4087acdf5d0e25d7187,Cake,WBNB,1,100,0x0e09fabb73bd3ade0a17ecc321fd13a19e81ce82,0xbb4cdb9cbd36b01bd1cbaebf2de08d9173bc095c,18,18,PancakeSwapV3
PancakeSwapV3,0x74df7191fc26e73e070b9263640eb506e8cd052b,USDT,Mul,200,10000,0x55d398326f99059ff775485246999027b3197955,0xb1972438821381f03fd866964c03eaed004df1fd,18,18,PancakeSwapV3
PancakeSwapV3,0x8110162708713e1733c5e340badf985a90ea76cf,USDT,USDH,1,100,0x55d398326f99059ff775485246999027b3197955,0xc91e593ed68f4a1d49999de1f8ff8d3699a6168b,18,18,PancakeSwapV3
UniswapV3CL,0xdf8e9f6eb492847e2310e8b8237830df981d1f4c,USDT,APD2.0,200,10000,0x55d398326f99059ff775485246999027b3197955,0xeccdd038d8882313f0cb5bf007181930d0d80d8d,18,18,UniswapV3CL
PancakeSwapV3,0x82d53f09bcd1d6b75894c40b301a112c53a0cdf9,AEVO,USDT,1,100,0x27fd4a6653074e3ff47dc201e0d9fe6cf3c15fb5,0x55d398326f99059ff775485246999027b3197955,18,18,PancakeSwapV3
PancakeSwapV3,0x27762d5f39cd3a0c75ae77c401fd7e460d9e6d66,COCO,WBNB,50,2500,0x80f1ff15b887cb19295d88c8c16f89d47f6d8888,0xbb4cdb9cbd36b01bd1cbaebf2de08d9173bc095c,18,18,PancakeSwapV3
PancakeSwapV3,0x0bb0c3795b41afc0b314b33a86e1c6e7c4b68b31,LN,WBNB,1,100,0xb7d4267625fc36161b1ed2dde007792b79b2437c,0xbb4cdb9cbd36b01bd1cbaebf2de08d9173bc095c,18,18,PancakeSwapV3
PancakeSwapV3,0x69657ae5d47995b067d11d255605107a65e8f98c,PS5,WBNB,1,100,0x13a8b09cfef53ec5f62b8c7ada4e5b30a5e2c369,0xbb4cdb9cbd36b01bd1cbaebf2de08d9173bc095c,18,18,PancakeSwapV3
UniswapV3CL,0x8f8e7bbca63979f8f639f55bc68a4730d57ee376,STUSD,USDC,10,500,0x806dd21af6de051fb811760a5768d04a99160eb9,0x8ac76a51cc950d9822d68b83fe1ad97b32cd580d,18,18,UniswapV3CL
PancakeSwapV3,0xc744be8190e2a4d9058294afe86d43ad9fb118e7,GOATED,USDC,1,100,0x5d7909f951436d4e6974d841316057df3a622962,0x8ac76a51cc950d9822d68b83fe1ad97b32cd580d,18,18,PancakeSwapV3
PancakeSwapV3,0x657187786583659b86c5f9d261fd1d65f56b28d7,WAI,USDT,1,100,0x1e3dbc0aad9671fdd31e58b2fcc6cf1ca9947994,0x55d398326f99059ff775485246999027b3197955,18,18,PancakeSwapV3
PancakeSwapV3,0xd7af60112d7dfe0f914724e3407dd54424aaa19b,USDT,AB,1,100,0x55d398326f99059ff775485246999027b3197955,0x95034f653d5d161890836ad2b6b8cc49d14e029a,18,18,PancakeSwapV3
PancakeSwapV3,0x219cf5fc877f3dc7e5105496249797ed34cdfb4b,USDT,ZENT,1,100,0x55d398326f99059ff775485246999027b3197955,0x8c321c2e323bc26c01df0dc62311482a1256fdf5,18,18,PancakeSwapV3
PancakeSwapV3,0xc250f64a0317a34afbdfc9f580b987b5e8f182f9,WBNB,UTE,1,100,0xbb4cdb9cbd36b01bd1cbaebf2de08d9173bc095c,0xcf2d52c009a7849b29f3cb466d5108fd95b845f1,18,18,PancakeSwapV3
UniswapV3CL,0x1c66f37f8ef97fd04dccdeb5afe103867b80d1cf,ASTER,WBNB,60,3000,0x633cca308bcc66fa61f205386aad7ada0ba3889f,0xbb4cdb9cbd36b01bd1cbaebf2de08d9173bc095c,18,18,UniswapV3CL
PancakeSwapV3,0xda5b2088c706c8847b33dc155e41b9dad70c1233,WBNB,nayibbukele,200,10000,0xbb4cdb9cbd36b01bd1cbaebf2de08d9173bc095c,0xbc8b3a6e7835d1673769ad1fb535c9cccc8ddddd,18,18,PancakeSwapV3
PancakeSwapV3,0x5c4088a140a8e3ae06036e615e910938a642466d,USDT,OZAU,1,100,0x55d398326f99059ff775485246999027b3197955,0x5871ec02ae3a2cd1e880f16fb3dcb00fc482b59c,18,18,PancakeSwapV3
PancakeSwapV3,0xc7246e461dbf73cabab60c3980ec55db255df618,SLOTH,WBNB,50,2500,0x71ab86a43431cd8b9655359d47818e92c3a455bd,0xbb4cdb9cbd36b01bd1cbaebf2de08d9173bc095c,18,18,PancakeSwapV3
PancakeSwapV3,0x4872428d3846997a9af1f7a4072188dfd5b325ec,MLHS,WBNB,10,500,0x724c2fb83d76ebc8667b326988c173d6d6d20549,0xbb4cdb9cbd36b01bd1cbaebf2de08d9173bc095c,18,18,PancakeSwapV3
PancakeSwapV3,0x1ab31c99937e126c46ddacdd52dbb7c879ef9efa,WBNB,LUCKY,1,100,0xbb4cdb9cbd36b01bd1cbaebf2de08d9173bc095c,0xe9fd0809066f09e504c64d599626b4fc04ca6905,18,18,PancakeSwapV3
PancakeSwapV3,0xa08b94e90e6447d7e0d14c8e485314846940859a,SKYF,WBNB,1,100,0x32ff760cd2b68a6904c94cc5986cc4310a5a3950,0xbb4cdb9cbd36b01bd1cbaebf2de08d9173bc095c,18,18,PancakeSwapV3
PancakeSwapV3,0x68acc7d6dfe5829e2c167565f3843c8a54c7e950,Fastdog,WBNB,200,10000,0x482a556fd5c14a0ac74ed06e3c02de8455c6222a,0xbb4cdb9cbd36b01bd1cbaebf2de08d9173bc095c,18,18,PancakeSwapV3
PancakeSwapV3,0xe0fa888168297711ad3b922e57f22a1fd758a704,ROCKET,WBNB,200,10000,0x44a9c155b61ff9720ddec80b66b820d0edfb70f3,0xbb4cdb9cbd36b01bd1cbaebf2de08d9173bc095c,18,18,PancakeSwapV3
PancakeSwapV3,0xb32d657a43002c5def46355b35cae063bf324851,WBNB,FlashDoge,200,10000,0xbb4cdb9cbd36b01bd1cbaebf2de08d9173bc095c,0xe9b214d4c1560606525e4796a6400af88338c4fb,18,18,PancakeSwapV3
PancakeSwapV3,0x3163909f226caca8a5706dc2f8730c228f433836,WBNB,jack,50,2500,0xbb4cdb9cbd36b01bd1cbaebf2de08d9173bc095c,0xeeac11eeb643fb15c2efc48cd86228aac3e8dddd,18,18,PancakeSwapV3
PancakeSwapV3,0xa1247d4214d3f51e0240de37e2cccc3447e051c1,WBNB,O,1,100,0xbb4cdb9cbd36b01bd1cbaebf2de08d9173bc095c,0xca532fc1c549cb850da32a8b1b10e8befbd3ec3a,18,18,PancakeSwapV3
PancakeSwapV3,0xdd7a721c3b1399a006c7451453ccb3e1394f4cf9,QNE,WBNB,10,500,0x74d10706cb0835c9b8ef92f7073334957a54a4cf,0xbb4cdb9cbd36b01bd1cbaebf2de08d9173bc095c,18,18,PancakeSwapV3
PancakeSwapV3,0x16d41b26b7cf8cc39aa6156514460ef5e3514141,WBNB,JMilei,50,2500,0xbb4cdb9cbd36b01bd1cbaebf2de08d9173bc095c,0xd3b9975c8d0caf88c116dc35e75200a4974ddddd,18,18,PancakeSwapV3
PancakeSwapV3,0x6a2dd37603c5b8c5bdd1d2c75111af9af8bdbcc2,USDT,BTCLE,50,2500,0x55d398326f99059ff775485246999027b3197955,0x9d2144328e1d618f54cd38540f5ee50671f6a208,18,18,PancakeSwapV3
UniswapV3CL,0x6cfa38eba62bd4d8124c9bb9faa551482156b457,BTCB,LINK,200,10000,0x7130d2a12b9bcbfae4f2634d864a1ee1ce3ead9c,0xf8a0bf9cf54bb92f17374d9e9a321e6a111a51bd,18,18,UniswapV3CL
PancakeSwapV3,0xa424c24c5cbfc377c3b6ae7355c3f30984664b16,USDT,GAIA,1,100,0x55d398326f99059ff775485246999027b3197955,0xd715cc968c288740028be20685263f43ed1e4837,18,18,PancakeSwapV3
PancakeSwapV3,0x4620f5c127a6055fbebb1f71327d60ff079c9060,ON,USDT,1,100,0x0e4f6209ed984b21edea43ace6e09559ed051d48,0x55d398326f99059ff775485246999027b3197955,18,18,PancakeSwapV3
PancakeSwapV3,0x74b6ba061001804f8e1f5899b30faf88c87038d0,MYSHIB,USDT,50,2500,0x391a282f5830e77052cc18c8d1ccd8bc3b28ce1c,0x55d398326f99059ff775485246999027b3197955,18,18,PancakeSwapV3
UniswapV3CL,0x188336fdd929cb43deb2b552fde78d7605e1fef3,SOHO,WBNB,1,100,0x7a6e1acd16920f19c979ef07318f667e08388120,0xbb4cdb9cbd36b01bd1cbaebf2de08d9173bc095c,18,18,UniswapV3CL
PancakeSwapV3,0x92fec27f8dfd2b94cd273c382444d70443d00a11,STRKM,WBNB,10,500,0x1d2079057cbaa8d8d7439c734110ffe98ffdc80c,0xbb4cdb9cbd36b01bd1cbaebf2de08d9173bc095c,18,18,PancakeSwapV3
PancakeSwapV3,0x26deb24a2623cf54452ab5183e2c34551831d54d,USDT,EVAA,1,100,0x55d398326f99059ff775485246999027b3197955,0xaa036928c9c0df07d525b55ea8ee690bb5a628c1,18,18,PancakeSwapV3
PancakeSwapV3,0x86be0255b0d26554c0e4e5da6eb8ed8cca1e9cf2,MLL,USDT,200,10000,0x3a9c38e2935e227167833bf46d2a09c90a2d31a9,0x55d398326f99059ff775485246999027b3197955,18,18,PancakeSwapV3
PancakeSwapV3,0x30305b22fc2830b42908993e668b31b7234a9737,USDT,C,1,100,0x55d398326f99059ff775485246999027b3197955,0xc32cc70741c3a8433dcbcb5ade071c299b55ffc8,18,18,PancakeSwapV3
PancakeSwapV3,0x9be02b0dd7b5566b9904fcec730296c787cf2724,MLK,USDT,1,100,0x374c5fb7979d5fdbaad2d95409e235e5cbdfd43c,0x55d398326f99059ff775485246999027b3197955,8,18,PancakeSwapV3
PancakeSwapV3,0x84312d9812075cc71f88e52b5b3785389f598d36,USDT,HSBF,50,2500,0x55d398326f99059ff775485246999027b3197955,0x59b230455a74f126161c45d50b8de646817e0e50,18,18,PancakeSwapV3
PancakeSwapV3,0xa2bbded3f749ed41800b82e9a064196bb5174286,HOME,WBNB,50,2500,0x4bfaa776991e85e5f8b1255461cbbd216cfc714f,0xbb4cdb9cbd36b01bd1cbaebf2de08d9173bc095c,18,18,PancakeSwapV3
PancakeSwapV3,0x14e8a5042326db6bbbae28f562e051c8c3c354c8,USDT,tMantaBNB,1,100,0x55d398326f99059ff775485246999027b3197955,0xd5bf07ae3728aa7fe8902b49f5d2c63b772b39c4,18,18,PancakeSwapV3
PancakeSwapV3,0xa341e8e8ee6bf97fa1d18c2d12f00555dc78207e,BAS,WBNB,1,100,0x0f0df6cb17ee5e883eddfef9153fc6036bdb4e37,0xbb4cdb9cbd36b01bd1cbaebf2de08d9173bc095c,18,18,PancakeSwapV3
PancakeSwapV3,0x19ceabe800596ec01164c3680a66e8216d47d517,BTCB,USDC,50,2500,0x7130d2a12b9bcbfae4f2634d864a1ee1ce3ead9c,0x8ac76a51cc950d9822d68b83fe1ad97b32cd580d,18,18,PancakeSwapV3
PancakeSwapV3,0x4a3218606af9b4728a9f187e1c1a8c07fbc172a9,USD1,WBNB,10,500,0x8d0d000ee44948fc98c9b98a4fa4921476f08b0d,0xbb4cdb9cbd36b01bd1cbaebf2de08d9173bc095c,18,18,PancakeSwapV3
PancakeSwapV3,0x91058b53d6143e6df6bb310af2d2618cfd54399c,DOT,WBNB,50,2500,0x8d010bf9c26881788b4e6bf5fd1bdc358c8f90b8,0xbb4cdb9cbd36b01bd1cbaebf2de08d9173bc095c,18,18,PancakeSwapV3
PancakeSwapV3,0x9c5add5b10bfccf89bef307a69e8b3610af4b4b2,WBNB,GWC,50,2500,0xbb4cdb9cbd36b01bd1cbaebf2de08d9173bc095c,0xcf8847dca5e97e723792e6fc6410c2c29bd22e5c,18,18,PancakeSwapV3
PancakeSwapV3,0x9898b535de71c0050aa58d86f3c9a8b0350b343d,MEGAXD,WBNB,1,100,0x8b12da9731542cc4db67d20b885c09101979909c,0xbb4cdb9cbd36b01bd1cbaebf2de08d9173bc095c,18,18,PancakeSwapV3
PancakeSwapV3,0x1d11060dce19cbc2650f6a84f728fc0e54cf7faa,BOB,USDT,1,100,0x52b5fb4b0f6572b8c44d0251cc224513ac5eb7e7,0x55d398326f99059ff775485246999027b3197955,18,18,PancakeSwapV3
PancakeSwapV3,0xc1a780989734a0e5df875cebe410748562e1c5e6,B2,WBNB,1,100,0x783c3f003f172c6ac5ac700218a357d2d66ee2a2,0xbb4cdb9cbd36b01bd1cbaebf2de08d9173bc095c,18,18,PancakeSwapV3
UniswapV3CL,0x561485843241f2c47ace1a83c1c1062f025cf22e,USDT,aaaBTC,1,100,0x55d398326f99059ff775485246999027b3197955,0x6f7a6a45b7bb844b6f037681a8d7aae3ca42ce57,18,18,UniswapV3CL
PancakeSwapV3,0xd3cffc6b02a34dfc72f1350339031043a854599f,AGT,WBNB,1,100,0x5dbde81fce337ff4bcaaee4ca3466c00aecae274,0xbb4cdb9cbd36b01bd1cbaebf2de08d9173bc095c,18,18,PancakeSwapV3
PancakeSwapV3,0x81a9b5f18179ce2bf8f001b8a634db80771f1824,USDC,WBNB,10,500,0x8ac76a51cc950d9822d68b83fe1ad97b32cd580d,0xbb4cdb9cbd36b01bd1cbaebf2de08d9173bc095c,18,18,PancakeSwapV3
PancakeSwapV3,0x539e0ebfffd39e54a0f7e5f8fec40ade7933a664,ETH,USDC,10,500,0x2170ed0880ac9a755fd29b2688956bd959f933f8,0x8ac76a51cc950d9822d68b83fe1ad97b32cd580d,18,18,PancakeSwapV3
PancakeSwapV3,0x314065ca27735878220f11826ca9fd0ab02d2f61,RWCF23,WBNB,1,100,0x9e567b27fedc90e201ff031e5a57935e268fb71d,0xbb4cdb9cbd36b01bd1cbaebf2de08d9173bc095c,18,18,PancakeSwapV3
UniswapV3CL,0xa47aca4dd3537d09e2b812aeee3bc7124921858a,DAI,USDC,10,500,0x1af3f329e8be154074d8769d1ffa4ee058b1dbc3,0x8ac76a51cc950d9822d68b83fe1ad97b32cd580d,18,18,UniswapV3CL
UniswapV3CL,0xfffbf1038a547b6e7c89db5e64234689ebc0e501,TDN,USDT,200,10000,0x44905ea23e2450df399dce7bc25a7a177f5c3cdc,0x55d398326f99059ff775485246999027b3197955,18,18,UniswapV3CL
PancakeSwapV3,0x0b0fa20afd2d1f5b890d3083819e8a4039ecb9a5,BROWNIE,WBNB,200,10000,0xaa7cd678c8a2809c6dff1250a87f184e779922c9,0xbb4cdb9cbd36b01bd1cbaebf2de08d9173bc095c,18,18,PancakeSwapV3
PancakeSwapV3,0x27820f8b2e7c5dbe1eef6805577c222afde1a191,USDT,TOSHI,10,500,0x55d398326f99059ff775485246999027b3197955,0x6a2608dabe09bc1128eec7275b92dfb939d5db3f,18,18,PancakeSwapV3
PancakeSwapV3,0xa0f5094724ff8d92f04b5ba4da355c1edc14bcf6,USDT,PORTAL,1,100,0x55d398326f99059ff775485246999027b3197955,0x8a8e3c772d284e0a05a72631db0b10b2886f6d8c,18,18,PancakeSwapV3
PancakeSwapV3,0x3c01a8cb79f4561606c6dedfeb1f4695f8a174b2,TWT,USDT,50,2500,0x4b0f1812e5df2a09796481ff14017e6005508003,0x55d398326f99059ff775485246999027b3197955,18,18,PancakeSwapV3
PancakeSwapV3,0xd0c66ddb7772a975e4cad5beb60b247454f90612,RUB,USDT,10,500,0x01d38fd82af6a3dacdf172fd9023ad5df41766f6,0x55d398326f99059ff775485246999027b3197955,18,18,PancakeSwapV3
PancakeSwapV3,0x64ebb904e169cb94e9788fcb68283b4c894ed881,WBNB,SFP,50,2500,0xbb4cdb9cbd36b01bd1cbaebf2de08d9173bc095c,0xd41fdb03ba84762dd66a0af1a6c8540ff1ba5dfb,18,18,PancakeSwapV3
PancakeSwapV3,0xc9b3537b66adb8e6642cf806bcddd155ba9d2fd4,OZAU,BUSD,1,100,0x5871ec02ae3a2cd1e880f16fb3dcb00fc482b59c,0xe9e7cea3dedca5984780bafc599bd69add087d56,18,18,PancakeSwapV3
PancakeSwapV3,0x6821a6747d24d0a8f59a4a7fcb517d16311894bb,WCS,USDT,1,100,0x4343e178c37556e708e65c1d7be0cb2537b50d7d,0x55d398326f99059ff775485246999027b3197955,8,18,PancakeSwapV3
PancakeSwapV3,0xe591862cd08bf7c7c1491f6236ea854e8290deee,USDT,vUSDT,200,10000,0x55d398326f99059ff775485246999027b3197955,0xfd5840cd36d94d7229439859c0112a4185bc0255,18,8,PancakeSwapV3
PancakeSwapV3,0x60987a96ed02995b6647a6c4c186328cf04043a7,USDT,BT,1,100,0x55d398326f99059ff775485246999027b3197955,0xc96b683a1b6d7b6e60a9248596987ec034744c38,18,18,PancakeSwapV3
PancakeSwapV3,0x78bd558cffa3fb040e4d2170e64cc0a27e335884,RBT,WBNB,10,500,0x1ce341660dfa12bc5aa0165837806387e9ee2774,0xbb4cdb9cbd36b01bd1cbaebf2de08d9173bc095c,18,18,PancakeSwapV3
PancakeSwapV3,0x69a98c9b0c8172d3a447dbc81cdb94455aafe991,UAH,USDT,10,500,0x4688b55ce5f1589c8af86a192ac574b930315a12,0x55d398326f99059ff775485246999027b3197955,18,18,PancakeSwapV3
PancakeSwapV3,0xf0601427e3bfc416bc7838fb9e15c6f0f56f4aa0,FOREST,WBNB,1,100,0x11cf6bf6d87cb0eb9c294fd6cbfec91ee3a1a7d0,0xbb4cdb9cbd36b01bd1cbaebf2de08d9173bc095c,18,18,PancakeSwapV3
PancakeSwapV3,0x09aab7c7ba5763db1f3c6f784f3b30d67d8f8c52,WBNB,LIDC,50,2500,0xbb4cdb9cbd36b01bd1cbaebf2de08d9173bc095c,0xf1da1a4719aa545b8069d137d6aade5d61dd1c46,18,18,PancakeSwapV3
PancakeSwapV3,0xcc0df1a1af3e74d6fa1c81084d7d0e771c3be961,REBIRTH,WBNB,50,2500,0x5c3dabc78e9fbfa0ed05d15d04d690d0ccad0eff,0xbb4cdb9cbd36b01bd1cbaebf2de08d9173bc095c,18,18,PancakeSwapV3
PancakeSwapV3,0x380a466ae6896d7d4fcd571e1e24cd5061a836b3,Cake,BTCB,50,2500,0x0e09fabb73bd3ade0a17ecc321fd13a19e81ce82,0x7130d2a12b9bcbfae4f2634d864a1ee1ce3ead9c,18,18,PancakeSwapV3
PancakeSwapV3,0xcec31052610aaf0693d6b4d34e055687af3aeee6,ETH,BTCB,1,100,0x2170ed0880ac9a755fd29b2688956bd959f933f8,0x7130d2a12b9bcbfae4f2634d864a1ee1ce3ead9c,18,18,PancakeSwapV3
PancakeSwapV3,0xb99bbcbac0bf427944e6cdcdf4ac7fae49a7c985,USDT,GNC,50,2500,0x55d398326f99059ff775485246999027b3197955,0x69bd5e5b2dc3f9b3149f9ce33071a363a3bf4523,18,18,PancakeSwapV3
PancakeSwapV3,0x0dee7a7b3b43715f49a6597e4b322de30b021f84,TCN,WBNB,1,100,0x55cd009fb59d64942e2d6bedbff6fd8efcb4c3d9,0xbb4cdb9cbd36b01bd1cbaebf2de08d9173bc095c,18,18,PancakeSwapV3
PancakeSwapV3,0x7487f1e3b41965cc9df4032104847b78583c4977,USDT,WAVC,200,10000,0x55d398326f99059ff775485246999027b3197955,0xa294aa8bddbb145adc272559f8df8c281b068efe,18,18,PancakeSwapV3
UniswapV3CL,0xc7bf86871ebaae906e8e8c3dddf2e396e9502d1e,WLFI,USDC,200,10000,0x47474747477b199288bf72a1d702f7fe0fb1deea,0x8ac76a51cc950d9822d68b83fe1ad97b32cd580d,18,18,UniswapV3CL
PancakeSwapV3,0xc0b077b7e883238f0c6f71162a2e91e11ffb3248,Cucco,WBNB,1,100,0x715bbd8149716503c27e84b8e0b800e22f73f522,0xbb4cdb9cbd36b01bd1cbaebf2de08d9173bc095c,18,18,PancakeSwapV3
PancakeSwapV3,0x102fbac55d35b6d666effd4520fb84530a4a7eba,ADO,WBNB,1,100,0x19c3817c13671068fdbe9b6cca835d5b82f9f641,0xbb4cdb9cbd36b01bd1cbaebf2de08d9173bc095c,18,18,PancakeSwapV3
PancakeSwapV3,0xa96f927c2906c5084fb4c3e1dc4f4ea40a2e7493,MGT,USDT,50,2500,0x2019941099e3e2c536c8a91c5e57a33ab0f9d9db,0x55d398326f99059ff775485246999027b3197955,18,18,PancakeSwapV3
PancakeSwapV3,0x9f096c1b14acf05e9c9671a4e9634e15067ed4d6,T500,WBNB,50,2500,0x679768f60fc8e634b4faad4500330b353f966f77,0xbb4cdb9cbd36b01bd1cbaebf2de08d9173bc095c,18,18,PancakeSwapV3
PancakeSwapV3,0x6ac5f8652a8547e9dc02583f133b0de7db27aca4,Drill,WBNB,50,2500,0xb78c2dd9d0239ca64ef4e106ccbefa8d0f33e9fe,0xbb4cdb9cbd36b01bd1cbaebf2de08d9173bc095c,18,18,PancakeSwapV3
PancakeSwapV3,0xa5067360b13fc7a2685dc82dcd1bf2b4b8d7868b,Broccoli,WBNB,200,10000,0x6d5ad1592ed9d6d1df9b93c793ab759573ed6714,0xbb4cdb9cbd36b01bd1cbaebf2de08d9173bc095c,18,18,PancakeSwapV3
UniswapV3CL,0xed886286893f2b09969caaf1dfc4033c0c381bdc,QTMQ,WBNB,200,10000,0x1635d0f514cc3893e85b0e4cd58c37aade144529,0xbb4cdb9cbd36b01bd1cbaebf2de08d9173bc095c,18,18,UniswapV3CL
PancakeSwapV3,0x6dafbf0ab4fd72e2a5c0ad5a1ed277d3bf8a8d1f,WBNB,TUT,200,10000,0xbb4cdb9cbd36b01bd1cbaebf2de08d9173bc095c,0xcaae2a2f939f51d97cdfa9a86e79e3f085b799f3,18,18,PancakeSwapV3
PancakeSwapV3,0xa7df052672a24885d784a72b5f72d50296161531,ORDER,WBNB,50,2500,0x4e200fe2f3efb977d5fd9c430a41531fb04d97b8,0xbb4cdb9cbd36b01bd1cbaebf2de08d9173bc095c,18,18,PancakeSwapV3
PancakeSwapV3,0x8ab639fdfdeafc175d29d3b6f49ea7745808a061,BTCB,Bridged mBTC,1,100,0x7130d2a12b9bcbfae4f2634d864a1ee1ce3ead9c,0x7c1cca5b25fa0bc9af9275fb53cba89dc172b878,18,8,PancakeSwapV3
PancakeSwapV3,0xb05500ea96db17d28cd0eb30bcb797708f279d36,AB,WBNB,1,100,0x95034f653d5d161890836ad2b6b8cc49d14e029a,0xbb4cdb9cbd36b01bd1cbaebf2de08d9173bc095c,18,18,PancakeSwapV3
PancakeSwapV3,0x7cbf00a5a3d51706282dd8f0b0fec640c58a8c1f,AEG,WBNB,10,500,0x79ce67c541119220f6e2ec2ff515d1fe2fb2203d,0xbb4cdb9cbd36b01bd1cbaebf2de08d9173bc095c,18,18,PancakeSwapV3
PancakeSwapV3,0xfa487d57581bd75228738b0cc5f97ee81cc74c1a,USDT,JAKE,200,10000,0x55d398326f99059ff775485246999027b3197955,0xae7f40d5744a2c7fd4bc9262f32a5f9a68dff465,18,18,PancakeSwapV3
PancakeSwapV3,0xbb537bed9f910ca18be6cf21e3a17f0311cd3890,H,WBNB,1,100,0x44f161ae29361e332dea039dfa2f404e0bc5b5cc,0xbb4cdb9cbd36b01bd1cbaebf2de08d9173bc095c,18,18,PancakeSwapV3
PancakeSwapV3,0x217ff90619a0d42f5f4013ed09545dd4f317fbb7,WBNB,DUNE,50,2500,0xbb4cdb9cbd36b01bd1cbaebf2de08d9173bc095c,0xd8d539294e44b9e4846465fc1fa543b8326d0a66,18,18,PancakeSwapV3
UniswapV3CL,0x0fa0d9d13d53e92d36bbd4ff3773870c9b9db495,$SUP,WBNB,60,3000,0x887dbebf39fd4d9405c55dfb1c53fb350d2d44e9,0xbb4cdb9cbd36b01bd1cbaebf2de08d9173bc095c,18,18,UniswapV3CL
PancakeSwapV3,0xebb7072198be8539a3784320e24e4ac008a41306,DPSK,WBNB,1,100,0xab812cf9478a24d9b5b299e83a3bd6d4b2b24310,0xbb4cdb9cbd36b01bd1cbaebf2de08d9173bc095c,18,18,PancakeSwapV3
PancakeSwapV3,0xfabf5c3fcef6978799f3f5b10a8ee6404915c9f0,WBNB,RCIP,200,10000,0xbb4cdb9cbd36b01bd1cbaebf2de08d9173bc095c,0xe4390ebc7e63d2cac3ddb95cb9e096a5e19f6acb,18,18,PancakeSwapV3
PancakeSwapV3,0x2b5117eb2df670b0277bc283f915be0441cf7e80,ShibaAI,WBNB,10,500,0x5deafecc67c1c74aa98a5351f59d718e9f9f92af,0xbb4cdb9cbd36b01bd1cbaebf2de08d9173bc095c,18,18,PancakeSwapV3
UniswapV3CL,0x4ea7967437d57e400f968e9b90a43c5694e4f259,USDT,TRIA,60,3000,0x55d398326f99059ff775485246999027b3197955,0xb0b92de23baa85fb06208277e925ced53edab482,18,18,UniswapV3CL
UniswapV3CL,0x30157596df68c85f834f22af282fd28e4489608f,USDT,USDe,200,10000,0x55d398326f99059ff775485246999027b3197955,0x5d3a1ff2b6bab83b63cd9ad0787074081a52ef34,18,18,UniswapV3CL
PancakeSwapV3,0x313a39151acf67db04fed757fe90806f4e6df27a,USDT,MIM,1,100,0x55d398326f99059ff775485246999027b3197955,0xfe19f0b51438fd612f6fd59c1dbb3ea319f433ba,18,18,PancakeSwapV3
PancakeSwapV3,0x7e6c4693e9663d6e347e626165c41b2a33250b97,USDT,SPACE,200,10000,0x55d398326f99059ff775485246999027b3197955,0xbb21cdae7e40dfb72ad72e71b42a212b9044ba0c,18,18,PancakeSwapV3
PancakeSwapV3,0x2befbe7682a3b70b4ee3c85b4dcfa55ae474ab9f,ETH,DDOGE,10,500,0x2170ed0880ac9a755fd29b2688956bd959f933f8,0xe335a4ea35e212aac84ba72e71656b6deca23752,18,18,PancakeSwapV3
PancakeSwapV3,0xa527adaa461f48447f160c23fb7c08ff6644f5da,DYM,WBNB,50,2500,0xb7e2a91ca3a8798ee4a78063161002b4f044d2ef,0xbb4cdb9cbd36b01bd1cbaebf2de08d9173bc095c,18,18,PancakeSwapV3
PancakeSwapV3,0xb156dbb901115b9f5f01392cc09e572b348168e4,ONA,WBNB,1,100,0x44e72849edac10ebd6ddccc066445246bc95e7ae,0xbb4cdb9cbd36b01bd1cbaebf2de08d9173bc095c,18,18,PancakeSwapV3
PancakeSwapV3,0x27dc1e206c5988fd9b32b0b52571ec6a3aae974a,AVGAS,WBNB,1,100,0x68a99097ed76340f93c0db67ec26beb04068a49d,0xbb4cdb9cbd36b01bd1cbaebf2de08d9173bc095c,18,18,PancakeSwapV3
PancakeSwapV3,0x19609ac88fd9de637e078391ab158c4c51566138,IRIS,WBNB,50,2500,0x05c50a62b0b87be1ffb1cf3b77d9edba834ef6f7,0xbb4cdb9cbd36b01bd1cbaebf2de08d9173bc095c,18,18,PancakeSwapV3
PancakeSwapV3,0xa585bf3f293dc86ef78324a3bb992ae888254299,ETH,SOL,200,10000,0x2170ed0880ac9a755fd29b2688956bd959f933f8,0x570a5d26f7765ecb712c0924e4de545b89fd43df,18,18,PancakeSwapV3
PancakeSwapV3,0x49583f85b7675deb86792f409713aae8b53c9be3,USDT,VR,1,100,0x55d398326f99059ff775485246999027b3197955,0xe6992d413e2da05662148e127fdbeb05fc7455cc,18,18,PancakeSwapV3
PancakeSwapV3,0x3771cffc82ad8b8ea70b69bc12e6c503110e18f4,USDT,TEE,10,500,0x55d398326f99059ff775485246999027b3197955,0x5dd3f652d80cb3e8b62932804358ac2b155815be,18,18,PancakeSwapV3
PancakeSwapV3,0x1b54cd932b6b751803c996cbef36280b53795f81,USDT,HEMI,1,100,0x55d398326f99059ff775485246999027b3197955,0x5ffd0eadc186af9512542d0d5e5eafc65d5afc5b,18,18,PancakeSwapV3
PancakeSwapV3,0xf0d6bf03731a35a2dd21d239716c69cc3938ab97,USDT,BFG,10,500,0x55d398326f99059ff775485246999027b3197955,0xbb46693ebbea1ac2070e59b4d043b47e2e095f86,18,18,PancakeSwapV3
PancakeSwapV3,0xbda5355251973919a5a8db9b06815770cc1bfa63,WAGN,WBNB,10,500,0x93ea83651b76d3b0eb537aa951f7b5e5195a9834,0xbb4cdb9cbd36b01bd1cbaebf2de08d9173bc095c,18,18,PancakeSwapV3
PancakeSwapV3,0x757651b39d4d13509b60b5784ba0e504a8ef6691,RWA,WBNB,1,100,0x9c8b5ca345247396bdfac0395638ca9045c6586e,0xbb4cdb9cbd36b01bd1cbaebf2de08d9173bc095c,18,18,PancakeSwapV3
PancakeSwapV3,0xe9f6d2f5bc6b6606755a5836f97eda11561cca7b,PUMP,WBNB,200,10000,0x22b4fa9a13a0d303ad258ee6d62a6ac60364b0c9,0xbb4cdb9cbd36b01bd1cbaebf2de08d9173bc095c,18,18,PancakeSwapV3
PancakeSwapV3,0x83a9fd66c9515536d630cf818c41190b0372c6f6,USDC,PEAQ,1,100,0x8ac76a51cc950d9822d68b83fe1ad97b32cd580d,0x8b9ee39195ea99d6ddd68030f44131116bc218f6,18,18,PancakeSwapV3
UniswapV3CL,0xcd23d53eb40d6f058915c6576c7a4e7b55adcdf3,DRAK,USDT,60,3000,0x1107e44a528cfa20228976ea428605e6349e86cb,0x55d398326f99059ff775485246999027b3197955,18,18,UniswapV3CL
PancakeSwapV3,0x0486fe4a6bdf3da320946dbc4aead89030a463cc,USDC,vUSDC,200,10000,0x8ac76a51cc950d9822d68b83fe1ad97b32cd580d,0xeca88125a5adbe82614ffc12d0db554e2e2867c8,18,8,PancakeSwapV3
PancakeSwapV3,0x247049de86cd0f11fbd2c920d7b90fb84a3d8a65,USDT,GLDNY,1,100,0x55d398326f99059ff775485246999027b3197955,0x9d1e991727ce4a33f43b4b544797d1dcb61b8888,18,18,PancakeSwapV3
PancakeSwapV3,0xc9d45a155e24cf99340574ff35c4eb6e48b95b06,T2,WBNB,50,2500,0xb0a7d4ab554396a6701d2d189f0e25775401e01e,0xbb4cdb9cbd36b01bd1cbaebf2de08d9173bc095c,18,18,PancakeSwapV3
PancakeSwapV3,0x81a81b7bb01ad71f273b19807c80628a8b7e265d,T1,WBNB,50,2500,0x8e47136b3d9383ee955aab0466e891ef92f14e83,0xbb4cdb9cbd36b01bd1cbaebf2de08d9173bc095c,18,18,PancakeSwapV3
PancakeSwapV3,0x54f6fd91f7b3cca371b4615da4e1e477cf9d717d,AMBIENT,WBNB,50,2500,0x2b5e4b8cf04e046243a81aa198aaaeec5ed8af23,0xbb4cdb9cbd36b01bd1cbaebf2de08d9173bc095c,18,18,PancakeSwapV3
PancakeSwapV3,0x3e58e3ecab0f9b6018a69841371bdf5ab968543d,NYM,USDT,200,10000,0x31d0e332ccef98b583e40e0cefbb7502c9a6b3f8,0x55d398326f99059ff775485246999027b3197955,6,18,PancakeSwapV3
PancakeSwapV3,0x90b28b7f63b428d3408c247522fcc841f2112b50,USDT,CNXTA,200,10000,0x55d398326f99059ff775485246999027b3197955,0x792438863b3603575310c697e7d36a19dbdf449a,18,18,PancakeSwapV3
PancakeSwapV3,0xe70d8bbc7efe202c829eb952ee2aca8fbb3e6b62,Jup,USDT,1,100,0x0ce1d435e9a3a431c48d6546e7a65f8b5337281a,0x55d398326f99059ff775485246999027b3197955,18,18,PancakeSwapV3
PancakeSwapV3,0x8cf2bb1a618d878a10a2e1b52059e90087b1b16a,BNB IS STR,WBNB,200,10000,0x4f33fce7aa50c635bd3d89ad1415edc5471f6888,0xbb4cdb9cbd36b01bd1cbaebf2de08d9173bc095c,18,18,PancakeSwapV3
PancakeSwapV3,0x0aa9696203beca34c8218e8e350e0e1c7ac32acb,DONT,WBNB,200,10000,0x8ef4a2289e900bff49029042c14c25bb5b2e9256,0xbb4cdb9cbd36b01bd1cbaebf2de08d9173bc095c,18,18,PancakeSwapV3
PancakeSwapV3,0xa14d15829572fe0b2c92ebe26f806b12ad2a0bea,BNB IS STR,WBNB,200,10000,0x2499a3025f310cfd79496d58221823c0ed9f6e1c,0xbb4cdb9cbd36b01bd1cbaebf2de08d9173bc095c,18,18,PancakeSwapV3
PancakeSwapV3,0xd84e71d67a76b66f0f49920512d1a12c893782d7,BNB IS STR,WBNB,200,10000,0x7c8a775f65142088432d1f3b45da4330d1759249,0xbb4cdb9cbd36b01bd1cbaebf2de08d9173bc095c,18,18,PancakeSwapV3
PancakeSwapV3,0x958c4999ccfb168b3507a4e0a0c647f95d104646,GAR,WBNB,200,10000,0x62ec2729a142c74090ab0148bd98d44172f5f30d,0xbb4cdb9cbd36b01bd1cbaebf2de08d9173bc095c,18,18,PancakeSwapV3
PancakeSwapV3,0x89d4925860e286826e816ca9e8122fc1a9f8c9fe,?,WBNB,200,10000,0x29b8ac2e1042b8682faf625615e3215ab0353ad7,0xbb4cdb9cbd36b01bd1cbaebf2de08d9173bc095c,18,18,PancakeSwapV3
PancakeSwapV3,0xc6dd4436719c0d0c31aa70616246b3b91dd66de8,AIWORLD,WBNB,1,100,0x094713255418497c533a6410dc4a4281efc08a83,0xbb4cdb9cbd36b01bd1cbaebf2de08d9173bc095c,18,18,PancakeSwapV3
PancakeSwapV3,0x5c530923034be97dfffbca026257a2a165547191,WBNB,PINGU,1,100,0xbb4cdb9cbd36b01bd1cbaebf2de08d9173bc095c,0xc23e94e8ab52c54377427d37636094879b92eb98,18,18,PancakeSwapV3
PancakeSwapV3,0xdda1427fb61dcb9fadca24faeca75158b813a1e0,FELICIA,USDT,50,2500,0x1b43ca3acb48413794c3b609a48b750481c52fdb,0x55d398326f99059ff775485246999027b3197955,18,18,PancakeSwapV3
PancakeSwapV3,0x48fc35e0f49db1ab38a1b081ca23ea09f468f995,CASHBACK,WBNB,1,100,0xa757a06297a26197b6920a21c0f0c505c1360458,0xbb4cdb9cbd36b01bd1cbaebf2de08d9173bc095c,18,18,PancakeSwapV3
PancakeSwapV3,0x736a16cbe3e7c6c92f5188a2a1c0c94129c4a363,EIGEN,WBNB,50,2500,0x6b3a041754fded250477cfee29d2608437867331,0xbb4cdb9cbd36b01bd1cbaebf2de08d9173bc095c,18,18,PancakeSwapV3
PancakeSwapV3,0xf0a3754c192b28396a6d493f7303ad2673ecb859,CZ4W,WBNB,200,10000,0x285506fa3d3915e4d2a6b223ecf590dce5273ecd,0xbb4cdb9cbd36b01bd1cbaebf2de08d9173bc095c,18,18,PancakeSwapV3
PancakeSwapV3,0x8e96772d28b385dd0b5c19e7f168993eb586e436,CZ4W,WBNB,200,10000,0x6ef2fd068bb94d94ee9d1269f74d732f99870004,0xbb4cdb9cbd36b01bd1cbaebf2de08d9173bc095c,18,18,PancakeSwapV3
PancakeSwapV3,0xb0af152f1fb311107ade6f566292fd3424c7818c,CZ4W,WBNB,200,10000,0x5db12d096801ee77d76e719aa869e919d3ba9512,0xbb4cdb9cbd36b01bd1cbaebf2de08d9173bc095c,18,18,PancakeSwapV3
PancakeSwapV3,0x127e99f68e0b785b2fa3c4396edc35731c8ba1b5,CZ4W,WBNB,200,10000,0x3b71503f665e6713595ac2345be5099a8982bd3f,0xbb4cdb9cbd36b01bd1cbaebf2de08d9173bc095c,18,18,PancakeSwapV3
PancakeSwapV3,0x621536a255fac9e3c5fcf4591ea84f4a7a57bb72,CZ4W,WBNB,200,10000,0x091dab8c3d8034f75ed8a5230e55df225a0ad68f,0xbb4cdb9cbd36b01bd1cbaebf2de08d9173bc095c,18,18,PancakeSwapV3
PancakeSwapV3,0xb39a2321c810980fe01fee59e1c01085ad4a3cb8,CZ4W,WBNB,200,10000,0x8206518b46804d0bbd78a9458b5ce08d4fb23966,0xbb4cdb9cbd36b01bd1cbaebf2de08d9173bc095c,18,18,PancakeSwapV3
PancakeSwapV3,0xd907680772f18914baf7bb7e1cb03159a2254f6f,CZ4W,WBNB,200,10000,0x89a007a5339024d3f10fb13d8511be14cc2dae6c,0xbb4cdb9cbd36b01bd1cbaebf2de08d9173bc095c,18,18,PancakeSwapV3
PancakeSwapV3,0xa5db84d7bccb799fb31bd3c417d04d5bc29da96d,USDT,BTX,1,100,0x55d398326f99059ff775485246999027b3197955,0xaa242a47f4cc074e59cbc7d65309b1f21202aaa3,18,18,PancakeSwapV3
PancakeSwapV3,0xc09072d9c47121cd26a61821eb91fa7483edd624,DCX,WBNB,50,2500,0xae67e0e8baabe83bb718dbafd3a0681d1f654d17,0xbb4cdb9cbd36b01bd1cbaebf2de08d9173bc095c,6,18,PancakeSwapV3
PancakeSwapV3,0xe9209376ae189c012398416a7e181352ee48a4be,?,WBNB,200,10000,0x072ea09aad8a16d6598029f29a0e36a11c744fb6,0xbb4cdb9cbd36b01bd1cbaebf2de08d9173bc095c,18,18,PancakeSwapV3
PancakeSwapV3,0x29f6d2b012120852364944cb52ec5e69fa77f9f4,LONCHER,WBNB,200,10000,0x47a31b54f86d5b78300dfc9f5977952bb39733f6,0xbb4cdb9cbd36b01bd1cbaebf2de08d9173bc095c,18,18,PancakeSwapV3
PancakeSwapV3,0x69c222a6a9ded3f746df3468b4472ee2267db8f8,LONCHER,WBNB,200,10000,0x3e504031b9bf6345072a4b9e77fc4b4042c0a6cf,0xbb4cdb9cbd36b01bd1cbaebf2de08d9173bc095c,18,18,PancakeSwapV3
PancakeSwapV3,0x5cf9e65b69d6a7881be40a13246edc25fe287c7f,MASTERPIECE,WBNB,200,10000,0xa483e4bd8dddfa358ac03da6c928dc976099ddf2,0xbb4cdb9cbd36b01bd1cbaebf2de08d9173bc095c,18,18,PancakeSwapV3
PancakeSwapV3,0xbac4bd9ada1b2acd7e7e63615712d4eae615964c,LONCH,WBNB,200,10000,0x60cb79b23f7daa67c783e7ea4d970352ee5db72d,0xbb4cdb9cbd36b01bd1cbaebf2de08d9173bc095c,18,18,PancakeSwapV3
PancakeSwapV3,0xf9507bc6617d59847c3326cf1a33f054835311fe,LONCHCOIN,WBNB,200,10000,0x6730e83a7ff842add6d903490793b580fba41477,0xbb4cdb9cbd36b01bd1cbaebf2de08d9173bc095c,18,18,PancakeSwapV3
PancakeSwapV3,0x1856ebeceb6a6fe255ac632cf8af84f48c1fedea,SushiClub,WBNB,200,10000,0x4a039def7824b954129b55519ae59ff524698c07,0xbb4cdb9cbd36b01bd1cbaebf2de08d9173bc095c,18,18,PancakeSwapV3
PancakeSwapV3,0xc65ab344c7f3ba5ac1c9aad270cbe257fcb5ae90,DouDou,WBNB,200,10000,0x83ac1e1e8a89765904225af71eaccfdb55a98d36,0xbb4cdb9cbd36b01bd1cbaebf2de08d9173bc095c,18,18,PancakeSwapV3
PancakeSwapV3,0xcd6065b2164d1ea80aad049f6cf309a483c33041,JIAN,WBNB,200,10000,0x5b0a9c0e04a36a3cc8a7dd252a59aa7923b060fe,0xbb4cdb9cbd36b01bd1cbaebf2de08d9173bc095c,18,18,PancakeSwapV3
PancakeSwapV3,0xcba775df827ee1e3695009e7abea9cd68d90e94e,SNIP,WBNB,50,2500,0xade251fba1069b07df0f36987ce06c07f8c6beeb,0xbb4cdb9cbd36b01bd1cbaebf2de08d9173bc095c,18,18,PancakeSwapV3
PancakeSwapV3,0x94e128606764de8c77f810cecaf27f874b04b0a7,?,WBNB,200,10000,0x1554bcad1d037163c9960cf668608841ffd7359d,0xbb4cdb9cbd36b01bd1cbaebf2de08d9173bc095c,18,18,PancakeSwapV3
PancakeSwapV3,0x057b3925d4788aca9e71606871df4bdf749b1f67,SMT,WBNB,50,2500,0x5fd36faf255c6cc312b6fa65ffa3219882ed208e,0xbb4cdb9cbd36b01bd1cbaebf2de08d9173bc095c,18,18,PancakeSwapV3
PancakeSwapV3,0x61cda9a60a732a885f8c74929e197d045669286c,USDT,HVE2,10,500,0x55d398326f99059ff775485246999027b3197955,0xe127d21b3a4326863de2ddc99ac8b9d3a2a673b6,18,18,PancakeSwapV3
PancakeSwapV3,0x728c01a7e3e6df0fbf198dff2efb57a8ab9fef0b,UROC,WBNB,1,100,0x6bd7ce577dc4d3fd63480349511a45d6b3cff273,0xbb4cdb9cbd36b01bd1cbaebf2de08d9173bc095c,18,18,PancakeSwapV3
UniswapV3CL,0xde7fed5c8beef39f65172b3933fc12ce0b01fd29,NMT,WBNB,1,100,0xa687cc5683803fa6ce7a0954a4c4dfbdca46dfc0,0xbb4cdb9cbd36b01bd1cbaebf2de08d9173bc095c,18,18,UniswapV3CL
PancakeSwapV3,0xa325b22090aa2d5528b01cc6974699da4b9cc875,ALEO,USDC,1,100,0x6cfffa5bfd4277a04d83307feedfe2d18d944dd2,0x8ac76a51cc950d9822d68b83fe1ad97b32cd580d,6,18,PancakeSwapV3
PancakeSwapV3,0xa5e409e324a7117e290f451a077ae0e5d8e2e6bd,WHITEPENGUN,WBNB,200,10000,0x851ddbfb4406ea32d29499042c8b23bade3d96e6,0xbb4cdb9cbd36b01bd1cbaebf2de08d9173bc095c,18,18,PancakeSwapV3
PancakeSwapV3,0x66273e0fedd0039a4c3c2b6ce21c80c2c1660609,pkm,WBNB,1,100,0xa0fa10ebc44d52b49e511d88503c55a0f62de037,0xbb4cdb9cbd36b01bd1cbaebf2de08d9173bc095c,18,18,PancakeSwapV3
UniswapV3CL,0x9d7470a37aa296eb9b7d95d9b869c0197a2176b9,USDT,ABRA,60,3000,0x55d398326f99059ff775485246999027b3197955,0xde4c49d1399c10778439441c3ef30984edc8e446,18,18,UniswapV3CL
PancakeSwapV3,0x9dac043add56a9eaddab4d883161345e9c6a9fb8,USDT,RJO,200,10000,0x55d398326f99059ff775485246999027b3197955,0x9e39b211072a63d9e1bcf1382034a57064ee8f65,18,18,PancakeSwapV3
PancakeSwapV3,0x2d38c8d5e31b49c44183acd2f674c60434938a6e,USDT,AAANA,10,500,0x55d398326f99059ff775485246999027b3197955,0xc1ff50bc8d8c5f012adf3c9dd179944629bd57a3,18,8,PancakeSwapV3
PancakeSwapV3,0x4575f0495b6a596445010eebd4b6901dbbe6140e,GG,WBNB,200,10000,0x8807b9d97801c083bc4fbd07b2a67391a468bddb,0xbb4cdb9cbd36b01bd1cbaebf2de08d9173bc095c,18,18,PancakeSwapV3
PancakeSwapV3,0x50203df8efcddba9755c886f086b9b2d537a15f9,XPL,USDT,1,100,0x405fbc9004d857903bfd6b3357792d71a50726b0,0x55d398326f99059ff775485246999027b3197955,18,18,PancakeSwapV3
PancakeSwapV3,0x56325e29d5b259d116295bd722f3abd0cc6cc690,WBNB,OLDB,10,500,0xbb4cdb9cbd36b01bd1cbaebf2de08d9173bc095c,0xe8e638c8825178baea6263e3187dd9113dd3aa5c,18,8,PancakeSwapV3
PancakeSwapV3,0xb249b6e4ac29301f680963a45fac7d09779ef980,USDT,RIVER,50,2500,0x55d398326f99059ff775485246999027b3197955,0xda7ad9dea9397cffddae2f8a052b82f1484252b3,18,18,PancakeSwapV3
PancakeSwapV3,0x2351801701de42a7e709e92a2db5768a1553c362,WBNB,EIGEN,50,2500,0xbb4cdb9cbd36b01bd1cbaebf2de08d9173bc095c,0xe832f4044877305d6acf970e992882a00426e91e,18,18,PancakeSwapV3
PancakeSwapV3,0x3c206a5e8305a66795d5483825b0abf34793b87e,F3BA2F,WBNB,200,10000,0x7576bb05d662d4252e9de7d39762bd5b7af3ba2f,0xbb4cdb9cbd36b01bd1cbaebf2de08d9173bc095c,18,18,PancakeSwapV3
PancakeSwapV3,0xc188e22d272036f3d375b826257a6966e860bf1c,rodi,WBNB,200,10000,0x4940baf4216745233b5e33169181ed10a3c37497,0xbb4cdb9cbd36b01bd1cbaebf2de08d9173bc095c,18,18,PancakeSwapV3
PancakeSwapV3,0xdd3ef31b14307dd820628c72463c39fa9bda498b,SCAM,WBNB,200,10000,0x09a5a27582d316f7f5a0272f44dbaea0e4c7056f,0xbb4cdb9cbd36b01bd1cbaebf2de08d9173bc095c,18,18,PancakeSwapV3
PancakeSwapV3,0x7a635bb218d4452efb76aad82ecf3f91fb833547,?,WBNB,200,10000,0x833f3753cbd1d4021f527519b2979b67d2ca9d8e,0xbb4cdb9cbd36b01bd1cbaebf2de08d9173bc095c,18,18,PancakeSwapV3
PancakeSwapV3,0x1bfeb1891394c78b9ddf4091e6523cbc1ef0eaeb,Locktober,WBNB,200,10000,0xb83803fd2f94d2c3b05c3dc2fa586f3af53105e7,0xbb4cdb9cbd36b01bd1cbaebf2de08d9173bc095c,18,18,PancakeSwapV3
PancakeSwapV3,0x1925974a524437f42461770dc207d8c81ea00cdd,SHIBNB,WBNB,200,10000,0xb08cc48ab13558ca762f4ab20269c3bb9ed06d10,0xbb4cdb9cbd36b01bd1cbaebf2de08d9173bc095c,18,18,PancakeSwapV3
PancakeSwapV3,0xc5631b94013baa9ac4227016055c13b1ed368878,Tst,WBNB,200,10000,0xb2379144a2d3cac115a9d5fcf86c692d00233de6,0xbb4cdb9cbd36b01bd1cbaebf2de08d9173bc095c,18,18,PancakeSwapV3
PancakeSwapV3,0xa44059999d2281d20f4d91b0daebb3c74e758f78,RSTR,WBNB,200,10000,0x9e2fe18710f3c88b8c2b8fb5443a3c970ae4cac6,0xbb4cdb9cbd36b01bd1cbaebf2de08d9173bc095c,18,18,PancakeSwapV3
PancakeSwapV3,0x31d4498cada9f8bef180391a797cda02269012e4,?,WBNB,200,10000,0x2fa915749c51cc8bbe236d567254d6c8c5fd4d36,0xbb4cdb9cbd36b01bd1cbaebf2de08d9173bc095c,18,18,PancakeSwapV3
PancakeSwapV3,0xfacf4e71739ae915c7c9563c016fb1c53e4eff7f,100,WBNB,200,10000,0x65b2c6cdb7c77961e204568069cdc790a3106e50,0xbb4cdb9cbd36b01bd1cbaebf2de08d9173bc095c,18,18,PancakeSwapV3
PancakeSwapV3,0xebdbbffe02ed869c0177583997329c5eae99ef36,GDALL,WBNB,200,10000,0x985bac19d590252d07cb5e1a2eaa82688be1f5ee,0xbb4cdb9cbd36b01bd1cbaebf2de08d9173bc095c,18,18,PancakeSwapV3
PancakeSwapV3,0xe15723b13dcd5edb9f4d0ae6fbca49f942e57a6e,LonCZ,WBNB,200,10000,0x3948473cb9191c9563d22acaf69dfd24f3b3417c,0xbb4cdb9cbd36b01bd1cbaebf2de08d9173bc095c,18,18,PancakeSwapV3
PancakeSwapV3,0x4d9a0003c3195f37bc755671d34f29a6e7af4eac,soon,WBNB,200,10000,0x69cb49e9f977516653b347fcf89c017c12106915,0xbb4cdb9cbd36b01bd1cbaebf2de08d9173bc095c,18,18,PancakeSwapV3
PancakeSwapV3,0x7fd444a6cfe878e5306d66bce194a066879a604a,O,WBNB,200,10000,0x621d7b71d4a7acae9621cc84968b6895c4b6a9d0,0xbb4cdb9cbd36b01bd1cbaebf2de08d9173bc095c,18,18,PancakeSwapV3
PancakeSwapV3,0x4a02108288afd1fec9cb8e05413efad754d0114e,Dom,WBNB,200,10000,0x86efc2d7af72fe2213f620a10cd09916bcc80416,0xbb4cdb9cbd36b01bd1cbaebf2de08d9173bc095c,18,18,PancakeSwapV3
PancakeSwapV3,0x9b1c507aa14725eb4d5edb589572ca59f67f67a3,P,WBNB,200,10000,0x030ced79aaf47a8da5889208c1cc440f26800833,0xbb4cdb9cbd36b01bd1cbaebf2de08d9173bc095c,18,18,PancakeSwapV3
PancakeSwapV3,0x04095fe67bf9d0cbc5ee80bde5c9dd11d107f19a,0,WBNB,200,10000,0x878b63eb0d33e1de87a1b1f3398f1acb75e10952,0xbb4cdb9cbd36b01bd1cbaebf2de08d9173bc095c,18,18,PancakeSwapV3
PancakeSwapV3,0x28242dd3a477de40c8580cb96d485eff386dee73,Q,WBNB,200,10000,0x0607666bbe49c63c5e52d4162cd07b3f741358db,0xbb4cdb9cbd36b01bd1cbaebf2de08d9173bc095c,18,18,PancakeSwapV3
PancakeSwapV3,0xe49edc68835dd73f1f5bfe83c427df2ff2301c0f,HOLD,WBNB,200,10000,0x9d3cb27315926543bb53fe49c00b2aa4e5b9f630,0xbb4cdb9cbd36b01bd1cbaebf2de08d9173bc095c,18,18,PancakeSwapV3
PancakeSwapV3,0x6b83648486fbdcfa70c0421a14c1bb41ca04a52b,?,WBNB,200,10000,0x88a6344cbcf7fbafc5a326f2fb5a22486f3bf3f4,0xbb4cdb9cbd36b01bd1cbaebf2de08d9173bc095c,18,18,PancakeSwapV3
PancakeSwapV3,0x92af761edeb580d404c2949714b83b6682c2ec4c,YELLOW,WBNB,200,10000,0xb04b6d3b2c2d8b231d72e54357d6919e46831ce7,0xbb4cdb9cbd36b01bd1cbaebf2de08d9173bc095c,18,18,PancakeSwapV3
PancakeSwapV3,0xe1787639d31fe1e6750280fd9a5aba1d6a33a32f,TKCZ,WBNB,200,10000,0x26a18ea6b92c64b194708d262f1ac0605f31d1e4,0xbb4cdb9cbd36b01bd1cbaebf2de08d9173bc095c,18,18,PancakeSwapV3
PancakeSwapV3,0x4b44e71f217c830968f321544b9ef2158ff7c56b,FRIENDS,WBNB,200,10000,0x2fff757c7bbf4ceb641e8feae3efec11c7cff07c,0xbb4cdb9cbd36b01bd1cbaebf2de08d9173bc095c,18,18,PancakeSwapV3
PancakeSwapV3,0x82826d27a05c850e6e9cedc298c3a13ebe499a39,MOONBIX,WBNB,200,10000,0xbae9c589722d4ed10ed2a3609648ab85f07300d9,0xbb4cdb9cbd36b01bd1cbaebf2de08d9173bc095c,18,18,PancakeSwapV3
PancakeSwapV3,0x7cad93f801e41bf4e50edb7996bfd3ce835cf62c,DDOS,WBNB,200,10000,0x5c94d7901af302c62b47d8ecab1ad8a8cc93c9db,0xbb4cdb9cbd36b01bd1cbaebf2de08d9173bc095c,18,18,PancakeSwapV3
PancakeSwapV3,0x2ce652d5382f3876ed9751d4a3a5263ef39cc3a8,1977,WBNB,200,10000,0x046ec75ca9ba039208d5d3bc46de0fbed08bca5b,0xbb4cdb9cbd36b01bd1cbaebf2de08d9173bc095c,18,18,PancakeSwapV3
PancakeSwapV3,0x1bd5f903ff294cbfcc92da463c5fe7ea557e8783,Goatnance,WBNB,200,10000,0x72173fe2349c77dafed633bd3f233831c56a21bd,0xbb4cdb9cbd36b01bd1cbaebf2de08d9173bc095c,18,18,PancakeSwapV3
PancakeSwapV3,0x8697010e7233907c08ffe744e654d807ab0490b7,BOOBS,WBNB,200,10000,0x0143440e3ee084c6c106a4ad3c33c73b6a2cf1bd,0xbb4cdb9cbd36b01bd1cbaebf2de08d9173bc095c,18,18,PancakeSwapV3
PancakeSwapV3,0x4a1ed5c97c8288fa16a2b3da8436e03c1f9ca0fc,Jager,WBNB,200,10000,0x4f85b9daa11e76911ea355be005bb7925dc7b60f,0xbb4cdb9cbd36b01bd1cbaebf2de08d9173bc095c,18,18,PancakeSwapV3
PancakeSwapV3,0x08d6aa086e1897a5a2432076b7cd47968c651fe3, ,WBNB,200,10000,0xae9af284f98e0978db48eb9a3878b3f7dcfe9b5f,0xbb4cdb9cbd36b01bd1cbaebf2de08d9173bc095c,18,18,PancakeSwapV3
PancakeSwapV3,0xd9ed94a765067ccee34f7a85d78e4d130677bdad,?,WBNB,200,10000,0xad2120e51953f6f302b1a26ac3b005620b080cc4,0xbb4cdb9cbd36b01bd1cbaebf2de08d9173bc095c,18,18,PancakeSwapV3
PancakeSwapV3,0xec3af63a15bc7b596b41879bd204f88c2af8e5c9,HYPED,WBNB,200,10000,0x4eb73d06406eff9e77866367e8e4f77a5abff5c0,0xbb4cdb9cbd36b01bd1cbaebf2de08d9173bc095c,18,18,PancakeSwapV3
PancakeSwapV3,0x6aa4d7884fb345d29b6ad98759b46f9095fd7f99,?,WBNB,200,10000,0x4836809b7c90a50684d74cf715c9193589d72e8f,0xbb4cdb9cbd36b01bd1cbaebf2de08d9173bc095c,18,18,PancakeSwapV3
PancakeSwapV3,0x0ae1044e77bf187e14a7a15ab7ba6945c6c72746,ASSTOBER,WBNB,200,10000,0xa595cf9de5553ce91c1e062c81856cd0a0f54dbc,0xbb4cdb9cbd36b01bd1cbaebf2de08d9173bc095c,18,18,PancakeSwapV3
PancakeSwapV3,0x86fab8735361127d7ad698df41078eca00b8385a,HISS,WBNB,200,10000,0xb94f8711f825efbeff6e0451db53ad1c90bdd55c,0xbb4cdb9cbd36b01bd1cbaebf2de08d9173bc095c,18,18,PancakeSwapV3
PancakeSwapV3,0x8b78a91f987adad801c05f23bfacc2f17f2b3bd8,ercan,WBNB,200,10000,0xb0decff4719efadf6c62476e4f7cf1db734cc0e6,0xbb4cdb9cbd36b01bd1cbaebf2de08d9173bc095c,18,18,PancakeSwapV3
PancakeSwapV3,0x201db4d43373503b10a726c0c154e7a910805fa6,$TRUMP,WBNB,200,10000,0xb667593239534eeed1cf3678411d1dea31eb6679,0xbb4cdb9cbd36b01bd1cbaebf2de08d9173bc095c,18,18,PancakeSwapV3
PancakeSwapV3,0x5b493b1a252b69fc3a6883a56a95f193c0519306,Buildtober,WBNB,200,10000,0x29c5facf4722b4b315d9c2acb5f06f17d6e16a6b,0xbb4cdb9cbd36b01bd1cbaebf2de08d9173bc095c,18,18,PancakeSwapV3
PancakeSwapV3,0x5231757e981e9f3c3eea1f7c847a4eafcc5c0b60,Wilson,WBNB,200,10000,0x3d560edd769fccb654d230fcd4fae3cb27c7ed89,0xbb4cdb9cbd36b01bd1cbaebf2de08d9173bc095c,18,18,PancakeSwapV3
PancakeSwapV3,0x0bb3ab3ef3322948bc88e2b5d7caff96dd7e9db2,?,WBNB,200,10000,0xafcd5f1de9827665c7695d906866a2de2b66c9a5,0xbb4cdb9cbd36b01bd1cbaebf2de08d9173bc095c,18,18,PancakeSwapV3
PancakeSwapV3,0x812db03e0dbaf7adf50e8a80c2f45b37112b5fff,Catober,WBNB,200,10000,0x6ca6e4617f4fae6e7ab92fe400f0f9a8d5e53eaa,0xbb4cdb9cbd36b01bd1cbaebf2de08d9173bc095c,18,18,PancakeSwapV3
PancakeSwapV3,0x63f7222eaf7cd649c8dd2752acc7108425c5dc57,Nyan,WBNB,200,10000,0x1adb065e246aadf1eee136c7a1548b1f8c98ff05,0xbb4cdb9cbd36b01bd1cbaebf2de08d9173bc095c,18,18,PancakeSwapV3
PancakeSwapV3,0x36a9ec28335ceae39d7fd24016f762592d6534e6,?,WBNB,200,10000,0x24862030ab83954e2a4b0c1d94a35127490336d0,0xbb4cdb9cbd36b01bd1cbaebf2de08d9173bc095c,18,18,PancakeSwapV3
PancakeSwapV3,0x2c696ed6e4d4043a01f48dd25b705d29dcc7a8a6,?,WBNB,200,10000,0x6f68b06b90df36f1b14bd7c5ac5eceb0390b2af0,0xbb4cdb9cbd36b01bd1cbaebf2de08d9173bc095c,18,18,PancakeSwapV3
PancakeSwapV3,0x2f3ef2118ad5fe1eed0e8e9743326d3c50a3c962,bayb cz,WBNB,200,10000,0x79b2af80945a096c78881fd19508dbd5a7c0c5bf,0xbb4cdb9cbd36b01bd1cbaebf2de08d9173bc095c,18,18,PancakeSwapV3
PancakeSwapV3,0xb74aa83f140a5107c0adc3d1d8c3d36b0e678d08,FNATIC,WBNB,200,10000,0x3d0c6e09686a658cc9539ae1312924472e8e9815,0xbb4cdb9cbd36b01bd1cbaebf2de08d9173bc095c,18,18,PancakeSwapV3
PancakeSwapV3,0xa7d55b897563cac2f8fe1f9943cb481830ccfccd,dfg,WBNB,200,10000,0x5e339b9d8d1de0832982d41a5b933df2ebdd5d11,0xbb4cdb9cbd36b01bd1cbaebf2de08d9173bc095c,18,18,PancakeSwapV3
PancakeSwapV3,0xe10c90b7a47fc8b41c706658b7afaca551646f5e,MEME,WBNB,200,10000,0xa9c5567d04cebd44f85e1048399482200efb4f13,0xbb4cdb9cbd36b01bd1cbaebf2de08d9173bc095c,18,18,PancakeSwapV3
PancakeSwapV3,0x58f655d5bf55df3bea99741250746aec22f12bf5,2,WBNB,200,10000,0x82438ff757f8e1e500cff5f693505a0715c7b258,0xbb4cdb9cbd36b01bd1cbaebf2de08d9173bc095c,18,18,PancakeSwapV3
PancakeSwapV3,0x55e655f031b6149d02fc42be1bc9ff909daceb06,1,WBNB,200,10000,0x130695b90ebf9e683ef15c653d361953e650221a,0xbb4cdb9cbd36b01bd1cbaebf2de08d9173bc095c,18,18,PancakeSwapV3
PancakeSwapV3,0x6dafb0032386dbac8f528e3e5e47bc50b988fc12,BUY,WBNB,200,10000,0x81800a06bb7906a823453381dd316388f793a006,0xbb4cdb9cbd36b01bd1cbaebf2de08d9173bc095c,18,18,PancakeSwapV3
PancakeSwapV3,0x279d84d26661daf0e8673e5c4dfed17b8b4e1d94,CGB,WBNB,200,10000,0x2fd6cdfb2fa94d8967e8775ac6ee8ffbbb646d99,0xbb4cdb9cbd36b01bd1cbaebf2de08d9173bc095c,18,18,PancakeSwapV3
PancakeSwapV3,0x82e16030906ea3df3d9d7e494df1d7e5796d310c,vistara,WBNB,200,10000,0xa5a2e7bb19a91291df5870f0294839dfaaf3e7c0,0xbb4cdb9cbd36b01bd1cbaebf2de08d9173bc095c,18,18,PancakeSwapV3
UniswapV3CL,0x8bfb0fb037b30562fdb7be3f71440575664ab74e,ASTER,USDT,10,500,0x000ae314e2a2172a039b26378814c252734f556a,0x55d398326f99059ff775485246999027b3197955,18,18,UniswapV3CL
PancakeSwapV3,0x02d63d1339cea5829ccb7342755db4ed57398321,USDT,wCC,10,500,0x55d398326f99059ff775485246999027b3197955,0x6050d829f5a5e0ea758d8357ddcdec1381699248,18,18,PancakeSwapV3
PancakeSwapV3,0xe34c78ce8f585014f922b64b7a4e2c665a629af6,USDT,MIRA,1,100,0x55d398326f99059ff775485246999027b3197955,0x7839fbfd09dae4d0f15bfb36b8f16f7898fbe684,18,18,PancakeSwapV3
PancakeSwapV3,0x08debfc510a2eb0148107da7ab8e96531323f4d4,USDT,XPIN,1,100,0x55d398326f99059ff775485246999027b3197955,0xd955c9ba56fb1ab30e34766e252a97ccce3d31a6,18,18,PancakeSwapV3
PancakeSwapV3,0xee6ff918a1f68b5d2fdecb14b367fa2eb5c6951c,BANK,WBNB,1,100,0x3aee7602b612de36088f3ffed8c8f10e86ebf2bf,0xbb4cdb9cbd36b01bd1cbaebf2de08d9173bc095c,18,18,PancakeSwapV3
PancakeSwapV3,0xa06b447163cabcb80fc2515fecbe2b8e156bad38,sUSDu,USDT,200,10000,0x385c279445581a186a4182a5503094ebb652ec71,0x55d398326f99059ff775485246999027b3197955,18,18,PancakeSwapV3
PancakeSwapV3,0xb297d74cbe67ba9a0fa92862c31e501228e8b00b,USDT,GMT,200,10000,0x55d398326f99059ff775485246999027b3197955,0x7ddc52c4de30e94be3a6a0a2b259b2850f421989,18,18,PancakeSwapV3
PancakeSwapV3,0x0821ff05cbf84b950537b167984e4e41b659a80b,MXM,WBNB,50,2500,0x210b75c83942deaf83db442cd093d98fbe76a238,0xbb4cdb9cbd36b01bd1cbaebf2de08d9173bc095c,18,18,PancakeSwapV3
PancakeSwapV3,0xb93db56e4a5594254ecb0597a0da51ce6a3c45dc,CFUN,WBNB,50,2500,0x07d0051a3a5c760eca43bb8de1f434c1125061fa,0xbb4cdb9cbd36b01bd1cbaebf2de08d9173bc095c,18,18,PancakeSwapV3
PancakeSwapV3,0x4b3039f06966f80cbcd49648bdc262448803cefc,DDGE,WBNB,1,100,0x0525cb0c6cbb13eadb7b17c18bfa7f9bdbacfab1,0xbb4cdb9cbd36b01bd1cbaebf2de08d9173bc095c,18,18,PancakeSwapV3
PancakeSwapV3,0x6c305eca73c2b14da9cbe376c245e69bc6672055,ALEO,WBNB,200,10000,0x7b260077d87620fa6df8899d38066a4f0d89785a,0xbb4cdb9cbd36b01bd1cbaebf2de08d9173bc095c,18,18,PancakeSwapV3
PancakeSwapV3,0x249fb20c34d214c65569ad997271e41296ba777c,USDT,TOSHKIN,50,2500,0x55d398326f99059ff775485246999027b3197955,0x57ff0f326ef520f8ea47ec3db637ad8ed17ce8e4,18,18,PancakeSwapV3
PancakeSwapV3,0x532f514fa9038a7bfa9da1740d77b99c1e9e7d21,WBNB,LOT,1,100,0xbb4cdb9cbd36b01bd1cbaebf2de08d9173bc095c,0xbfe78de7d1c51e0868501d5fa3e88e674c79acdd,18,18,PancakeSwapV3
UniswapV3CL,0x4fece96139f3888af4cdc8a9e6b88837407be71c,xZAR,USDC,60,3000,0x2074c8e9253cd50d3cb81deb28ae85d932d2d26b,0x8ac76a51cc950d9822d68b83fe1ad97b32cd580d,18,18,UniswapV3CL
PancakeSwapV3,0xf7f9fc41da4b8e0d52a642af2ad38509c3e40bf0,HOLO,WBNB,50,2500,0x1a5d7e4c3a7f940b240b7357a4bfed30d17f9497,0xbb4cdb9cbd36b01bd1cbaebf2de08d9173bc095c,18,18,PancakeSwapV3
PancakeSwapV3,0x30469b52295713056f5767eff7afec6350a073e5,FCO,USDT,200,10000,0x41a1ef3d81d091465f22e8ed2a7e06d59a8532b7,0x55d398326f99059ff775485246999027b3197955,18,18,PancakeSwapV3
PancakeSwapV3,0x9d725c8241243dbf00de57c47a20586a01888783,RAPID,WBNB,50,2500,0x9b164072ae5c1a8a4ef1b930c7e14b713f3ea353,0xbb4cdb9cbd36b01bd1cbaebf2de08d9173bc095c,18,18,PancakeSwapV3
PancakeSwapV3,0x2ad2651a07b4949c0f892cfa27c3c73fb3b020f6,WBNB,STO,200,10000,0xbb4cdb9cbd36b01bd1cbaebf2de08d9173bc095c,0xdaf1695c41327b61b9b9965ac6a5843a3198cf07,18,18,PancakeSwapV3
PancakeSwapV3,0x7d3e67f2b898afee37f19d9275c1e5c00af415ef,USDT,HDSDAO,10,500,0x55d398326f99059ff775485246999027b3197955,0x9643a2e810598ba3931cb7e7f26828d046040fc7,18,18,PancakeSwapV3
PancakeSwapV3,0xcb3f6c0431c03b69905c300d8ff1da516ae4d5e7,USDT,CYC,1,100,0x55d398326f99059ff775485246999027b3197955,0x5845684b49aef79a5c0f887f50401c247dca7ac6,18,18,PancakeSwapV3
UniswapV3CL,0x6c6b6fe5312493e7f5c08b998846c07554695a93,ETH,LINK,60,3000,0x2170ed0880ac9a755fd29b2688956bd959f933f8,0xf8a0bf9cf54bb92f17374d9e9a321e6a111a51bd,18,18,UniswapV3CL
PancakeSwapV3,0xf19976ab900a6beae1568f35888ea39620c062d0,LRT,WBNB,50,2500,0xa3599884fbdc73af4f166500175dabc97cf8c491,0xbb4cdb9cbd36b01bd1cbaebf2de08d9173bc095c,18,18,PancakeSwapV3
PancakeSwapV3,0xbb030bf23beaf3ac06f4ad11821d0d99fc2547a2,ALEO,WBNB,200,10000,0x0ae2852d44c76f4479011f9f5b70ab01edb96c81,0xbb4cdb9cbd36b01bd1cbaebf2de08d9173bc095c,18,18,PancakeSwapV3
PancakeSwapV3,0xa10c53b6846658e8f2a4693d0541bd9b6bb2c612,WBNB,CUDIS,1,100,0xbb4cdb9cbd36b01bd1cbaebf2de08d9173bc095c,0xc1353d3ee02fdbd4f65f92eee543cfd709049cb1,18,18,PancakeSwapV3
PancakeSwapV3,0x39aae24d8c04e6aa9405fa7583a9e7bacb390ab7,USDT,CAPX,1,100,0x55d398326f99059ff775485246999027b3197955,0x71fb1795b084ff2b65eabf51cad22bbefd42ed5f,18,18,PancakeSwapV3
PancakeSwapV3,0x8113398afb6372c462a08f2f9816d5274bf1a732,YETI,WBNB,50,2500,0x10ae1be52283f80443f67e236027f45435598859,0xbb4cdb9cbd36b01bd1cbaebf2de08d9173bc095c,18,18,PancakeSwapV3
PancakeSwapV3,0xd06a5c1aed11086cd10a3ad16b7cd0ca7cb714cb,EDGEN,USDT,1,100,0x4d455e21e5614bc9b4df4177fbe379906100067b,0x55d398326f99059ff775485246999027b3197955,18,18,PancakeSwapV3
PancakeSwapV3,0x69905eb4f7468d3e4d71ae504cf5b6e5812d494f,BARD,WBNB,10,500,0xbabc1b1e49faaab051095aa13c9a5e8bc92ac86d,0xbb4cdb9cbd36b01bd1cbaebf2de08d9173bc095c,18,18,PancakeSwapV3
PancakeSwapV3,0x40c925bf28bbfc43b6c30250092bd1462f8d6574,DOGA,WBNB,1,100,0x22f5762a5f1727af9ec66bf26384c7151d296d06,0xbb4cdb9cbd36b01bd1cbaebf2de08d9173bc095c,18,18,PancakeSwapV3
PancakeSwapV3,0x673516e510d702ab5f2bbf0c6b545111a85f7ea7,ADA,WBNB,50,2500,0x3ee2200efb3400fabb9aacf31297cbdd1d435d47,0xbb4cdb9cbd36b01bd1cbaebf2de08d9173bc095c,18,18,PancakeSwapV3
PancakeSwapV3,0x82dd2ff1135be138ee56676461a3f96fc60aec65,FINA,USDT,1,100,0x45437fec87fe52a49887493dfaf0ccd80920df0c,0x55d398326f99059ff775485246999027b3197955,18,18,PancakeSwapV3
PancakeSwapV3,0x96e55d2d53b79d636166b23103552253e23b699e,SPS,WBNB,200,10000,0x1633b7157e7638c4d6593436111bf125ee74703f,0xbb4cdb9cbd36b01bd1cbaebf2de08d9173bc095c,18,18,PancakeSwapV3
UniswapV3CL,0xfa6536dd7aaec3681a9e7aa20024f0feebd163ae,WBTC,USDT,60,3000,0x0555e30da8f98308edb960aa94c0db47230d2b9c,0x55d398326f99059ff775485246999027b3197955,8,18,UniswapV3CL
UniswapV3CL,0x3127aa62b75a3554d96f863e10c41a5e77971b44,USDC,SLVon,200,10000,0x8ac76a51cc950d9822d68b83fe1ad97b32cd580d,0x8b872732b07be325a8803cdb480d9d20b6f8d11b,18,18,UniswapV3CL
PancakeSwapV3,0xbff6b9649728b9d301e3e5f7a207bcab136ebaf3,WBNB,GTP,1,100,0xbb4cdb9cbd36b01bd1cbaebf2de08d9173bc095c,0xd08da21cc422104947f053ee35ab3845fbbba1a5,18,18,PancakeSwapV3
UniswapV3CL,0x6aa382bff27b6d74d3546ad6419398ad2fe1b236,USDT,?,60,3000,0x55d398326f99059ff775485246999027b3197955,0xc51a9250795c0186a6fb4a7d20a90330651e4444,18,18,UniswapV3CL
PancakeSwapV3,0x6553881cf99e122cb94c862ff19ae7dd227af7e9,EIGN,WBNB,50,2500,0xa8e1a8ebe7110c83a2737ed95893f5f8e53bb237,0xbb4cdb9cbd36b01bd1cbaebf2de08d9173bc095c,18,18,PancakeSwapV3
PancakeSwapV3,0x6510b17df2909fead6492905c72a66676547da7c,FIR,USDT,1,100,0x238d72e179a581c98dc1996417a49818c7e509dc,0x55d398326f99059ff775485246999027b3197955,18,18,PancakeSwapV3
PancakeSwapV3,0x26d5d03a4a3b4e033065a30def3a550979f8ab9f,WBNB,AI,1,100,0xbb4cdb9cbd36b01bd1cbaebf2de08d9173bc095c,0xc691ceb3d636abe7c4e7535c56a817b5aabd4960,18,18,PancakeSwapV3
PancakeSwapV3,0x8f6871c586b2ca711c0eb2458403b623d928e25e,RCH,WBNB,50,2500,0x50d9e2d2fd07924090120af605dae3f2055d5174,0xbb4cdb9cbd36b01bd1cbaebf2de08d9173bc095c,18,18,PancakeSwapV3
UniswapV3CL,0x4361aaffc616809a8536ea3d5afff3d1b87921a4,DOGE,WBNB,200,10000,0xba2ae424d960c26247dd6c32edc70b295c744c43,0xbb4cdb9cbd36b01bd1cbaebf2de08d9173bc095c,8,18,UniswapV3CL
PancakeSwapV3,0x8ef2e070f9d73068a8f8066573c06713e5f614e2,USDT,BOS,1,100,0x55d398326f99059ff775485246999027b3197955,0xae1e85c3665b70b682defd778e3dafdf09ed3b0f,18,18,PancakeSwapV3
PancakeSwapV3,0xa740052bf636d54527ae87fc6c9677c4031977b0,STLF,WBNB,1,100,0xb3fdd10651ae0894382f573c728c4ce76dc3cd75,0xbb4cdb9cbd36b01bd1cbaebf2de08d9173bc095c,18,18,PancakeSwapV3
PancakeSwapV3,0x764cf114f1838c22b138fb4dcdaad03a65c946a9,BID,WBNB,200,10000,0xa1832f7f4e534ae557f9b5ab76de54b1873e498b,0xbb4cdb9cbd36b01bd1cbaebf2de08d9173bc095c,18,18,PancakeSwapV3
PancakeSwapV3,0x55403de027ca937f249296052b17ef6b7f8a4201,GMRX,WBNB,50,2500,0x53fcce4b02feda1055552fa2e8e930c3273f093d,0xbb4cdb9cbd36b01bd1cbaebf2de08d9173bc095c,18,18,PancakeSwapV3
PancakeSwapV3,0x9614e6720fe2b94abd52960df90e887339161584,USDTc,USDT,1,100,0x2e8eda9c595ed07172d7b296d5f2602358103a2e,0x55d398326f99059ff775485246999027b3197955,6,18,PancakeSwapV3
PancakeSwapV3,0x2f62969a74159bfc9365d8cd29ae8f6d15582204,USDT,LAB,1,100,0x55d398326f99059ff775485246999027b3197955,0x7ec43cf65f1663f820427c62a5780b8f2e25593a,18,18,PancakeSwapV3
PancakeSwapV3,0x7260608a33634eb55793a9e6a5594fe4a5083cc8,Blast,WBNB,10,500,0x47ba8dbf9d0815d2d3acfa6eaec5063ba64f96e1,0xbb4cdb9cbd36b01bd1cbaebf2de08d9173bc095c,18,18,PancakeSwapV3
PancakeSwapV3,0x1d8b1ed9b3da5d510fd3723e0dd02476e0d7e781,AVAX,WBNB,50,2500,0x1ce0c2827e2ef14d5c4f29a091d735a204794041,0xbb4cdb9cbd36b01bd1cbaebf2de08d9173bc095c,18,18,PancakeSwapV3
PancakeSwapV3,0x05f4a518fe9271cb45d4a1d708ece2ac04bc6a6c,RHEA,WBNB,1,100,0x4c067de26475e1cefee8b8d1f6e2266b33a2372e,0xbb4cdb9cbd36b01bd1cbaebf2de08d9173bc095c,18,18,PancakeSwapV3
PancakeSwapV3,0x0f55c9e2773a1d6bb4c9d647f35e6e79cfc1fa86,WBNB,BULLA,200,10000,0xbb4cdb9cbd36b01bd1cbaebf2de08d9173bc095c,0xfc8ee213ee5691725be8bad822568186e6ad5686,18,18,PancakeSwapV3
PancakeSwapV3,0xe4af4797afbf733591b6e0c4ea3566ad3979ca94,WBNB,FHE,200,10000,0xbb4cdb9cbd36b01bd1cbaebf2de08d9173bc095c,0xd55c9fb62e176a8eb6968f32958fefdd0962727e,18,18,PancakeSwapV3
PancakeSwapV3,0x1d6574b113ea4cbfe141063ee97c1c742696ee97,USDT,GM,1,100,0x55d398326f99059ff775485246999027b3197955,0xd8002d4bd1d50136a731c141e3206d516e6d3b3d,18,18,PancakeSwapV3
UniswapV3CL,0x18fc1e95adb68b556212ebbad777f3fbb644db98,USDT,USDC,60,3000,0x55d398326f99059ff775485246999027b3197955,0x8ac76a51cc950d9822d68b83fe1ad97b32cd580d,18,18,UniswapV3CL
UniswapV3CL,0xb007dda6ca7a57785ce04981c30a1934995a197a,BTCB,USDC,60,3000,0x7130d2a12b9bcbfae4f2634d864a1ee1ce3ead9c,0x8ac76a51cc950d9822d68b83fe1ad97b32cd580d,18,18,UniswapV3CL
PancakeSwapV3,0x93fd8bb346c847f53b2b24d54a917c0e6092b962,t101,USDT,50,2500,0x3e6a07a5c3f1b5761ea3027cd806088e53f793f0,0x55d398326f99059ff775485246999027b3197955,18,18,PancakeSwapV3
PancakeSwapV3,0x2d5d941864117cc0bf5f782159302a768ed60163,DUR,WBNB,1,100,0xa41bb5a1354e5ed2c5d5e5ad928c1cd95bde3341,0xbb4cdb9cbd36b01bd1cbaebf2de08d9173bc095c,18,18,PancakeSwapV3
PancakeSwapV3,0x80c2d66478768f2818ab8cacf1cf0ea56a1a21dc,USDT,GFS,50,2500,0x55d398326f99059ff775485246999027b3197955,0x6f268c4f5ccbc00f6b188fc495a2b032af6be79e,18,18,PancakeSwapV3
PancakeSwapV3,0x59e6611519b77b0d090cb96f6bc21631320e2852,Cookie,WBNB,50,2500,0xa3fcb6aa31dabe9052bba1d9c74bb09a804784c2,0xbb4cdb9cbd36b01bd1cbaebf2de08d9173bc095c,18,18,PancakeSwapV3
PancakeSwapV3,0x82b0e396aa94fc38c29b296b2bd1e0a5201670a9,FMBC,WBNB,10,500,0x11b865a20b89ef1b5982761f058c306ae02cb6f6,0xbb4cdb9cbd36b01bd1cbaebf2de08d9173bc095c,18,18,PancakeSwapV3
PancakeSwapV3,0xdb25c09d96c165b62f6e6f9d9b17174738d897ba,Broccoli,WBNB,200,10000,0x12b4356c65340fb02cdff01293f95febb1512f3b,0xbb4cdb9cbd36b01bd1cbaebf2de08d9173bc095c,18,18,PancakeSwapV3
PancakeSwapV3,0x62d549cdd11597a5917237640c202bf4ad7912c1,WBNB,SOLV,50,2500,0xbb4cdb9cbd36b01bd1cbaebf2de08d9173bc095c,0xf0cfb9f2f356a5e6a1c5a0bbde7710f73a20d26a,18,18,PancakeSwapV3
UniswapV3CL,0x3319a81a316abd4c086f7048904e31ff86648b38,DOGE,WBNB,60,3000,0xba2ae424d960c26247dd6c32edc70b295c744c43,0xbb4cdb9cbd36b01bd1cbaebf2de08d9173bc095c,8,18,UniswapV3CL
PancakeSwapV3,0x99e1a43e738b026a2cd4359409594debab61b48d,USDT,KAVA,10,500,0x55d398326f99059ff775485246999027b3197955,0x9bafc8d4b487cebff201721702507a3e2c67ad79,18,18,PancakeSwapV3
UniswapV3CL,0x94d600707aeea7c79a07210041dc0ac54b143dbc,USDT,ETF,200,10000,0x55d398326f99059ff775485246999027b3197955,0xec7bac72d9f8f4dfd32b9fd5e569a11af6e302ef,18,18,UniswapV3CL
PancakeSwapV3,0x809ef7f598673413cb7cb0a3344ebdd1e32a05d6,TOWNS,USDC,1,100,0x00000000bca93b25a6694ca3d2109d545988b13b,0x8ac76a51cc950d9822d68b83fe1ad97b32cd580d,18,18,PancakeSwapV3
PancakeSwapV3,0x1e4600929edf7f36b4a7eac4c7571057d82a246c,SOL,WBNB,50,2500,0x570a5d26f7765ecb712c0924e4de545b89fd43df,0xbb4cdb9cbd36b01bd1cbaebf2de08d9173bc095c,18,18,PancakeSwapV3
UniswapV3CL,0x3373a22cb07cb49651b82cf6f174ef434e4dbaa8,WBNB,AAVE,60,3000,0xbb4cdb9cbd36b01bd1cbaebf2de08d9173bc095c,0xfb6115445bff7b52feb98650c87f44907e58f802,18,18,UniswapV3CL
PancakeSwapV3,0x60ba4a0752e839a04cb1defc1ac0a7552fbb8e6f,WBNB,EIGEN,50,2500,0xbb4cdb9cbd36b01bd1cbaebf2de08d9173bc095c,0xe05de356c8eeb00eceab3ad9d4959c10eb2b0475,18,18,PancakeSwapV3
UniswapV3CL,0x619de105433a56fa05411e1f5577c5de6125c514,$BORK,WBNB,60,3000,0x445db54fb0bb5c5188862490ea09bf50642489d7,0xbb4cdb9cbd36b01bd1cbaebf2de08d9173bc095c,18,18,UniswapV3CL
PancakeSwapV3,0x52a499d86a824cf7ca5a5f964226066b825fdbd6,DELABS,WBNB,1,100,0x23ccab1de32e06a6235a7997c266f86440c2cbe6,0xbb4cdb9cbd36b01bd1cbaebf2de08d9173bc095c,18,18,PancakeSwapV3
PancakeSwapV3,0xb78f599f23f064b313b75303432e99384642ee18,WBNB,SHT,10,500,0xbb4cdb9cbd36b01bd1cbaebf2de08d9173bc095c,0xdb3753617d159016a125435ae7a031a328f4b8fb,18,18,PancakeSwapV3
PancakeSwapV3,0xada2d09b25bb7efd1b4fbe3b779117a9e98593c3,CESS,WBNB,1,100,0x0c78d4605c2972e5f989de9019de1fb00c5d3462,0xbb4cdb9cbd36b01bd1cbaebf2de08d9173bc095c,18,18,PancakeSwapV3
PancakeSwapV3,0x1401ff943d08a7e098328c1d3a9d388923b115d2,USDT,WBNB,50,2500,0x55d398326f99059ff775485246999027b3197955,0xbb4cdb9cbd36b01bd1cbaebf2de08d9173bc095c,18,18,PancakeSwapV3
PancakeSwapV3,0x95583a10b1d44708fda7b2d61af95c18e35fbb7c,MANOTO,WBNB,50,2500,0x1bce6d80c1029b6087971ea34574cc0243d53b1e,0xbb4cdb9cbd36b01bd1cbaebf2de08d9173bc095c,18,18,PancakeSwapV3
UniswapV3CL,0xef28e25b1b96fecad40e36bc38d67d5984ee002a,ETH,LTC,60,3000,0x2170ed0880ac9a755fd29b2688956bd959f933f8,0x4338665cbb7b2485a8855a139b75d5e34ab0db94,18,18,UniswapV3CL
PancakeSwapV3,0x52cd9659090d6b1c1fd036b906cbbfbb563691b8,USDT,NONITO,200,10000,0x55d398326f99059ff775485246999027b3197955,0xc7a41515da67a5baa092c01ea88531af2f650d51,18,18,PancakeSwapV3
PancakeSwapV3,0x5339df221f9e1b330f304432e3cce6c247c24d5b,KKI,BUSD,200,10000,0x7c98f51bb7fd35ccb948b598eb2ae3adb0e4ff22,0xe9e7cea3dedca5984780bafc599bd69add087d56,18,18,PancakeSwapV3
PancakeSwapV3,0x6b67517a844497978c28c5f1aae0706482279546,WBNB,TST3,1,100,0xbb4cdb9cbd36b01bd1cbaebf2de08d9173bc095c,0xe5bde6bd02f3471e9c5e48a32193a840bdc6ca3c,18,18,PancakeSwapV3
PancakeSwapV3,0xe8422de3e431fecd444d8df94398816e7fefc06a,TST3,WBNB,1,100,0x683a9c74e17b910b5532766336927c684fbb40b7,0xbb4cdb9cbd36b01bd1cbaebf2de08d9173bc095c,18,18,PancakeSwapV3
PancakeSwapV3,0xd825d9e602d2cab8c459befe6335093670634ad1,TST4,WBNB,1,100,0xabd02e57310d7d9fa7ed95d554d210549c74fd50,0xbb4cdb9cbd36b01bd1cbaebf2de08d9173bc095c,18,18,PancakeSwapV3
PancakeSwapV3,0x0725dd6c9c2105e8c9af3da9d4fd24144a555ba4,GROK,WBNB,1,100,0x5c578a531553e4f51868d4537fe16e8b7cf4312e,0xbb4cdb9cbd36b01bd1cbaebf2de08d9173bc095c,18,18,PancakeSwapV3
PancakeSwapV3,0x925643281bfc1950742ac28a707d5a9678d1115d,THERAPY,WBNB,1,100,0x7763e083eed19d3ea7b4b31b6021854d7b59b419,0xbb4cdb9cbd36b01bd1cbaebf2de08d9173bc095c,18,18,PancakeSwapV3
PancakeSwapV3,0x8c1af98b137c3e58ec92d3d22aa81cf39a59540d,TST3,WBNB,1,100,0xac6d14fc7751343615786ab0c1274d747de813d1,0xbb4cdb9cbd36b01bd1cbaebf2de08d9173bc095c,18,18,PancakeSwapV3
PancakeSwapV3,0x32fd45cf4f254eff52e176efe01adbf691bc52b5,TST4,WBNB,1,100,0x0eda6da25354c09d7fb54f29804761bbc28da2c1,0xbb4cdb9cbd36b01bd1cbaebf2de08d9173bc095c,18,18,PancakeSwapV3
PancakeSwapV3,0x8d19fe4da4b96765e6a218661120a388553bf1ad,EXP,WBNB,50,2500,0x3c5928e25f126612e413de462f4148e577fd0f54,0xbb4cdb9cbd36b01bd1cbaebf2de08d9173bc095c,18,18,PancakeSwapV3
PancakeSwapV3,0x2ca01e88d7f46c4e97433b80bf689f5044ddfdb8,AUS,WBNB,1,100,0x607db5e6ad002371ec86e0b7fd3783651e49c9f3,0xbb4cdb9cbd36b01bd1cbaebf2de08d9173bc095c,18,18,PancakeSwapV3
PancakeSwapV3,0x2f65c57dde3ed352b082ce4240836acc37ad3dbf,ICE,WBNB,1,100,0xa142cc69a98f1f6d52b9861880da280db7efd733,0xbb4cdb9cbd36b01bd1cbaebf2de08d9173bc095c,18,18,PancakeSwapV3
PancakeSwapV3,0xc455859f8589d7ce63415025e6bd7c504b54b07f,MEAI,WBNB,1,100,0x94911d683b620d3e3f0572e1188a31357f265cc8,0xbb4cdb9cbd36b01bd1cbaebf2de08d9173bc095c,18,18,PancakeSwapV3
PancakeSwapV3,0x7e19ae6182367969963748acbb8d3822314df0c6,WBNB,USDT,1,100,0xbb4cdb9cbd36b01bd1cbaebf2de08d9173bc095c,0xcd0de9ccd92a5532a7e555f40b53562ba0ba1777,18,18,PancakeSwapV3
PancakeSwapV3,0x7ff63e6c2982d74fd0ce5fd18f00ddb2f861058e,CMC20,BTCB,10,500,0x2f8a339b5889ffac4c5a956787cda593b3c36867,0x7130d2a12b9bcbfae4f2634d864a1ee1ce3ead9c,18,18,PancakeSwapV3
PancakeSwapV3,0x1b06aedbdbd0723cc1bd6249c6e931ae1fe24872,D2N,WBNB,1,100,0x241c54ac6ca1fb185e3b80d8c36e39caca1ef754,0xbb4cdb9cbd36b01bd1cbaebf2de08d9173bc095c,18,18,PancakeSwapV3
PancakeSwapV3,0x68e650fb9e0b4357f289003535ae29f0d08f5985,USDT,LN,1,100,0x55d398326f99059ff775485246999027b3197955,0x6d2ebdf6d551d8408e7d896e9a1ec6f84806e193,18,6,PancakeSwapV3
PancakeSwapV3,0x9229cf2dd552a1b6261f65eb90f5d308b945ff16,TBC,WBNB,1,100,0x0a846d5f27b9192270567d9e0c20d1895fc92ed9,0xbb4cdb9cbd36b01bd1cbaebf2de08d9173bc095c,18,18,PancakeSwapV3
UniswapV3CL,0x17507bef4c3abc1bc715be723ee1baf571256e05,ETH,USDC,60,3000,0x2170ed0880ac9a755fd29b2688956bd959f933f8,0x8ac76a51cc950d9822d68b83fe1ad97b32cd580d,18,18,UniswapV3CL
PancakeSwapV3,0xfa6b836d88a3d6ea07ad98f3b6882f448f522d02,BTCB,BBTC,200,10000,0x7130d2a12b9bcbfae4f2634d864a1ee1ce3ead9c,0xf5e11df1ebcf78b6b6d26e04ff19cd786a1e81dc,18,18,PancakeSwapV3
PancakeSwapV3,0x8c134375a8b8cc477ce5f0d33f09a16090adb381,USDT,Solam,10,500,0x55d398326f99059ff775485246999027b3197955,0x923d0c00ea38dc3bf8388e42f10ce8ad34b81bab,18,18,PancakeSwapV3
PancakeSwapV3,0x69065c9b94bd90538cf9f28fc04ebba30f0854ba,BMT,USDT,1,100,0x475a0dc369f42f25aafe3867efb4e1ab71472f87,0x55d398326f99059ff775485246999027b3197955,18,18,PancakeSwapV3
PancakeSwapV3,0x1e8d7ab96323953fac85ab687f5d38b45344e62d,USDT,CGPT,10,500,0x55d398326f99059ff775485246999027b3197955,0x9840652dc04fb9db2c43853633f0f62be6f00f98,18,18,PancakeSwapV3
PancakeSwapV3,0x0cb6de21c377cc0ffbef9685820b853734aef2d3,CASH+,USDT,1,100,0x1775504c5873e179ea2f8abfce3861ec74d159bc,0x55d398326f99059ff775485246999027b3197955,18,18,PancakeSwapV3
PancakeSwapV3,0x59285e55aa8da5b3235fc2e7534bcce667ce7656,WBNB,STRK,10,500,0xbb4cdb9cbd36b01bd1cbaebf2de08d9173bc095c,0xd3972e45fc791cb7da3442ff25acf326750867a2,18,18,PancakeSwapV3
PancakeSwapV3,0x258474cd00b4f42842ed424e6c2c1da0087031b8,USDC,VELO,1,100,0x8ac76a51cc950d9822d68b83fe1ad97b32cd580d,0xf486ad071f3bee968384d2e39e2d8af0fcf6fd46,18,18,PancakeSwapV3
PancakeSwapV3,0xb1ed58ba238a2b4e90cca5f19a07133d6e605552,GroMo AI,WBNB,1,100,0x48fb3a75312e60430454a48a209e8a68bf3b46c3,0xbb4cdb9cbd36b01bd1cbaebf2de08d9173bc095c,18,18,PancakeSwapV3
PancakeSwapV3,0xac7fa6ca945a208b8bf834b022c0f03c8e75362b,EVRG,WBNB,1,100,0x9f0dd7897894d287a1b0d7b04ffe7adb3d248150,0xbb4cdb9cbd36b01bd1cbaebf2de08d9173bc095c,18,18,PancakeSwapV3
PancakeSwapV3,0x4f215b0d8aa330499b52effce3c0245cd523c487,369COIN,USDT,1,100,0x441ba9cdcab69d3fa4fa06840c3cc09a919a1382,0x55d398326f99059ff775485246999027b3197955,18,18,PancakeSwapV3
PancakeSwapV3,0x3811594771cbb7173e7d8bcbd54a9fac436d2223,USDT,CMTL,10,500,0x55d398326f99059ff775485246999027b3197955,0xf8a9e8af804f219e94226a761bf4c109c158bd8e,18,18,PancakeSwapV3
PancakeSwapV3,0xcacd3583c7ef55126099be733b12672c60e2ab23,MPLX,USDC,1,100,0x75a5863a19af60ec0098d62ed8c34cc594fb470f,0x8ac76a51cc950d9822d68b83fe1ad97b32cd580d,6,18,PancakeSwapV3
PancakeSwapV3,0xd9704dabefd6500b9b469ee02e00a0b3b0ab6f8a,GIGGLE,WBNB,200,10000,0x20d6015660b3fe52e6690a889b5c51f69902ce0e,0xbb4cdb9cbd36b01bd1cbaebf2de08d9173bc095c,18,18,PancakeSwapV3
PancakeSwapV3,0xc0fb39f705ee65ef098dd5452997a7846d156aa9,PARTI,WBNB,200,10000,0x59264f02d301281f3393e1385c0aefd446eb0f00,0xbb4cdb9cbd36b01bd1cbaebf2de08d9173bc095c,18,18,PancakeSwapV3
PancakeSwapV3,0x39d2d7bebd1487ffea308fab8a6fe2d737600e1a,USDT,NUMI,1,100,0x55d398326f99059ff775485246999027b3197955,0xc61eb549acf4a05ed6e3fe0966f5e213b23541ce,18,18,PancakeSwapV3
PancakeSwapV3,0x50c91da8a37feccba5a329f4af1cbb3bb8e938f0,USDCoin,USDC,1,100,0x075cd4c0ba0402e7d05dd8f69014c214b87a45cb,0x8ac76a51cc950d9822d68b83fe1ad97b32cd580d,6,18,PancakeSwapV3
PancakeSwapV3,0xd45a439707cf2062dbf992d81179646f7956ecb3,TADA,WBNB,50,2500,0x1d981b20140287cc337d88df06c523c628d31a26,0xbb4cdb9cbd36b01bd1cbaebf2de08d9173bc095c,18,18,PancakeSwapV3
PancakeSwapV3,0x23ab35fac8a7ff11f0fe197df68e8ee52e415f2a,USDT,DEXE,1,100,0x55d398326f99059ff775485246999027b3197955,0x6e88056e8376ae7709496ba64d37fa2f8015ce3e,18,18,PancakeSwapV3
PancakeSwapV3,0x90a54475d512b8f3852351611c38fad30a513491,mubarak,WBNB,50,2500,0x5c85d6c6825ab4032337f11ee92a72df936b46f6,0xbb4cdb9cbd36b01bd1cbaebf2de08d9173bc095c,18,18,PancakeSwapV3
PancakeSwapV3,0x8df8d0f6fffacf57e110fd1ada173eb4fce2770e,USDT,INCO,50,2500,0x55d398326f99059ff775485246999027b3197955,0xb617fab6b94ed1fe6df3cad71e1dc997927a2a0e,18,18,PancakeSwapV3
PancakeSwapV3,0x0add2a7bab26d8775a1246d0af92c61e83e7cf92,CHMN,WBNB,1,100,0x332c8561c8dd3b6b84e804ad0972d9f5a31723f7,0xbb4cdb9cbd36b01bd1cbaebf2de08d9173bc095c,18,18,PancakeSwapV3
PancakeSwapV3,0x84354592cb82eac7fac65df4478ed1eebba0252c,USDT,ALLO,1,100,0x55d398326f99059ff775485246999027b3197955,0xcce5f304fd043d6a4e8ccb5376a4a4fb583b98d5,18,18,PancakeSwapV3
PancakeSwapV3,0xbe3a7351f23108c12b8ae1fd458676b27c5c7b7b,BUSD,EUD,1,100,0xe9e7cea3dedca5984780bafc599bd69add087d56,0xf9e8a37ee3847ff5c41f60919b03b1f9a0a4433e,18,18,PancakeSwapV3
PancakeSwapV3,0x551df97cca8599dd76ab50aa0c752bf27480ebb9,MIA,WBNB,1,100,0x7cea5b9548a4b48cf9551813ef9e73de916e41e0,0xbb4cdb9cbd36b01bd1cbaebf2de08d9173bc095c,18,18,PancakeSwapV3
PancakeSwapV3,0xb8d5fe4ea602ff1df96cdd9f96c677ee12a65a9b,OZAU,BTCB,1,100,0x5871ec02ae3a2cd1e880f16fb3dcb00fc482b59c,0x7130d2a12b9bcbfae4f2634d864a1ee1ce3ead9c,18,18,PancakeSwapV3
PancakeSwapV3,0x3353274e21dec3964e56cc227582e320533c5869,PROVE,USDC,1,100,0x7ddf164cecfddd0f992299d033b5a11279a15929,0x8ac76a51cc950d9822d68b83fe1ad97b32cd580d,18,18,PancakeSwapV3
PancakeSwapV3,0x4862f4c74bbd27deeb98413938599856a2f2910d,ALGOM,WBNB,50,2500,0x9aec7b3f5b7036620fb8d094bdf65595edc08bb9,0xbb4cdb9cbd36b01bd1cbaebf2de08d9173bc095c,18,18,PancakeSwapV3
PancakeSwapV3,0xd919dc242bb1e8a823da9cdb9806e3d211265f47,WBNB,OBT,1,100,0xbb4cdb9cbd36b01bd1cbaebf2de08d9173bc095c,0xcef5b397051fc92026249670e918c0ad7b8585e4,18,18,PancakeSwapV3
PancakeSwapV3,0x754d5296fb1991e9e3b4aeb4fd02d9f38347590c,WBNB,VELAR,50,2500,0xbb4cdb9cbd36b01bd1cbaebf2de08d9173bc095c,0xe01a47eb6f43ee4d19f12658ca8551f6e918f577,18,18,PancakeSwapV3
PancakeSwapV3,0x5bb59bb9371cbec158ed602d5f3cf1ad1c9b4462,WBNB,ESPORTS,1,100,0xbb4cdb9cbd36b01bd1cbaebf2de08d9173bc095c,0xf39e4b21c84e737df08e2c3b32541d856f508e48,18,18,PancakeSwapV3
PancakeSwapV3,0x0a785ec052637dc884a89ec645ae8131f48e7874,BETURA,WBNB,10,500,0x808560290d85545e6eeb38c71972edb5712c19a5,0xbb4cdb9cbd36b01bd1cbaebf2de08d9173bc095c,18,18,PancakeSwapV3
PancakeSwapV3,0xda7630a141dbb6382ddb6409aea7331da543b0bb,PUFFER,WBNB,1,100,0x87d00066cf131ff54b72b134a217d5401e5392b6,0xbb4cdb9cbd36b01bd1cbaebf2de08d9173bc095c,18,18,PancakeSwapV3
PancakeSwapV3,0x5722d949888a409161987e8737f454ac0802d341,KPEPE,WBNB,1,100,0x4be660cc57a82bdcb18d676d681fd12b7b4a8f4f,0xbb4cdb9cbd36b01bd1cbaebf2de08d9173bc095c,18,18,PancakeSwapV3
PancakeSwapV3,0xd811afeb42889345df3ef2fa1919a13af7608d6e,FDOGE,WBNB,50,2500,0x74a20ec543e523c1886adab366f10dd6757a0f89,0xbb4cdb9cbd36b01bd1cbaebf2de08d9173bc095c,18,18,PancakeSwapV3
PancakeSwapV3,0xfb1c06dd94c9a65f2c6715397c31790e8f10bed2,STRIKE,USDT,1,100,0x2aa89a0113bcbbcdc5812c6df794e2d9650fc1af,0x55d398326f99059ff775485246999027b3197955,18,18,PancakeSwapV3
PancakeSwapV3,0x43cc118d018049c3ad3c2fd1f48b00e305b9c8d5,WBNB,DXT,1,100,0xbb4cdb9cbd36b01bd1cbaebf2de08d9173bc095c,0xe56618e9f43f70de45e263242bdd8ac137920683,18,18,PancakeSwapV3
PancakeSwapV3,0x419f8539c423d66dc42bd80d6f0bdd6fd4c21dce,USDT,OPEN,1,100,0x55d398326f99059ff775485246999027b3197955,0xa227cc36938f0c9e09ce0e64dfab226cad739447,18,18,PancakeSwapV3
PancakeSwapV3,0xd5d76bc33efbdd147b4987a2ea5935e26da9dbc0,AVAIL,USDT,50,2500,0x39702843a6733932ec7ce0dde404e5a6dbd8c989,0x55d398326f99059ff775485246999027b3197955,18,18,PancakeSwapV3
PancakeSwapV3,0xf5876e14580861bae291342f62c627196fb2797c,USDT,SPCX,50,2500,0x55d398326f99059ff775485246999027b3197955,0x872109274218cb50f310e2bfb160d135b502a9d5,18,18,PancakeSwapV3
PancakeSwapV3,0x16e46d441646d440eea09fe76848450c0e8a9f4b,?,WBNB,1,100,0x6f10253444f28fe5f98694f8c31811e026946c0b,0xbb4cdb9cbd36b01bd1cbaebf2de08d9173bc095c,18,18,PancakeSwapV3
PancakeSwapV3,0x3177b22127f9fecfaabe4102429e368c98f89227,PUNDIAI,WBNB,1,100,0x7a986ba67227acfab86385ff33436a80e2bb4cc5,0xbb4cdb9cbd36b01bd1cbaebf2de08d9173bc095c,18,18,PancakeSwapV3
PancakeSwapV3,0x6915e0c18c411bac7c1fe318a3482ccb5e3765ab,USDT,?,10,500,0x55d398326f99059ff775485246999027b3197955,0xa096d098c63c1103e74fe8a573da1c5c51dd0bf2,18,18,PancakeSwapV3
PancakeSwapV3,0x0ba8bc188b7b68f03213614499a6d528fe1bb37e,USDP(PAX),USDT,1,100,0x44baef7e85cd2e39fef3a4b0b8bbf4bd0c9b85fa,0x55d398326f99059ff775485246999027b3197955,18,18,PancakeSwapV3
PancakeSwapV3,0x2827d367dcf941ab6a63880b9a7a0d3cbe690a66,USDT,NBTC,1,100,0x55d398326f99059ff775485246999027b3197955,0xf9024e301158d01db04b17d9524dabadc5ec6bfe,18,18,PancakeSwapV3
PancakeSwapV3,0x034e05cab2ec0868727d22472b0e0e66c7076f8e,LABRA,USDT,1,100,0x205da589b2b147a348059226f4a8f68babba08fb,0x55d398326f99059ff775485246999027b3197955,18,18,PancakeSwapV3
PancakeSwapV3,0xb3ae2ef2ebeacc4851e7eed53c3b0b206737cb9a,USDT,CBC,1,100,0x55d398326f99059ff775485246999027b3197955,0xe2be224142e21cf319679c2b4e5b8a7bd9db892a,18,18,PancakeSwapV3
UniswapV3CL,0x9d66f536b5d0d4a6086ffbef06a12c5caa9a1460,ASTER,USDT,200,10000,0x000ae314e2a2172a039b26378814c252734f556a,0x55d398326f99059ff775485246999027b3197955,18,18,UniswapV3CL
PancakeSwapV3,0xde7c7aa7fef3ea8951408078279ac65c19d6f7be,RENZO,WBNB,50,2500,0x55ca8f9269b6c7ead30d540faa246ae3edced34e,0xbb4cdb9cbd36b01bd1cbaebf2de08d9173bc095c,18,18,PancakeSwapV3
UniswapV3CL,0x44b9c55b74a6e1c335c5e66d126a0cc7722297ad,USDT,ZUMD,1,100,0x55d398326f99059ff775485246999027b3197955,0xb8aa1ac7ebe9d2a00340fcd48269fada698b9314,18,8,UniswapV3CL
PancakeSwapV3,0x90345fbe6da637322015129de38d3166f98aac9c,PUMP,WBNB,200,10000,0xb7c0007ab75350c582d5eab1862b872b5cf53f0c,0xbb4cdb9cbd36b01bd1cbaebf2de08d9173bc095c,18,18,PancakeSwapV3
PancakeSwapV3,0x2f1ce543c5318844bccb86ff94577bd2b8431abd,WBNB,STRKAI,50,2500,0xbb4cdb9cbd36b01bd1cbaebf2de08d9173bc095c,0xe310efdad4b8244e3040e0829649ff2ed9ca28ef,18,18,PancakeSwapV3
PancakeSwapV3,0x483b06d9c206869f91009ece89f45addfa341439,STAR,WBNB,1,100,0x8fce7206e3043dd360f115afa956ee31b90b787c,0xbb4cdb9cbd36b01bd1cbaebf2de08d9173bc095c,18,18,PancakeSwapV3
PancakeSwapV3,0xcba9301afa831a5b46b98850dc2981d8d654e2aa,USDT,VNX,1,100,0x55d398326f99059ff775485246999027b3197955,0xea5561d2aa303e334dc89d8414b6a103960c9538,18,18,PancakeSwapV3
PancakeSwapV3,0xc1baecaef8da37baa380fba515dbfaa90fd9e0e6,WBNB,DUBY,10,500,0xbb4cdb9cbd36b01bd1cbaebf2de08d9173bc095c,0xc799fd291ab349daa0e69b1b21563998d5c9d051,18,18,PancakeSwapV3
PancakeSwapV3,0xf30fea37422aa04212b21580e5cc49fc616a8793,PT6,USDT,1,100,0x49e9a42b60cb349571ffbb463556e2f4be5670fe,0x55d398326f99059ff775485246999027b3197955,18,18,PancakeSwapV3
PancakeSwapV3,0x748a5c9b8bdc10a51ac2346a46b89f5f0bc579d1,XSWAP,WBNB,50,2500,0x1615fc25101ec27fd03e743c09d604d6aa778ee4,0xbb4cdb9cbd36b01bd1cbaebf2de08d9173bc095c,18,18,PancakeSwapV3
PancakeSwapV3,0x8ec186cd1ad51c380bd23fde29f852226647616c,Cake,USDT,10,500,0x0e09fabb73bd3ade0a17ecc321fd13a19e81ce82,0x55d398326f99059ff775485246999027b3197955,18,18,PancakeSwapV3
UniswapV3CL,0x52f07833b52716b87d3bf8178ecc809a1a02c420,WBNB,FDR,1,100,0xbb4cdb9cbd36b01bd1cbaebf2de08d9173bc095c,0xfbee1096ed57911928fa8f7b5a11edb143dfc319,18,18,UniswapV3CL
UniswapV3CL,0xc2d1fbb686ecc5e9f303789bb5ba4d8a1b07ba66,WBNB,4444,10,500,0xbb4cdb9cbd36b01bd1cbaebf2de08d9173bc095c,0xf2a331adadce49df95763540dec85ebeabf098f1,18,18,UniswapV3CL
PancakeSwapV3,0x4c006ef8fb07544ead7a0efe1ec9da08d7801fe7,SLT,WBNB,200,10000,0x6f665258755d8617316707e2c36b48fc43184faa,0xbb4cdb9cbd36b01bd1cbaebf2de08d9173bc095c,18,18,PancakeSwapV3
PancakeSwapV3,0xc62948a8b81caed3b2406c099539b6b0f762213b,WBNB,WPEPE,1,100,0xbb4cdb9cbd36b01bd1cbaebf2de08d9173bc095c,0xfff09e14d6d22aceb3837b310cac330a0d080bb2,18,18,PancakeSwapV3
PancakeSwapV3,0xc65ce3ec2c02f80810e7f87dee8f4f2f5dac682f,WBNB,TAIKO,50,2500,0xbb4cdb9cbd36b01bd1cbaebf2de08d9173bc095c,0xf161c6abc9e2364f32cef023cfe8874e2d31edf5,18,18,PancakeSwapV3
UniswapV3CL,0xe4de27cdd2fdb9ce36d6600f4724c38e82015693,SMT,WBNB,60,3000,0xb12b19e6fa65a4ddca30b6e0ca8996ca27bdfc2c,0xbb4cdb9cbd36b01bd1cbaebf2de08d9173bc095c,18,18,UniswapV3CL
PancakeSwapV3,0x19163248e34218e43fd5e43799eba57a89df4d70,WBNB,IO,50,2500,0xbb4cdb9cbd36b01bd1cbaebf2de08d9173bc095c,0xc9de78ed05f4ea089373c8a571794ca5719b0c00,18,18,PancakeSwapV3
PancakeSwapV3,0x4e6f725ac0dedc6c897d77ca288d661125fac8a5,USDT,kkkk,200,10000,0x55d398326f99059ff775485246999027b3197955,0xf1a98d632662584e0bbeeab4f1e76f0bc7b596d0,18,18,PancakeSwapV3
PancakeSwapV3,0xdf1fe5488d672f487a1ca2495a8272403bf6972d,USDT,FFFD,200,10000,0x55d398326f99059ff775485246999027b3197955,0x66f2aef0c64af3f4575848b8e2251173295d25da,18,18,PancakeSwapV3
PancakeSwapV3,0xe3881e8bd44c8c18772dd7feab1e475bfa54450d,USDT,JJJ,200,10000,0x55d398326f99059ff775485246999027b3197955,0x7b356683643959c21c0b8895a6feb151ff35b0e7,18,18,PancakeSwapV3
PancakeSwapV3,0x62f0546cbcd684f7c394d8549119e072527c41bc,DOT,WBNB,50,2500,0x7083609fce4d1d8dc0c979aab8c869ea2c873402,0xbb4cdb9cbd36b01bd1cbaebf2de08d9173bc095c,18,18,PancakeSwapV3
PancakeSwapV3,0x3b426cff2e9b843406f5f0689017bb5d4b88f671,ZKWASM,WBNB,1,100,0xa8d3dee6671c4fdac4743a1eb1f276eabd4ba302,0xbb4cdb9cbd36b01bd1cbaebf2de08d9173bc095c,18,18,PancakeSwapV3
PancakeSwapV3,0xdd82975ab85e745c84e497fd75ba409ec02d4739,PEPE,WBNB,200,10000,0x25d887ce7a35172c62febfd67a1856f20faebb00,0xbb4cdb9cbd36b01bd1cbaebf2de08d9173bc095c,18,18,PancakeSwapV3
PancakeSwapV3,0x16969fa79651bae11736f2f6576a86fe2726b42b,TST,WBNB,200,10000,0x86bb94ddd16efc8bc58e6b056e8df71d9e666429,0xbb4cdb9cbd36b01bd1cbaebf2de08d9173bc095c,18,18,PancakeSwapV3
UniswapV3CL,0xfec42cde820afae64a301ff59afc2eef3feab450,USDT,NIGHT,60,3000,0x55d398326f99059ff775485246999027b3197955,0xfe930c2d63aed9b82fc4dbc801920dd2c1a3224f,18,18,UniswapV3CL
PancakeSwapV3,0x6a829b4bfd66d1d718a850440daa7e01b5991877,WBNB,ZKL,50,2500,0xbb4cdb9cbd36b01bd1cbaebf2de08d9173bc095c,0xd9ecd45a644172896d10aa243fab9ed0828d571d,18,18,PancakeSwapV3
PancakeSwapV3,0x06f2c006b5606fc1915bc6de018e3c0d9786d963,WBNB,HOV,50,2500,0xbb4cdb9cbd36b01bd1cbaebf2de08d9173bc095c,0xf747a6600c16838307db8b2ddb4b8a642563968b,18,18,PancakeSwapV3
PancakeSwapV3,0x5e7ce353a28cd22c60959fad7cdf4522e4828cb5,WBNB,Aku,1,100,0xbb4cdb9cbd36b01bd1cbaebf2de08d9173bc095c,0xfe3ccd799003e45549673780792fbb897f694ccc,18,18,PancakeSwapV3
PancakeSwapV3,0x5f53c38360882042cc5769947d1f8425202e1695,ERC404,WBNB,50,2500,0x52fa4939693a3125468ab9ee18f7d9d7dc6a9a8d,0xbb4cdb9cbd36b01bd1cbaebf2de08d9173bc095c,18,18,PancakeSwapV3
PancakeSwapV3,0xdc6bb15c6b08990e1ffac5431c678220a9fc4f9f,LUNA2,WBNB,50,2500,0x7f4f94450e19b39e6eaf3a0f24e1966315e9d647,0xbb4cdb9cbd36b01bd1cbaebf2de08d9173bc095c,18,18,PancakeSwapV3
PancakeSwapV3,0xad496bfe6f5a7610fcdaa6c3d83d55c54062fba7,MANTAP,WBNB,50,2500,0x296482aba7cd2914ddeaae7affcf6315eae0287b,0xbb4cdb9cbd36b01bd1cbaebf2de08d9173bc095c,18,18,PancakeSwapV3
PancakeSwapV3,0x5c7aa9911490384957cb8ad908034268946bdab8,LKLT,WBNB,1,100,0x900d51d351f4913b721ff1fedf1e31b1916a4a03,0xbb4cdb9cbd36b01bd1cbaebf2de08d9173bc095c,18,18,PancakeSwapV3
PancakeSwapV3,0x59fd40f47e28dc2e298282f8bd3a22ac03bd7169,BLST,WBNB,50,2500,0x2ac55ab5e6ccb57bd13c6b61d807bf93439f44f5,0xbb4cdb9cbd36b01bd1cbaebf2de08d9173bc095c,18,18,PancakeSwapV3
PancakeSwapV3,0xb3c1bb9c3c03d99c38b8af0ba38d32af15e6c676,OMNI,WBNB,1,100,0x6b9ff6d75f84f7c96344567172f08e42966b50af,0xbb4cdb9cbd36b01bd1cbaebf2de08d9173bc095c,18,18,PancakeSwapV3
PancakeSwapV3,0x6ec31af1bb9a72aacec12e4ded508861b05f4503,WBNB,MYX,1,100,0xbb4cdb9cbd36b01bd1cbaebf2de08d9173bc095c,0xd82544bf0dfe8385ef8fa34d67e6e4940cc63e16,18,18,PancakeSwapV3
PancakeSwapV3,0x73de8b8d37fac1afe156f6533788a0eff197d636,USDT,IRYS,1,100,0x55d398326f99059ff775485246999027b3197955,0x91152b4ef635403efbae860edd0f8c321d7c035d,18,18,PancakeSwapV3
PancakeSwapV3,0x35256a2c32997fd2bea85907a1d9b73cc98d7964,USDT,NMT21,1,100,0x55d398326f99059ff775485246999027b3197955,0xce66620bb15316b0d0dba7b821a5d1e0207ab101,18,18,PancakeSwapV3
PancakeSwapV3,0xd8d3f63a9999155e503ee18f77af67cc60bc4f38,USDT,GTL,1,100,0x55d398326f99059ff775485246999027b3197955,0x9e8c6bef6bc45db6652fb394a345edd10a7ec8f1,18,18,PancakeSwapV3
UniswapV3CL,0xd8678857562580dafa57c420d2f253338928d295,BTCB,ltMNER,200,10000,0x7130d2a12b9bcbfae4f2634d864a1ee1ce3ead9c,0xf3b3f0971f4c7a06740b653557566446919a4098,18,18,UniswapV3CL
PancakeSwapV3,0xefebf4d137dd22da6b797b987329aba9181ef6f5,WBNB,TRX,200,10000,0xbb4cdb9cbd36b01bd1cbaebf2de08d9173bc095c,0xce7de646e7208a4ef112cb6ed5038fa6cc6b12e3,18,6,PancakeSwapV3
PancakeSwapV3,0x5b483c88ca677aaa49e6132981f9748458acbce5,UDAO,WBNB,50,2500,0x99ec7138a15e099fadd7dccf62ca452b75cfa4ad,0xbb4cdb9cbd36b01bd1cbaebf2de08d9173bc095c,18,18,PancakeSwapV3
PancakeSwapV3,0x1b5183267b5cce673a779d37f2ef8f150d07780b,USDT,MBZ,1,100,0x55d398326f99059ff775485246999027b3197955,0xf4b0a303fcf4e0382f889ead98c5cf99ebaec16f,18,18,PancakeSwapV3
PancakeSwapV3,0x46751bd23e77aa31fd88928e8fcffbab6d4e1883,MTK,USDT,1,100,0x2621c4bbe8a8f0fa32e18f3da781f3fc35f9577e,0x55d398326f99059ff775485246999027b3197955,18,18,PancakeSwapV3
PancakeSwapV3,0x1bba17ec42269650233e610b5c3826d48c923058,USDT,ACME,1,100,0x55d398326f99059ff775485246999027b3197955,0x90e1b285e925ba5613db927684e0c440b088c8f8,18,18,PancakeSwapV3
PancakeSwapV3,0x800e08f0af23efef4a243f705b483f294d385170,USDT,AST,1,100,0x55d398326f99059ff775485246999027b3197955,0xc47ad7da5992cf5bceac92b73b61bc1010cc486e,18,18,PancakeSwapV3
PancakeSwapV3,0x29fb1d8706e8678a2942738f070ad002cf60bf88,xUSDT,USDT,1,100,0x3ba3a2cfd85a1a56a75d618c5774ba23f6323a0a,0x55d398326f99059ff775485246999027b3197955,18,18,PancakeSwapV3
PancakeSwapV3,0x7ea2a0798ec82862618b10bda7cf5593997182d5,TMC,USDT,1,100,0x534ac678810d16acd1cc81a5261b35a099139889,0x55d398326f99059ff775485246999027b3197955,18,18,PancakeSwapV3
PancakeSwapV3,0x5dc9d34228bc4265e0521870a8c5afb202b1dcab,USD.Z,USDT,1,100,0x1d11351c2a523f85053169f23cf10115a64bb78c,0x55d398326f99059ff775485246999027b3197955,18,18,PancakeSwapV3
PancakeSwapV3,0x09c48a2b9163003f31522bc11429f22ee0812f85,3XSD,BUSD,1,100,0x7ff49751bed68d5bf8f7154a66f8752140947886,0xe9e7cea3dedca5984780bafc599bd69add087d56,18,18,PancakeSwapV3
PancakeSwapV3,0x36905a3dedc232ff8585e1c7a98e67914b854356,Holy,USDT,1,100,0x4123c034c8b15b5641556c9b9c93054651c6440d,0x55d398326f99059ff775485246999027b3197955,18,18,PancakeSwapV3
PancakeSwapV3,0x4e9f9677bcaec5e5eb2387f3f89963d5acba7b3f,SF,USDT,1,100,0x15fa80ed353dc60699b5bdc05a6134a27a21bc30,0x55d398326f99059ff775485246999027b3197955,18,18,PancakeSwapV3
PancakeSwapV3,0x25360a7b1f19ff6e02f8d52f24aa33636104c66d,ETH,SOL,50,2500,0x2170ed0880ac9a755fd29b2688956bd959f933f8,0x570a5d26f7765ecb712c0924e4de545b89fd43df,18,18,PancakeSwapV3
PancakeSwapV3,0xb68a59c04e601dbc946d7b9949244bf87f314438,USDT,SDBN3,1,100,0x55d398326f99059ff775485246999027b3197955,0x96e2f167180768418e2d80eba8213457f9985a3c,18,18,PancakeSwapV3
PancakeSwapV3,0x7bb085dc4168afaecba27b58d3fcd95b52869306,WBNB,WMBY,1,100,0xbb4cdb9cbd36b01bd1cbaebf2de08d9173bc095c,0xcba75795fa4e6faa3e3af0e975320e1a1e018fdd,18,18,PancakeSwapV3
PancakeSwapV3,0x588d7cf062f4edd7c7c7f2d66fd770e03b1ea735,CAT,WBNB,1,100,0x6894cde390a3f51155ea41ed24a33a4827d3063d,0xbb4cdb9cbd36b01bd1cbaebf2de08d9173bc095c,18,18,PancakeSwapV3
PancakeSwapV3,0x6be74d1c0c77555439f186a0aeccae8d35fd2b59,WBNB,GMINAI,50,2500,0xbb4cdb9cbd36b01bd1cbaebf2de08d9173bc095c,0xfa35c31077c47f93be0e6bd07712d0c8c1955ca7,18,18,PancakeSwapV3
PancakeSwapV3,0x80a02b0ec051de98c56212b30f22c5718928efdd,AITECH,WBNB,1,100,0x2d060ef4d6bf7f9e5edde373ab735513c0e4f944,0xbb4cdb9cbd36b01bd1cbaebf2de08d9173bc095c,18,18,PancakeSwapV3
PancakeSwapV3,0x0ace6ac7c65615572a5c58ffab28860ed39fd342,DDII,WBNB,50,2500,0xa315bf83fc1569b4c6bb602946c298383c67b7cf,0xbb4cdb9cbd36b01bd1cbaebf2de08d9173bc095c,18,18,PancakeSwapV3
PancakeSwapV3,0x190d353786b06c52c70faef1592dce075bb11b22,USDT,FST,1,100,0x55d398326f99059ff775485246999027b3197955,0x62b938ed7279d98151ffba30b197f74531d33f33,18,18,PancakeSwapV3
PancakeSwapV3,0x37172a6cf199f27c64311d0609921d841fbd614a,WBNB,MPAX,1,100,0xbb4cdb9cbd36b01bd1cbaebf2de08d9173bc095c,0xc7523622e3b68875491be9d0417b48079dcc4326,18,18,PancakeSwapV3
PancakeSwapV3,0xecb8f307101b7b9e96cae554effd718083755af9,USDT,XDEV,200,10000,0x55d398326f99059ff775485246999027b3197955,0xa488dfbd43917168da304aba7755730f11be2e27,18,18,PancakeSwapV3
PancakeSwapV3,0x049f1009bc8c5d0048732fe2f95c27c240214634,USDT,XAN,1,100,0x55d398326f99059ff775485246999027b3197955,0x7427bd9542e64d1ac207a540cfce194b7390a07f,18,18,PancakeSwapV3
PancakeSwapV3,0xb77183191458409223be4ce8d31c7764168dc002,SIREN,WBNB,50,2500,0x5458f4404f59c8f023861fb7ffb561461292613f,0xbb4cdb9cbd36b01bd1cbaebf2de08d9173bc095c,18,18,PancakeSwapV3
UniswapV3CL,0x8139c4afad270b0698797fea63f1a9b473e59220,championsleague,WBNB,200,10000,0x1bdf8b132d42af28be2b46a45c79e9623efb3e7a,0xbb4cdb9cbd36b01bd1cbaebf2de08d9173bc095c,18,18,UniswapV3CL
UniswapV3CL,0x0fd3c383c7c0a61b188dadef0559c614a819fbbc,rihanna,WBNB,200,10000,0xad8eb6e7c225de5e8648f95f36487e53aad02d4e,0xbb4cdb9cbd36b01bd1cbaebf2de08d9173bc095c,18,18,UniswapV3CL
UniswapV3CL,0xa44fea2efa52213ae4984cb53ceb8d1b2af86396,elonmusk,WBNB,200,10000,0x249f19f5bf23ab241e597c3a9d895431d96b987e,0xbb4cdb9cbd36b01bd1cbaebf2de08d9173bc095c,18,18,UniswapV3CL
UniswapV3CL,0xe1e7e0e942228618c350dda86723537b5f506db4,ladygaga,WBNB,200,10000,0x87a02f613a3e3d623e070819ae2029dfc2f777ca,0xbb4cdb9cbd36b01bd1cbaebf2de08d9173bc095c,18,18,UniswapV3CL
PancakeSwapV3,0x809de89b62b9a8b093a39d7524838313d0620b69,MASA,WBNB,50,2500,0x8d1370dbb0cc046c164d6da333139d0fd545affa,0xbb4cdb9cbd36b01bd1cbaebf2de08d9173bc095c,18,18,PancakeSwapV3
PancakeSwapV3,0xdd60d33d827093af4adfeaec727f72d77d99ed5c,ALEO,WBNB,50,2500,0x7b260077d87620fa6df8899d38066a4f0d89785a,0xbb4cdb9cbd36b01bd1cbaebf2de08d9173bc095c,18,18,PancakeSwapV3
PancakeSwapV3,0xe5ce5bc4785cd2a246151364f5a190cee3fdb142,USDT,POP,1,100,0x55d398326f99059ff775485246999027b3197955,0xa3cfb853339b77f385b994799b015cb04b208fe6,18,18,PancakeSwapV3
PancakeSwapV3,0x29874fee7b84ce942bd6e06074e11c0dd615f6e0,EDA,WBNB,200,10000,0x3374a94e25606db7bea79039c042e9ef12ad324d,0xbb4cdb9cbd36b01bd1cbaebf2de08d9173bc095c,18,18,PancakeSwapV3
PancakeSwapV3,0x18bb9ac71439365c3805207f1718a9b57210f93d,MESO,WBNB,200,10000,0x9447036d033e66e61b06ee898bf207fde967c1bf,0xbb4cdb9cbd36b01bd1cbaebf2de08d9173bc095c,18,18,PancakeSwapV3
PancakeSwapV3,0x400b4c3295d52bef0757181f84224ed8b7b4f6ea,WBNB,EGL1,200,10000,0xbb4cdb9cbd36b01bd1cbaebf2de08d9173bc095c,0xf4b385849f2e817e92bffbfb9aeb48f950ff4444,18,18,PancakeSwapV3
PancakeSwapV3,0xf3b4ff36abe3076e71380ef949ad60cc9d930cb0,USDT,PLRYT,1,100,0x55d398326f99059ff775485246999027b3197955,0x9fe8d99f5227de0e5ecdd91b477cc95d12258b8b,18,18,PancakeSwapV3
PancakeSwapV3,0x1aa8dc1e92abe00a409c843283e787d63a425aa7,BRZ,USDT,10,500,0x0295afd3d7e86068050d64509e515f2db71b4914,0x55d398326f99059ff775485246999027b3197955,18,18,PancakeSwapV3
PancakeSwapV3,0x43256d0dcc2571e564311edb6d7e8f076a72fc46,USDC,SQD,1,100,0x8ac76a51cc950d9822d68b83fe1ad97b32cd580d,0xe50e3d1a46070444f44df911359033f2937fcc13,18,18,PancakeSwapV3
PancakeSwapV3,0x2b8569c1942d0e23a1ca63e0d7cbb4d7f6a0de3a,WBNB,OKT,1,100,0xbb4cdb9cbd36b01bd1cbaebf2de08d9173bc095c,0xf6f66af976d1b695395e82bf09deeaa3bf8d27cf,18,18,PancakeSwapV3
PancakeSwapV3,0x6d07d235653f8454305acd6d515f71bf196d01ee,FUZZ,WBNB,10,500,0x2b20f11d2c5306a3e89b5e1b950179091ad6b6fa,0xbb4cdb9cbd36b01bd1cbaebf2de08d9173bc095c,18,18,PancakeSwapV3
PancakeSwapV3,0xc3ad45db1ed9ab8c0cef23c5a639eed9906f0c9b,ENDD,WBNB,1,100,0x07df0382fd5c9f59ba8db11e749457a5959e6e45,0xbb4cdb9cbd36b01bd1cbaebf2de08d9173bc095c,18,18,PancakeSwapV3
PancakeSwapV3,0x21ec03dafd03cb4159fdf6eaaf92ffd914b8dab2,9COIN,USDT,1,100,0x49d0e19dc5c8ad71cd972bb77d40eb8b84837b1a,0x55d398326f99059ff775485246999027b3197955,18,18,PancakeSwapV3
PancakeSwapV3,0x47c1552a1859edb20c79fd1df835712f4118da67,KnightWorlds,WBNB,200,10000,0x048113750a61c6256100324417d3adaf877ddddd,0xbb4cdb9cbd36b01bd1cbaebf2de08d9173bc095c,18,18,PancakeSwapV3
PancakeSwapV3,0xa5a96523cbeb18bfd7248e0b9fc34376f1fee374,WBNB,GMS,10,500,0xbb4cdb9cbd36b01bd1cbaebf2de08d9173bc095c,0xf076866d3ebcabbb648e9e7c757eb8d62a730c5f,18,18,PancakeSwapV3
PancakeSwapV3,0xf40dbc322002d3885dbc62bb107fd26f6be4d076,WBR,WBNB,1,100,0x5fc2a338648f58635cd1d9b53f8811e0265dfa61,0xbb4cdb9cbd36b01bd1cbaebf2de08d9173bc095c,18,18,PancakeSwapV3
PancakeSwapV3,0xadf635a8dadda5b2281f0311c46f690247fbc437,HSFX,WBNB,1,100,0x198089445ffe592b96680ad6337b5bbd52469904,0xbb4cdb9cbd36b01bd1cbaebf2de08d9173bc095c,18,18,PancakeSwapV3
PancakeSwapV3,0xb3ad3d899d6c337352e7c017e93f537a46a42bd9,TST1,WBNB,50,2500,0xa09ab8b935008e1ca53f49ecf59197226493ca5a,0xbb4cdb9cbd36b01bd1cbaebf2de08d9173bc095c,18,18,PancakeSwapV3
PancakeSwapV3,0x2835bf1f54ee6011f9f9cc514e05411fa11567f8,T250,WBNB,50,2500,0x39f6bedc15f3c78fc3b622fd7480bae49eeefafb,0xbb4cdb9cbd36b01bd1cbaebf2de08d9173bc095c,18,18,PancakeSwapV3
PancakeSwapV3,0xced88cb9e1eb296c13483d2449eb3513b47bc08b,WBNB,TST1,50,2500,0xbb4cdb9cbd36b01bd1cbaebf2de08d9173bc095c,0xdde88eedc940f33d282379ae6157fc657d9d6688,18,18,PancakeSwapV3
PancakeSwapV3,0x2573e58bb5640dbc84bb138f3a69dd4c7e1b8fbc,USDT,SOLARIS,1,100,0x55d398326f99059ff775485246999027b3197955,0xe6b3a7b319d807242a0484df64c43c0ce316680e,18,18,PancakeSwapV3
PancakeSwapV3,0x331185afb214c5a6cc41202811b632518cd60091,ALM,USDT,1,100,0x218b7811e79ec6d6359e8406bf23e94ea68b330d,0x55d398326f99059ff775485246999027b3197955,18,18,PancakeSwapV3
PancakeSwapV3,0x14cfad9a4fcb5fb4f702f5d0e90dcc633e1ded9a,BCH,WBNB,50,2500,0x8ff795a6f4d97e7887c79bea79aba5cc76444adf,0xbb4cdb9cbd36b01bd1cbaebf2de08d9173bc095c,18,18,PancakeSwapV3
PancakeSwapV3,0x89da4102853c6cf3f4e9979cbb1dc4a166f38e84,USDT,DOGE,200,10000,0x55d398326f99059ff775485246999027b3197955,0xba2ae424d960c26247dd6c32edc70b295c744c43,18,8,PancakeSwapV3
PancakeSwapV3,0x7b0240618cfe1cf4c576a905ca2557f287f97911,BTCB,kBTC,10,500,0x7130d2a12b9bcbfae4f2634d864a1ee1ce3ead9c,0x9356f6d95b8e109f4b7ce3e49d672967d3b48383,18,18,PancakeSwapV3
UniswapV3CL,0x8104ff9e1933f5e4a2dbd8beb214e3a114ef86ed,BTCB,DOGE,10,500,0x7130d2a12b9bcbfae4f2634d864a1ee1ce3ead9c,0xba2ae424d960c26247dd6c32edc70b295c744c43,18,8,UniswapV3CL
PancakeSwapV3,0x06988894195c2be611896931cafdd147c34b4a69,WBNB,SPIN,50,2500,0xbb4cdb9cbd36b01bd1cbaebf2de08d9173bc095c,0xfe417fb2d881ac46b425cfb321a2d94cbbaedb2b,18,18,PancakeSwapV3
PancakeSwapV3,0xaa4d8da48999c328b7f4969f2570798bda2e2d06,test,WBNB,200,10000,0x649182876304cd196440b62636a5ca5632bb4bf4,0xbb4cdb9cbd36b01bd1cbaebf2de08d9173bc095c,18,18,PancakeSwapV3
PancakeSwapV3,0x57aeff536dc17aaffdde2241d393a6f452b38c8e,TMWBNB04,USDT,1,100,0x498458546a75c8fcb6ff8cce8ec0bf4f15492f98,0x55d398326f99059ff775485246999027b3197955,18,18,PancakeSwapV3
PancakeSwapV3,0x0f322984535339374236ff2c99abc519d093b8be,BNB+,WBNB,10,500,0x5d5721bf35bdffba64e7b8fceeb4712904a0dd11,0xbb4cdb9cbd36b01bd1cbaebf2de08d9173bc095c,18,18,PancakeSwapV3
PancakeSwapV3,0x5483d364ebdd0795e1f678fa25bc365d17339d71,USDT,USDTz,1,100,0x55d398326f99059ff775485246999027b3197955,0x86e7c48432fe2f98abc6adca0af87847ab5542ce,18,6,PancakeSwapV3
PancakeSwapV3,0x6b9e3825e39203277f8fd33371e36b5188b26410,LTC,USDT,50,2500,0x4338665cbb7b2485a8855a139b75d5e34ab0db94,0x55d398326f99059ff775485246999027b3197955,18,18,PancakeSwapV3
PancakeSwapV3,0x2b1bd3f56f1f44ea887b3c83d18b46b61aa82be0,ENA,WBNB,50,2500,0x744f6fde99cb0b6e7c870c2b44a8eed414388160,0xbb4cdb9cbd36b01bd1cbaebf2de08d9173bc095c,18,18,PancakeSwapV3
PancakeSwapV3,0x5dc96ae344f77cad58561c7f64a7929e16e8c4d0,USDT,GPT,1,100,0x55d398326f99059ff775485246999027b3197955,0x6d656793f97ae4e601cea1ae86f15198b7b22728,18,18,PancakeSwapV3
UniswapV3CL,0x44c786b5107009d50bea54878c47173ffc987790,?,BTCB,60,3000,0x18d0e455b3491e09210292d3953157a4bf104444,0x7130d2a12b9bcbfae4f2634d864a1ee1ce3ead9c,18,18,UniswapV3CL
UniswapV3CL,0x28a1980c4b4564aab23a69123c72bb806ae5ca20,SHEP,USDT,1,100,0x39538953485f00029e20de096e5ece9e58ab10e5,0x55d398326f99059ff775485246999027b3197955,18,18,UniswapV3CL
PancakeSwapV3,0x847d5ae46ad4e177418f399a603f9e1d50e387aa,WBNB,NDRL,50,2500,0xbb4cdb9cbd36b01bd1cbaebf2de08d9173bc095c,0xe21806b697f01c034f7c24601cf80885864ee202,18,18,PancakeSwapV3
PancakeSwapV3,0x1d80fe88136206ac0d02ddffa1b3e43b8aa01972,ZETA,WBNB,200,10000,0x0000028a2eb8346cd5c0267856ab7594b7a55308,0xbb4cdb9cbd36b01bd1cbaebf2de08d9173bc095c,18,18,PancakeSwapV3
PancakeSwapV3,0xbf5f46ec15834d4282a6b1462dfd2f40bf22454b,5SCAPE,WBNB,50,2500,0x4f2949c1aefa5fddcc755c3b22879dad3707baca,0xbb4cdb9cbd36b01bd1cbaebf2de08d9173bc095c,18,18,PancakeSwapV3
PancakeSwapV3,0xabda102e53f2f2f6a940424f920d5dd0305a4014,RStar,WBNB,200,10000,0x39f968125249c6db455e9917ee45731bd93e4bdf,0xbb4cdb9cbd36b01bd1cbaebf2de08d9173bc095c,18,18,PancakeSwapV3
PancakeSwapV3,0xbbd85cf6f078f8162b206058576bfce36cdda525,Utila,WBNB,50,2500,0x4c20835195e315124b1e434caeff4e8236aee33c,0xbb4cdb9cbd36b01bd1cbaebf2de08d9173bc095c,18,18,PancakeSwapV3
PancakeSwapV3,0xb59ba02b77abd6b13b91af93b4d29fd200268d83,FINETUKIN,WBNB,200,10000,0x1b81fb45579bfacd6bb1c7cd571bd32b678480c3,0xbb4cdb9cbd36b01bd1cbaebf2de08d9173bc095c,18,18,PancakeSwapV3
PancakeSwapV3,0xf5f3ee15d4dd59cebaed1c1fc3d843781ae6116d,FTO,WBNB,10,500,0x4a27a13880d3a6e44d7ba53314155ca9ba1fcbdb,0xbb4cdb9cbd36b01bd1cbaebf2de08d9173bc095c,18,18,PancakeSwapV3
PancakeSwapV3,0x5841b85bad7b8c93bb65017d848fb7a0ef2d01b8,Tukin,WBNB,200,10000,0x84302fcad78ec5b4f9aa51a070c256a519bf9f88,0xbb4cdb9cbd36b01bd1cbaebf2de08d9173bc095c,18,18,PancakeSwapV3
PancakeSwapV3,0x4f565c3b02f691829355629631ade22c14fb8d8e,FINETUKIN,WBNB,200,10000,0x8f5ac3975c292589bc7644a44a108f130db938ab,0xbb4cdb9cbd36b01bd1cbaebf2de08d9173bc095c,18,18,PancakeSwapV3
PancakeSwapV3,0x7c77fbfd257b1d3342f5f514868d504b1d749518,FINETUKIN,WBNB,200,10000,0x7843ec4b287c328395f59736fdab4a1842aebf9b,0xbb4cdb9cbd36b01bd1cbaebf2de08d9173bc095c,18,18,PancakeSwapV3
PancakeSwapV3,0x2aacdad2c88f30126893679cf6dae9770c585b99,ClaudeMeme,WBNB,200,10000,0x4daa4aebff821651864b01f78b0a3cf9f147dddd,0xbb4cdb9cbd36b01bd1cbaebf2de08d9173bc095c,18,18,PancakeSwapV3
UniswapV3CL,0xde67d05242b18af00b28678db34feec883cc9cd6,ETH,USDT,60,3000,0x2170ed0880ac9a755fd29b2688956bd959f933f8,0x55d398326f99059ff775485246999027b3197955,18,18,UniswapV3CL
PancakeSwapV3,0x02fd4830c467fcb24a3ceb7b078d4166ad06a1ea,HPLT,WBNB,50,2500,0x7eee06022d8895b8ae22df65539c9c4a9d997d57,0xbb4cdb9cbd36b01bd1cbaebf2de08d9173bc095c,18,18,PancakeSwapV3
PancakeSwapV3,0x45bba25401e159b2015bbd86dd37b2c8251492ce,WBNB,INAC,50,2500,0xbb4cdb9cbd36b01bd1cbaebf2de08d9173bc095c,0xdd0627dcbf3ab87c07b1677825f0cbee4c9c14b6,18,18,PancakeSwapV3
PancakeSwapV3,0x538c54c15a3a28780a7fbc0b75561de85a3b5bf7,STAKE,WBNB,50,2500,0x97ee70cc31bd35d0354c23a4063af6393937268b,0xbb4cdb9cbd36b01bd1cbaebf2de08d9173bc095c,18,18,PancakeSwapV3
PancakeSwapV3,0x1153bb46a0c667c2451f27fbd3c7bcbd737dcb89,TSL,BUSD,50,2500,0x23ae0a90aa431e52ce395e4e73e3ff34e544efd0,0xe9e7cea3dedca5984780bafc599bd69add087d56,18,18,PancakeSwapV3
PancakeSwapV3,0x22313ace9911b91a0bc6eab0189b99e78c28c699,X,WBNB,1,100,0x0510101ec6c49d24ed911f0011e22a0d697ee776,0xbb4cdb9cbd36b01bd1cbaebf2de08d9173bc095c,18,18,PancakeSwapV3
PancakeSwapV3,0x0cca70a840ef0109d50920fd1103c3cfab7dbfc9,ETH,KOGE,200,10000,0x2170ed0880ac9a755fd29b2688956bd959f933f8,0xe6df05ce8c8301223373cf5b969afcb1498c5528,18,18,PancakeSwapV3
PancakeSwapV3,0x5588fd3000e66c2e35239f822c55690599f08d9d,USDT,ANKR,200,10000,0x55d398326f99059ff775485246999027b3197955,0xf307910a4c7bbc79691fd374889b36d8531b08e3,18,18,PancakeSwapV3
PancakeSwapV3,0x09f9789cf2dba13e6e1ce8cfdcd3f751d2917fc5,BMT,WBNB,200,10000,0x7d814b9ed370ec0a502edc3267393bf62d891b62,0xbb4cdb9cbd36b01bd1cbaebf2de08d9173bc095c,18,18,PancakeSwapV3
UniswapV3CL,0xe6348e6d3a99c23363233de356efd93d335778e3,USDT,WLK,10,500,0x55d398326f99059ff775485246999027b3197955,0x7f01b0bffc10ebe643a6865027bdedaa5ad1f9a8,18,18,UniswapV3CL
PancakeSwapV3,0xa4e035a751b8e722c6d653b95ef9510b60b832ad,PandoraG,WBNB,50,2500,0xa8db6a0d3469ba565919cb27135b44ffc7fc0975,0xbb4cdb9cbd36b01bd1cbaebf2de08d9173bc095c,18,18,PancakeSwapV3
UniswapV3CL,0x1ffcdd911ba3d54f16f961af5fa8ccf18cd1f8e7,USDT,WFI,200,10000,0x55d398326f99059ff775485246999027b3197955,0x90c48855bb69f9d2c261efd0d8c7f35990f2dd6f,18,18,UniswapV3CL
PancakeSwapV3,0xd028082b4e7119118354d21e687a2399ed7b4a8c,HKDB,USDC,10,500,0x741f5ceaa253d5d8ea440781ccc4c6041a743cd9,0x8ac76a51cc950d9822d68b83fe1ad97b32cd580d,18,18,PancakeSwapV3
PancakeSwapV3,0xa2989260a3dca04b52b42dfd3763a035c46a66be,WBNB,PCORE,50,2500,0xbb4cdb9cbd36b01bd1cbaebf2de08d9173bc095c,0xdfe656e601ec4f1bc4dc6b6774f9f342dac01d99,18,18,PancakeSwapV3
PancakeSwapV3,0x443ac0ea9cb198976d4c683adb85dc55ef406e78,USD ,USDT,1,100,0x1a7364d4474777639a088d2d39c68b9bd859ab80,0x55d398326f99059ff775485246999027b3197955,6,18,PancakeSwapV3
PancakeSwapV3,0x1aa902704b279aa1f8fe27afac0117086f02cbb2,USDC,USDT,1,100,0x29c196d5b8555bafd5d4739a2efa45ac4fad9df7,0x55d398326f99059ff775485246999027b3197955,18,18,PancakeSwapV3
PancakeSwapV3,0xc86071ddd1b9367462af9f22d827747e1bc6f7e0,USDT,DAM,50,2500,0x55d398326f99059ff775485246999027b3197955,0xf9ca3fe094212ffa705742d3626a8ab96aababf8,18,18,PancakeSwapV3
UniswapV3CL,0xd1e48e9bb2631ed512ab65c9e6699920c484c3a4,USDT,BAY,200,10000,0x55d398326f99059ff775485246999027b3197955,0xa7bef5abd9265ab97ee43d2fc4a56e0ba25aca25,18,18,UniswapV3CL
PancakeSwapV3,0x4804aef2c6e1381b3fb84c187d351623d49941c9,ESE,WBNB,50,2500,0xaabf615bb02c6bfb97b0cb41bdd6628e5698dccb,0xbb4cdb9cbd36b01bd1cbaebf2de08d9173bc095c,18,18,PancakeSwapV3
PancakeSwapV3,0x26e01e0eb6d49bef68cbe064120db07fbaa34f81,WBNB,T0,50,2500,0xbb4cdb9cbd36b01bd1cbaebf2de08d9173bc095c,0xcf3beaff6dcc920c07ca69d9d9e06722409793fe,18,18,PancakeSwapV3
PancakeSwapV3,0xe9ac4a8891ef43d42a32cbb9c4250e64213d7a69,BUYT,WBNB,50,2500,0x315b8cff4f80aeba476cf5bdcfa1c66c5d642f0d,0xbb4cdb9cbd36b01bd1cbaebf2de08d9173bc095c,18,18,PancakeSwapV3
PancakeSwapV3,0x86b2279ab1b2f16093dce9efebd30919a7b8dfcf,FINAL,WBNB,50,2500,0x97b16d9a8c03ee7448d36f8ea1d65b693af7c8d3,0xbb4cdb9cbd36b01bd1cbaebf2de08d9173bc095c,18,18,PancakeSwapV3
PancakeSwapV3,0xe34a3381fc8ff5a008053300275dbf698b063b1e,FACTDBG,WBNB,50,2500,0xaa8e623f6f2166cb03941239022955eaf45e3fbc,0xbb4cdb9cbd36b01bd1cbaebf2de08d9173bc095c,18,18,PancakeSwapV3
PancakeSwapV3,0x46262518d4defd3695133f0ae5e52143a0d28803,RAX,WBNB,50,2500,0x2ae02ec068064a0a0aa06457dddd00af3380d264,0xbb4cdb9cbd36b01bd1cbaebf2de08d9173bc095c,18,18,PancakeSwapV3
PancakeSwapV3,0x89c09d85845359b61110a041fa00572385daa309,WBNB,HLT,1,100,0xbb4cdb9cbd36b01bd1cbaebf2de08d9173bc095c,0xfb0b7d4af91af5a0dcc4cba7426937542f36d9e8,18,18,PancakeSwapV3
PancakeSwapV3,0x8cdb12699327aef2269622d77ca6630a2d1fb2d5,KEPZ,WBNB,50,2500,0x374d1c657850155a038ca263bbc0409ae7ce4533,0xbb4cdb9cbd36b01bd1cbaebf2de08d9173bc095c,18,18,PancakeSwapV3
PancakeSwapV3,0xa2b914c34862f5ee2ae1a090f49710f6556daf7d,USDT,EUR,50,2500,0x55d398326f99059ff775485246999027b3197955,0x60f78c2262a7a28243c241777a405219c4a1d66f,18,18,PancakeSwapV3
PancakeSwapV3,0xe5b15aa6d49a51bed4c398c60f5cc778f0edbc9d,USDT,X,1,100,0x55d398326f99059ff775485246999027b3197955,0x6968ee77106a7df7ff5500b44824ee209c6d17ad,18,18,PancakeSwapV3
PancakeSwapV3,0xe148384b6141ad6a631da2c76758c75e6de28e1a,KXP,WBNB,1,100,0x02a655942dbb886c77bb22b270060c561300b0e2,0xbb4cdb9cbd36b01bd1cbaebf2de08d9173bc095c,18,18,PancakeSwapV3
UniswapV3CL,0x79308b4d4b9176271ad5678501b08a69740149c2,BTF,USDT,10,500,0x22436131508b1a7fd7acd9d1ddea71f5f25d91c2,0x55d398326f99059ff775485246999027b3197955,18,18,UniswapV3CL
PancakeSwapV3,0x34da342c2f46ceaff94d48c46fb798d44f61680b,WBNB,AGO,1,100,0xbb4cdb9cbd36b01bd1cbaebf2de08d9173bc095c,0xec91cc1c33d44fe13b42150d2f1dfbeb668aef2e,18,18,PancakeSwapV3
PancakeSwapV3,0xcdef7b71e473bd76ab29d6c0e9d4b99e99e7e6fe,USDT,COSA,10,500,0x55d398326f99059ff775485246999027b3197955,0x5f980533b994c93631a639deda7892fc49995839,18,8,PancakeSwapV3
PancakeSwapV3,0xc68ab1f11a50a8f1d20373e46dd5a7024b36cbf7,WBNB,LPX,50,2500,0xbb4cdb9cbd36b01bd1cbaebf2de08d9173bc095c,0xbee9f130bc91cf6a372f2ee0758788d970b9d0db,18,18,PancakeSwapV3
UniswapV3CL,0x72fade00c5c3a7df045de9993aeb19117541e2f2,?,WBNB,60,3000,0x18d0e455b3491e09210292d3953157a4bf104444,0xbb4cdb9cbd36b01bd1cbaebf2de08d9173bc095c,18,18,UniswapV3CL
PancakeSwapV3,0x040b8e22122b0de821432f51ca1b882a0072fdf9,USDT,PUBLIC,1,100,0x55d398326f99059ff775485246999027b3197955,0x87aa6aeb62ff128aaa96e275d7b24cd12a72aba1,18,18,PancakeSwapV3
PancakeSwapV3,0xee04b2a82bab9efefcd626f5d66f51cc2b6fa12a,4,USDT,50,2500,0x0a43fc31a73013089df59194872ecae4cae14444,0x55d398326f99059ff775485246999027b3197955,18,18,PancakeSwapV3
PancakeSwapV3,0x49b12ccc7be14b057b5af9688ee7243726c721be,KKONE,WBNB,200,10000,0xad531b1d5d7dd6471129273945d0c1fb2d31d766,0xbb4cdb9cbd36b01bd1cbaebf2de08d9173bc095c,18,18,PancakeSwapV3
PancakeSwapV3,0x650b7d9aa21a5d3e55e090307c2ce81518fdeb4b,GTAI,USDT,200,10000,0x0f0b7233d2e3ae903b49c0f02ea5400b00535f34,0x55d398326f99059ff775485246999027b3197955,18,18,PancakeSwapV3
PancakeSwapV3,0xe755466008107edae621646004de42eb555824d0,AIOR,WBNB,1,100,0x1998dcb73778d7db3d4a1ee1169e18ea40fec9f6,0xbb4cdb9cbd36b01bd1cbaebf2de08d9173bc095c,18,18,PancakeSwapV3
PancakeSwapV3,0xf64be6566399aeef33b04341d9ccaa02b8313f72,xSHIBA,WBNB,50,2500,0x549f01b237ddec2c22d3ecfa68f41c2c16f7d5b2,0xbb4cdb9cbd36b01bd1cbaebf2de08d9173bc095c,18,18,PancakeSwapV3
UniswapV3CL,0x2bd211116742fe5da575fcdf9f64d747b32ffc39,USDT,FRND,10,500,0x55d398326f99059ff775485246999027b3197955,0xafe02ce9ca62d627dbc2ec8c5dfef3355ea0ef4c,18,18,UniswapV3CL
PancakeSwapV3,0x26983f45fb7cf8e29c9af71fcb8a401a336d6734,STYLE,WBNB,50,2500,0x4f9e1cafa00fafb37efb4b2bc3a0c57231763624,0xbb4cdb9cbd36b01bd1cbaebf2de08d9173bc095c,18,18,PancakeSwapV3
PancakeSwapV3,0x139beb6b3c42919f6c93ac639dd46f985e7307c4,WBNB,PORTAL,50,2500,0xbb4cdb9cbd36b01bd1cbaebf2de08d9173bc095c,0xce6b382d19aa3c0c3899b3b6782e9057158d111c,18,18,PancakeSwapV3
PancakeSwapV3,0x4f9cb36eb7bf151edc1b8a1fb3fbac4b95713a76,WX,WBNB,50,2500,0x779e68aab5e2318e33c45d7d12b927ae9ecd5b73,0xbb4cdb9cbd36b01bd1cbaebf2de08d9173bc095c,18,18,PancakeSwapV3
PancakeSwapV3,0x3d3a04323c40181eeaf42dca143889363bf06925,USDT,Money,1,100,0x55d398326f99059ff775485246999027b3197955,0xb393653061956e3a0d1e5d01ca6c97f7bd27a774,18,18,PancakeSwapV3
PancakeSwapV3,0x2cda7ced5bca5120dba3b031577af8fc4dbc7a19,USDT,VPS,1,100,0x55d398326f99059ff775485246999027b3197955,0x8cccf26c6a12a88f91052392e334feeea1d0f5bb,18,18,PancakeSwapV3
PancakeSwapV3,0x008e2b31e629bd3d2c5e4e49945a301ea7127ce5,WBNB,BLAZE,50,2500,0xbb4cdb9cbd36b01bd1cbaebf2de08d9173bc095c,0xe25ce18401eae986d58485524ca3c5d57be56434,18,18,PancakeSwapV3
PancakeSwapV3,0x4bda6ece8acf5a85ae629b548940217aa0f3b52a,TCN,USDT,1,100,0x55cd009fb59d64942e2d6bedbff6fd8efcb4c3d9,0x55d398326f99059ff775485246999027b3197955,18,18,PancakeSwapV3
PancakeSwapV3,0xaaed814535ed075b7fe6d3a7c5ecacdcd610a3cf,MTER,WBNB,1,100,0x7ed8b80a684a1c9a0dddc5ee23cd340d62a29bd2,0xbb4cdb9cbd36b01bd1cbaebf2de08d9173bc095c,18,18,PancakeSwapV3
PancakeSwapV3,0xdcc2da926fc1f52b88e92032ded4cd60a62cad7d,USDT,IMX ,10,500,0x55d398326f99059ff775485246999027b3197955,0xae9eb147c25293e3de7de34143d0a6de3019c027,18,8,PancakeSwapV3
PancakeSwapV3,0xf8366e38c250ed4e61f6224c9a49a221f37923bb,WBNB,NEOM,50,2500,0xbb4cdb9cbd36b01bd1cbaebf2de08d9173bc095c,0xd43c231e8456461cf869d8c772a773f80f91e07b,18,18,PancakeSwapV3
UniswapV3CL,0x026428e531f30b2714ceff3781d7cdf5d278e96a,LTC,USDT,200,10000,0x4338665cbb7b2485a8855a139b75d5e34ab0db94,0x55d398326f99059ff775485246999027b3197955,18,18,UniswapV3CL
PancakeSwapV3,0x244d7ff2eb902bd31c9aa94215d35b13f9539ddb,ObamaMAMA,WBNB,10,500,0x872b627c71ce73d7ad1bd7f759bada68b76be159,0xbb4cdb9cbd36b01bd1cbaebf2de08d9173bc095c,18,18,PancakeSwapV3
PancakeSwapV3,0xe15f5ed238439e0323e6641b4fb84a19fd585622,BBIT,WBNB,50,2500,0x05d7df40b3518738ee6fb6c76d206cab04e8ecf5,0xbb4cdb9cbd36b01bd1cbaebf2de08d9173bc095c,18,18,PancakeSwapV3
PancakeSwapV3,0x647d99772863e09f47435782cbb6c96ec4a75f12,WBNB,UNI,50,2500,0xbb4cdb9cbd36b01bd1cbaebf2de08d9173bc095c,0xbf5140a22578168fd562dccf235e5d43a02ce9b1,18,18,PancakeSwapV3
PancakeSwapV3,0x3a7d17060c4bdece3b5b8f0786750f5a1977cde0,AA,WBNB,1,100,0x01bf3d77cd08b19bf3f2309972123a2cca0f6936,0xbb4cdb9cbd36b01bd1cbaebf2de08d9173bc095c,18,18,PancakeSwapV3
PancakeSwapV3,0x422655e8e7a1a7e7af074919e6f327b48de52b6e,USDT,UNIFM,1,100,0x55d398326f99059ff775485246999027b3197955,0x706c53c9fc0e3f3611c847d6ebc65f389a936403,18,18,PancakeSwapV3
PancakeSwapV3,0x0b50eedd81452ced869eecf37130cbf0736d04da,NIC,USDT,200,10000,0x38057d0560b647f1f1a6c0b8ee6de8ec85e4e063,0x55d398326f99059ff775485246999027b3197955,18,18,PancakeSwapV3
PancakeSwapV3,0xb84e7c912a1034ad674bba8859fca84f1f614a29,USDT,cNGN,1,100,0x55d398326f99059ff775485246999027b3197955,0xa8aea66b361a8d53e8865c62d142167af28af058,18,6,PancakeSwapV3
PancakeSwapV3,0x71f05754aae8d8a7736c09f8aac69c7fee250f6a,USDT.Z,WBNB,1,100,0x9a2a75a48a5dfa72f4f4dc1ec245abe01e70ce3d,0xbb4cdb9cbd36b01bd1cbaebf2de08d9173bc095c,18,18,PancakeSwapV3
PancakeSwapV3,0x16d7c51e9c59be9f18b19b608d53b37fa9890b8a,FIL,WBNB,10,500,0x0d8ce2a99bb6e3b7db580ed848240e4a0f9ae153,0xbb4cdb9cbd36b01bd1cbaebf2de08d9173bc095c,18,18,PancakeSwapV3
PancakeSwapV3,0x717960a0ec09ffe5340ff36e35a8f3352390bac4,TUFT,USDT,200,10000,0x0513d55289dc7b95ae8fd45f4095c17f125fe784,0x55d398326f99059ff775485246999027b3197955,18,18,PancakeSwapV3
PancakeSwapV3,0xc0d3c57e08dffd2ed071eaa94141e5d6a29de6ab,VLR,USDC,1,100,0x4e107a0000db66f0e9fd2039288bf811dd1f9c74,0x8ac76a51cc950d9822d68b83fe1ad97b32cd580d,18,18,PancakeSwapV3
PancakeSwapV3,0xdd68683bf01582ae50c9e20e03a576a120070480,TCC,USDT,10,500,0x39710e34f81f3bb5a3dc35bbecdeeefbabe2084e,0x55d398326f99059ff775485246999027b3197955,18,18,PancakeSwapV3
PancakeSwapV3,0x0e31532f39afce388eebe478b0269a93d3296aeb,EGGS,WBNB,200,10000,0x5a9452d90857d56c4f7a5ac9e2b57b11462747fb,0xbb4cdb9cbd36b01bd1cbaebf2de08d9173bc095c,18,18,PancakeSwapV3
PancakeSwapV3,0x515eee60c94ebd840ed085a41699c96058ada1b9,WBNB,High,1,100,0xbb4cdb9cbd36b01bd1cbaebf2de08d9173bc095c,0xde715b61c1b76161844b00ac8a38ff05624bb2cf,18,18,PancakeSwapV3
PancakeSwapV3,0x018a8ae967c25e6d7b82e192201bb348fb72a5c0,PALMPAY,WBNB,200,10000,0x37fe616af5ddda1c95deb354b81ccc30a0669ee0,0xbb4cdb9cbd36b01bd1cbaebf2de08d9173bc095c,18,18,PancakeSwapV3
PancakeSwapV3,0x5bd8764b53ce218b430cbbc11a90339fe3bb9f81,USDT,AISPF,200,10000,0x55d398326f99059ff775485246999027b3197955,0xb9f516ad43336ca56ee404e8b92dd5400d91d30c,18,18,PancakeSwapV3
PancakeSwapV3,0x6b5c8ef98f6e55e3a68c04acd0fdc29fd8b1b9d5,asBNB,WBNB,200,10000,0x77734e70b6e88b4d82fe632a168edf6e700912b6,0xbb4cdb9cbd36b01bd1cbaebf2de08d9173bc095c,18,18,PancakeSwapV3
PancakeSwapV3,0x45f443892000daee3676b5ec14520f704f680bf5,USDT,PENGU,50,2500,0x55d398326f99059ff775485246999027b3197955,0x6418c0dd099a9fda397c766304cdd918233e8847,18,18,PancakeSwapV3
PancakeSwapV3,0x0b2eb4332a15e5165477aad2c79721925920a383,SOON,WBNB,1,100,0xb9e1fd5a02d3a33b25a14d661414e6ed6954a721,0xbb4cdb9cbd36b01bd1cbaebf2de08d9173bc095c,18,18,PancakeSwapV3
PancakeSwapV3,0x7192966c6d3ab630ee60dbd4c1b39e9e8267f8cf,USDT,AVL,1,100,0x55d398326f99059ff775485246999027b3197955,0x9beee89723ceec27d7c2834bec6834208ffdc202,18,18,PancakeSwapV3
PancakeSwapV3,0x8f45b99bf65cdbf9bc0c0b4846d6a324d2de5314,WBNB,BUSD,1,100,0xbb4cdb9cbd36b01bd1cbaebf2de08d9173bc095c,0xe9e7cea3dedca5984780bafc599bd69add087d56,18,18,PancakeSwapV3
PancakeSwapV3,0x8a0be38e287b606c1eeeff276d1c951d075236c1,Amd,WBNB,1,100,0x75ec755c0ec0e5347e9ca9bfd2832f00b230fb76,0xbb4cdb9cbd36b01bd1cbaebf2de08d9173bc095c,18,18,PancakeSwapV3
PancakeSwapV3,0x8e63d781d5e8e9a44bca068396ac96e7c3f29e65,CKP,USDT,200,10000,0x2b5d9adea07b590b638ffc165792b2c610eda649,0x55d398326f99059ff775485246999027b3197955,18,18,PancakeSwapV3
PancakeSwapV3,0xf3fa9f054dd7c0b7f175fbfbba4149d5bbd90e4a,FINETUKIN,WBNB,200,10000,0x27d714e1d0f080224d378082df6ee75fa15ec858,0xbb4cdb9cbd36b01bd1cbaebf2de08d9173bc095c,18,18,PancakeSwapV3
PancakeSwapV3,0x46e78305bb163e00a0543a1f0c7aa029c8007ddc,FINETUKIN,WBNB,200,10000,0x149dc8efcfb7113a0dbe069d5608fe7595083b52,0xbb4cdb9cbd36b01bd1cbaebf2de08d9173bc095c,18,18,PancakeSwapV3
UniswapV3CL,0xdb29aa2338c4559df3e4eac40b4a3fb8bd5e5ddc,BLK,USDT,1,100,0x382c34e5a94404960301b781af4224e9d2789d2e,0x55d398326f99059ff775485246999027b3197955,8,18,UniswapV3CL
PancakeSwapV3,0x4590adeadfba8999c9bb5af9eba58679d146898d,TBS,WBNB,1,100,0x0a37d8e6b01206f57f988f1d096569d4af78228b,0xbb4cdb9cbd36b01bd1cbaebf2de08d9173bc095c,18,18,PancakeSwapV3
PancakeSwapV3,0x96393a3e042a8662d71afed9cca5bfea175f423d,ZEYC,WBNB,200,10000,0x4409d35c619f787d1fecf6064810746bd434c097,0xbb4cdb9cbd36b01bd1cbaebf2de08d9173bc095c,18,18,PancakeSwapV3
PancakeSwapV3,0x234780efeb152bf08bc029a779d290e73828e3c5,BABYSANTA,WBNB,1,100,0x91b0b32d799bfb3537a4a3c27fd39bb6c31b68fa,0xbb4cdb9cbd36b01bd1cbaebf2de08d9173bc095c,18,18,PancakeSwapV3
PancakeSwapV3,0xfa7421f1ed6ad1548316a847e8437af7219a8f18,TA,USDT,1,100,0x539ae81a166e5e80aed211731563e549c411b140,0x55d398326f99059ff775485246999027b3197955,18,18,PancakeSwapV3
PancakeSwapV3,0xb4849284237fc20fdb119b2181071b3800678f8e,WBNB,UIACAT,50,2500,0xbb4cdb9cbd36b01bd1cbaebf2de08d9173bc095c,0xcb4f1e7066cf4327783ef6d4eaa1ad1029944a93,18,18,PancakeSwapV3
PancakeSwapV3,0x2da367a240f60f8ac7a2bec45c71ac9ca5e8f6c8,WBNB,BLC,1,100,0xbb4cdb9cbd36b01bd1cbaebf2de08d9173bc095c,0xbf2e4a23d2f96bff678f58b532c39ffacf23270e,18,18,PancakeSwapV3
PancakeSwapV3,0x59fd14df4ced360bd46651a435ea03fe35dee9f0,FINETUKIN,WBNB,200,10000,0x89ae9cba6b30e913504d725af132fd9d64af9506,0xbb4cdb9cbd36b01bd1cbaebf2de08d9173bc095c,18,18,PancakeSwapV3
PancakeSwapV3,0x7338b29a25a419df14d6f25b9e8aea7a5e5c10d4,MLT,WBNB,10,500,0xb72a20c7b8bd666f80ac053b0f4de20a787080f5,0xbb4cdb9cbd36b01bd1cbaebf2de08d9173bc095c,18,18,PancakeSwapV3
PancakeSwapV3,0xab45a973a8a6eae70b2c35b8a29be2a9f60c4fd0,PATEX,WBNB,50,2500,0x796332a53930ca41e159a7b64726f8a8dba7b402,0xbb4cdb9cbd36b01bd1cbaebf2de08d9173bc095c,18,18,PancakeSwapV3
PancakeSwapV3,0x9b8db076e49c80063025c1ba9622305fd82841d7,WBNB,ONLY1,50,2500,0xbb4cdb9cbd36b01bd1cbaebf2de08d9173bc095c,0xd116797239e03ba1f1c51fc52c3e00bea9c6cf57,18,18,PancakeSwapV3
PancakeSwapV3,0x5b46fc8392cded6a91a79d85efabfd51c7956ca0,WBNB,rBNB,1,100,0xbb4cdb9cbd36b01bd1cbaebf2de08d9173bc095c,0xf027e525d491ef6ffcc478555fbb3cfabb3406a6,18,18,PancakeSwapV3
PancakeSwapV3,0x8d7dc61325e0073abcf24c2c4435ffcdf8209c40,KON,WBNB,1,100,0x333924dff6e0e9853051c19da28b17f5549fba83,0xbb4cdb9cbd36b01bd1cbaebf2de08d9173bc095c,18,18,PancakeSwapV3
PancakeSwapV3,0xc98a66945b27a787035eca21c13c87e163a2be31,DIAM,USDT,50,2500,0x1fa0f5ed24a1a2b43741e88f8fec19633e67082b,0x55d398326f99059ff775485246999027b3197955,18,18,PancakeSwapV3
PancakeSwapV3,0x7f16b6252f9ec38b4c0b280150313eab74e4fffe,CZ,WBNB,50,2500,0x6fcc2a5bcfc13041ab23ca4e978edb69898e3194,0xbb4cdb9cbd36b01bd1cbaebf2de08d9173bc095c,18,18,PancakeSwapV3
PancakeSwapV3,0x4bae9cb33c90c4477776890782cb62568cbeb16a,LITKEY,USDT,1,100,0x0bbea6812fb3fcbca126edb558e551b3f1702026,0x55d398326f99059ff775485246999027b3197955,18,18,PancakeSwapV3
PancakeSwapV3,0x73cc0311920a1df1c9595c3b91f22a6057fc1238,ANOTE,WBNB,200,10000,0x556ffb67b12046ef34627c1eaf414b77828456e6,0xbb4cdb9cbd36b01bd1cbaebf2de08d9173bc095c,8,18,PancakeSwapV3
PancakeSwapV3,0x1c2aad0bbd02c7caa7a3be2198f83a519d3baf0b,MDRA,WBNB,1,100,0x17af2e183665e761ef409690851d3bbf8927fd93,0xbb4cdb9cbd36b01bd1cbaebf2de08d9173bc095c,18,18,PancakeSwapV3
PancakeSwapV3,0x1b4484960c11b6f3e56da349616e91ce6ade8dba,BNP,WBNB,1,100,0x5daec58f902e4c3a3f21abaa3baa8590d7844674,0xbb4cdb9cbd36b01bd1cbaebf2de08d9173bc095c,18,18,PancakeSwapV3
PancakeSwapV3,0xbcb6911e3bfe9784edb3cb8da9e76f2c3c50d0df,REDB,WBNB,10,500,0xae0dff8b33e893864f6e827579a8ac176256995b,0xbb4cdb9cbd36b01bd1cbaebf2de08d9173bc095c,18,18,PancakeSwapV3
PancakeSwapV3,0x05b77ead38f5a016dcd26365ce57028e416175d2,USDT,MC,50,2500,0x55d398326f99059ff775485246999027b3197955,0xae493a1f8bbe36ba8e687352f638d4c07c54f8d7,18,18,PancakeSwapV3
UniswapV3CL,0x0416e8dd7d165f5e5af5065abfe6accc2945d58a,?,ETH,60,3000,0x18d0e455b3491e09210292d3953157a4bf104444,0x2170ed0880ac9a755fd29b2688956bd959f933f8,18,18,UniswapV3CL
PancakeSwapV3,0x9c1cb4ddc372920903c81ecd3f2e632180a094b0,WBNB,1GUY,1,100,0xbb4cdb9cbd36b01bd1cbaebf2de08d9173bc095c,0xcac007926755e2675e201223f7d4d68c74fd3439,18,18,PancakeSwapV3
PancakeSwapV3,0x940510d9d246d9931a5a2172b61b4a6a320ac3e6,BLE,WBNB,1,100,0x293f30872390a4697113bbb2037d6fe5d2b9c84f,0xbb4cdb9cbd36b01bd1cbaebf2de08d9173bc095c,18,18,PancakeSwapV3
PancakeSwapV3,0xebccc9576e3e0da60b47dd2cf93543dcff4ae71a,nd1,WBNB,200,10000,0x8b256963a1dfa7a6d3c593ae6584eb2d278b231f,0xbb4cdb9cbd36b01bd1cbaebf2de08d9173bc095c,18,18,PancakeSwapV3
PancakeSwapV3,0x553317f9a61e3aaa61692c7704f1a5b061e49e9e,BKK,WBNB,1,100,0x98456236e61511b1b39451450ccbd716890c313d,0xbb4cdb9cbd36b01bd1cbaebf2de08d9173bc095c,18,18,PancakeSwapV3
PancakeSwapV3,0xbdccafb234be6dc2545b0c25b0a5f5d9d1124228,USDC,MERL,1,100,0x8ac76a51cc950d9822d68b83fe1ad97b32cd580d,0xa0c56a8c0692bd10b3fa8f8ba79cf5332b7107f9,18,18,PancakeSwapV3
PancakeSwapV3,0xc5d10a1abed70c9224413f6747757e1513cf23ed,AZTEQ,WBNB,10,500,0x8b49411b11d4030ce5e92f8ffd921a158dff90a8,0xbb4cdb9cbd36b01bd1cbaebf2de08d9173bc095c,18,18,PancakeSwapV3
PancakeSwapV3,0x61a6f9e817174be19b734934573ae5219e724425,ZKC,USDC,1,100,0x15247e6e23d3923a853ccf15940a20ccdf16e94a,0x8ac76a51cc950d9822d68b83fe1ad97b32cd580d,18,18,PancakeSwapV3
PancakeSwapV3,0xb0669fdfd105bc29878da388c30914fe4496f383,USDT,CZUSD,200,10000,0x55d398326f99059ff775485246999027b3197955,0xe68b79e51bf826534ff37aa9cee71a3842ee9c70,18,18,PancakeSwapV3
UniswapV3CL,0x913a4ed1636c474e6451b5e9249d94046a24bb33,WBNB,UNI,60,3000,0xbb4cdb9cbd36b01bd1cbaebf2de08d9173bc095c,0xbf5140a22578168fd562dccf235e5d43a02ce9b1,18,18,UniswapV3CL
UniswapV3CL,0xf0d7fa055e68d5769d26bd746889c01b71dd6204,DOT,BTCB,60,3000,0x7083609fce4d1d8dc0c979aab8c869ea2c873402,0x7130d2a12b9bcbfae4f2634d864a1ee1ce3ead9c,18,18,UniswapV3CL
PancakeSwapV3,0xa98d8a5867d664b7a758652146fd93a7de40ee82,USDT,TRX,50,2500,0x55d398326f99059ff775485246999027b3197955,0xce7de646e7208a4ef112cb6ed5038fa6cc6b12e3,18,6,PancakeSwapV3
PancakeSwapV3,0x11bd737757b86c16646313fdf9e86681dd3f065f,BTCMT,USDT,1,100,0x410a56541bd912f9b60943fcb344f1e3d6f09567,0x55d398326f99059ff775485246999027b3197955,18,18,PancakeSwapV3
PancakeSwapV3,0x9c9619852b89f5eccf0d089116ebe9d820acaa1f,DOGEVRSE,WBNB,50,2500,0x9e0c16de24e438a1bde630f37a4c12336c575716,0xbb4cdb9cbd36b01bd1cbaebf2de08d9173bc095c,18,18,PancakeSwapV3
PancakeSwapV3,0x4d55bb8e2f761cbc507d9ed69c4eafb1d58d4338,TGN,WBNB,50,2500,0x718fe1cb67275e9ec357fbe5793905bb4d8c1409,0xbb4cdb9cbd36b01bd1cbaebf2de08d9173bc095c,18,18,PancakeSwapV3
PancakeSwapV3,0xabc35fb29fd6ba2d35e3ff697bc022b2d0b1bd07,Broccoli,WBNB,200,10000,0x669b9f94f336272c61a8b644ac721559ed4cda6e,0xbb4cdb9cbd36b01bd1cbaebf2de08d9173bc095c,18,18,PancakeSwapV3
PancakeSwapV3,0x14ae2f8e6913daad5f8a8ddf6a0d046be5183093,COINROBOT,USDT,50,2500,0x3fd230b77ad19aaf6330da7854ec76d5aeb49ead,0x55d398326f99059ff775485246999027b3197955,18,18,PancakeSwapV3
PancakeSwapV3,0x5ab189ab838ff96aad40231230d6ae0fcd0033d9,USDT,APSNY,1,100,0x55d398326f99059ff775485246999027b3197955,0x7e9d9c632c2f82066388a5a66300183ed2885572,18,18,PancakeSwapV3
PancakeSwapV3,0x48c8d4c7b3a374e26820ea778ce46e335278e1c9,BLST,WBNB,50,2500,0x75e4b8d707b701d8d95dff4fc9b7dc0f81aac842,0xbb4cdb9cbd36b01bd1cbaebf2de08d9173bc095c,18,18,PancakeSwapV3
PancakeSwapV3,0x8e37f0eb55d28670b38e67801b89a38ccddb2c41,TSA,WBNB,200,10000,0x922b24b851c89fa2e219c269cc0a3fdb2faf6d13,0xbb4cdb9cbd36b01bd1cbaebf2de08d9173bc095c,18,18,PancakeSwapV3
PancakeSwapV3,0x0942c2e9474791f53357ad96dad1c4698628076e,STB,WBNB,50,2500,0x2dc0cfee0107b69007bdc29cfe67f9acb5fe8ff2,0xbb4cdb9cbd36b01bd1cbaebf2de08d9173bc095c,18,18,PancakeSwapV3
UniswapV3CL,0x526f2a3226e008261450600ab7eb5190f4111a56,LTC,BTCB,60,3000,0x4338665cbb7b2485a8855a139b75d5e34ab0db94,0x7130d2a12b9bcbfae4f2634d864a1ee1ce3ead9c,18,18,UniswapV3CL
PancakeSwapV3,0x19d9f8315327928a57416109463387593ded1633,WIKIS,USDT,1,100,0x347d89302d6625f5f2853703e4c1914620825754,0x55d398326f99059ff775485246999027b3197955,6,18,PancakeSwapV3
PancakeSwapV3,0xff4a577e8a98871c282d1324006a3cc86566995d,USDT,ARS,10,500,0x55d398326f99059ff775485246999027b3197955,0xb7375a344fd5bdacdbda9d5002ebdcbc0d83aa8d,18,18,PancakeSwapV3
PancakeSwapV3,0xd7bfb0625a8a71471b04c9a1d474ab3b4eed6114,HELIUS,WBNB,50,2500,0x94ceac87d86fc6c6da1bb8dfb999ae3668b3c2ef,0xbb4cdb9cbd36b01bd1cbaebf2de08d9173bc095c,18,18,PancakeSwapV3
UniswapV3CL,0xfd939c71695b920a1173281bbc73abd150fad2dd,TIB,USDT,200,10000,0x111b95c2b65cba53ab4e0aada12f55985045e446,0x55d398326f99059ff775485246999027b3197955,18,18,UniswapV3CL
PancakeSwapV3,0xb433ae7e7011a2fb9a4bbb86140e0f653dcfcfba,AIOT,WBNB,1,100,0x55ad16bd573b3365f43a9daeb0cc66a73821b4a5,0xbb4cdb9cbd36b01bd1cbaebf2de08d9173bc095c,18,18,PancakeSwapV3
PancakeSwapV3,0x53db724f1f40fe36b87c8947449c29060fc50eb9,BrockWWE,USDT,200,10000,0x14e7849004417dc10f7fb83165f4102ae83054d7,0x55d398326f99059ff775485246999027b3197955,18,18,PancakeSwapV3
PancakeSwapV3,0xdd953f39fdcfc5ba8c0c881e7f1b8b3da2aefd23,POOYAN,WBNB,10,500,0x5342076d0456cbbbc03001a9d97b45a7788f98a4,0xbb4cdb9cbd36b01bd1cbaebf2de08d9173bc095c,18,18,PancakeSwapV3
PancakeSwapV3,0x642a740bd55b5e26f8595341cd118f5a0d191699,WBNB,B2P,1,100,0xbb4cdb9cbd36b01bd1cbaebf2de08d9173bc095c,0xf8ab9ff465c612d5be6a56716adf95c52f8bc72d,18,18,PancakeSwapV3
UniswapV3CL,0x5cfad2fca96bbbd37657717816aab5898934ebfc,GRU,WBNB,10,500,0x44ac52f50a00a1e4ad4d5c6e6ceaaf5e269fcdaa,0xbb4cdb9cbd36b01bd1cbaebf2de08d9173bc095c,18,18,UniswapV3CL
PancakeSwapV3,0xcc4de4a25a2ba1165552e79bee8d9ec814ef19d7,TST5,WBNB,1,100,0x9e870c764de483ee4c4057bdc9b91c8ed56e954b,0xbb4cdb9cbd36b01bd1cbaebf2de08d9173bc095c,18,18,PancakeSwapV3
PancakeSwapV3,0x5ef0da33f4ab8a0e880231fb576026ed0322ecbd,WBNB,TST5,1,100,0xbb4cdb9cbd36b01bd1cbaebf2de08d9173bc095c,0xd934c59bbfa07ae42b3655b8cab02934874404d6,18,18,PancakeSwapV3
PancakeSwapV3,0x8813daa2e88f5b19ee55cc105877cefda4d1792a,TST3,WBNB,1,100,0x0b1b89cbb0daa4a081aa8b7efc5f00a9e30275ac,0xbb4cdb9cbd36b01bd1cbaebf2de08d9173bc095c,18,18,PancakeSwapV3
UniswapV3CL,0x0183afcab7f52169a1c43bd5c5cc8834d7103335,WBNB,BTC,1,100,0xbb4cdb9cbd36b01bd1cbaebf2de08d9173bc095c,0xf980f4ea95fbbbc7d80239efefb97eae7c5c32e3,18,18,UniswapV3CL
PancakeSwapV3,0x30353dc8c59630220d4f590c175116be292994b5,LQDT,WBNB,1,100,0x51ffce0a766ee2685509ea373cdb444530af718c,0xbb4cdb9cbd36b01bd1cbaebf2de08d9173bc095c,18,18,PancakeSwapV3
PancakeSwapV3,0x17c2c09ae615bc1ee6c30b7566539f2cfd93a516,Dyor,WBNB,10,500,0x6fb5fa96506309ae4f5510c7b97d3db72b2d0ebf,0xbb4cdb9cbd36b01bd1cbaebf2de08d9173bc095c,18,18,PancakeSwapV3
PancakeSwapV3,0xcbe1826ba6e4e1333027c1ca4b263a91ae7c28fb,TST1,WBNB,1,100,0x34cbc9329011b272ee7b00f9be70aa056a8ae75b,0xbb4cdb9cbd36b01bd1cbaebf2de08d9173bc095c,18,18,PancakeSwapV3
PancakeSwapV3,0x4de73541454f8b4fa8c0b3805262bd0490d68d5c,BURN,WBNB,200,10000,0x549109c563f12a9b3a8428091c3183530bec9bbb,0xbb4cdb9cbd36b01bd1cbaebf2de08d9173bc095c,18,18,PancakeSwapV3
PancakeSwapV3,0x64a1cd060ef343fd2982e6b604ffec3804477d67,ALEO,WBNB,10,500,0x3a73466771e62b1e5157c7c0665c97257be56087,0xbb4cdb9cbd36b01bd1cbaebf2de08d9173bc095c,18,18,PancakeSwapV3
PancakeSwapV3,0xab366acc5bdfc4e852051e83966faee125b0c839,CROC,WBNB,1,100,0x4c31dbd65b63c8319b8df7f3149ff78f2808ea1a,0xbb4cdb9cbd36b01bd1cbaebf2de08d9173bc095c,18,18,PancakeSwapV3
PancakeSwapV3,0xc875e7cfee3c134581ce20eb562bd1df6fb5a1c4,FHE,WBNB,10,500,0x66936cb0bcc8d3fc3c98232f88a753f6b2ad953d,0xbb4cdb9cbd36b01bd1cbaebf2de08d9173bc095c,18,18,PancakeSwapV3
PancakeSwapV3,0x09ae413419423e1f74c551d74578a2c519863fa3,BITBOT,WBNB,50,2500,0x07b7c1372bd1be3926b71dd6a06861186b51f691,0xbb4cdb9cbd36b01bd1cbaebf2de08d9173bc095c,18,18,PancakeSwapV3
UniswapV3CL,0x95ad153eb22f435dca5660b72cb47a7b6aa90dc3,PQST,WBNB,1,100,0x3af48d55b2f522d52d6beefb936f130f64a26e43,0xbb4cdb9cbd36b01bd1cbaebf2de08d9173bc095c,18,18,UniswapV3CL
UniswapV3CL,0x084fa4c638a9d3986adfb3f00f11ac08abad2fa9,USDC,$WWH,60,3000,0x8ac76a51cc950d9822d68b83fe1ad97b32cd580d,0xf9e0ce8c020c4318d642a2e691b45ecee8c7da27,18,18,UniswapV3CL
PancakeSwapV3,0x765ea223dd4de87c5beb3f9613376f69d9116257,USDT,TRUMP,10,500,0x55d398326f99059ff775485246999027b3197955,0x657e94c0abc1a3549112f22a286ff085deb71cc9,18,18,PancakeSwapV3
PancakeSwapV3,0x1e8eed9bec763e13065eae6f4789b9475ad22a36,USDE,USDT,1,100,0x2baa369ab0d502ef225692e0f7e8d7589c71ffb7,0x55d398326f99059ff775485246999027b3197955,18,18,PancakeSwapV3
PancakeSwapV3,0x9c8db6c9084c5647a743038a26e42baf64104f1b,HBAR,WBNB,10,500,0x0422f966bf8e978075a97d47ef4c7efd3563fa51,0xbb4cdb9cbd36b01bd1cbaebf2de08d9173bc095c,18,18,PancakeSwapV3
UniswapV3CL,0x479f9c4aa1e961c65f8f178d78f4f0e7b7aa8bcd,?,USDT,60,3000,0x00fdb2da267c03687b48e4e09bb80eb1e88fda29,0x55d398326f99059ff775485246999027b3197955,18,18,UniswapV3CL
PancakeSwapV3,0xe0021914e3e2a495d50cda511af769b0167f39d1,WMC,WBNB,50,2500,0x68b59b09ccfeff6b82f9741f130eabffadc8a6e4,0xbb4cdb9cbd36b01bd1cbaebf2de08d9173bc095c,8,18,PancakeSwapV3
PancakeSwapV3,0xc1d32d62a81b98410395a30e3a336f319e5e90be,DOOD,USDC,1,100,0x722294f6c97102fb0ddb5b907c8d16bdeab3f6d9,0x8ac76a51cc950d9822d68b83fe1ad97b32cd580d,18,18,PancakeSwapV3
UniswapV3CL,0x62d6c3a188325c3c89caffeac4a5171f09fbe78f,TESLA,WBNB,1,100,0x70caf292e1b167619ab9eefa1a5ed17552a4c303,0xbb4cdb9cbd36b01bd1cbaebf2de08d9173bc095c,18,18,UniswapV3CL
PancakeSwapV3,0xd0b610dbdd6322ef21263d5c17e0fa8a863d80a9,BRT,USDC,1,100,0x1ab8bfdb1eadfe50a1fb3df51551fab7ad75f536,0x8ac76a51cc950d9822d68b83fe1ad97b32cd580d,18,18,PancakeSwapV3
UniswapV3CL,0x91453ac7ebdc8cb36d9b2604a8acd90d0c5f05b3,QYTB,BTCB,1,100,0x3858284ba544a69d1a62660faabcc87e4a8883c2,0x7130d2a12b9bcbfae4f2634d864a1ee1ce3ead9c,18,18,UniswapV3CL
PancakeSwapV3,0x700dc6f395b031b97554604b1bb9df3222e7d1b7,ILL,WBNB,1,100,0x087d1e847752289bd7a0085adb62c258e29d5a13,0xbb4cdb9cbd36b01bd1cbaebf2de08d9173bc095c,18,18,PancakeSwapV3
PancakeSwapV3,0x77d5b2560e4b84b3fc58875cb0133f39560e8ae3,WBNB,XVS,50,2500,0xbb4cdb9cbd36b01bd1cbaebf2de08d9173bc095c,0xcf6bb5389c92bdda8a3747ddb454cb7a64626c63,18,18,PancakeSwapV3
PancakeSwapV3,0x7682d9e1a6f4bc28b5f9d84220f03c95a1ebbcc2,BUSD,WBNB,1,100,0x5ddfb9f914864010611db00e0b7c0384fb3bb0ae,0xbb4cdb9cbd36b01bd1cbaebf2de08d9173bc095c,18,18,PancakeSwapV3
PancakeSwapV3,0xaa7bae3bfc1d4672910fe93e2f39204cf0fb4e91,RichBonk,WBNB,1,100,0x5c87b7bd91ff304374a941370024a79994f35328,0xbb4cdb9cbd36b01bd1cbaebf2de08d9173bc095c,18,18,PancakeSwapV3
UniswapV3CL,0x916d7f23ccbb1d10118dcfc6ad5a10b6446ff73e,PENDLE,WBNB,200,10000,0xb3ed0a426155b79b898849803e3b36552f7ed507,0xbb4cdb9cbd36b01bd1cbaebf2de08d9173bc095c,18,18,UniswapV3CL
PancakeSwapV3,0x046c6f09fee15b2113364d5ea4ab34fbf134f588,DFlow,WBNB,50,2500,0xb11e6ed6f481fd954dcd4585d8877ace06acadfe,0xbb4cdb9cbd36b01bd1cbaebf2de08d9173bc095c,18,18,PancakeSwapV3
PancakeSwapV3,0x1142d91f5d49778c01ae6a1045e59044c2ea934b,Valentine,WBNB,200,10000,0x40889d42d0ebe12bdb288a24ac5d12209f8cdddd,0xbb4cdb9cbd36b01bd1cbaebf2de08d9173bc095c,18,18,PancakeSwapV3
PancakeSwapV3,0xfa11a2ed28abb3a0f20dcc20cb207e10899fe6f0,CUMMIES,WBNB,200,10000,0x27ae27110350b98d564b9a3eed31baebc82d878d,0xbb4cdb9cbd36b01bd1cbaebf2de08d9173bc095c,18,18,PancakeSwapV3
UniswapV3CL,0x8f23019dabf9a23b6ee58f970b6468c55a33d9af,?,WBNB,200,10000,0x18d0e455b3491e09210292d3953157a4bf104444,0xbb4cdb9cbd36b01bd1cbaebf2de08d9173bc095c,18,18,UniswapV3CL
PancakeSwapV3,0xb94b676438301cab58de052acbda84ed608ea8ba,GMT,BUSD,1,100,0x202e729088e5a66f6d97dd093fc934d2c9738bfa,0xe9e7cea3dedca5984780bafc599bd69add087d56,18,18,PancakeSwapV3
PancakeSwapV3,0xb7b026ef3afe0963b34c69dc49f3e4639f388809,USDT,ABI,1,100,0x55d398326f99059ff775485246999027b3197955,0xf8cbcc06f79732ff1b3c9a9bc784ff9d22226d92,18,18,PancakeSwapV3
PancakeSwapV3,0xdb49d4509aa2b45eda6c21e412fb6a4ea41a2749,WBNB,NIAO,200,10000,0xbb4cdb9cbd36b01bd1cbaebf2de08d9173bc095c,0xde6e12bdb2062dc48b409f0086219464a0c317a0,18,18,PancakeSwapV3
PancakeSwapV3,0x17da66d936ac9d59a14d466dc1be6d007ff61bea,WBNB,DXP,10,500,0xbb4cdb9cbd36b01bd1cbaebf2de08d9173bc095c,0xcabcf889c98ffdd32fc68f2c21155a9f364a0740,18,18,PancakeSwapV3
PancakeSwapV3,0xa047e4455ee40ca83a2f4220de8d2bf40d76d18c,USDT,Bin,1,100,0x55d398326f99059ff775485246999027b3197955,0x586a74a6c7375a507e3e3ddfef891cb9d2477777,18,18,PancakeSwapV3
PancakeSwapV3,0xd65708efc6510cf5530f3929b3e94d2bdde57bae,i3D,WBNB,200,10000,0xafb1e043f05fa591e42f31e94d7392aa415b27ce,0xbb4cdb9cbd36b01bd1cbaebf2de08d9173bc095c,18,18,PancakeSwapV3
UniswapV3CL,0x8149b92ea743cc382aada523b68b8834733b9015,FET,WBNB,60,3000,0x031b41e504677879370e9dbcf937283a8691fa7f,0xbb4cdb9cbd36b01bd1cbaebf2de08d9173bc095c,18,18,UniswapV3CL
PancakeSwapV3,0x701232f46796855b0841df2cbf46595c00667dde,FAIR3,WBNB,1,100,0x6952c5408b9822295ba4a7e694d0c5ffdb8fe320,0xbb4cdb9cbd36b01bd1cbaebf2de08d9173bc095c,18,18,PancakeSwapV3
PancakeSwapV3,0x16377ab7dd5ec3bfadc91f1b60b92ba0882f4d66,BLUED,WBNB,1,100,0x999b0eb25f7618b6d1704cfbe7c371b999cb561f,0xbb4cdb9cbd36b01bd1cbaebf2de08d9173bc095c,18,18,PancakeSwapV3
PancakeSwapV3,0x353c8bcfaa015a75e85c2281aca559a3d6cf663c,WBNB,NVG8,50,2500,0xbb4cdb9cbd36b01bd1cbaebf2de08d9173bc095c,0xd7485c154fea9091e5d58f020823c00a59a2a451,18,18,PancakeSwapV3
PancakeSwapV3,0x7632c9ec96e10b82810203f73035a057dbfa37e7,WBNB,ADIRAH,1,100,0xbb4cdb9cbd36b01bd1cbaebf2de08d9173bc095c,0xf0e1803ed94aebe1ba185f932830e8f8841d0828,18,18,PancakeSwapV3
PancakeSwapV3,0x369e259ffedaca76db97ad5531907e87848e2147,NIGHT (Presale),WBNB,50,2500,0x363803734d950542ff7dca4b11c1ca44dab2c047,0xbb4cdb9cbd36b01bd1cbaebf2de08d9173bc095c,18,18,PancakeSwapV3
PancakeSwapV3,0x13273d7dd5d434d031698f1d9c4e4b8a5f972810,WBNB,MAS,50,2500,0xbb4cdb9cbd36b01bd1cbaebf2de08d9173bc095c,0xda2e5d607a9e2c749f49e8c8cac3a2b7f2b09719,18,18,PancakeSwapV3
PancakeSwapV3,0xfb3394982c0205e326c8ac97029168f961a94f71,SONIC,WBNB,50,2500,0x76457fdc8a69f8e7099e484c6bbc07bf3715763d,0xbb4cdb9cbd36b01bd1cbaebf2de08d9173bc095c,18,18,PancakeSwapV3
PancakeSwapV3,0xee52c7ac3348789cec64f896bd63e36ce65a491a,BLAST,WBNB,50,2500,0xaad9e5b475c5a488631138bf979fd4c8a076d711,0xbb4cdb9cbd36b01bd1cbaebf2de08d9173bc095c,18,18,PancakeSwapV3
PancakeSwapV3,0xe9388678f0542d5406145c3db85b5b754daff085,USDT,ZRC,1,100,0x55d398326f99059ff775485246999027b3197955,0xdac991621fd8048d9f235324780abd6c3ad26421,18,18,PancakeSwapV3
PancakeSwapV3,0xa5dbeaf16fc031eae92175974f8d0a439be4ad17,USDT,ARIA,1,100,0x55d398326f99059ff775485246999027b3197955,0x5d3a12c42e5372b2cc3264ab3cdcf660a1555238,18,18,PancakeSwapV3
UniswapV3CL,0xd6d130fdcdcbd0950258c58bc020442f53875d3e,USDT,GOPIE-CZ,200,10000,0x55d398326f99059ff775485246999027b3197955,0x9f7a251cf9ff8e2ce29aae854f3ede02b3a40922,18,18,UniswapV3CL
UniswapV3CL,0xdbcd70d34c7f55f845f95cedf8f2c2ae29aa1fc8,CryptoFX,USDT,60,3000,0x0a76c0e8fcb6265f224d86bf5e27db60281c0e81,0x55d398326f99059ff775485246999027b3197955,18,18,UniswapV3CL
PancakeSwapV3,0x1de8b6d189eae5b4e0cef8f919e269fc306e02b1,CATS,WBNB,50,2500,0x9d385a0f80652b80531a6e7938eefa0a39601835,0xbb4cdb9cbd36b01bd1cbaebf2de08d9173bc095c,18,18,PancakeSwapV3
PancakeSwapV3,0x83b2f0e3d5364bc0644e58a83ae28375b8a24442,USDT,HAMI,1,100,0x55d398326f99059ff775485246999027b3197955,0xcc30d6b8daaeddd738721bde3dc2d60b1464e253,18,18,PancakeSwapV3
PancakeSwapV3,0x01e7d12778982d749a6932ea03207f25f3fde3da,WBNB,FLASH,200,10000,0xbb4cdb9cbd36b01bd1cbaebf2de08d9173bc095c,0xc3111096b3b46873393055dea14036ea603cfa95,18,18,PancakeSwapV3
PancakeSwapV3,0x8ba9ec5737fdcb0e472c207befe775ca94386e91,DAO,WBNB,1,100,0x4d2d32d8652058bf98c772953e1df5c5c85d9f45,0xbb4cdb9cbd36b01bd1cbaebf2de08d9173bc095c,18,18,PancakeSwapV3
PancakeSwapV3,0x437f4d61edec42ab1ba7a2dfbeec748a15389c0b,TSBT,WBNB,1,100,0x9406bd31047f155e112f122715c8d00441d875ca,0xbb4cdb9cbd36b01bd1cbaebf2de08d9173bc095c,18,18,PancakeSwapV3
PancakeSwapV3,0x97ef23f93409c89f8ff168053f60a29ea08ca2ee,USDT,USDB,1,100,0x55d398326f99059ff775485246999027b3197955,0xf2ebbf40a744a50eac0363b880b9f5e01288e2ce,18,18,PancakeSwapV3
PancakeSwapV3,0xce5fe5a30a2f2af3dcf653694a6e1a56d04e6a64,TEST,WBNB,1,100,0x8be2458d3c610c1ec4b03970936bd3e64d70e682,0xbb4cdb9cbd36b01bd1cbaebf2de08d9173bc095c,18,18,PancakeSwapV3
PancakeSwapV3,0x1fa2cbbbb823a702a3622629bf297b75edbbf10f,DAO,USDC,1,100,0x4d2d32d8652058bf98c772953e1df5c5c85d9f45,0x8ac76a51cc950d9822d68b83fe1ad97b32cd580d,18,18,PancakeSwapV3
PancakeSwapV3,0x5cfee64cb227726f710365c2bda4bdfbc6fabde9,ZAMA,WBNB,50,2500,0x619db79033813fd45d14f183050f0bae28001a45,0xbb4cdb9cbd36b01bd1cbaebf2de08d9173bc095c,18,18,PancakeSwapV3
PancakeSwapV3,0x93c004ae97f696359aa6de286b10f236d763c515,WEFT,USDT,50,2500,0x4df357fba8a681eca72e133bc1e63198ef611641,0x55d398326f99059ff775485246999027b3197955,18,18,PancakeSwapV3
UniswapV3CL,0x15a552d71939a714c1657a33a7833a3e888f70d5,T2META,BUSD,200,10000,0xc6a11c2d55b810397783a73c998a72a0a1ac1e8c,0xe9e7cea3dedca5984780bafc599bd69add087d56,18,18,UniswapV3CL
PancakeSwapV3,0x70e4978406bf51361ecc04eb26f233c6fce2c5e1,WBNB,FXBT,200,10000,0xbb4cdb9cbd36b01bd1cbaebf2de08d9173bc095c,0xcab6311f95faf6b5db4fd306092b6bcd9807e8f0,18,18,PancakeSwapV3
PancakeSwapV3,0xda2c956e3aa20e55023ba9ad4e4c130d8823b71c,WLF,WBNB,1,100,0x5325bf8a342348c7ce1792c503d7538fafa63138,0xbb4cdb9cbd36b01bd1cbaebf2de08d9173bc095c,18,18,PancakeSwapV3
PancakeSwapV3,0x021290bfafa2dfb23ec2a5f50a56c94bc5f67bf5,BTD,USDT,200,10000,0x50612267afe8969d92a0aa278d2c6da58615c08f,0x55d398326f99059ff775485246999027b3197955,18,18,PancakeSwapV3
UniswapV3CL,0x8604cfe2fc3336b24e9d252dfdc99f3a2b0327fe,QYTB,USDT,1,100,0x3858284ba544a69d1a62660faabcc87e4a8883c2,0x55d398326f99059ff775485246999027b3197955,18,18,UniswapV3CL
PancakeSwapV3,0x7ccc3010e52fbca54467ff68eec4be78420571c5,WBNB,XNY,1,100,0xbb4cdb9cbd36b01bd1cbaebf2de08d9173bc095c,0xe3225e11cab122f1a126a28997788e5230838ab9,18,18,PancakeSwapV3
PancakeSwapV3,0xb02303818ad432dcc9a4860ae333238b29f6164f,WBNB,UNI,10,500,0xbb4cdb9cbd36b01bd1cbaebf2de08d9173bc095c,0xbf5140a22578168fd562dccf235e5d43a02ce9b1,18,18,PancakeSwapV3
PancakeSwapV3,0x0bf51a874acab7463a3387990c0df5f2d79a70ae,USDT,LABI,200,10000,0x55d398326f99059ff775485246999027b3197955,0x832ee11811a5b66d33478223a618fd897425b9b4,18,18,PancakeSwapV3
PancakeSwapV3,0xa01b63ca75963a1ebebb6f023dcf90f67e666c26,DYM,WBNB,1,100,0x9c2c0f5b71fc5989c185ce7d4e0eb89e668c6df3,0xbb4cdb9cbd36b01bd1cbaebf2de08d9173bc095c,18,18,PancakeSwapV3
PancakeSwapV3,0xc0493e5a7d30438f9a397b4bbe10a933b837881a,MISHKA,WBNB,10,500,0x64cf5101c1d14b71fa3604ff018357ea62beee7e,0xbb4cdb9cbd36b01bd1cbaebf2de08d9173bc095c,18,18,PancakeSwapV3
PancakeSwapV3,0xf79fff7196310c41b5a9651f0751534f0780731e,MVLL,WBNB,1,100,0x509432a829eefa7d51d3ba5a12c5aab0ae23a99d,0xbb4cdb9cbd36b01bd1cbaebf2de08d9173bc095c,18,18,PancakeSwapV3
PancakeSwapV3,0x7530964cb58b4750fae7b75dbcbc29a8d2b3d74a,USDT,GGEZ1,1,100,0x55d398326f99059ff775485246999027b3197955,0xec29c09208eb99e22c81b797679a69bcf55461cf,18,18,PancakeSwapV3
UniswapV3CL,0xf7513c120b92fa4dd5cbfa78dffefcb4ced5743f,ADA,USDT,60,3000,0x3ee2200efb3400fabb9aacf31297cbdd1d435d47,0x55d398326f99059ff775485246999027b3197955,18,18,UniswapV3CL
PancakeSwapV3,0x4465deee59e6de2d5ed7bfcda5fd81e7848d058a,WBNB,DPET,200,10000,0xbb4cdb9cbd36b01bd1cbaebf2de08d9173bc095c,0xfb62ae373aca027177d1c18ee0862817f9080d08,18,18,PancakeSwapV3
PancakeSwapV3,0x5cd56185317f7acc310f6ae04219df7b38635824,ABLT,WBNB,1,100,0xb78ac8b0db2dc031847986a9e953e0b43d4dd12a,0xbb4cdb9cbd36b01bd1cbaebf2de08d9173bc095c,18,18,PancakeSwapV3
PancakeSwapV3,0x15804c36a495efb511351e9ef0b211ad8bd8da88,GNUS,USDC,200,10000,0x614577036f0a024dbc1c88ba616b394dd65d105a,0x8ac76a51cc950d9822d68b83fe1ad97b32cd580d,18,18,PancakeSwapV3
PancakeSwapV3,0xa0b2607afcafc47d8ca800f3d0a3f677d2b6f38d,USDT,STONEUSD,1,100,0x55d398326f99059ff775485246999027b3197955,0x8b4e28607bdcacbf937f81f29e3dafe7bc1d7c0b,18,18,PancakeSwapV3
PancakeSwapV3,0xa2c1e0237bf4b58bc9808a579715df57522f41b2,WBNB,CELL,10,500,0xbb4cdb9cbd36b01bd1cbaebf2de08d9173bc095c,0xd98438889ae7364c7e2a3540547fad042fb24642,18,18,PancakeSwapV3
PancakeSwapV3,0xdaf84e35ca400d7641456e53b6a8a30cccecfd5b,MITO,WBNB,1,100,0x8e1e6bf7e13c400269987b65ab2b5724b016caef,0xbb4cdb9cbd36b01bd1cbaebf2de08d9173bc095c,18,18,PancakeSwapV3
UniswapV3CL,0x26b4103c8da21725909955fe85f7f6249d05dd9e,USDT,TRX,60,3000,0x55d398326f99059ff775485246999027b3197955,0xce7de646e7208a4ef112cb6ed5038fa6cc6b12e3,18,6,UniswapV3CL
PancakeSwapV3,0x5c974da9c95d22b53b656e77f10924740c740fef,PIRATE,WBNB,1,100,0x8dd4d697d383ec37d180a6a59381476fc805a0bc,0xbb4cdb9cbd36b01bd1cbaebf2de08d9173bc095c,18,18,PancakeSwapV3
UniswapV3CL,0x766cf2edd64968bab146434b88392d1bca229daa,WBNB,SWN,200,10000,0xbb4cdb9cbd36b01bd1cbaebf2de08d9173bc095c,0xf48c210657e2937e4cc1d2d8dd0fcef200c9fab0,18,18,UniswapV3CL
PancakeSwapV3,0x45ac9af57a43f48407ec8636bdf2a99df5399904,RSR,WBNB,10,500,0x23f72a3db61d6cb8abe5d9af1ac4b6c99327bfee,0xbb4cdb9cbd36b01bd1cbaebf2de08d9173bc095c,18,18,PancakeSwapV3
PancakeSwapV3,0xd83d43fb168fd32e44cd9cadca3525d7a90fa021,OMNI,WBNB,50,2500,0x12fe9c12b55ff221a303595f2d152a3f4b117774,0xbb4cdb9cbd36b01bd1cbaebf2de08d9173bc095c,18,18,PancakeSwapV3
PancakeSwapV3,0x97e5c863245cca61304faa2eca855025691d4dcd,USDT,RESOLV,50,2500,0x55d398326f99059ff775485246999027b3197955,0xda6cef7f667d992a60eb823ab215493aa0c6b360,18,18,PancakeSwapV3
UniswapV3CL,0x4463e83d8fabd721c82c5c6e3c7508b67c5babe8,INRx,USDT,10,500,0x4b3f37ed3fb1e60492c909f2746488778fa3a90b,0x55d398326f99059ff775485246999027b3197955,18,18,UniswapV3CL
PancakeSwapV3,0x9485ff32b6b4444c21d5abe4d9a2283d127075a2,quq,USDT,1,100,0x4fa7c69a7b69f8bc48233024d546bc299d6b03bf,0x55d398326f99059ff775485246999027b3197955,18,18,PancakeSwapV3
PancakeSwapV3,0x603a58f995885744acba41342d526084a474a63e,NYA,WBNB,1,100,0x38f9bf9dce51833ec7f03c9dc218197999999999,0xbb4cdb9cbd36b01bd1cbaebf2de08d9173bc095c,18,18,PancakeSwapV3
PancakeSwapV3,0xf2fea71b087a675081494aed113807ac772e89e5,USDT,BLB,1,100,0x55d398326f99059ff775485246999027b3197955,0xf3e016f6cd711a4def764d9918fe81d5c969e104,18,18,PancakeSwapV3
PancakeSwapV3,0x74b6b56f118f1dec4f329f507c747c0ff0336f7b,SPOT,USDT,1,100,0x5203bdfcc26d41b1294242ccfdfe45c5c2ab4ad9,0x55d398326f99059ff775485246999027b3197955,18,18,PancakeSwapV3
PancakeSwapV3,0x81bde1855562ccd7ea5c19eef0f53043504e5900,USDT,VYO,200,10000,0x55d398326f99059ff775485246999027b3197955,0xa9ff7ce6b2dc585feb5619fdd341dbb8fbdd7f2e,18,18,PancakeSwapV3
PancakeSwapV3,0xbf2b234f54521cc7d70e03eab66b8b38da07eec2,USDT,Gunzilla Games,200,10000,0x55d398326f99059ff775485246999027b3197955,0x868d632453e70ea703155015fec5a5d3380718a8,18,18,PancakeSwapV3
PancakeSwapV3,0x8e80480ebc7261b81be10191deff1c66a435e047,GIGA,WBNB,50,2500,0x3dae9a33000c303a356a622ddfc6b0132a38c1b6,0xbb4cdb9cbd36b01bd1cbaebf2de08d9173bc095c,18,18,PancakeSwapV3
UniswapV3CL,0x4a978a2d4fb7393063babfb0cee741b8bcd4dd4b,NEAR,WBNB,60,3000,0x1fa4a73a3f0133f0025378af00236f3abdee5d63,0xbb4cdb9cbd36b01bd1cbaebf2de08d9173bc095c,18,18,UniswapV3CL
PancakeSwapV3,0xaaa1307d7498cfbc221629b25bef4cd504cb53fd,BabyBroccoli,WBNB,10,500,0x709a6bb090b8c4c72cb44533624f3df320a8ba80,0xbb4cdb9cbd36b01bd1cbaebf2de08d9173bc095c,18,18,PancakeSwapV3
UniswapV3CL,0xaa693043e9b26ceec64ca2ccb7e06f3ea916ea11,TGOX,WBNB,200,10000,0x0b66dfa8447f42172790e55aa69d6fb40994d7cc,0xbb4cdb9cbd36b01bd1cbaebf2de08d9173bc095c,18,18,UniswapV3CL
PancakeSwapV3,0x28f133787db1c0ca0790b07dc04e42b3aa205d6b,KILL,WBNB,50,2500,0x2a55a07277a770612cee52283210244f3aa9ce36,0xbb4cdb9cbd36b01bd1cbaebf2de08d9173bc095c,18,18,PancakeSwapV3
PancakeSwapV3,0x6fae7301f1b7c0ab83d69a855447491f2b585876,ZEC,USDT,50,2500,0x1ba42e5193dfa8b03d15dd1b86a3113bbbef8eeb,0x55d398326f99059ff775485246999027b3197955,18,18,PancakeSwapV3
UniswapV3CL,0x5a522c9273da22d5fa8aa7225a3612c7845f1443,SWN,WBNB,200,10000,0x446b433885fce57d4efcb5fd3e0029618c9ba715,0xbb4cdb9cbd36b01bd1cbaebf2de08d9173bc095c,18,18,UniswapV3CL
PancakeSwapV3,0xc0f47e155367441f2236b0ce34b9435909552edd,USDT,CAC,50,2500,0x55d398326f99059ff775485246999027b3197955,0xe0b1a112ee17ef376260ad347d0d9c38efdffe07,18,8,PancakeSwapV3
PancakeSwapV3,0xf237c5368a928d6025c1c17588176ac3c68c9881,W,WBNB,50,2500,0x1dc86824887c30a0f38096a7ae5aef0811ac8fe6,0xbb4cdb9cbd36b01bd1cbaebf2de08d9173bc095c,18,18,PancakeSwapV3
PancakeSwapV3,0x414e073b0a15e1c0da9babe92fef544d1f2d9a3f,VWA,USDT,1,100,0x00759c01926d0030484f0e9129cf3cbaf17a1e04,0x55d398326f99059ff775485246999027b3197955,18,18,PancakeSwapV3
PancakeSwapV3,0x337e157f4b902e1f54dc41c9aacdf9f2b88a6597,ELMARIO,USDC,1,100,0x0459ee452bb751ca59531719b90d3970de90321b,0x8ac76a51cc950d9822d68b83fe1ad97b32cd580d,18,18,PancakeSwapV3
PancakeSwapV3,0x6dc1be06ee4c570137f5550a3c046b6d5c33a91d,WBNB,HEART,1,100,0xbb4cdb9cbd36b01bd1cbaebf2de08d9173bc095c,0xc588217397885ac61575b1d4df2d560b43cf91b7,18,18,PancakeSwapV3
PancakeSwapV3,0x9f5a0ad81fe7fd5dfb84ee7a0cfb83967359bd90,USDT,SOL,50,2500,0x55d398326f99059ff775485246999027b3197955,0x570a5d26f7765ecb712c0924e4de545b89fd43df,18,18,PancakeSwapV3
PancakeSwapV3,0x8a8b683c37ef5caa809fdd1fe67be5213f72c8a6,ZXF,USDT,50,2500,0x4fec070c37181c22c4c550301c83af1950141c17,0x55d398326f99059ff775485246999027b3197955,18,18,PancakeSwapV3
PancakeSwapV3,0xf9f9d94f03cbdcc85755d2d526aeb6a07745a0ab,BSTT,WBNB,50,2500,0x7af490918ecac4b7360791cab3df91525d3afc62,0xbb4cdb9cbd36b01bd1cbaebf2de08d9173bc095c,18,18,PancakeSwapV3
PancakeSwapV3,0x7cf585d7e2bebe91869072158a39065d841da2a2,SCX,WBNB,10,500,0x74e06e67ecd4ed23dad07351465676d5ad1e7c8c,0xbb4cdb9cbd36b01bd1cbaebf2de08d9173bc095c,18,18,PancakeSwapV3
UniswapV3CL,0x514f067dfe56f7bc9011d91aa4a72f99c691c743,USDT,SPD,200,10000,0x55d398326f99059ff775485246999027b3197955,0xf28ddf08160e6794ef6da0262f2678bdfa310f1e,18,18,UniswapV3CL
UniswapV3CL,0xf26ddd59b0d17d3a1575c68993089c6dccbf6b71,USDC,SPD,200,10000,0x8ac76a51cc950d9822d68b83fe1ad97b32cd580d,0xf28ddf08160e6794ef6da0262f2678bdfa310f1e,18,18,UniswapV3CL
PancakeSwapV3,0xb156d1bce79e380cea5f63415628d39baf071500,ALEO,WBNB,50,2500,0x8fb7702e7c69097bacd3532d7c51ee0ba911db1a,0xbb4cdb9cbd36b01bd1cbaebf2de08d9173bc095c,18,18,PancakeSwapV3
UniswapV3CL,0x08ad12bb0ef8e86d332f8fa5f47334143a9d127b,DOT,WBNB,60,3000,0x7083609fce4d1d8dc0c979aab8c869ea2c873402,0xbb4cdb9cbd36b01bd1cbaebf2de08d9173bc095c,18,18,UniswapV3CL
PancakeSwapV3,0xfe0efa3a2bc51df108ac1a10ee709fadc80a0d9e,WBNB,MTK,1,100,0xbb4cdb9cbd36b01bd1cbaebf2de08d9173bc095c,0xbd60a9b66043b681b00e27a4f096bc6eca0e7890,18,18,PancakeSwapV3
PancakeSwapV3,0x4d58580ba26467e7665921bcdbffd0838257c783,OTK,WBNB,1,100,0xb4bfd0c5bbae4aa6e81f50649faafe4bfa930d65,0xbb4cdb9cbd36b01bd1cbaebf2de08d9173bc095c,18,18,PancakeSwapV3
UniswapV3CL,0x9e50d3966cea25d2e705adb00748d4e15a591774,USDT,EQ,200,10000,0x55d398326f99059ff775485246999027b3197955,0xe28d0cd39c0d17ccec476b539b1601381103062e,18,18,UniswapV3CL
PancakeSwapV3,0xdac989bfdf904fb06de9037a6e351e1b0d824b1c,USDT,PLUME,1,100,0x55d398326f99059ff775485246999027b3197955,0x7403743fcfa460905c09986ffdf6ae6036beec8e,18,18,PancakeSwapV3
PancakeSwapV3,0xbbb343dc235b0327157c98e063336d35e5f726c2,USDT,GPAY,1,100,0x55d398326f99059ff775485246999027b3197955,0xbb8c2496c4184dc26e3de79132835b1512395d76,18,18,PancakeSwapV3
PancakeSwapV3,0xe5894f058abfd94c5d0cf828ce777cb469a9f60d,USDT,USDT,1,100,0x4b6011ca5f9533762e4a0ab8f28dc3a521aabb91,0x55d398326f99059ff775485246999027b3197955,18,18,PancakeSwapV3
PancakeSwapV3,0xb38f2423b4de0ef1d3896eb2c2d47f5166a150f2,USDT,EXA,1,100,0x55d398326f99059ff775485246999027b3197955,0x9a7d9a91ec5a763ad333fbe2c0e01db3faae426e,18,18,PancakeSwapV3
PancakeSwapV3,0x8fd1aae7412a9e8367f5c76645ae848263e80b12,USDT,hello2,1,100,0x55d398326f99059ff775485246999027b3197955,0xfdceaf6c6e0a9cf956287233bf1ee56c074bf909,18,18,PancakeSwapV3
UniswapV3CL,0xe3ca8ca987fabcb3ea3207572013adc39fcc2609,USDT,SDC,1,100,0x55d398326f99059ff775485246999027b3197955,0x63b55ae2bbbe823abfc3351fb40f17efd0f87777,18,18,UniswapV3CL
PancakeSwapV3,0x86448ec8d74a4f778bb8f6d0a365aba4c9aae3e7,USDT,Kcoim,1,100,0x55d398326f99059ff775485246999027b3197955,0xed5695c51c0db78787884458850ea87c32a8a4c7,18,18,PancakeSwapV3
PancakeSwapV3,0x4296c0091937ce2ac991c912ccbb4e1d31c8d2e0,BRIC$,USDT,10,500,0x42011898d224e3c6e6b704fe222040ec02a80ba4,0x55d398326f99059ff775485246999027b3197955,18,18,PancakeSwapV3
PancakeSwapV3,0x9d1a2c4df6a872a34ecc9cf5feb0b1af3806eef8,USDT,USDT,1,100,0x0a70ddf7cdba3e8b6277c9ddcaf2185e8b6f539f,0x55d398326f99059ff775485246999027b3197955,6,18,PancakeSwapV3
PancakeSwapV3,0xd2144852d15331f8551fd310f16fd3c070dbc898,sUSD1+,USDT,10,500,0x4f2760b32720f013e900dc92f65480137391199b,0x55d398326f99059ff775485246999027b3197955,18,18,PancakeSwapV3
PancakeSwapV3,0x116bbfdb2e7480b816f0a90c96b83093a8e01440,USDT,Arkm,1,100,0x55d398326f99059ff775485246999027b3197955,0xa1de27b85689429159f83715b8364807d8cf69be,18,18,PancakeSwapV3
PancakeSwapV3,0x9853729c727fe229b75b3952412f39e50bb0d093,WBNB,IO,50,2500,0xbb4cdb9cbd36b01bd1cbaebf2de08d9173bc095c,0xbfabad4f579dc269f68c1e5fc0749f57177e9a68,18,18,PancakeSwapV3
PancakeSwapV3,0x09ef4101339da0770d161ad93a59e2b598401aec,USDT,MEME,1,100,0x55d398326f99059ff775485246999027b3197955,0xb97b1bc21eb7acdd1cfc745d0198fceda5a1ed78,18,18,PancakeSwapV3
UniswapV3CL,0x8cd9377a55dc6a08e8e20304e40cfbd572300c97,EAI,WBNB,60,3000,0x73ad0d7e1a5050d1480bc5825a8a783fbd6cb08e,0xbb4cdb9cbd36b01bd1cbaebf2de08d9173bc095c,18,18,UniswapV3CL
PancakeSwapV3,0xff8a7c658332152a2f76e8f72ca878a0a089a043,USDT,USDT.z,200,10000,0x55d398326f99059ff775485246999027b3197955,0x840bc6ea2f9fbb6a2b6cc738d07a643be13c7e3c,18,18,PancakeSwapV3
PancakeSwapV3,0xac3614016c0ec27a87f65368b3b78db2e10d0546,EZM,WBNB,1,100,0x0106beeb9f6d90ca32f743dc899122f06ee17abf,0xbb4cdb9cbd36b01bd1cbaebf2de08d9173bc095c,18,18,PancakeSwapV3
PancakeSwapV3,0x3b31ad84092cefefc71f71a8f84aace37aca3ee1,USDT,SPYon,50,2500,0x55d398326f99059ff775485246999027b3197955,0x6a708ead771238919d85930b5a0f10454e1c331a,18,18,PancakeSwapV3
PancakeSwapV3,0x4ff8f4afd7ec31273103afbf66d78a64c16928bc,USDT,Not,1,100,0x55d398326f99059ff775485246999027b3197955,0xeedb9b581f9eab55954f44d1a2ecaf213a82053a,18,18,PancakeSwapV3
PancakeSwapV3,0x6665e2ff479f569919f4bd30eb9b8c7af62532f3,USDT,OPSCC,1,100,0x55d398326f99059ff775485246999027b3197955,0xb9d652eb1e3ab9a7463509eb20895c47931a1da0,18,18,PancakeSwapV3
PancakeSwapV3,0x84251c714f15124cfb5cdb5d1e3d3557b9ee95a3,pddy,WBNB,1,100,0x2a35bb0109ce348092b4a13f254589b2ee4b0bd7,0xbb4cdb9cbd36b01bd1cbaebf2de08d9173bc095c,18,18,PancakeSwapV3
PancakeSwapV3,0x298debd9f20c9fd5e109ae61d249b05659b32132,xen,USDT,10,500,0x0bab06ee88b20dd10cb9b1bfff7c66146b3ab2ea,0x55d398326f99059ff775485246999027b3197955,18,18,PancakeSwapV3
PancakeSwapV3,0xb30ebf92f61191483676e5ebffd6e2e10e325c3e,WBNB,FRP,1,100,0xbb4cdb9cbd36b01bd1cbaebf2de08d9173bc095c,0xf0f41c1df3ecb74e26f8cbdde43d919392729e22,18,18,PancakeSwapV3
PancakeSwapV3,0x7a7fb7ce41f6b62b781224498cd733adac5994fe,WBNB,PEJI,1,100,0xbb4cdb9cbd36b01bd1cbaebf2de08d9173bc095c,0xfd5af45b5e145505489a5ec3bdfac5a1029f3185,18,18,PancakeSwapV3
PancakeSwapV3,0x8b1bc1266ab26e12a5e26c1493474d23d0f47f69,Petunia,WBNB,200,10000,0x69763bf14262467de510467cae7d826feda7f9bc,0xbb4cdb9cbd36b01bd1cbaebf2de08d9173bc095c,18,18,PancakeSwapV3
PancakeSwapV3,0x0ab4ff4e36dbc8b46c417a74967747607b60622a,WBNB,SUI,10,500,0xbb4cdb9cbd36b01bd1cbaebf2de08d9173bc095c,0xd57f2e190c11cffc667aa5ad026cd4c8de0772a7,18,18,PancakeSwapV3
PancakeSwapV3,0x17a2d317fba6706420880c8da6c6b8919d5824bc,WBNB,SBT,1,100,0xbb4cdb9cbd36b01bd1cbaebf2de08d9173bc095c,0xe62d1aeea54b659d41473c4c1c760604f7f1ddd3,18,18,PancakeSwapV3
PancakeSwapV3,0xbb7dcdf040346422341c7b844a18663932336606,USDC,SOMI,1,100,0x8ac76a51cc950d9822d68b83fe1ad97b32cd580d,0xa9616e5e23ec1582c2828b025becf3ef610e266f,18,18,PancakeSwapV3
UniswapV3CL,0x2c553480c5ebd9ca5974a438bb6502c8f3099333,LTC,WBNB,60,3000,0x4338665cbb7b2485a8855a139b75d5e34ab0db94,0xbb4cdb9cbd36b01bd1cbaebf2de08d9173bc095c,18,18,UniswapV3CL
UniswapV3CL,0xbeac7e5a5b7fa08407cd22d46cfbc1bb69982620,APD3.0,USDT,200,10000,0x1804eb1082c42f5c191b6a939ce8905fe153981f,0x55d398326f99059ff775485246999027b3197955,18,18,UniswapV3CL
PancakeSwapV3,0x864370228d35c26cbb1c43024cfddb1bc3050afe,WBNB,FINETUKIN,200,10000,0xbb4cdb9cbd36b01bd1cbaebf2de08d9173bc095c,0xe4b24246d213c24b9adec9a9c10574b69cf2e559,18,18,PancakeSwapV3
PancakeSwapV3,0xcb320f9f534dfc49389f1becd3b19539a98b8079,WBNB,gs,200,10000,0xbb4cdb9cbd36b01bd1cbaebf2de08d9173bc095c,0xc0195c175663cbefd55acc5ae8f05be48d54b0e6,18,18,PancakeSwapV3
PancakeSwapV3,0x48f1aa773766da69d82dd147e612f972283ff663,USDT,COCO,1,100,0x55d398326f99059ff775485246999027b3197955,0x80f1ff15b887cb19295d88c8c16f89d47f6d8888,18,18,PancakeSwapV3
PancakeSwapV3,0xcfd0f0c47cb8671d28f91dcdbfaaf56be3cd34fd,FINETUKIN,WBNB,200,10000,0x7580c47a7269adc8c893ff0ab9f404a30a670159,0xbb4cdb9cbd36b01bd1cbaebf2de08d9173bc095c,18,18,PancakeSwapV3
PancakeSwapV3,0xea011df31321b75442497dab002e8d71cd1c521b,DEXCOIN,USDT,200,10000,0x26dc4bab58782b7cd1f11c835a112742b08b0613,0x55d398326f99059ff775485246999027b3197955,18,18,PancakeSwapV3
PancakeSwapV3,0x8bce76799c02129597d103560c2c1d7f7f5a8c1d,Tukin,WBNB,200,10000,0x2be41b7c690f80707aa5ba5b6b3b17e3f8c60b5f,0xbb4cdb9cbd36b01bd1cbaebf2de08d9173bc095c,18,18,PancakeSwapV3
PancakeSwapV3,0x3c79fbc37fdfb1599472b9e8a15baaee30026360,WBNB,ZETA,50,2500,0xbb4cdb9cbd36b01bd1cbaebf2de08d9173bc095c,0xfd550d63cac723777fa1602a6d90bde3cd48f5b8,18,18,PancakeSwapV3
PancakeSwapV3,0x8e8babe0668ac99e6b5deccf1f8f8300fb1c7e6c,BREVIS,WBNB,200,10000,0xb5b4ecef00709f79ed3e443c28c1a18642d1e7f2,0xbb4cdb9cbd36b01bd1cbaebf2de08d9173bc095c,18,18,PancakeSwapV3
PancakeSwapV3,0x5e8d35f4835ccc76ee347e2114af08163e28cc89,WBNB,SENTI,200,10000,0xbb4cdb9cbd36b01bd1cbaebf2de08d9173bc095c,0xe59f89058ec8a841f53661c9b609a795705745e6,18,18,PancakeSwapV3
PancakeSwapV3,0x9472a51c1b05b250b84ba18f55b05f493709a99b,test,WBNB,200,10000,0x2ddaf79167aa2d236b9566f3d6c6ff8ec7d6969c,0xbb4cdb9cbd36b01bd1cbaebf2de08d9173bc095c,18,18,PancakeSwapV3
PancakeSwapV3,0xfebb8d5b9e0acf49364c8da4e8e28a37099b6964,click,WBNB,200,10000,0x534e2497d2e780d0db16bec8b2e8ee8755a8c359,0xbb4cdb9cbd36b01bd1cbaebf2de08d9173bc095c,18,18,PancakeSwapV3
PancakeSwapV3,0x7f8de76639f1ded43a433f541165e8bd555420ea,WBNB,69,200,10000,0xbb4cdb9cbd36b01bd1cbaebf2de08d9173bc095c,0xfbf23ff69d1d67c525a28f3a1efd5cc24d7acbc1,18,18,PancakeSwapV3
PancakeSwapV3,0xb6b34f75a6a00d5e10061505551dc4c1928aa808,xxx,WBNB,200,10000,0xa62c352e09c16114667179551f3db5a7a6cbbadf,0xbb4cdb9cbd36b01bd1cbaebf2de08d9173bc095c,18,18,PancakeSwapV3
PancakeSwapV3,0x7797b0962faba9229e1bda3dd6ac369ccebc9f24,$kekius,WBNB,200,10000,0x3d3a38b51e0a75d7c1f448767c34cefebab60ae1,0xbb4cdb9cbd36b01bd1cbaebf2de08d9173bc095c,18,18,PancakeSwapV3
PancakeSwapV3,0xa4de140f24470da37bb8d21745a475ec62317dad,USDT,PIC,1,100,0x55d398326f99059ff775485246999027b3197955,0x5c8a5e23b8ea57a98cc2df48c3da060c563883cd,18,18,PancakeSwapV3
UniswapV3CL,0x13c17791f8c16382c567b91126c3cca48292213b,Freedom of Money,USDT,200,10000,0x3e17ee3b1895dd1a7cf993a89769c5e029584444,0x55d398326f99059ff775485246999027b3197955,18,18,UniswapV3CL
UniswapV3CL,0xb65617850efd15a7b57af219109ba38d6c77d7a6,USDT,WMTX,1,100,0x55d398326f99059ff775485246999027b3197955,0xdbb5cf12408a3ac17d668037ce289f9ea75439d7,18,6,UniswapV3CL
PancakeSwapV3,0xfc4cc9c52e8b3278327719cf69a76e49e6fac3c5,HC,USDT,200,10000,0x46c851679a367716352ba280f71def16748ef046,0x55d398326f99059ff775485246999027b3197955,8,18,PancakeSwapV3
UniswapV3CL,0x554548b404213c7efcdbab933f52edfe3c581834,WBNB,UNI,200,10000,0xbb4cdb9cbd36b01bd1cbaebf2de08d9173bc095c,0xbf5140a22578168fd562dccf235e5d43a02ce9b1,18,18,UniswapV3CL
UniswapV3CL,0xc77b01541517b3f22fdacc9e4c71e940495a46e9,OGRK,WBNB,200,10000,0x3ba3658dc83c03fa03e65db0a33cacc27f0616ac,0xbb4cdb9cbd36b01bd1cbaebf2de08d9173bc095c,18,18,UniswapV3CL
UniswapV3CL,0x5dcc11c64f749595437ac4a48210e7968c650519,WBNB,test6,1,100,0xbb4cdb9cbd36b01bd1cbaebf2de08d9173bc095c,0xdcb9ecae8400e69fcf91a0fb7e887d001e8132d0,18,18,UniswapV3CL
PancakeSwapV3,0xa1fad558b9b3d055a27f32ebea85eb9a5a56e972,USDT,VIRTUAL,1,100,0x55d398326f99059ff775485246999027b3197955,0xdca8fe62476226297b77d63603a83082ae00b772,18,18,PancakeSwapV3
PancakeSwapV3,0x47f93f12853c8ba0d8a81fdac3867d993e2ebd06,EDGEAI,WBNB,1,100,0x276b792d11b9e3712fe6a78a460a0deb416bab0a,0xbb4cdb9cbd36b01bd1cbaebf2de08d9173bc095c,18,18,PancakeSwapV3
PancakeSwapV3,0x367de268ca3549b22dda52493c73c7ca02befefd,TIB,USDT,200,10000,0x111b95c2b65cba53ab4e0aada12f55985045e446,0x55d398326f99059ff775485246999027b3197955,18,18,PancakeSwapV3
UniswapV3CL,0x22586fe9ce87534c483dd8c2a2e89987f16194fa,ALADDIN,USDT,1,100,0x417b1ca5c5a88005e19d3c45f901d4dce0526440,0x55d398326f99059ff775485246999027b3197955,18,18,UniswapV3CL
PancakeSwapV3,0xd9f97e7c4030a77e7f773cec1d80342e07f244d7,WBNB,BGS,50,2500,0xbb4cdb9cbd36b01bd1cbaebf2de08d9173bc095c,0xf339e8c294046e6e7ef6ad4f6fa9e202b59b556b,18,18,PancakeSwapV3
PancakeSwapV3,0x9b790d02536545b68390371602d60dd15f81b189,WBNB,CUPI,1,100,0xbb4cdb9cbd36b01bd1cbaebf2de08d9173bc095c,0xcbec86fac0aad1709e5d8682eff6c1a894ef4ea5,18,18,PancakeSwapV3
PancakeSwapV3,0x2fe3f5561f366c9ffe3e4cdad4520e76b721cba7,FRROt,USDT,1,100,0x20c157614a7c320808e5559f471bd6e3364f2de4,0x55d398326f99059ff775485246999027b3197955,18,18,PancakeSwapV3
PancakeSwapV3,0x496d35e71de7534188d42eb22d1c5cefcb72c490,CGPT,USDT,1,100,0x23f4f42af892937cfa4eb6995feeecd594ae7341,0x55d398326f99059ff775485246999027b3197955,18,18,PancakeSwapV3
UniswapV3CL,0x329eeb1a58bdb3b804d1f94623c7a29a67a9b6b7,XRP,USDC,60,3000,0x1d2f0da169ceb9fc7b3144628db156f3f6c60dbe,0x8ac76a51cc950d9822d68b83fe1ad97b32cd580d,18,18,UniswapV3CL
PancakeSwapV3,0xda087c383ba2b7a23f2129a41b31a6b29ddee5c8,PUTIN,WBNB,1,100,0x7adab15d20d16dd524cc8c69ad3b869d2cb276c3,0xbb4cdb9cbd36b01bd1cbaebf2de08d9173bc095c,18,18,PancakeSwapV3
PancakeSwapV3,0x96afaff3bcb6bae929f027a6bcb35ab1337ca34e,ZEC,BTCB,50,2500,0x1ba42e5193dfa8b03d15dd1b86a3113bbbef8eeb,0x7130d2a12b9bcbfae4f2634d864a1ee1ce3ead9c,18,18,PancakeSwapV3
PancakeSwapV3,0xa9ea1f8f4c3d8e8cfd2543b815ad19459bfffd34,FVM,WBNB,10,500,0x5e80cee40bb452faa2f8a9c6380a2d0f917ec324,0xbb4cdb9cbd36b01bd1cbaebf2de08d9173bc095c,18,18,PancakeSwapV3
UniswapV3CL,0xaa133749abd544e6351ce227c1b12fb143f159d1,NAORIS,USDT,200,10000,0x1b379a79c91a540b2bcd612b4d713f31de1b80cc,0x55d398326f99059ff775485246999027b3197955,18,18,UniswapV3CL
PancakeSwapV3,0x3f3e80b04e4c06e35f57976087e384e43e4541bd,SKYAI,WBNB,1,100,0x21f9846e48a99582cfedcff770be50455cab924e,0xbb4cdb9cbd36b01bd1cbaebf2de08d9173bc095c,18,18,PancakeSwapV3
PancakeSwapV3,0xfb1a30f0ad183e7cb1e095aeb309822fe1ffbc8f,RBO,USDC,50,2500,0x5c84d41028e13e8bfea9db568b998fadd47a5940,0x8ac76a51cc950d9822d68b83fe1ad97b32cd580d,18,18,PancakeSwapV3
PancakeSwapV3,0x0da56439ecd700df76a62e6ed84204bfe2c633b1,Froggie ,WBNB,50,2500,0xa45f5eb48cecd034751651aeeda6271bd5df8888,0xbb4cdb9cbd36b01bd1cbaebf2de08d9173bc095c,18,18,PancakeSwapV3
PancakeSwapV3,0xe65ea0ec747f2a3cc7999b92f81231db48f6ab1f,OL,USDT,1,100,0x3f160760535eb715d5809a26cf55408a2d9844c1,0x55d398326f99059ff775485246999027b3197955,18,18,PancakeSwapV3
PancakeSwapV3,0xa746d43328d59cc952ea6ee9ba114660b4922c33,PUNX,WBNB,1,100,0x34f024a81fde8c274e3f11068a104df5e93c8746,0xbb4cdb9cbd36b01bd1cbaebf2de08d9173bc095c,18,18,PancakeSwapV3
UniswapV3CL,0x3ec74c0b38d23c07b042fc3d8073da71e2c8f276,USDT,BULLA,200,10000,0x55d398326f99059ff775485246999027b3197955,0x595e21b20e78674f8a64c1566a20b2b316bc3511,18,18,UniswapV3CL
PancakeSwapV3,0xc713023a3d69b5ecdc56cf36eeb6deb560dc63c3,WBNB,BNS,1,100,0xbb4cdb9cbd36b01bd1cbaebf2de08d9173bc095c,0xcbad205ea2e1f6f84b8a024d556ffa564d1802d4,18,18,PancakeSwapV3
PancakeSwapV3,0xcfc6f6a9bfca2d8e15cdfc23cae16862215e4ae3,USDT,ACC,1,100,0x55d398326f99059ff775485246999027b3197955,0x9703fa7d52f925387a2e738457936f162218129c,18,18,PancakeSwapV3
PancakeSwapV3,0x6d09609b8a9a0fb0c9515b059a1aa3121c9100dd,WBNB,RION,1,100,0xbb4cdb9cbd36b01bd1cbaebf2de08d9173bc095c,0xc0c240c870606a5cb3150795e2d0dfff9f1f7456,18,18,PancakeSwapV3
PancakeSwapV3,0x69fef375a3f1e2a58a8d0638659ab2eebe348a06,TMS,WBNB,50,2500,0x45f2855ba54f639cd726e98bb901227c644af359,0xbb4cdb9cbd36b01bd1cbaebf2de08d9173bc095c,18,18,PancakeSwapV3
PancakeSwapV3,0x55c955dae407bb856fc3db9064c5ed58ff2e5832,WBNB,BOOK,200,10000,0xbb4cdb9cbd36b01bd1cbaebf2de08d9173bc095c,0xc9ad421f96579ace066ec188a7bba472fb83017f,18,18,PancakeSwapV3
PancakeSwapV3,0xa121cd2e1fef1b92c20a3568539b304c158793a7,WBNB,SATX,50,2500,0xbb4cdb9cbd36b01bd1cbaebf2de08d9173bc095c,0xcde343b1323fb2063823c410c8034de0cea8f91b,18,18,PancakeSwapV3
PancakeSwapV3,0x247f51881d1e3ae0f759afb801413a6c948ef442,USDT,BTCB,1,100,0x55d398326f99059ff775485246999027b3197955,0x7130d2a12b9bcbfae4f2634d864a1ee1ce3ead9c,18,18,PancakeSwapV3
PancakeSwapV3,0x398770077092c5678d8064c8fe1a3dac515015f6,t101,USDT,10,500,0x3f86325859eff3bbcd3a9a2d6ff0f97c18340bd0,0x55d398326f99059ff775485246999027b3197955,18,18,PancakeSwapV3
PancakeSwapV3,0xf861fa5608789b4bca32aca114da9322b350c22c,USDT,PLI,10,500,0x55d398326f99059ff775485246999027b3197955,0xf9cac504875c65012dc4163830bd6e77a5542017,18,18,PancakeSwapV3
PancakeSwapV3,0xd5b642646a6e40090d5d61ca11a78ee2f6e0ef14,USDT,SERAPH,1,100,0x55d398326f99059ff775485246999027b3197955,0xd6b48ccf41a62eb3891e58d0f006b19b01d50cca,18,18,PancakeSwapV3
PancakeSwapV3,0xe78e62f98ba0679bcafdc9d89ca5c5ad403eff9b,USDT,Poodl,50,2500,0x55d398326f99059ff775485246999027b3197955,0xc70e8a2d156ead8ae24ef13e887e75559688722b,18,18,PancakeSwapV3
PancakeSwapV3,0x4423e6ed7a8c27ad7eab596c41bffcb4df73ef6f,WBNB,HEX,50,2500,0xbb4cdb9cbd36b01bd1cbaebf2de08d9173bc095c,0xfd732f5224d719e8f798695c209b1a560fd0bcb2,18,18,PancakeSwapV3
PancakeSwapV3,0xb513572b30c812d2beb2f827ef283dba57d88773,WBNB,GM,200,10000,0xbb4cdb9cbd36b01bd1cbaebf2de08d9173bc095c,0xd2dbbad25232cfdfb2ab131a350477eafe6ca5c4,18,18,PancakeSwapV3
PancakeSwapV3,0x3743e6936e4d57abafa937a0910cd606d6b1841c,WBNB,gs,200,10000,0xbb4cdb9cbd36b01bd1cbaebf2de08d9173bc095c,0xea2a485296b337aa38f4a69e18c28d101c140a05,18,18,PancakeSwapV3
PancakeSwapV3,0x536dddb4112bb6f3428f321e25da6d8cabf84d6e,gs,WBNB,200,10000,0x98de358a0240f1c2f7d0b8adb4aac5b284d1f121,0xbb4cdb9cbd36b01bd1cbaebf2de08d9173bc095c,18,18,PancakeSwapV3
PancakeSwapV3,0xabad10eb9151e39561324d7331f726a17a0951d0,gs,WBNB,200,10000,0x999bdcee301ead466f4fc03e77f0dbd486b5b859,0xbb4cdb9cbd36b01bd1cbaebf2de08d9173bc095c,18,18,PancakeSwapV3
PancakeSwapV3,0x008f71cd323b0e530ad11ffd9047c882ee45e10a,gs,WBNB,200,10000,0x21bc3f2427badd1ab67c07c89a08b2cd52f81493,0xbb4cdb9cbd36b01bd1cbaebf2de08d9173bc095c,18,18,PancakeSwapV3
PancakeSwapV3,0x6080328d298c47b2ccf575e111b782d0d422690e,gs,WBNB,200,10000,0x5edb23e954ba1e5c5949d25f7e101ffce7231686,0xbb4cdb9cbd36b01bd1cbaebf2de08d9173bc095c,18,18,PancakeSwapV3
PancakeSwapV3,0x1cd705c94c160a27b1f68921659b18d8b997143f,WBNB,gs,200,10000,0xbb4cdb9cbd36b01bd1cbaebf2de08d9173bc095c,0xfb08733f9b292cfcaca979f4c8243afb4388617d,18,18,PancakeSwapV3
PancakeSwapV3,0xc9e0250ce7aadc2fd1febb53b7bff799a8a9b712,gs,WBNB,200,10000,0x98568925fad950d7559a85b5929eef971e8ac4ee,0xbb4cdb9cbd36b01bd1cbaebf2de08d9173bc095c,18,18,PancakeSwapV3
PancakeSwapV3,0x3806fce7f23ea4184599f54e124eade34eb10d52,gs,WBNB,200,10000,0x0fa786f8e71161b42ae509a07eeca88d18c751bf,0xbb4cdb9cbd36b01bd1cbaebf2de08d9173bc095c,18,18,PancakeSwapV3
PancakeSwapV3,0x2ad2f58af23560ea58fc0738b9ec31e238896d60,gs,WBNB,200,10000,0x0df3f00adb524143ce084e112982ec2e40468d5b,0xbb4cdb9cbd36b01bd1cbaebf2de08d9173bc095c,18,18,PancakeSwapV3
PancakeSwapV3,0x0803ce34d7a69afc85db7bc40794e8c6b7a87b37,WBNB,gs,200,10000,0xbb4cdb9cbd36b01bd1cbaebf2de08d9173bc095c,0xd5f0fdd78a1e39266903607f63803198be7aab01,18,18,PancakeSwapV3
PancakeSwapV3,0x618a13324f2df80f95689067182f925a701f41d4,WBNB,shibb,200,10000,0xbb4cdb9cbd36b01bd1cbaebf2de08d9173bc095c,0xe5a09f2f69755e6dfd09fee73e62b735e96a490a,18,18,PancakeSwapV3
PancakeSwapV3,0xf333cb437d70143c7688665fc5f5a307aaf03bd1,USDT,KDO,200,10000,0x55d398326f99059ff775485246999027b3197955,0xc4b34884ba16f202b8d35e33202e61b81275a181,18,18,PancakeSwapV3
PancakeSwapV3,0xbd3372b25e1f7bf0694310329d207b6402276e8c,Fin-Z,WBNB,1,100,0x3e11113562da800ad1d19cecb443caeee7a99eca,0xbb4cdb9cbd36b01bd1cbaebf2de08d9173bc095c,18,18,PancakeSwapV3
PancakeSwapV3,0x5dbb1220bc24b462d75e66012bb70cda8d3d1ad5,LA,USDT,1,100,0x389ad4bb96d0d6ee5b6ef0efaf4b7db0ba2e02a0,0x55d398326f99059ff775485246999027b3197955,18,18,PancakeSwapV3
PancakeSwapV3,0x012389dc42036c31085b1d7c8ef23030fa5bc871,INV,WBNB,1,100,0x022c4facf12e68f1306c88f794941cb2c2b25920,0xbb4cdb9cbd36b01bd1cbaebf2de08d9173bc095c,18,18,PancakeSwapV3
UniswapV3CL,0x02fcb790728fc0d898de63d24658660889927442,AIM,USDT,1,100,0x0a0a164398abd6156dcecfaa1072e19575e743a0,0x55d398326f99059ff775485246999027b3197955,18,18,UniswapV3CL
PancakeSwapV3,0xda99de222a983ff2525f1269268eababc3061920,WBNB,NX0,1,100,0xbb4cdb9cbd36b01bd1cbaebf2de08d9173bc095c,0xdc27fbc99992c8b4296a3468f866c75bf2cf6df8,18,18,PancakeSwapV3
PancakeSwapV3,0xe552799000ef820963b012e51d4b4c7616b270c6,USDC,OPSCC,1,100,0x8ac76a51cc950d9822d68b83fe1ad97b32cd580d,0xb9d652eb1e3ab9a7463509eb20895c47931a1da0,18,18,PancakeSwapV3
PancakeSwapV3,0xaf56e82407743cca0f9c49a40023e66e3183f7e9,WBNB,Broccoli,1,100,0xbb4cdb9cbd36b01bd1cbaebf2de08d9173bc095c,0xfc4bd5fc9e67102c42af792ba60ebf4bea7fd048,18,18,PancakeSwapV3
PancakeSwapV3,0x28740b00db3c3764de5b1f6fdcc07ac79224c08b,WBNB,WIZ,1,100,0xbb4cdb9cbd36b01bd1cbaebf2de08d9173bc095c,0xdde6e1092850de02a8bc1d6b2fbe5be82bbc745f,18,8,PancakeSwapV3
PancakeSwapV3,0x73461015ed0a70e56165d461675cd60652f8f694,LOVE,WBNB,50,2500,0xb55ee890426341fe45ee6dc788d2d93d25b59063,0xbb4cdb9cbd36b01bd1cbaebf2de08d9173bc095c,18,18,PancakeSwapV3
PancakeSwapV3,0x494103fd0cf302bd77c97dc9550909ff33f3b2f1,Luria,WBNB,50,2500,0x07e752d79bc1ead64d65fd6edc4616abe34546fd,0xbb4cdb9cbd36b01bd1cbaebf2de08d9173bc095c,18,18,PancakeSwapV3
PancakeSwapV3,0x6a5268102cef03ada03c87ec93199d0138211e23,ETH,ETHSECURED,10,500,0x2170ed0880ac9a755fd29b2688956bd959f933f8,0x3698085ea6336282a56c3456fb42ddb7c111802b,18,18,PancakeSwapV3
PancakeSwapV3,0x808a3f77c4be4e1ae5dab0f63cca2cbfde281dc5,0G,USDT,1,100,0x4b948d64de1f71fcd12fb586f4c776421a35b3ee,0x55d398326f99059ff775485246999027b3197955,18,18,PancakeSwapV3
PancakeSwapV3,0x5ed54fe795a56d71d1a4b0d716d111b846a4be03,AVAIL,USDT,1,100,0x39702843a6733932ec7ce0dde404e5a6dbd8c989,0x55d398326f99059ff775485246999027b3197955,18,18,PancakeSwapV3
PancakeSwapV3,0xf4e561a7a8ad84574959f5240d62d4d03e23f80b,vBNB,WBNB,200,10000,0xa07c5b74c9b40447a954e1466938b865b6bbea36,0xbb4cdb9cbd36b01bd1cbaebf2de08d9173bc095c,8,18,PancakeSwapV3
PancakeSwapV3,0xf32892541e2a166149995118e2af17b313977a14,USDT,BNB,10,500,0x55d398326f99059ff775485246999027b3197955,0x60cacd5c32f19711b36d4dd368b75f0516d58aba,18,18,PancakeSwapV3
PancakeSwapV3,0xfa87c706761eb3d01175fb634734d4658472dc8d,USDT,USDT,1,100,0x55d398326f99059ff775485246999027b3197955,0x89b2d39cfd5548aadee593dd5f1b745e29c24924,18,18,PancakeSwapV3
PancakeSwapV3,0x2fa6195f5dddcaefe06f9985f286277eb0420d2a,USDT,USDT,1,100,0x55d398326f99059ff775485246999027b3197955,0xfdabcf2c5175cb11b7fa2ca7fdf3fceb29757777,18,18,PancakeSwapV3
PancakeSwapV3,0x5cd4ce78e8103b2eff55a02f845387b9ef5a44aa,USDT1,USDT,1,100,0x44ef3281589aac26247aecaad3fa76dab6716d38,0x55d398326f99059ff775485246999027b3197955,6,18,PancakeSwapV3
PancakeSwapV3,0x9dd681dc3140958c49b7654273602870a076e1b1,BROCCOLI,WBNB,1,100,0x28f4ad6e2b2068bce9985635b93bf1752cb5d656,0xbb4cdb9cbd36b01bd1cbaebf2de08d9173bc095c,18,18,PancakeSwapV3
PancakeSwapV3,0x268a0e9b5073340255bdd1b2586a5d48d77af3ea,ETH,PUNDIX,1,100,0x2170ed0880ac9a755fd29b2688956bd959f933f8,0x502676cb33ecf9faceff67d92a019d5ccfcb186e,18,18,PancakeSwapV3
UniswapV3CL,0xb1a1b707b143b911c36e1a0f4f901c5017791aca,WBNB,VELO,60,3000,0xbb4cdb9cbd36b01bd1cbaebf2de08d9173bc095c,0xf486ad071f3bee968384d2e39e2d8af0fcf6fd46,18,18,UniswapV3CL
PancakeSwapV3,0xa1e52bfc050c13e08903d28270fdbed5a69e7eaf,CAS,WBNB,1,100,0x376fa0639a99e2ae4d815d8b6d82b198a6df6986,0xbb4cdb9cbd36b01bd1cbaebf2de08d9173bc095c,18,18,PancakeSwapV3
PancakeSwapV3,0x56faf9756e9e593a8ac01748096ea1bde4472df5,OFD,USDT,50,2500,0x55899a4cd6d255dccaa84d67e3a08043f2123d7e,0x55d398326f99059ff775485246999027b3197955,18,18,PancakeSwapV3
PancakeSwapV3,0xa96f2f034d2c3e2c898123d32b468909b841cbf2,WBNB,BDOG,200,10000,0xbb4cdb9cbd36b01bd1cbaebf2de08d9173bc095c,0xbcf114b5454b8c9158a2e554ed891c3319523dfd,18,18,PancakeSwapV3
PancakeSwapV3,0x5f6df56e8ccfcb0abb4a46702d66f292daf6cf56,WBNB,Solv,10,500,0xbb4cdb9cbd36b01bd1cbaebf2de08d9173bc095c,0xc6e2f88631b6ade166ad8a24113ad585e069929e,18,18,PancakeSwapV3
PancakeSwapV3,0x210a5c87b921e713862331509ac4b4efd6ecab73,YUSD,WBNB,50,2500,0xab3dbcd9b096c3ff76275038bf58eac10d22c61f,0xbb4cdb9cbd36b01bd1cbaebf2de08d9173bc095c,18,18,PancakeSwapV3
PancakeSwapV3,0xc314b1d4c0305797fdadb8332823d66f903b31b9,cpt,WBNB,1,100,0x5372b77c7dcb68807cec0b0f48aa5c9f6b52125b,0xbb4cdb9cbd36b01bd1cbaebf2de08d9173bc095c,18,18,PancakeSwapV3
PancakeSwapV3,0xbae6db218346cf81ad748451eecb225c011ff977,FourAi,WBNB,200,10000,0x8c33bca75e75f63c4ba7c57c083935ce4bd49f59,0xbb4cdb9cbd36b01bd1cbaebf2de08d9173bc095c,18,18,PancakeSwapV3
PancakeSwapV3,0xe7e994f5f910077800a1bbafe7e0fcae81e8b9dc,OGBC,WBNB,1,100,0x4f5127f6fda855bfdb93799df380a4e6f95e30ae,0xbb4cdb9cbd36b01bd1cbaebf2de08d9173bc095c,18,18,PancakeSwapV3
PancakeSwapV3,0xd28c09cb3c31c8388dc32da6b5158ed79ecaa8c1,quq,WBNB,50,2500,0x4fa7c69a7b69f8bc48233024d546bc299d6b03bf,0xbb4cdb9cbd36b01bd1cbaebf2de08d9173bc095c,18,18,PancakeSwapV3
UniswapV3CL,0xb41f85084be6edad08c5c2d0032eaa241773b943,ETH,?,60,3000,0x2170ed0880ac9a755fd29b2688956bd959f933f8,0x9c89cd56cf485a55d6c5fe3446f5a04c87738c79,18,18,UniswapV3CL
PancakeSwapV3,0x47e07f581aa7bf55dcc1e5bcff2287d8cd18da6e,PONKEV2,WBNB,50,2500,0x039ced453c7bed16eaefb60a40092239cf4766a1,0xbb4cdb9cbd36b01bd1cbaebf2de08d9173bc095c,18,18,PancakeSwapV3
PancakeSwapV3,0xb49332eb00086fd4adcff960a7bc570bbccaa252,USDT,SWFTC,50,2500,0x55d398326f99059ff775485246999027b3197955,0xe64e30276c2f826febd3784958d6da7b55dfbad3,18,18,PancakeSwapV3
PancakeSwapV3,0x539bbaf9f06c260b6557c353aa91da2ca532045a,BOTIFI,WBNB,50,2500,0xacb7980cd5e9bc30220185fd6a4e86a5de5e2ec6,0xbb4cdb9cbd36b01bd1cbaebf2de08d9173bc095c,18,18,PancakeSwapV3
UniswapV3CL,0xa0d3074495f225ba795af178232208c7b1693a38,BTCB,10,60,3000,0x7130d2a12b9bcbfae4f2634d864a1ee1ce3ead9c,0xf2ec9f5a4466a6c3b8550d523f8159333abcba05,18,18,UniswapV3CL
PancakeSwapV3,0xe49f92fa344a717b77c43ba46a4f1824d73419ff,ISLAMCANCER,WBNB,200,10000,0x8e4f173bb9f7f4ea1eb6c3c64f645a9892f13f87,0xbb4cdb9cbd36b01bd1cbaebf2de08d9173bc095c,18,18,PancakeSwapV3
PancakeSwapV3,0x7818944a6910f9cb719064ef9d305e3654f1d126,PERRY,WBNB,50,2500,0x342253e796837f982ba5b27dddb530cba4f04814,0xbb4cdb9cbd36b01bd1cbaebf2de08d9173bc095c,18,18,PancakeSwapV3
PancakeSwapV3,0xa07570fd7310e1a9b6b034aadab44c2ca9370bbe,USDT,NABOX,200,10000,0x55d398326f99059ff775485246999027b3197955,0x755f34709e369d37c6fa52808ae84a32007d1155,18,18,PancakeSwapV3
UniswapV3CL,0x64b0b57840a3a2bde9a05b69d726239194dc49e1,ZEC,WBNB,200,10000,0x1ba42e5193dfa8b03d15dd1b86a3113bbbef8eeb,0xbb4cdb9cbd36b01bd1cbaebf2de08d9173bc095c,18,18,UniswapV3CL
PancakeSwapV3,0x9d7dae710545ccbe39cf7b5c4ebc55d116f05f44,USDT,KGST,200,10000,0x55d398326f99059ff775485246999027b3197955,0x94be0bba8e1e303fe998c9360b57b826f1a4f828,18,18,PancakeSwapV3
PancakeSwapV3,0x4ea1052cc80693424426fcda10a0e99295fedd81,MAS,WBNB,10,500,0x40906e9edccfa511f3d779b178536a3eb0d6dbe1,0xbb4cdb9cbd36b01bd1cbaebf2de08d9173bc095c,18,18,PancakeSwapV3
PancakeSwapV3,0xf9d481c36bbf3309438c231a51d0ee6f5c095705,ALEO,USDC,50,2500,0x6cfffa5bfd4277a04d83307feedfe2d18d944dd2,0x8ac76a51cc950d9822d68b83fe1ad97b32cd580d,6,18,PancakeSwapV3
PancakeSwapV3,0x31ce0168c07039545fae8b8b441d0e6e9ece8e8e,RKIT,WBNB,1,100,0x538116e103869f6e08fae0d4d1577813e7bcfa1c,0xbb4cdb9cbd36b01bd1cbaebf2de08d9173bc095c,18,18,PancakeSwapV3
PancakeSwapV3,0x097419329833bdbf0a1ff5ba134f76d4e5929434,WLFI,WBNB,50,2500,0x47474747477b199288bf72a1d702f7fe0fb1deea,0xbb4cdb9cbd36b01bd1cbaebf2de08d9173bc095c,18,18,PancakeSwapV3
PancakeSwapV3,0x0246913ec96765bca457b0a3608872bba37d1d15,NEAR,WBNB,50,2500,0x1fa4a73a3f0133f0025378af00236f3abdee5d63,0xbb4cdb9cbd36b01bd1cbaebf2de08d9173bc095c,18,18,PancakeSwapV3
PancakeSwapV3,0x183bcc64486e8cce429cca61b5c880fe4170af58,WBNB,Broccoli,200,10000,0xbb4cdb9cbd36b01bd1cbaebf2de08d9173bc095c,0xff4e309715ef2490347bc287939212665ba3650b,18,18,PancakeSwapV3
PancakeSwapV3,0x0cc05cd3a355f6d1a9d0f1d341cb346a2cfe54c7,THIQ,WBNB,50,2500,0x433b285b0f3a29839b11b3c1feded253ad161466,0xbb4cdb9cbd36b01bd1cbaebf2de08d9173bc095c,18,18,PancakeSwapV3
PancakeSwapV3,0x7a93441172c438feec68667a9b449eec6fc470ba,ANPC,WBNB,1,100,0x49a985e5be844e36c82fac1d174b81224e536270,0xbb4cdb9cbd36b01bd1cbaebf2de08d9173bc095c,18,18,PancakeSwapV3
PancakeSwapV3,0xeeff64823c63f87fa6539ea702ca71221329e7d8,SINGULARRY,WBNB,200,10000,0x18ea4df6a9cde2472f2321a4ec77da106498a66e,0xbb4cdb9cbd36b01bd1cbaebf2de08d9173bc095c,18,18,PancakeSwapV3
PancakeSwapV3,0x1e56f305644026b33f5aafc2bb2a62fd928f6116,GT,USDT,200,10000,0x24049e208dcf577b6ac8aa15c88e49121d52637d,0x55d398326f99059ff775485246999027b3197955,18,18,PancakeSwapV3
PancakeSwapV3,0xab34eacfd93d69b55edb1f418865b19cd114e1e2,TDOG,WBNB,50,2500,0x3f608aa532086cbdc75fc595996afa00435485d3,0xbb4cdb9cbd36b01bd1cbaebf2de08d9173bc095c,18,18,PancakeSwapV3
PancakeSwapV3,0xc31b5a803c98ecf54e47a6869b15820c6eca817f,BNB,WBNB,50,2500,0x8d961cf952e9f8a43f6292ac35b5edfc7a77ea75,0xbb4cdb9cbd36b01bd1cbaebf2de08d9173bc095c,18,18,PancakeSwapV3
PancakeSwapV3,0x42af02fb55f94e3d85fbf81b8675769b54f1b21e,testingthiq,WBNB,50,2500,0x77084a00aad72787ae8b8977905e5c5ef8959d76,0xbb4cdb9cbd36b01bd1cbaebf2de08d9173bc095c,18,18,PancakeSwapV3
PancakeSwapV3,0x355c9ee126e55d080647a22247c84f60cc6839d9,WBNB,Tepe,50,2500,0xbb4cdb9cbd36b01bd1cbaebf2de08d9173bc095c,0xfbbac010be0f60ab0c84490025a8ed11529a9832,18,18,PancakeSwapV3
PancakeSwapV3,0x1d7261258d01b7e197b8a4d47665d017e38bac30,FATCZ,WBNB,50,2500,0x6e0bea38e72c177a5d42a7850b38f7660c94910f,0xbb4cdb9cbd36b01bd1cbaebf2de08d9173bc095c,18,18,PancakeSwapV3
PancakeSwapV3,0xe7ab847ee0ff8e951655284283d8f1f7e578666e,TST,WBNB,50,2500,0x95829194cbd0ea437c81e6f8cc25787daf62958c,0xbb4cdb9cbd36b01bd1cbaebf2de08d9173bc095c,18,18,PancakeSwapV3
PancakeSwapV3,0x87082b1c77764058b5b381114831ba23daa14e18,?,WBNB,50,2500,0x07ffa6710d5e38ab3f4d5af7c76d36c49ae3c9a2,0xbb4cdb9cbd36b01bd1cbaebf2de08d9173bc095c,18,18,PancakeSwapV3
PancakeSwapV3,0x73358cb64cf9fc5c64956b38101f65a104a15f58,WBNB,?,50,2500,0xbb4cdb9cbd36b01bd1cbaebf2de08d9173bc095c,0xed09c180b83c123ee722ae411ee99af0996ff1e2,18,18,PancakeSwapV3
PancakeSwapV3,0x4bc68538ebd1b8599aef821dfc20314085b5067d,WBNB,TMOMO,50,2500,0xbb4cdb9cbd36b01bd1cbaebf2de08d9173bc095c,0xe33f6feac9ebfa1ae81e8d4c948982302ba78001,18,18,PancakeSwapV3
PancakeSwapV3,0x37c35183f7f53b5f965c1ff813483a8f097477dd,IQ,WBNB,50,2500,0x8439fa7f4eeeb051ec4432e95ece0c784c974d44,0xbb4cdb9cbd36b01bd1cbaebf2de08d9173bc095c,18,18,PancakeSwapV3
PancakeSwapV3,0x8a3406095b3bbe537885bc761c3362a910f0669c,TCAT,WBNB,50,2500,0x44fbaef9a85ff619e80be24eb0b1679e042306ed,0xbb4cdb9cbd36b01bd1cbaebf2de08d9173bc095c,18,18,PancakeSwapV3
PancakeSwapV3,0x270138229733ba371ca05c54845bbf4e087fffad,WBNB,LRD,10,500,0xbb4cdb9cbd36b01bd1cbaebf2de08d9173bc095c,0xc4e864042728181d6c1eed14028b613e6fdf37a8,18,18,PancakeSwapV3
PancakeSwapV3,0x23b0aa7a308b9e7567a28421e6cba49540e64f88,tttt,WBNB,200,10000,0xa3a47d8fb4e14aac1b30e1a9b2650c587383137c,0xbb4cdb9cbd36b01bd1cbaebf2de08d9173bc095c,18,18,PancakeSwapV3
UniswapV3CL,0x69819da1910d921abfddb8912eb17c5a44bc79fa,USDT,CAI,200,10000,0x55d398326f99059ff775485246999027b3197955,0x7e7ec10e7b55194714cfbc4daa14eaa4e423b774,18,18,UniswapV3CL
PancakeSwapV3,0x2ec42c18fdd52eb20ae12e9c4c96fc7cb63acbec,USDT,HPOT,1,100,0x55d398326f99059ff775485246999027b3197955,0xab9c6394059896704917d1167271bd42f0981843,18,18,PancakeSwapV3
PancakeSwapV3,0x5968feacba91d55010975e0cfe8acfc32664ad33,USDT,ZK,1,100,0x55d398326f99059ff775485246999027b3197955,0xc71b5f631354be6853efe9c3ab6b9590f8302e81,18,18,PancakeSwapV3
PancakeSwapV3,0x43faa8640a59507a88789fc0855f99ecacb2b141,WBNB,ALEO,200,10000,0xbb4cdb9cbd36b01bd1cbaebf2de08d9173bc095c,0xcae9024fd31b1dcce8fb779f32722342d38208ee,18,18,PancakeSwapV3
UniswapV3CL,0x71369169317f4970d946f4067a3cea66cc1844bc,GPBR,WBNB,1,100,0x272923abf249ac1d18af472e8817eef0f35dcfb3,0xbb4cdb9cbd36b01bd1cbaebf2de08d9173bc095c,8,18,UniswapV3CL
UniswapV3CL,0x5e0b8369a19f63a8eeb56adbb24bfd9d4b04cd6c,NMB,USDT,60,3000,0x491de630d55cf5987007a3286b41a8c5e206dd91,0x55d398326f99059ff775485246999027b3197955,18,18,UniswapV3CL
PancakeSwapV3,0x0469259927dadcdac50dd4438c0d76f13560e4da,BEBE,WBNB,200,10000,0x981d1681e366461adaee5b451c7a4b0ef9f6078b,0xbb4cdb9cbd36b01bd1cbaebf2de08d9173bc095c,18,18,PancakeSwapV3
PancakeSwapV3,0x71b4ec596f8337d9570fd066e907b71eaee930b4,SMB,WBNB,1,100,0x709bfe841fad291ca22b48783a960ad1f29817b7,0xbb4cdb9cbd36b01bd1cbaebf2de08d9173bc095c,18,18,PancakeSwapV3
PancakeSwapV3,0x9de3154ddfeaaa393a3b270809dc6ad3645992ff,ULTC,WBNB,50,2500,0x008c82cb9530d97ea7ee4845e14cc80a75ece7c3,0xbb4cdb9cbd36b01bd1cbaebf2de08d9173bc095c,18,18,PancakeSwapV3
PancakeSwapV3,0xc18caa1658b91076425c8d287ca1b8e238344bfe,BROCCOLI,WBNB,50,2500,0x23d3f4eaaa515403c6765bb623f287a8cca28f2b,0xbb4cdb9cbd36b01bd1cbaebf2de08d9173bc095c,18,18,PancakeSwapV3
PancakeSwapV3,0x621eaced0b541453e777449876c7ddc5cf55ce0d,NIGA,WBNB,1,100,0x936fe6a7f77bbb52042d551c8071c0e0c784db97,0xbb4cdb9cbd36b01bd1cbaebf2de08d9173bc095c,18,18,PancakeSwapV3
UniswapV3CL,0x89692e5e664c923b1dbbba13c57e07a0bacc5207,TALE,USDT,200,10000,0x37eff3ff1321fb9abc734761ca72fafdc044534a,0x55d398326f99059ff775485246999027b3197955,18,18,UniswapV3CL
PancakeSwapV3,0xbc9d9eac070a5ba4588a792785039025a4534d2c,WBNB,ULC,1,100,0xbb4cdb9cbd36b01bd1cbaebf2de08d9173bc095c,0xeffefe5be31c3300fb9be38becca62e1efd2561f,18,18,PancakeSwapV3
PancakeSwapV3,0x6501f68ca88871afc5ecc9cf8d3c17d2b6892456,WBNB,NOT,50,2500,0xbb4cdb9cbd36b01bd1cbaebf2de08d9173bc095c,0xbd6dc3b12d6a0b7ed35043762b31d2f3bf5ab899,18,18,PancakeSwapV3
UniswapV3CL,0x3e97236ce64844048e3e7d0b5a46802597d17d90,DAI,USDT,60,3000,0x1af3f329e8be154074d8769d1ffa4ee058b1dbc3,0x55d398326f99059ff775485246999027b3197955,18,18,UniswapV3CL
PancakeSwapV3,0x8db5982d64c5fee07730952663e2c2f3417e9ffa,WDPT,USDT,10,500,0x13cda50ad53be358d2feff6f344e99bda9db4ef1,0x55d398326f99059ff775485246999027b3197955,18,18,PancakeSwapV3
UniswapV3CL,0xa7b4c95e172bc0ee773127f41aaca470238ac051,USDT,RICE,200,10000,0x55d398326f99059ff775485246999027b3197955,0xb5761f36fdfe2892f1b54bc8ee8babb2a1b698d3,18,18,UniswapV3CL
PancakeSwapV3,0xea54fca7413c79e61ecd2464242b00590d8d2eae,SPONGEV2,WBNB,50,2500,0x7083649d58f53c2edb2cd108ac24b63434491781,0xbb4cdb9cbd36b01bd1cbaebf2de08d9173bc095c,18,18,PancakeSwapV3
PancakeSwapV3,0x4915da59e575ba73a9e0bf2246b5b7e334a06e9f,VHA,WBNB,10,500,0x2f9ad110f60b1976dbf13d83890619bfa8e8323d,0xbb4cdb9cbd36b01bd1cbaebf2de08d9173bc095c,18,18,PancakeSwapV3
PancakeSwapV3,0x9b456cdeabbb209e2970c1f30b188b5612b4c0c0,GOL,WBNB,1,100,0x3f2e6b5fded8d254977206c3edbb015ef9b44036,0xbb4cdb9cbd36b01bd1cbaebf2de08d9173bc095c,18,18,PancakeSwapV3
PancakeSwapV3,0x8d743324603e99c6f96cb66df836e347f10ea744,XBT,WBNB,50,2500,0x43806abc99e9acde2daae1004e5cd155407a5481,0xbb4cdb9cbd36b01bd1cbaebf2de08d9173bc095c,18,18,PancakeSwapV3
PancakeSwapV3,0x6d9fe7bc2930dd8e24d0576c079bb4a70732c5c9,TRUMPCOINBIT,WBNB,1,100,0xa4af9a1561a4b3bd8dead95d72d9491cb84fbef6,0xbb4cdb9cbd36b01bd1cbaebf2de08d9173bc095c,18,18,PancakeSwapV3
UniswapV3CL,0x4a1297796569f0a6a65526eb7f3d61e6c0ed5ea9,USDT,aBTC,200,10000,0x55d398326f99059ff775485246999027b3197955,0xfda05d8f66ac25ee7559aedab18f47837f14c888,18,18,UniswapV3CL
PancakeSwapV3,0xea2cebe28435e6a2b4914db0d2a02152d707ca5d,Tukin,WBNB,200,10000,0xaa91f1ceb71fc97d683cb57874e724615c9398d5,0xbb4cdb9cbd36b01bd1cbaebf2de08d9173bc095c,18,18,PancakeSwapV3
PancakeSwapV3,0x5bdc472b1613f55c21e45bfdc3709750cc8f2136,WBNB,Tukin,200,10000,0xbb4cdb9cbd36b01bd1cbaebf2de08d9173bc095c,0xc6094f49b84103cbde11acaf964addf06e6c1af9,18,18,PancakeSwapV3
PancakeSwapV3,0xcee98d57a934f2c44180f0dbe4420ab77b2314d1,POC,WBNB,1,100,0x12cab8de893628320bb2e8b6857580bcfe5e39c1,0xbb4cdb9cbd36b01bd1cbaebf2de08d9173bc095c,18,18,PancakeSwapV3
PancakeSwapV3,0xb3e0aa7155bfd0f1459defdaf2f483335ba51448,WBNB,HODL,200,10000,0xbb4cdb9cbd36b01bd1cbaebf2de08d9173bc095c,0xc07d28f8e9d9b5644676196afe14af09e1c79afd,18,18,PancakeSwapV3
UniswapV3CL,0xf89f1e9d8388e8385de21b67017799ff22785de9,KASETF,WBNB,10,500,0x32a3dab828342e1ec3cb1b778d688edabe22977a,0xbb4cdb9cbd36b01bd1cbaebf2de08d9173bc095c,18,18,UniswapV3CL
PancakeSwapV3,0xc582043c54e393956b893d4d669e96f9e9fb602c,THX,WBNB,1,100,0x87a5ac2f66cd3122d471fee734a4a3db51f1e3c6,0xbb4cdb9cbd36b01bd1cbaebf2de08d9173bc095c,18,18,PancakeSwapV3
PancakeSwapV3,0xa14569b068806f75d7026a0418b7a8f2675154da,BINSALMAN,WBNB,200,10000,0x08d25f19e0b9140690656b23a3be9e211ce122ed,0xbb4cdb9cbd36b01bd1cbaebf2de08d9173bc095c,18,18,PancakeSwapV3
PancakeSwapV3,0x319ca8a10c56f97ab129170fdc7c39e1608d6717,AIBT,WBNB,1,100,0x043f3d33987ab5bb2086dc74e06483942992d068,0xbb4cdb9cbd36b01bd1cbaebf2de08d9173bc095c,18,18,PancakeSwapV3
PancakeSwapV3,0xf9452bb9b8b119dc08094b8b3b191bc88e94b319,USDT,ASP,1,100,0x55d398326f99059ff775485246999027b3197955,0xad8c787992428cd158e451aab109f724b6bc36de,18,18,PancakeSwapV3
PancakeSwapV3,0x46ae7090f5f488efe1cf0ed850930f295ce10ac8,WBNB,BMP,1,100,0xbb4cdb9cbd36b01bd1cbaebf2de08d9173bc095c,0xbbbbbb163f835a334f2cc2dfc6bf51286db69fbb,18,18,PancakeSwapV3
PancakeSwapV3,0x2e2dca75bbd1a4ce87f59f52f22fd252963eea03,WBNB,THE,200,10000,0xbb4cdb9cbd36b01bd1cbaebf2de08d9173bc095c,0xf4c8e32eadec4bfe97e0f595add0f4450a863a11,18,18,PancakeSwapV3
PancakeSwapV3,0x46bb9a29bfa5397b30a96a316875496ec2556dd2,WBNB,TAKE,1,100,0xbb4cdb9cbd36b01bd1cbaebf2de08d9173bc095c,0xe747e54783ba3f77a8e5251a3cba19ebe9c0e197,18,18,PancakeSwapV3
UniswapV3CL,0x5271f7012d0b9670dc30c49f38e8177395008914,ETH,DOT,60,3000,0x2170ed0880ac9a755fd29b2688956bd959f933f8,0x7083609fce4d1d8dc0c979aab8c869ea2c873402,18,18,UniswapV3CL
PancakeSwapV3,0xaac1703efd1a28c30afc41a514b23556474274bf,USDT,?,50,2500,0x55d398326f99059ff775485246999027b3197955,0xa35fe789a61f47c2c65693ece9a7080aa1a63332,18,18,PancakeSwapV3
PancakeSwapV3,0x659dddcc02115946e142e856c1f7cd7e39d03d3d,WBTC,USDT,50,2500,0x0555e30da8f98308edb960aa94c0db47230d2b9c,0x55d398326f99059ff775485246999027b3197955,8,18,PancakeSwapV3
PancakeSwapV3,0xbda6962115533898d85904d7d75077e4fc9c5f32,WBNB,AS,1,100,0xbb4cdb9cbd36b01bd1cbaebf2de08d9173bc095c,0xbc492fb7de63df04b8ff68757404a2a60a8b41b0,18,8,PancakeSwapV3
PancakeSwapV3,0x8204ab1319c0e55f94bea98c6c4f0389d4438c62,WBNB,NSWAP,200,10000,0xbb4cdb9cbd36b01bd1cbaebf2de08d9173bc095c,0xfdad8edc724277e975f4955d288c6eb5b20a3146,18,8,PancakeSwapV3
PancakeSwapV3,0x953d26f1d20fd4c2c9de6ae1b1566dd2f50580bc,CPT,WBNB,1,100,0x76987ae18d1c205248153fcc2098f62da955958b,0xbb4cdb9cbd36b01bd1cbaebf2de08d9173bc095c,18,18,PancakeSwapV3
PancakeSwapV3,0x5b2d5448a8ac6478138b845c3dd5d2ec82b6b3f4,BITMAP,WBNB,10,500,0x9a0d31bf496011c4d2c928c2f897f80c8795c920,0xbb4cdb9cbd36b01bd1cbaebf2de08d9173bc095c,18,18,PancakeSwapV3
UniswapV3CL,0x8def19028e033f835d97265d151f7adb754fa3f6,USDT,CORL,200,10000,0x55d398326f99059ff775485246999027b3197955,0xfd9a3f94bec6b08711d90ff69cbba42fac96b45a,18,18,UniswapV3CL
UniswapV3CL,0x9ad1e88aa23c3d714ab965781e5b2e7a30c6deec,ROBO,USDT,60,3000,0x475cbf5919608e0c6af00e7bf87fab83bf3ef6e2,0x55d398326f99059ff775485246999027b3197955,18,18,UniswapV3CL
PancakeSwapV3,0xd5fddcf674d205407189ebcf91ed6c97c82be739,free,USDT,1,100,0x0b5c56d8c6ed155f3f504aafc65d0c76759a02da,0x55d398326f99059ff775485246999027b3197955,18,18,PancakeSwapV3
UniswapV3CL,0x6059fc54523fd8245c4b398e0c280cd45840f7ff,?,USDT,200,10000,0x44445d29fcc302d5dd512538819d2bcce6038a6f,0x55d398326f99059ff775485246999027b3197955,18,18,UniswapV3CL
UniswapV3CL,0x2926432853bd37d92387670421624ed18adf44a9,USDT,BLUAI,200,10000,0x55d398326f99059ff775485246999027b3197955,0xed9ae3def8d6f052971bb8b6d1975ff267cf9aad,18,18,UniswapV3CL
PancakeSwapV3,0xff35c9b32f7465c4c353e76fb742a2e3e1176a44,PIRATE,WBNB,10,500,0xafcc12e4040615e7afe9fb4330eb3d9120acac05,0xbb4cdb9cbd36b01bd1cbaebf2de08d9173bc095c,8,18,PancakeSwapV3
PancakeSwapV3,0x91a182098ee462397cb92aa3c220d51989efac2f,HKDS,USDT,10,500,0x10625b456a45b5c7f98144c15d621154d2f63699,0x55d398326f99059ff775485246999027b3197955,18,18,PancakeSwapV3
PancakeSwapV3,0xe264c0f22ebb70537269ca9a3c0ef78d47578bc9,WBNB,Maverick,200,10000,0xbb4cdb9cbd36b01bd1cbaebf2de08d9173bc095c,0xe9be76a5288347a3b85df4aa6dd33d18927372af,18,18,PancakeSwapV3
PancakeSwapV3,0x5a04f74b3f1ab6b2395dd81a72d5baef19b4c2f3,WBNB,FOCUS,50,2500,0xbb4cdb9cbd36b01bd1cbaebf2de08d9173bc095c,0xdd0096b1a4c7a081222c50ef42e2f71938659ee4,18,18,PancakeSwapV3
UniswapV3CL,0x012a51fbccd832edf7515919049f52d4379d344e,USDT,1,200,10000,0x55d398326f99059ff775485246999027b3197955,0xff5d99a5c16cf2ffb4e7da1d7c42a791e70e4444,18,18,UniswapV3CL
PancakeSwapV3,0x3af8f7df5a06a1d413d6d6c328ba301d5c3e1262,USDT,XPASS,1,100,0x55d398326f99059ff775485246999027b3197955,0x9cbf2a763e797d8cde780d199f63901027ea3b8e,18,18,PancakeSwapV3
UniswapV3CL,0x8fb0289a302188f15c1d5ef3674ed9bc6f16bd3f,ETH,SOL,60,3000,0x2170ed0880ac9a755fd29b2688956bd959f933f8,0x570a5d26f7765ecb712c0924e4de545b89fd43df,18,18,UniswapV3CL
PancakeSwapV3,0x6bbc4fbc65d4abf4a2e878e660a939db474a4d85,USDT,GMC,1,100,0x55d398326f99059ff775485246999027b3197955,0xe5bda45f81e832425684c67d8b558ff2099cbfd9,18,18,PancakeSwapV3
PancakeSwapV3,0x93555330f57515f13fb24afc9ff86ba47687e6d9,USDT,TAKER,1,100,0x55d398326f99059ff775485246999027b3197955,0xc19539eb93444523ec8f1432624924d2e6226546,18,18,PancakeSwapV3
PancakeSwapV3,0x3f2751f5e2ebaeed65d3f163fa6e521dd6c14815,USXD,USDT,10,500,0x2c9ef6d9418db546ca8f21c12114693b97e57fd1,0x55d398326f99059ff775485246999027b3197955,18,18,PancakeSwapV3
UniswapV3CL,0x2d10dec5b20b6ddc83fd28e29184f6402fc497c5,PAYN,WBNB,200,10000,0x080fa79bb4972d319ce32bd18dd83bff0fe5450a,0xbb4cdb9cbd36b01bd1cbaebf2de08d9173bc095c,18,18,UniswapV3CL
UniswapV3CL,0x5599c91bda59c0954316f9f2529835f494852abf,UDOGE,WBNB,200,10000,0x113d72836fe02b3373a4054127ae14caeab7cb51,0xbb4cdb9cbd36b01bd1cbaebf2de08d9173bc095c,18,18,UniswapV3CL
UniswapV3CL,0xb0bb2c1d32c7b27f21eec4402c6d1c38795c090a,USDC,G,60,3000,0x8ac76a51cc950d9822d68b83fe1ad97b32cd580d,0x9c7beba8f6ef6643abd725e45a4e8387ef260649,18,18,UniswapV3CL
PancakeSwapV3,0xbce8cfe183cc4117d73d6e8a5f4224d536680f1b,F,WBNB,50,2500,0x4abe2a306680167cc7c6daec09a3275082a81ae5,0xbb4cdb9cbd36b01bd1cbaebf2de08d9173bc095c,18,18,PancakeSwapV3
PancakeSwapV3,0x07f071aa224e2fc2cf03ca2e6558ec6181d66a90,CaptainBNB,WBNB,200,10000,0x47a1eb0b825b73e6a14807beaecafef199d5477c,0xbb4cdb9cbd36b01bd1cbaebf2de08d9173bc095c,18,18,PancakeSwapV3
PancakeSwapV3,0x5042ddc98bc08d441b6e5f6c16acf3ecd64e6f97,AWE,WBNB,1,100,0x168bafbc822623d488842509de2c0ad338494402,0xbb4cdb9cbd36b01bd1cbaebf2de08d9173bc095c,18,18,PancakeSwapV3
PancakeSwapV3,0xe8df1539b380274f1f8205a8f45a7cc266793518,SHIB,WBNB,50,2500,0x2859e4544c4bb03966803b044a93563bd2d0dd4d,0xbb4cdb9cbd36b01bd1cbaebf2de08d9173bc095c,18,18,PancakeSwapV3
PancakeSwapV3,0x1ba60e01aeee4b5a25dfcd0a6ee40054b2f1e145,JJA,WBNB,200,10000,0x321f714977e3e1720449da64ac144693e22362c3,0xbb4cdb9cbd36b01bd1cbaebf2de08d9173bc095c,18,18,PancakeSwapV3
PancakeSwapV3,0xccb6396df6f417675cc46057f30e65f838859815,PTI,WBNB,1,100,0xb22457a4c1fac0af31b23abdca6825d673d1110e,0xbb4cdb9cbd36b01bd1cbaebf2de08d9173bc095c,18,18,PancakeSwapV3
PancakeSwapV3,0xa5c268b65e45d1eccf751291ddf85a181573da66,WBNB,test,200,10000,0xbb4cdb9cbd36b01bd1cbaebf2de08d9173bc095c,0xbf392dd3aa5f797aa55bb04b46f29e5117e97aec,18,18,PancakeSwapV3
PancakeSwapV3,0x4a1ffeb667e0e616e66e9f5ef0f19fba8fe60051,WBNB,JAROKO,200,10000,0xbb4cdb9cbd36b01bd1cbaebf2de08d9173bc095c,0xc5130e24446a7313670ac93c0bf360dad2877d38,18,18,PancakeSwapV3
PancakeSwapV3,0xe6e3d637fb046d69bde9721525a8cfb63d6595c0,WBNB,BB,200,10000,0xbb4cdb9cbd36b01bd1cbaebf2de08d9173bc095c,0xf2fbaf5101e9feb270dd9a2dd986ba3ed0f85f13,18,18,PancakeSwapV3
PancakeSwapV3,0x1f22fcc3069f82fdc9727ca59ef1725c8f9b06b9,TST,WBNB,200,10000,0x62889b6261f821427d4f55f8c15224a81cc3afd9,0xbb4cdb9cbd36b01bd1cbaebf2de08d9173bc095c,18,18,PancakeSwapV3
PancakeSwapV3,0x7d158a158be9485841005c97edb7f115151d2ce0,test,WBNB,200,10000,0x0a8e72ad7aa72a83d949a742991cddde7b7c957a,0xbb4cdb9cbd36b01bd1cbaebf2de08d9173bc095c,18,18,PancakeSwapV3
PancakeSwapV3,0x41e6fbe85f0f4f6357c649a0fc0824ebd42f6f42,TSTT,WBNB,200,10000,0x94a6454c603359166a066b38f7a93ed1ebdfb9f7,0xbb4cdb9cbd36b01bd1cbaebf2de08d9173bc095c,18,18,PancakeSwapV3
PancakeSwapV3,0x3bd5482a305bab6f220f18eb291971c3c7c35373,XYZ,WBNB,200,10000,0x43289c7eef615d2247074f6438ff95ed385fb092,0xbb4cdb9cbd36b01bd1cbaebf2de08d9173bc095c,18,18,PancakeSwapV3
PancakeSwapV3,0x66e9468e4f8fa5c319f2d01a9ff94024960a4e6b,USDT,ONIK,1,100,0x55d398326f99059ff775485246999027b3197955,0xc62c045f8110634bea0f979f0c7d9b4397651d45,18,18,PancakeSwapV3
PancakeSwapV3,0x215b26fbca7a648ecd7e93486a94dec587110a53,tsta,WBNB,200,10000,0xb9e2bca83d27d4aa4f5bcf26150f280940e0ed17,0xbb4cdb9cbd36b01bd1cbaebf2de08d9173bc095c,18,18,PancakeSwapV3
PancakeSwapV3,0x3b5eb0a7f45151d73464bdfbfd535a50d79a1915,WBNB,ZORA,50,2500,0xbb4cdb9cbd36b01bd1cbaebf2de08d9173bc095c,0xe154c1e2be9951ece09be318247264743cd850fb,18,18,PancakeSwapV3
PancakeSwapV3,0xc2759de1fdfc1666d3a9688a90751ef6d5af75b2,USDT,Pck,50,2500,0x55d398326f99059ff775485246999027b3197955,0xf1686b0b45114bcec963b139344a54cefae09a58,18,18,PancakeSwapV3
PancakeSwapV3,0xf03b148fde15d2b7b9a8f92de649a073bf67a8b6,WBNB,USDT,1,100,0xbb4cdb9cbd36b01bd1cbaebf2de08d9173bc095c,0xe77a59c94c8de9c50ae4532161fab1092a5e48f7,18,18,PancakeSwapV3
PancakeSwapV3,0x6656724e3a6b78cea9a1d25ac7fd2a616a73e495,TEST,WBNB,200,10000,0x9c872deef3161bb39a52e6a17cbcb682408df6ee,0xbb4cdb9cbd36b01bd1cbaebf2de08d9173bc095c,18,18,PancakeSwapV3
PancakeSwapV3,0x244fdaaf6ae16cf3987e8c6e21a5d4a204229d3c,BONG,WBNB,200,10000,0xa4c21320d2c4e1ee7a72abe9b2b04f2cd3786028,0xbb4cdb9cbd36b01bd1cbaebf2de08d9173bc095c,18,18,PancakeSwapV3
PancakeSwapV3,0xf654b228a65b8775a0a8af8462136c6faccde11d,inshallah,WBNB,200,10000,0x9b7cb7e046ef80f2e055e0545fef479618c1879b,0xbb4cdb9cbd36b01bd1cbaebf2de08d9173bc095c,18,18,PancakeSwapV3
PancakeSwapV3,0xb18f163d41163e52f5b01976e6a44b7ebc93055f,DQT,WBNB,10,500,0x07d451e97ff1d5165c9f7127ba850715efa0528e,0xbb4cdb9cbd36b01bd1cbaebf2de08d9173bc095c,18,18,PancakeSwapV3
PancakeSwapV3,0x55d0119a43a0e2c54fd6eb1f17e3b883eedba602,ERA,USDT,1,100,0x00312400303d02c323295f6e8b7309bc30fb6bce,0x55d398326f99059ff775485246999027b3197955,18,18,PancakeSwapV3
UniswapV3CL,0x7fc9d6f0b0de9a8314d1dec3d6ee220a42e15e45,4WMM,WBNB,200,10000,0xa965864f2c393fe6f41bab29e7461fbda07804fb,0xbb4cdb9cbd36b01bd1cbaebf2de08d9173bc095c,18,18,UniswapV3CL
PancakeSwapV3,0x6db5bfad7530ee20f4899822ec959aa7ab539dd0,DFC,WBNB,50,2500,0x70c785a3315cb1f9fb2fdf6ea7c74e008f6a7c71,0xbb4cdb9cbd36b01bd1cbaebf2de08d9173bc095c,18,18,PancakeSwapV3
PancakeSwapV3,0x7efc659de05d33419abefc0bc0d3a15f1c36f508,TOLKIT,WBNB,50,2500,0x1c392fe6eac421787e9064a92119cac68fe37d58,0xbb4cdb9cbd36b01bd1cbaebf2de08d9173bc095c,18,18,PancakeSwapV3
PancakeSwapV3,0xfe91e2aa3e96d2c6f02c659f8202760127b6e162,BLOCKLORDS,WBNB,10,500,0xa667dcceff612143fa76e20d133d4b49e5b415ab,0xbb4cdb9cbd36b01bd1cbaebf2de08d9173bc095c,18,18,PancakeSwapV3
UniswapV3CL,0x9f965a5699a52c291fdcdebdaf71fc1ccad11573,WBNB,TMR,200,10000,0xbb4cdb9cbd36b01bd1cbaebf2de08d9173bc095c,0xd699b92ce73f8e020967c19d0a0819fd22bdfe31,18,18,UniswapV3CL
PancakeSwapV3,0x2399e4701fafefaf9dc6d6a13ddfb8dc7b7fa477,MANTA,WBNB,200,10000,0x6c49fcbb29958cfb85e767e0c7d547729a1d9390,0xbb4cdb9cbd36b01bd1cbaebf2de08d9173bc095c,18,18,PancakeSwapV3
PancakeSwapV3,0x683a5f2d7a54c9bc8a022111e7d98b51a4e79df6,WBNB,BTB,50,2500,0xbb4cdb9cbd36b01bd1cbaebf2de08d9173bc095c,0xc8a97d6fbad34fdc0012d4756d45b122e87f232c,18,18,PancakeSwapV3
PancakeSwapV3,0x832881c1941c73c78de4f4ba25faff94f22424b6,USDT erc20,WBNB,200,10000,0x91557d811a590cbab5aa7ea34d48b81e77ed34b9,0xbb4cdb9cbd36b01bd1cbaebf2de08d9173bc095c,18,18,PancakeSwapV3
PancakeSwapV3,0xb69c98773e69bccf3ef5bfbe64e2d1fc21354ee3,WBNB,GROK.ID,1,100,0xbb4cdb9cbd36b01bd1cbaebf2de08d9173bc095c,0xe6cbdcd06cddad2c2e39bc336ddb374dceaae9b9,18,18,PancakeSwapV3
PancakeSwapV3,0x4dbf1f30fb8ce1535486c05c5866897dd9346280,TRE,WBNB,1,100,0x865d9326674785548d07011611f1e79b2390532b,0xbb4cdb9cbd36b01bd1cbaebf2de08d9173bc095c,18,18,PancakeSwapV3
PancakeSwapV3,0xe7263adadbe4655801e02292bc78a489bed9f5bd,BTC,WBNB,1,100,0x22eaeeed8cd30e0e4941386127d1fa6d392ad7b9,0xbb4cdb9cbd36b01bd1cbaebf2de08d9173bc095c,18,18,PancakeSwapV3
PancakeSwapV3,0x41ea42cd710ee1ff86f810727daa288a7bfd729d,MOONY,WBNB,1,100,0x4cfab3bd30f0e9e5ffff44d946b9a18443123b23,0xbb4cdb9cbd36b01bd1cbaebf2de08d9173bc095c,18,18,PancakeSwapV3
PancakeSwapV3,0x82bec2962962660ca91fea7aa92e7c4694d3e92e,ATS,WBNB,1,100,0x0d93dff721aa9fe247fee36f2a33c02a3a16248f,0xbb4cdb9cbd36b01bd1cbaebf2de08d9173bc095c,18,18,PancakeSwapV3
PancakeSwapV3,0xc76a1e11292018a5e5ae37a6bddcdd32f7e0b554,SAT,WBNB,1,100,0xa32654e3e1df8e255a36868258a0ba5217089bef,0xbb4cdb9cbd36b01bd1cbaebf2de08d9173bc095c,18,18,PancakeSwapV3
PancakeSwapV3,0x985785d4f52da927ee39282f2bdaa551b3339d49,BTC,WBNB,1,100,0x27ab4ae7beca30253b85cd99e9537611d4dafa48,0xbb4cdb9cbd36b01bd1cbaebf2de08d9173bc095c,18,18,PancakeSwapV3
PancakeSwapV3,0x348a74787fe75c468828792a3cba6e3ac36fd414,BCP,WBNB,10,500,0x990050850e7a71055da7eb4880a71c7181401a3c,0xbb4cdb9cbd36b01bd1cbaebf2de08d9173bc095c,8,18,PancakeSwapV3
PancakeSwapV3,0x6759da1a253b360ad3aba20e13da89fc2c2c7137,BonkAI,WBNB,1,100,0x67937a1e0476d7d5eb6c055e7093d2a82dea7b82,0xbb4cdb9cbd36b01bd1cbaebf2de08d9173bc095c,18,18,PancakeSwapV3
PancakeSwapV3,0x8ce51030bc4c53ae466138a85acd0d6d1e66518b,COZM,WBNB,200,10000,0x47c35e31eae211ce44891f9141851dc31d6853eb,0xbb4cdb9cbd36b01bd1cbaebf2de08d9173bc095c,18,18,PancakeSwapV3
PancakeSwapV3,0x7493edbbe46fb1a1c5b1dd61f4d87692c75a9505,MESSI,WBNB,200,10000,0x6d48f13c3468f1eb4d878cdb768b326998703f8c,0xbb4cdb9cbd36b01bd1cbaebf2de08d9173bc095c,18,18,PancakeSwapV3
UniswapV3CL,0x628eca6f18792a17725ede10376741dc1e05ed33,WBNB,RYBT,200,10000,0xbb4cdb9cbd36b01bd1cbaebf2de08d9173bc095c,0xbd511b350bead48a998095a1624e4568c022d5e6,18,18,UniswapV3CL
PancakeSwapV3,0x54637b62732c736556e1e40303723f15b67f42bc,OK,WBNB,200,10000,0xa9b3856763e4b8c2eceb647476158e01a4b2855c,0xbb4cdb9cbd36b01bd1cbaebf2de08d9173bc095c,18,18,PancakeSwapV3
PancakeSwapV3,0x471a4d2681820abcd6e5be1d56fb2032eac72728,skr,WBNB,200,10000,0x20cb4a7c7dd9d98355c3a964325ab6b965b12f70,0xbb4cdb9cbd36b01bd1cbaebf2de08d9173bc095c,18,18,PancakeSwapV3
PancakeSwapV3,0x9f5a2b6db4b38840abe301f7e9831a4df55eab7f,ORCA,WBNB,200,10000,0x4cdbded74675b6b908d078ed956016a5eed2d040,0xbb4cdb9cbd36b01bd1cbaebf2de08d9173bc095c,18,18,PancakeSwapV3
PancakeSwapV3,0x526ec59143e442c53cf796290d58005629bcdf9b,ABT,WBNB,200,10000,0x65567c265db2750c1422c3852e051716b2648cfa,0xbb4cdb9cbd36b01bd1cbaebf2de08d9173bc095c,18,18,PancakeSwapV3
PancakeSwapV3,0x2b060e74d5098eca6adf788c2358d3e2db00563c,GBR,WBNB,200,10000,0x0559e99518da62be18c4d919aebdaa1eba11acfb,0xbb4cdb9cbd36b01bd1cbaebf2de08d9173bc095c,18,18,PancakeSwapV3
PancakeSwapV3,0xaf5c53eb051bf6bb1cedd5b3c0bd545f28e8255c,GODM,WBNB,200,10000,0x8647ac2bce4cca7d03997821c6a0e8b58245cd0f,0xbb4cdb9cbd36b01bd1cbaebf2de08d9173bc095c,18,18,PancakeSwapV3
PancakeSwapV3,0xda2d00b168ecf9879076f1d1e2dac101d286a818,TRUST,WBNB,200,10000,0x36430487e1edfffb2b5eae7f9bdaaab62ee51709,0xbb4cdb9cbd36b01bd1cbaebf2de08d9173bc095c,18,18,PancakeSwapV3
PancakeSwapV3,0x2983a6cb43fba82f583eacedd9ec13f20fb617c9,VALUE,WBNB,200,10000,0x77ad6dc9360f281a4eb54a1a876b72e664802a82,0xbb4cdb9cbd36b01bd1cbaebf2de08d9173bc095c,18,18,PancakeSwapV3
PancakeSwapV3,0x60dff7572df7b4066c5d0e7870d6382b7fea23d1,ORA,WBNB,200,10000,0xaf7f52c373a0b0c62b6cc4e361765ad08ca73dfc,0xbb4cdb9cbd36b01bd1cbaebf2de08d9173bc095c,18,18,PancakeSwapV3
PancakeSwapV3,0xb1f59c7a2da512cd34bf48fc0130a13752e8adc3,MRC,WBNB,200,10000,0x36a523860baea09609ac8a6dbd77278dce68b4bc,0xbb4cdb9cbd36b01bd1cbaebf2de08d9173bc095c,18,18,PancakeSwapV3
UniswapV3CL,0x7b5a52e427154ac46b14fe3d5de05b48b14eb65c,DILL,WBNB,1,100,0x9fb827d3f15387e6499ba5460f978864bf5c72a0,0xbb4cdb9cbd36b01bd1cbaebf2de08d9173bc095c,18,18,UniswapV3CL
PancakeSwapV3,0x804d6092ea831d6c9ded9c8a9d46d621284e4894,BTCb,WBNB,200,10000,0x0c754cd36f361e683cb8946d73facd8199d19d7c,0xbb4cdb9cbd36b01bd1cbaebf2de08d9173bc095c,18,18,PancakeSwapV3
PancakeSwapV3,0x712cb25183fb71e9ba4d97d01805be2cff5fdad9,LVY,WBNB,200,10000,0x9ae7e922da0d5fe2ab1d6f9ab743f85e148533eb,0xbb4cdb9cbd36b01bd1cbaebf2de08d9173bc095c,18,18,PancakeSwapV3
PancakeSwapV3,0xe40b398beb5ab16a321fa4eafd59373012d0a7b5,BTC,WBNB,200,10000,0x84157b258126ab60962ebaae07e016d0c3d6908f,0xbb4cdb9cbd36b01bd1cbaebf2de08d9173bc095c,18,18,PancakeSwapV3
PancakeSwapV3,0xcf13b5845e9837031f6163b4b0af9a0ae142ec57,APAY,WBNB,200,10000,0x153b6b3c1aa706b5af8a80a88a797bcd1b38af20,0xbb4cdb9cbd36b01bd1cbaebf2de08d9173bc095c,18,18,PancakeSwapV3
PancakeSwapV3,0x1bf260cd1e445058fa192bac647f84e7e84202c1,ABBA,WBNB,200,10000,0x0e55a630bb81d477ffe4ca613922b361311d0036,0xbb4cdb9cbd36b01bd1cbaebf2de08d9173bc095c,18,18,PancakeSwapV3
PancakeSwapV3,0x2f9b29f836410c0aeefaaa250b25089fa8b8f4aa,BTC.X1,WBNB,200,10000,0x60792c612be8b3e088485412b1289374075ad7bc,0xbb4cdb9cbd36b01bd1cbaebf2de08d9173bc095c,18,18,PancakeSwapV3
PancakeSwapV3,0x4a82d5f3b33c5189c8d502f35b8d69f41bea3c58,ADOM,WBNB,200,10000,0x29089eb531aa82ce63184f201bb6eb12013dde49,0xbb4cdb9cbd36b01bd1cbaebf2de08d9173bc095c,18,18,PancakeSwapV3
PancakeSwapV3,0x4730d7ba277481a4593b2ea3a2f07f0989ad07e7,$XYBER,WBNB,200,10000,0x3fe96d5a37a4775c972abc78412f57440a2dd4f8,0xbb4cdb9cbd36b01bd1cbaebf2de08d9173bc095c,18,18,PancakeSwapV3
PancakeSwapV3,0x08b94dd7fdd501a270889f9354d120ed123a3f3b,$XOBALT,WBNB,200,10000,0x9779149b866af5919300f8310d9747f544938aff,0xbb4cdb9cbd36b01bd1cbaebf2de08d9173bc095c,18,18,PancakeSwapV3
PancakeSwapV3,0x613f1dd96a2e2135a6beecbebb5c68671bc88930,RONB,WBNB,200,10000,0x487c7a260f8d62f4f689a56ea8ee38ff8b88c9b2,0xbb4cdb9cbd36b01bd1cbaebf2de08d9173bc095c,18,18,PancakeSwapV3
PancakeSwapV3,0x809e89c7efec84e40d24ec6bfb2588bb883b4ba9,ER,WBNB,200,10000,0x5756fb8d9fe4d4011e1f1040856b0aa70e5db5bb,0xbb4cdb9cbd36b01bd1cbaebf2de08d9173bc095c,18,18,PancakeSwapV3
PancakeSwapV3,0x9813f2fd597a9f838d5a4c2d72adc171ff91f304,BNB SMART CHAIN,WBNB,200,10000,0x26ce1fea5da670c7fa954d3eeb433082c41008b0,0xbb4cdb9cbd36b01bd1cbaebf2de08d9173bc095c,18,18,PancakeSwapV3
PancakeSwapV3,0x9c7ac6d0bf175e302a7ffacabf509acf526f22bd,XONE,WBNB,200,10000,0x0b1f5502a384a93d6dcbb091730b1f134a0fbd3f,0xbb4cdb9cbd36b01bd1cbaebf2de08d9173bc095c,18,18,PancakeSwapV3
PancakeSwapV3,0x66485a46956a6e6c089437022150bdeed1735897,WBNB,TT1,1,100,0xbb4cdb9cbd36b01bd1cbaebf2de08d9173bc095c,0xc5a0a027ce3dac5e864dfb68d14d47261c00787b,18,18,PancakeSwapV3
PancakeSwapV3,0x72dc86f100f01a81947f99219eabacb98271826f,CLR,WBNB,200,10000,0x27b3c797388a014cb084fb39f9defe74ed5f013c,0xbb4cdb9cbd36b01bd1cbaebf2de08d9173bc095c,18,18,PancakeSwapV3
PancakeSwapV3,0xf6a1cf0f01d463005947250d314a48d5fd4ad8f8,Diamond ,WBNB,200,10000,0xaabea3b25d6aff2a92b07e618c9006ba3b514bb8,0xbb4cdb9cbd36b01bd1cbaebf2de08d9173bc095c,18,18,PancakeSwapV3
PancakeSwapV3,0x1048caace7846e2c2550369cd43998feb8284ab1,BTC,WBNB,200,10000,0x9242345119ea3fa4ff3909e2509c6af3245e6546,0xbb4cdb9cbd36b01bd1cbaebf2de08d9173bc095c,18,18,PancakeSwapV3
PancakeSwapV3,0xbabfce56575747c843e2869360bae8114f2a82a2,A|TREE,WBNB,200,10000,0x7e7ed5d3e963ccf8f89ed635b7a60a775b590a12,0xbb4cdb9cbd36b01bd1cbaebf2de08d9173bc095c,18,18,PancakeSwapV3
PancakeSwapV3,0xa7c61865bdbff69bba409bf1ec9a0fe3f8da312a,ELONvsTRUMP,WBNB,200,10000,0x7f72dc92a623163a987553d2575066f402f02125,0xbb4cdb9cbd36b01bd1cbaebf2de08d9173bc095c,18,18,PancakeSwapV3
PancakeSwapV3,0x33e457525b714de35ac88992ae9fde412ab48d2e,DSC,WBNB,1,100,0x3fd4ef30a0dbe8890f9d9651e4fd9ab4de58d124,0xbb4cdb9cbd36b01bd1cbaebf2de08d9173bc095c,18,18,PancakeSwapV3
PancakeSwapV3,0x6d546c2f687400a255cf3dde395038d44016e294,BITTOKEN,WBNB,200,10000,0x32be98c5a5c8e8a0b2611d73c851294359ba178d,0xbb4cdb9cbd36b01bd1cbaebf2de08d9173bc095c,18,18,PancakeSwapV3
UniswapV3CL,0x3931bb5e1906edd8c038d3472eee95a311da0966,SHERIF,WBNB,60,3000,0x32f2033e01d287f5686ad71ca516caaaa9b43fd7,0xbb4cdb9cbd36b01bd1cbaebf2de08d9173bc095c,18,18,UniswapV3CL
PancakeSwapV3,0xdc5c7d68eb48f9226247e8ef72a4d401ddf88a3a,BRoil3,WBNB,200,10000,0xab7144a9987eba20c25c970fc3ad4fb43671f008,0xbb4cdb9cbd36b01bd1cbaebf2de08d9173bc095c,18,18,PancakeSwapV3
PancakeSwapV3,0x38d77f30d847adaa5a13b7dd7f6ec879fbe0e46b,LFI,WBNB,200,10000,0x74f51651d61cb001e1da56d654021d913d22f954,0xbb4cdb9cbd36b01bd1cbaebf2de08d9173bc095c,18,18,PancakeSwapV3
PancakeSwapV3,0xd12c97d9ec044a3c31da5401476ddd2389846755,BRoil3,WBNB,200,10000,0x1b612fd4e1b7a190bc50062cd4c7e1a4333329a9,0xbb4cdb9cbd36b01bd1cbaebf2de08d9173bc095c,18,18,PancakeSwapV3
PancakeSwapV3,0x4827c0682cd69c49229b285d598e22dc4db81438,ndp2,WBNB,200,10000,0x6f919f71d81cf1058e5482f09d1357fb9525ebe2,0xbb4cdb9cbd36b01bd1cbaebf2de08d9173bc095c,18,18,PancakeSwapV3
PancakeSwapV3,0xc55b840595d24cf9cee970f57c684544d93dd24e,BRoil3,WBNB,200,10000,0x02a16c91168c1c5a4e2b94dbdbe104dc60c87ba1,0xbb4cdb9cbd36b01bd1cbaebf2de08d9173bc095c,18,18,PancakeSwapV3
PancakeSwapV3,0x8485dd679e75d2f354249bb67097aa138f60ee58,BRoil3,WBNB,200,10000,0x20487325bd04d27f2175863ba090faa0fa890bd9,0xbb4cdb9cbd36b01bd1cbaebf2de08d9173bc095c,18,18,PancakeSwapV3
PancakeSwapV3,0x830e213c8fe6660c21973b53317fcf1c68be774c,USDT,NIGHT,1,100,0x55d398326f99059ff775485246999027b3197955,0xfe930c2d63aed9b82fc4dbc801920dd2c1a3224f,18,18,PancakeSwapV3
PancakeSwapV3,0xf1581dd1d17910f317f39700ebb53ffafecdf6d5,NDT,WBNB,200,10000,0x4dd6f51d9255cfd824326030f79d4da3a984b63e,0xbb4cdb9cbd36b01bd1cbaebf2de08d9173bc095c,18,18,PancakeSwapV3
PancakeSwapV3,0x645a1ae693ec62e26ca28326dbdb6f86d2326216,BarackObama,WBNB,200,10000,0xb19fef5239c43935fe09041ee2ca347d40b92ce5,0xbb4cdb9cbd36b01bd1cbaebf2de08d9173bc095c,18,18,PancakeSwapV3
PancakeSwapV3,0x4bc6f9e3211fedb4a63ffca54ad2388d3eb7df16,UselessCoin ,WBNB,200,10000,0x8841db09de132258554feb1e1b5ba4c7e6ad48d4,0xbb4cdb9cbd36b01bd1cbaebf2de08d9173bc095c,18,18,PancakeSwapV3
PancakeSwapV3,0x93e3ca24e280e9638e599e5bda7b75a6dea8d990,USDT,WBNB,200,10000,0x0315b09eafbbace1bfdd06cb7ce99d3e1e328447,0xbb4cdb9cbd36b01bd1cbaebf2de08d9173bc095c,18,18,PancakeSwapV3
PancakeSwapV3,0xda305003e292890ee04bd1a284ebd25ba68fe042,SIN,WBNB,200,10000,0x3b8bc5dc0febfc85d33319e449aa76b67e5265e0,0xbb4cdb9cbd36b01bd1cbaebf2de08d9173bc095c,18,18,PancakeSwapV3
PancakeSwapV3,0xcdd4bbd3de3f405c07e41ed3c9a5e4982239fc08,DIVIN,WBNB,200,10000,0xa5ac38a1e3bc7a0f954dfb950eeb0a4465cc5281,0xbb4cdb9cbd36b01bd1cbaebf2de08d9173bc095c,18,18,PancakeSwapV3
PancakeSwapV3,0x4e518a7f40bc58f5f37994b51e27a3fe8295d9db,DIVIN,WBNB,200,10000,0x32b9d0d9cc7a13e02f412bbdd468735158036527,0xbb4cdb9cbd36b01bd1cbaebf2de08d9173bc095c,18,18,PancakeSwapV3
PancakeSwapV3,0x8ff10b5f4ac0f11f1c80bda64128714694aa69f0,Hussein,WBNB,200,10000,0x5d39cc3104650fb36118c72549bfeef8ed7624f1,0xbb4cdb9cbd36b01bd1cbaebf2de08d9173bc095c,18,18,PancakeSwapV3
PancakeSwapV3,0x5978a5bf115949b30eab8549dcbdb10818cecc02,DOK,WBNB,200,10000,0x92c0e2b71c63fbf34ca09c9d2c52b4a5208e4948,0xbb4cdb9cbd36b01bd1cbaebf2de08d9173bc095c,18,18,PancakeSwapV3
PancakeSwapV3,0xd6690acb3c6c283b948208b9b4c52aec008df25f,FUTURE,WBNB,200,10000,0x569183e0dfa9c542bff667676e9425839eaf3ec2,0xbb4cdb9cbd36b01bd1cbaebf2de08d9173bc095c,18,18,PancakeSwapV3
PancakeSwapV3,0x758065f50771410491ddbde98424e4559e0c80ea,BTC,WBNB,200,10000,0xb230b5a591c965c650d774a95086204a8c15aa0f,0xbb4cdb9cbd36b01bd1cbaebf2de08d9173bc095c,18,18,PancakeSwapV3
PancakeSwapV3,0x8c9241763780e4ae83cda2fd1eae529ecf34db25,Bitcoin Gwrap,WBNB,200,10000,0x135fd6c60c88fd3d878e943e258ddee7ae18e4f9,0xbb4cdb9cbd36b01bd1cbaebf2de08d9173bc095c,18,18,PancakeSwapV3
PancakeSwapV3,0x1fc431cb022d7189d1bbbbcdb777051f6dbe00ce,SHZ,WBNB,200,10000,0x72ac2e478d8806e53288bbada173524a07ed9008,0xbb4cdb9cbd36b01bd1cbaebf2de08d9173bc095c,18,18,PancakeSwapV3
PancakeSwapV3,0x13fa9e29772bb7eda2af12685da9b00157b2f1b5,BTC$27K,WBNB,200,10000,0x3a4a3af069bcae4e9d9e43369f774d9078399313,0xbb4cdb9cbd36b01bd1cbaebf2de08d9173bc095c,18,18,PancakeSwapV3
PancakeSwapV3,0x1d519280255d5d90f469f79dc8f5abe05f64429f,WBNB,SHELL,200,10000,0xbb4cdb9cbd36b01bd1cbaebf2de08d9173bc095c,0xf2c88757f8d03634671208935974b60a2a28bdb3,18,18,PancakeSwapV3
PancakeSwapV3,0x2a5c2c9f17bd8855bf600ab2d1068cb6046d1599,JUPAN,WBNB,200,10000,0xa3a82243d9a5871627e02b7d5dc3a43edd5d4b9e,0xbb4cdb9cbd36b01bd1cbaebf2de08d9173bc095c,18,18,PancakeSwapV3
PancakeSwapV3,0xf25d96d15b03d9aa67ae5b1ec113879e4255ba56,USDTM,WBNB,200,10000,0x81b55cf83da575789c7cc72f2df818e1a91bf7e2,0xbb4cdb9cbd36b01bd1cbaebf2de08d9173bc095c,18,18,PancakeSwapV3
PancakeSwapV3,0x6a7a2fcd1531ee902b190c5a0d64aebd49dad644,COFFEE,WBNB,200,10000,0x35f1713aa832bb07de66b8f82fb5bb0a3672b86f,0xbb4cdb9cbd36b01bd1cbaebf2de08d9173bc095c,18,18,PancakeSwapV3
PancakeSwapV3,0x50497e9f976cfd04cffd9a1c03f6b3dc18d6cf6b,BMG,WBNB,200,10000,0x7136f4b1abddeedb0e24c6fbf906f0158706bde2,0xbb4cdb9cbd36b01bd1cbaebf2de08d9173bc095c,18,18,PancakeSwapV3
PancakeSwapV3,0x8aac00510b1850aed6b2823d2386198b39a2830c,USDT,WPCK,1,100,0x55d398326f99059ff775485246999027b3197955,0xa5d863bcec1c4fbdb1fa0159901030d608d51b0c,18,18,PancakeSwapV3
PancakeSwapV3,0xd6a94cb3ea6826a6053b02acebb1dd3c00a83809,ArzDigital,WBNB,10,500,0x7c9bb6a4f2b85c820b092bb594e2cc59311afd70,0xbb4cdb9cbd36b01bd1cbaebf2de08d9173bc095c,18,18,PancakeSwapV3
PancakeSwapV3,0xe53df8a1863aeb9f64bdaad8addf8421f322d3c8,USDS,WBNB,1,100,0x1398add48f5fef40d6838f946b6f51ec742f4758,0xbb4cdb9cbd36b01bd1cbaebf2de08d9173bc095c,18,18,PancakeSwapV3
PancakeSwapV3,0x05928863cf6abc8072a899242708bdc76d07ed27,FUD,WBNB,10,500,0x56bc2865095b5f504730352d3e0ca1671cc07ca3,0xbb4cdb9cbd36b01bd1cbaebf2de08d9173bc095c,18,18,PancakeSwapV3
PancakeSwapV3,0x421c6c4ba22abae6f8c36002d1ab281cde8475f1,USDT,AVG,200,10000,0x55d398326f99059ff775485246999027b3197955,0x6df337a7b2803e6523cae85b6852dd6319023e51,18,18,PancakeSwapV3
PancakeSwapV3,0xb9ce7c953c296796ab665142118b206b15aeb436,USDT,BMT,50,2500,0x55d398326f99059ff775485246999027b3197955,0x7d814b9ed370ec0a502edc3267393bf62d891b62,18,18,PancakeSwapV3
PancakeSwapV3,0x20bdcd1387fee20e42c3b4d328c9d3ad2dea9e1d,USDT,MON,50,2500,0x55d398326f99059ff775485246999027b3197955,0xa1c1a7341a1713f174d59926e49e4a1228924100,18,18,PancakeSwapV3
PancakeSwapV3,0x494b623f710d0561a559979e9c953d66a69e03da,DOS,WBNB,1,100,0x7938a75d102db5fe3d7dd78597ff4580fe5bd6cb,0xbb4cdb9cbd36b01bd1cbaebf2de08d9173bc095c,18,18,PancakeSwapV3
PancakeSwapV3,0x38c42767edf00edeb3d83d1bd2006fed66f15554,TOB1,WBNB,200,10000,0xa6f167372003d7e00efe51732e2e62273cf5afe9,0xbb4cdb9cbd36b01bd1cbaebf2de08d9173bc095c,18,18,PancakeSwapV3
UniswapV3CL,0x7deef378b6befa291e2e255294e532b2c1bca419,XPL,USDT,60,3000,0x405fbc9004d857903bfd6b3357792d71a50726b0,0x55d398326f99059ff775485246999027b3197955,18,18,UniswapV3CL
PancakeSwapV3,0x514757b693445372705a015b5fbda45b251c11d5,HYPE,WBNB,10,500,0xaed86a53a8f3dbba4fb6ae7a5f65f337c606bf28,0xbb4cdb9cbd36b01bd1cbaebf2de08d9173bc095c,18,18,PancakeSwapV3
PancakeSwapV3,0x01a55837aed1324890a6130a55afba429f495336,TT,WBNB,1,100,0x6941bc916150029830184cb7fa4d8688173e32be,0xbb4cdb9cbd36b01bd1cbaebf2de08d9173bc095c,18,18,PancakeSwapV3
UniswapV3CL,0x3db5ce2179327e88b764cf4c949206286d86f5b7,WET,WBNB,1,100,0xb5a554310d2a9fe45abb4b4eaa137edcbddd43b3,0xbb4cdb9cbd36b01bd1cbaebf2de08d9173bc095c,18,18,UniswapV3CL
PancakeSwapV3,0x58930581d14eabfe720182aa84b661d0f906345d,USDT,USDF,1,100,0x55d398326f99059ff775485246999027b3197955,0x8786b834cb782f3471c75d651f239b88172a72b9,18,18,PancakeSwapV3
PancakeSwapV3,0x8e8b4a2cc1c880772c8e43ed48e9698698e31f00,USDC,MOFT,1,100,0x8ac76a51cc950d9822d68b83fe1ad97b32cd580d,0xa95e4176341c657b3d9489276ff4d1be3306218e,18,18,PancakeSwapV3
PancakeSwapV3,0xcd98fcc94bb8f2e9b073a3feb65b0419482bbdca,USDT,USDT1,1,100,0x55d398326f99059ff775485246999027b3197955,0x78970c3262d034665cf2a777cc7ad578d09f4904,18,6,PancakeSwapV3
PancakeSwapV3,0xbc878a405ee187a3a1a89c234cddb0ef5cf52388,AGVT,USDT,1,100,0x49f8bb3f9fb39ecc462d4e2ed869da268cec6e22,0x55d398326f99059ff775485246999027b3197955,18,18,PancakeSwapV3
PancakeSwapV3,0x093f2d4f72a91935894a06c3cba2c85b85b04047,JOHN,USDT,1,100,0x1353b29a8141fcb52b6a03c37905e493e513c056,0x55d398326f99059ff775485246999027b3197955,18,18,PancakeSwapV3
PancakeSwapV3,0x4bb786f6f988c0852310ff9ef5308e0a7f2f39de,ZXF,WBNB,50,2500,0x4fec070c37181c22c4c550301c83af1950141c17,0xbb4cdb9cbd36b01bd1cbaebf2de08d9173bc095c,18,18,PancakeSwapV3
PancakeSwapV3,0xebaed23c782c828b907440a1da345220ba4b570e,USDT,AEC,1,100,0x55d398326f99059ff775485246999027b3197955,0xb1cc09b2ad9365dc0e34106fb70c5df90a1914a3,18,18,PancakeSwapV3
PancakeSwapV3,0x18ba77e1b23e2c339ebbf726d2f7552b39c33a3a,GT123,WBNB,1,100,0x479f3f553496caf5b4332eff6d7116f05d750705,0xbb4cdb9cbd36b01bd1cbaebf2de08d9173bc095c,18,18,PancakeSwapV3
PancakeSwapV3,0x7bb25d1874e59a7738a8cd60236e46cd3d33f8e8,ITE,WBNB,50,2500,0x05ac5fe79e84ace88986a04a72fb40040a13c547,0xbb4cdb9cbd36b01bd1cbaebf2de08d9173bc095c,18,18,PancakeSwapV3
UniswapV3CL,0xc2a9c0f53fb24f844863d12c2bb29bdc5dfaf471,LIGHT,USDT,200,10000,0x477c2c0459004e3354ba427fa285d7c053203c0e,0x55d398326f99059ff775485246999027b3197955,6,18,UniswapV3CL
PancakeSwapV3,0x0059e5b634724028f058decba38fd2c1b88f4116,mts,WBNB,1,100,0x911aa8ed9f8fb6a58a4dc9505fae605c065a3a17,0xbb4cdb9cbd36b01bd1cbaebf2de08d9173bc095c,8,18,PancakeSwapV3
UniswapV3CL,0x251cdfb3eb7aaca9d33b7d19d95dfaea63e90bee,BNS,WBNB,200,10000,0x58b1495095332afafa5ef448263e8469b1efd731,0xbb4cdb9cbd36b01bd1cbaebf2de08d9173bc095c,18,18,UniswapV3CL
PancakeSwapV3,0x8b22c20cb60ae915524fb46e1c1b101b50168445,WBNB,AAVE,10,500,0xbb4cdb9cbd36b01bd1cbaebf2de08d9173bc095c,0xfb6115445bff7b52feb98650c87f44907e58f802,18,18,PancakeSwapV3
PancakeSwapV3,0xc2bdbd7f0dd9caa11cee65ea4be545933b0a56d5,WBNB,TABI,10,500,0xbb4cdb9cbd36b01bd1cbaebf2de08d9173bc095c,0xe2a0d492562548e49904eac6684f6ed483a6e544,18,18,PancakeSwapV3
PancakeSwapV3,0x61157371838dc66b3065f90975c35f05cdd66912,WBNB,MS,1,100,0xbb4cdb9cbd36b01bd1cbaebf2de08d9173bc095c,0xbd299a6e595f8e9c479212c885d449d7e5dd661d,18,18,PancakeSwapV3
PancakeSwapV3,0x966840bdbbb56c8573c50178dc98218e5e1921c7,USDT,BOBA,10,500,0x55d398326f99059ff775485246999027b3197955,0x7141e06aec94f3c24a4b0bde2366133fe296c63e,18,8,PancakeSwapV3
PancakeSwapV3,0x9e30819f36ff78810a8076c32065e4b1133c85a7,USDT,USD,1,100,0x55d398326f99059ff775485246999027b3197955,0x5bfeeda4ee177ebd4be67e7d20af3f1ec4379a0f,18,6,PancakeSwapV3
PancakeSwapV3,0xe2e06ec28971bce48fffb53fec1d2c7d92824eca,USDC,MCH,200,10000,0x8ac76a51cc950d9822d68b83fe1ad97b32cd580d,0xdb527c4a76e615880d4768732b529018d3be3ac2,18,8,PancakeSwapV3
PancakeSwapV3,0xd3bc30079210bef8a1f9c7c21e3c5beccfc1dfcb,KILO,WBNB,200,10000,0x503fa24b7972677f00c4618e5fbe237780c1df53,0xbb4cdb9cbd36b01bd1cbaebf2de08d9173bc095c,18,18,PancakeSwapV3
PancakeSwapV3,0xe1356f64ab12c42ef135245f44059e1fbb1fd791,bwh,WBNB,1,100,0x70ce803923b4c9ffcef821c672b542a4e4cafe13,0xbb4cdb9cbd36b01bd1cbaebf2de08d9173bc095c,18,18,PancakeSwapV3
PancakeSwapV3,0x787810e38f9d225fba78ec5547f21a4b406ea234,KMNO,WBNB,50,2500,0x344af9a16c3b421edf3767f50495510793cf5842,0xbb4cdb9cbd36b01bd1cbaebf2de08d9173bc095c,18,18,PancakeSwapV3
PancakeSwapV3,0x4024581a5a528b21c3cbb98a951a6a134a91dc3d,USDT,USDT,1,100,0x524bc91dc82d6b90ef29f76a3ecaabafffd490bc,0x55d398326f99059ff775485246999027b3197955,6,18,PancakeSwapV3
PancakeSwapV3,0x46d3e40d29162eecbc6bdfd9c603cdfa0ac57d93,WBNB,ROL,1,100,0xbb4cdb9cbd36b01bd1cbaebf2de08d9173bc095c,0xcaae4d2a8ba4a3d56e5a2fab41321289bbe004e4,18,18,PancakeSwapV3
PancakeSwapV3,0x8481d46579164e3a5797c5c484d9f8d87c25342f,USDC,YALA,1,100,0x8ac76a51cc950d9822d68b83fe1ad97b32cd580d,0xf970706063b7853877f39515c96932d49d5ac9cd,18,18,PancakeSwapV3
PancakeSwapV3,0x749e2cff6164f2d1e7545094305b1ef5fcbdeab5,USDT,GMT,50,2500,0x55d398326f99059ff775485246999027b3197955,0x7ddc52c4de30e94be3a6a0a2b259b2850f421989,18,18,PancakeSwapV3
PancakeSwapV3,0x381b92970a43a3d56d7028b08bdf035a7e40d107,TGC,WBNB,10,500,0x669bc9e97a353512599ff6746721a5e93dafd8ef,0xbb4cdb9cbd36b01bd1cbaebf2de08d9173bc095c,18,18,PancakeSwapV3
PancakeSwapV3,0xe297e1da9a484e609d180c5b1fefe4830df70ef1,RDP,WBNB,50,2500,0x27c073e8427aa493a90b8dc8b73a89e670fd77bb,0xbb4cdb9cbd36b01bd1cbaebf2de08d9173bc095c,18,18,PancakeSwapV3
PancakeSwapV3,0x8c8ae77d78dc7033081fd94ee8d0b3687eb743c4,SPM,WBNB,200,10000,0x5c9490add095452f3465ed1a63f77a5b5faf637d,0xbb4cdb9cbd36b01bd1cbaebf2de08d9173bc095c,18,18,PancakeSwapV3
PancakeSwapV3,0x1e1c4e363aed9771bb5ef60100f7ddd04b325f74,Conscious,WBNB,1,100,0x881025d714c587611e47d89b7929c1cb4ff05b51,0xbb4cdb9cbd36b01bd1cbaebf2de08d9173bc095c,18,18,PancakeSwapV3
PancakeSwapV3,0xb95d56142113de28191f2b77b01fae52cea28f96,USDT,BULLA,50,2500,0x55d398326f99059ff775485246999027b3197955,0x595e21b20e78674f8a64c1566a20b2b316bc3511,18,18,PancakeSwapV3
UniswapV3CL,0xba1379d7b34560741f037b534c737945aa047585,P  ,WBNB,60,3000,0x172e45da2843f5c8bf122143e143082568f41803,0xbb4cdb9cbd36b01bd1cbaebf2de08d9173bc095c,18,18,UniswapV3CL
PancakeSwapV3,0x8f0bd6b22a9000e550e5dc31313d128abe40fcbd,BGSC,WBNB,1,100,0xa4b68d48d7bc6f04420e8077e6f74bdef809dea3,0xbb4cdb9cbd36b01bd1cbaebf2de08d9173bc095c,18,18,PancakeSwapV3
PancakeSwapV3,0x9d4cf42390366bf30a1473d1fae50a1a87f53669,SPONGEV2,WBNB,50,2500,0x15c2f2c898f323e9197d5f56c8c068674b921b45,0xbb4cdb9cbd36b01bd1cbaebf2de08d9173bc095c,18,18,PancakeSwapV3
PancakeSwapV3,0x047aee762f073fbba547305b5bf87f570cfa7e31,NATOX,WBNB,50,2500,0x0688b279097864e1b402701b84b988ebfba3056a,0xbb4cdb9cbd36b01bd1cbaebf2de08d9173bc095c,18,18,PancakeSwapV3
PancakeSwapV3,0x088464e4e8cc54bf91180cbb8c61c68aecc74166,WBNB,MGP,50,2500,0xbb4cdb9cbd36b01bd1cbaebf2de08d9173bc095c,0xd06716e1ff2e492cc5034c2e81805562dd3b45fa,18,18,PancakeSwapV3
PancakeSwapV3,0x371d75ab47bde29ce0da155ee7a30ad75e358a94,SONIC,USDT,10,500,0x38f8bbeb7aa63385c0082515a7325540f6c72831,0x55d398326f99059ff775485246999027b3197955,18,18,PancakeSwapV3
PancakeSwapV3,0x01fa6d2fa4f3cfd5546acc5e6f2c225406b52ca4,SADIE,WBNB,200,10000,0x6147e74d0031041523352de6388bec538e0c5405,0xbb4cdb9cbd36b01bd1cbaebf2de08d9173bc095c,18,18,PancakeSwapV3
PancakeSwapV3,0xb62088662d9b5c9a47e852badd52251b3b2e74b6,APE,WBNB,50,2500,0x8f86a15ec17cb3369d8b3e666dadbc11daa82b79,0xbb4cdb9cbd36b01bd1cbaebf2de08d9173bc095c,18,18,PancakeSwapV3
PancakeSwapV3,0xe8fe2207c65f50fe6b70cc23ea7b12be789610c9,USDT,BYF,1,100,0x55d398326f99059ff775485246999027b3197955,0xc8ae78826ddb5e117da47354fcf2dd9d7dce9e5a,18,18,PancakeSwapV3
PancakeSwapV3,0xcb4ee784e2520b611a6d3e3a0cfa3ba4075efb44,WRUB,WBNB,200,10000,0x72f74fb5382a7a49b5c6e8437a04d65bf2ff5736,0xbb4cdb9cbd36b01bd1cbaebf2de08d9173bc095c,18,18,PancakeSwapV3
UniswapV3CL,0x319a0a46aeab26c4392aef9135ac0f53017fd181,Crypto SuperCylean,WBNB,60,3000,0x8cf61d1770ad1c2bb3e87b68f262afda86b47e4e,0xbb4cdb9cbd36b01bd1cbaebf2de08d9173bc095c,18,18,UniswapV3CL
PancakeSwapV3,0x4b29c19737548c43c40d453c24ba33fe8bedf579,BEE,WBNB,200,10000,0x03b11bf172b37ef2c09c9e17a42d8328262d41a7,0xbb4cdb9cbd36b01bd1cbaebf2de08d9173bc095c,18,18,PancakeSwapV3
PancakeSwapV3,0x79ae44cad8df92e171967f8baeeb43a039a3b6ba,AIBT,USDT,200,10000,0x3518d7aee5248b9307b8a82b7c3fa49e073c4444,0x55d398326f99059ff775485246999027b3197955,18,18,PancakeSwapV3
PancakeSwapV3,0xd780707eb62fb40491b9b9c7c0bc14624b3139ec,YOS,WBNB,1,100,0x696fa5be2b1133e04a23488043ddb1fcdb832c58,0xbb4cdb9cbd36b01bd1cbaebf2de08d9173bc095c,18,18,PancakeSwapV3
UniswapV3CL,0xf5ffdca301d3b2a0f4b3de313e4a176515d9bdbf,USDT,MYX,60,3000,0x55d398326f99059ff775485246999027b3197955,0xd82544bf0dfe8385ef8fa34d67e6e4940cc63e16,18,18,UniswapV3CL
PancakeSwapV3,0x5eacf0d6c5a346d5cc7a03d84510a03fc6d12f36,USDT,QTIRION,200,10000,0x55d398326f99059ff775485246999027b3197955,0xcf91392066a6b615f016aeca42b967b698807c01,18,18,PancakeSwapV3
PancakeSwapV3,0x75c6bf2cd6d0733f317470a1e9c4bfe28cef0ef8,USDT,wEURC,1,100,0x55d398326f99059ff775485246999027b3197955,0xb10e5d2241b3323fc10fbf42492ad8473381dcfd,18,18,PancakeSwapV3
PancakeSwapV3,0x466e4a5a71e8f7075a8a07801c02374beeddf90d,TROLL,WBNB,50,2500,0x3998c5a92e6042d89b466ad86c6bb5bdee25e81b,0xbb4cdb9cbd36b01bd1cbaebf2de08d9173bc095c,18,18,PancakeSwapV3
PancakeSwapV3,0x986c907c282aac287c5669345126dd20e7aa3ba6,NOT,WBNB,1,100,0x7ac917fe1be5edd2d442dd0c9cb7f5951c70a004,0xbb4cdb9cbd36b01bd1cbaebf2de08d9173bc095c,18,18,PancakeSwapV3
PancakeSwapV3,0xd14e5639f8bc41fcd66ea571f29780b9c7927ff4,JOJO,WBNB,1,100,0x953783617a71a888f8b04f397f2c9e1a7c37af7e,0xbb4cdb9cbd36b01bd1cbaebf2de08d9173bc095c,18,18,PancakeSwapV3
PancakeSwapV3,0xd72273efcfaa7bf6e73350038d1ddb5c8d1a78b9,WBNB,bear,1,100,0xbb4cdb9cbd36b01bd1cbaebf2de08d9173bc095c,0xbc40dceeac46c5eed070fe6a5072f7daf33cea5b,18,18,PancakeSwapV3
PancakeSwapV3,0xb091c9afa33249082f9ae9cefa32170365af83ae,WBNB,31IGER,1,100,0xbb4cdb9cbd36b01bd1cbaebf2de08d9173bc095c,0xbe888147935266c278919281f25d5e103c6f091f,18,18,PancakeSwapV3
PancakeSwapV3,0xcacc96b24c710e10be06060d16319aa18ea9c5f6,USDT,USDT,1,100,0x3a57cd69ff00481ae4355bbc4d72acf181362282,0x55d398326f99059ff775485246999027b3197955,18,18,PancakeSwapV3
PancakeSwapV3,0xbb0fe57fead9503459e5bf6b57660f2da4e9ead9,WBNB,sui,1,100,0xbb4cdb9cbd36b01bd1cbaebf2de08d9173bc095c,0xfec755989219bff564adc8334d0996dacec5b0d6,18,18,PancakeSwapV3
PancakeSwapV3,0x0459f493ae6ce91953012097ce24f7c851a697c9,Moolah,WBNB,50,2500,0xbab528425edb1e0e36d3719bc3307d9c8cce8888,0xbb4cdb9cbd36b01bd1cbaebf2de08d9173bc095c,18,18,PancakeSwapV3
PancakeSwapV3,0x55041534d8d117f692ab96fffd72294c66d605c3,LEGA ,WBNB,1,100,0x39ff612c29fe9ad26e1b3c846c9926ad8f1bce79,0xbb4cdb9cbd36b01bd1cbaebf2de08d9173bc095c,18,18,PancakeSwapV3
PancakeSwapV3,0xf0f3590851ec0e862cdcc80d191955fef206f9f9,INL,WBNB,1,100,0x2a5a15967ae7d037378b57aac92d41c7dac72d3d,0xbb4cdb9cbd36b01bd1cbaebf2de08d9173bc095c,18,18,PancakeSwapV3
PancakeSwapV3,0x0d3944cb515ecae653e6cc85eeebc1ec1505871b,WBNB,HYPER,200,10000,0xbb4cdb9cbd36b01bd1cbaebf2de08d9173bc095c,0xc9d23ed2adb0f551369946bd377f8644ce1ca5c4,18,18,PancakeSwapV3
PancakeSwapV3,0x60b6bc33055e151abe12131e1084767532379719,USDT,USDT,1,100,0x230307bfe8ab22dce33fdf77686f7bd6e2eed8ca,0x55d398326f99059ff775485246999027b3197955,18,18,PancakeSwapV3
PancakeSwapV3,0xb82f67fb66a9c5307e5d9740c5a4a95b2a7d372e,LOOM,USDT,1,100,0x3a57bd0f77afc35f714f0e18e0b00e2ffa91891a,0x55d398326f99059ff775485246999027b3197955,6,18,PancakeSwapV3
PancakeSwapV3,0x41a1fb2f252032e91aa176ed62b7ad4638a1d8c5,HTH,WBNB,200,10000,0x2332bd2cb5b800a4f9e4071f3f7453530f30e491,0xbb4cdb9cbd36b01bd1cbaebf2de08d9173bc095c,18,18,PancakeSwapV3
PancakeSwapV3,0x30720f76c51997ba1b96f1adb92f955285fe811b,SHORT,WBNB,200,10000,0xacee924ec7fceb684369519e2d135db2eaabe192,0xbb4cdb9cbd36b01bd1cbaebf2de08d9173bc095c,18,18,PancakeSwapV3
PancakeSwapV3,0xa3e769db09dc78cce18ac33ec719d7cfab94c0ab,LDX,WBNB,1,100,0x9bc652ea2317275d381aa2e9e5cfff53992437cc,0xbb4cdb9cbd36b01bd1cbaebf2de08d9173bc095c,18,18,PancakeSwapV3
PancakeSwapV3,0xcdac620de14ff22a6e3b80b2a47da644895a4e7a,USDT,NAH,200,10000,0x55d398326f99059ff775485246999027b3197955,0x5c33677c83ccedf551062d8b4b5261e8ba031692,18,18,PancakeSwapV3
PancakeSwapV3,0x30024096ec4337cfa89191643eacd612b61596c4,USDT,RAN,10,500,0x55d398326f99059ff775485246999027b3197955,0x978ab3d5a5c39bcbb2a15f2ad324187dd7cbf952,18,18,PancakeSwapV3
PancakeSwapV3,0xc80b64e3f2c8da6858361cd40f4ca58a96ad6147,RADI,WBNB,1,100,0x91f1c6656134eba30f40993260f54450863e09e2,0xbb4cdb9cbd36b01bd1cbaebf2de08d9173bc095c,18,18,PancakeSwapV3
PancakeSwapV3,0xbc7079f43a9a6ed383ead522e36596118100a4df,RST,WBNB,1,100,0x7f352b0dbd148652c064f66176b535e38fbabb2b,0xbb4cdb9cbd36b01bd1cbaebf2de08d9173bc095c,18,18,PancakeSwapV3
PancakeSwapV3,0x17ed20c6f6c698e0874da2cdffe3b1a56d5a5440,SHIBOGE,WBNB,1,100,0x2726d39b64d12e9f3b9bfbfdf7dcdb771a59f8e7,0xbb4cdb9cbd36b01bd1cbaebf2de08d9173bc095c,18,18,PancakeSwapV3
PancakeSwapV3,0xb50f6ecd6a550b618a5e7079ebae6239fdfc3715,NW,WBNB,1,100,0x834fbcd7fbc3bfefccd219bba4983ff4bfe8787f,0xbb4cdb9cbd36b01bd1cbaebf2de08d9173bc095c,18,18,PancakeSwapV3
UniswapV3CL,0x98f7781b7eb8180613251f5d6f4429b843084e7b,LYN,USDT,200,10000,0x302dfaf2cdbe51a18d97186a7384e87cf599877d,0x55d398326f99059ff775485246999027b3197955,18,18,UniswapV3CL
PancakeSwapV3,0x8943a75f4d0d1babea4cd77eabc323127714caa4,GPS,WBNB,50,2500,0x9a4a67721573f2c9209dfff972c52be4e3f6642e,0xbb4cdb9cbd36b01bd1cbaebf2de08d9173bc095c,18,18,PancakeSwapV3
UniswapV3CL,0x7231d17fa843e5516bf1d7d6f6c87147d279c2ba,USDT,memes,200,10000,0x55d398326f99059ff775485246999027b3197955,0xf74548802f4c700315f019fde17178b392ee4444,18,18,UniswapV3CL
PancakeSwapV3,0x53072d3ea23eaf9ef9113d8dbb62c0382193a775,WBNB,CoinBank,1,100,0xbb4cdb9cbd36b01bd1cbaebf2de08d9173bc095c,0xf19c362d779ade83d4f8708c6c36297b6ad57528,18,18,PancakeSwapV3
PancakeSwapV3,0xceef2e8ff0772f543d2ff146426541dc1e7f8131,USDT,Egbnb,1,100,0x55d398326f99059ff775485246999027b3197955,0xf62dce1bf32e38aaf9c0eaa90a3ecd51c2851111,18,18,PancakeSwapV3
PancakeSwapV3,0x06e2d4002a693812a6348c91a2beccf4e926ff2f,lisUSD,BTCB,50,2500,0x0782b6d8c4551b9760e74c0545a9bcd90bdc41e5,0x7130d2a12b9bcbfae4f2634d864a1ee1ce3ead9c,18,18,PancakeSwapV3
UniswapV3CL,0x030ac652df0499dc62bd92ede5da2607e0db89ae,LAI,WBNB,200,10000,0x5df94c4dc97d008af7db0873b866333b367c0647,0xbb4cdb9cbd36b01bd1cbaebf2de08d9173bc095c,18,18,UniswapV3CL
PancakeSwapV3,0x208636bf0857cf337f4d287d630ba1a6e8804373,ARCAS,WBNB,200,10000,0x7ca058309053f90b39bfc58de1eda2a89e9c03a8,0xbb4cdb9cbd36b01bd1cbaebf2de08d9173bc095c,18,18,PancakeSwapV3
PancakeSwapV3,0x47a1a9903f556df62f093fa42207fcdf25a69f07,WBNB,PUNKS,50,2500,0xbb4cdb9cbd36b01bd1cbaebf2de08d9173bc095c,0xed350421ada44432126cdda1b6e25ddadc0d7cd8,18,18,PancakeSwapV3
PancakeSwapV3,0xc397874a6cf0211537a488fa144103a009a6c619,?,WBNB,50,2500,0x924fa68a0fc644485b8df8abfa0a41c2e7744444,0xbb4cdb9cbd36b01bd1cbaebf2de08d9173bc095c,18,18,PancakeSwapV3
PancakeSwapV3,0x28b7c347a58c9c30b21e51e732ee9723d910f605,USDC,PTB,1,100,0x8ac76a51cc950d9822d68b83fe1ad97b32cd580d,0x95c9b514566fbd224dc2037f5914eb8ab91c9201,18,18,PancakeSwapV3
PancakeSwapV3,0xc8d3cef6f91cdc3d737f96109991d463614b90d5,NMT,USDC,50,2500,0x03aa6298f1370642642415edc0db8b957783e8d6,0x8ac76a51cc950d9822d68b83fe1ad97b32cd580d,18,18,PancakeSwapV3
UniswapV3CL,0xe1ca7042713734f31186d850f77b1e023b24af3b,ETH,XVS,60,3000,0x2170ed0880ac9a755fd29b2688956bd959f933f8,0xcf6bb5389c92bdda8a3747ddb454cb7a64626c63,18,18,UniswapV3CL
PancakeSwapV3,0x98ba5ca5ce02e0184e4c609432d6fc122aabe6d4,BGA,USDT,10,500,0x2da244d4e148237c1872a4e2f3c2ae8007ec08e4,0x55d398326f99059ff775485246999027b3197955,18,18,PancakeSwapV3
PancakeSwapV3,0x1864729c797eb2748fc68f5cadf4a45721b5d143,LL,WBNB,50,2500,0x9b3d81e9cbfa6ad54d9a8adc577ef0a875af7e26,0xbb4cdb9cbd36b01bd1cbaebf2de08d9173bc095c,18,18,PancakeSwapV3
PancakeSwapV3,0x24568962e33d419752bd1794a3ca834e84d0f1cb,WBNB,czdog,200,10000,0xbb4cdb9cbd36b01bd1cbaebf2de08d9173bc095c,0xcd0aaf12376dd41626c76f57ebf16ab6f57c2049,18,18,PancakeSwapV3
PancakeSwapV3,0x9a6f236e915811d4672cfe248468cf4a5a392be5,ORO,WBNB,50,2500,0x177571943ca732cc310c1e56a7e867ba84526edd,0xbb4cdb9cbd36b01bd1cbaebf2de08d9173bc095c,18,18,PancakeSwapV3
UniswapV3CL,0xfe2364d75d0f6cf3cec2fb1d085c21a05359a73d,WBNB,TESTX,200,10000,0xbb4cdb9cbd36b01bd1cbaebf2de08d9173bc095c,0xfc46862119b6c611c086b2b8bece0817da032f91,18,18,UniswapV3CL
PancakeSwapV3,0xa83a6f91db0b46cd9e9ce2aadb51f54cc446bdbe,AWK,USDT,10,500,0x0158327a55dbf79656adb9f81be9671bd47bfa55,0x55d398326f99059ff775485246999027b3197955,18,18,PancakeSwapV3
PancakeSwapV3,0x1520be51e3c5ee661cc6030d80540abaf5cdb929,BOBC,WBNB,50,2500,0x590eb2920486486c2d9bb3eb651f73b81df87bcf,0xbb4cdb9cbd36b01bd1cbaebf2de08d9173bc095c,18,18,PancakeSwapV3
PancakeSwapV3,0xcdb4bcf89598bd8d278f7802adc5a2dc60c4c129,ELONAED,WBNB,10,500,0x05b0bd719559827afd988951e333e73fe62c5031,0xbb4cdb9cbd36b01bd1cbaebf2de08d9173bc095c,18,18,PancakeSwapV3
PancakeSwapV3,0xee035ed767e5a9cbfda49c115f06c45c24bdd759,BBX,USDT,1,100,0x2c25b982260dc482bf6ef0309d039748c9f9cd9f,0x55d398326f99059ff775485246999027b3197955,6,18,PancakeSwapV3
PancakeSwapV3,0xbe561b561ed39d76bdfa3d2118ea86a466646ca1,USDT,SGH,10,500,0x55d398326f99059ff775485246999027b3197955,0x7bcab9bed0b41d2c82cf911fe0e856f32f4d9c57,18,18,PancakeSwapV3
PancakeSwapV3,0xcd46c6da2370306d4de35b002c24c6e73d93ff5a,TTHK,USDT,1,100,0x080b2d379cd10b1466793d6dc3815195a8d98cad,0x55d398326f99059ff775485246999027b3197955,18,18,PancakeSwapV3
PancakeSwapV3,0xc7e56bcd65e0c6346ede1379b428844729bc9d40,USDC,PHY,1,100,0x8ac76a51cc950d9822d68b83fe1ad97b32cd580d,0xd029b392580d555f35cca1987f27d248cf883716,18,18,PancakeSwapV3
PancakeSwapV3,0xebb56c1e11045b1626f733ebbe6b62498c95b361,MNM,WBNB,200,10000,0x997ca91422745b561023c7bcdf536bc13298963e,0xbb4cdb9cbd36b01bd1cbaebf2de08d9173bc095c,18,18,PancakeSwapV3
UniswapV3CL,0x4af60fac2e7481081eabf4c4dbe146cf3346405b,ESPI,WBNB,60,3000,0xb8821c9714ad9a466076dd87c5d567092e358383,0xbb4cdb9cbd36b01bd1cbaebf2de08d9173bc095c,18,18,UniswapV3CL
PancakeSwapV3,0x72157975249a06831ab9c13225356a3735cbfd59,USDT,USD,1,100,0x55d398326f99059ff775485246999027b3197955,0xa9e331283f4d2987bdcf20d29731930bf50ce380,18,18,PancakeSwapV3
PancakeSwapV3,0x4b30fff989b65d7531c65f930c18778d85335c6c,WBNB,LQR,1,100,0xbb4cdb9cbd36b01bd1cbaebf2de08d9173bc095c,0xc4a1e7106d08b7ff947254b6d75cf2b877d55daf,18,18,PancakeSwapV3
PancakeSwapV3,0x062e5a0e976878755311e9254be65821ceb25adf,USDT,FRAX,50,2500,0x55d398326f99059ff775485246999027b3197955,0x90c97f71e18723b0cf0dfa30ee176ab653e89f40,18,18,PancakeSwapV3
PancakeSwapV3,0xd66c459da79ea94c66733565af5dc42188e90b3d,USDT,cili,200,10000,0x55d398326f99059ff775485246999027b3197955,0x9fd312706e8c9afa0326d0a5a3e25835441c171a,18,18,PancakeSwapV3
PancakeSwapV3,0xbd5c630cb7ca690f663baabe910f3562769151f1,USDT,USDi,1,100,0x55d398326f99059ff775485246999027b3197955,0x9c27046f8b3ce70802bab90acd7efb8329afa093,18,18,PancakeSwapV3
PancakeSwapV3,0xc4dc171d499b3f5340bffed8433bddcec8d33b04,IN,WBNB,1,100,0x61fac5f038515572d6f42d4bcb6b581642753d50,0xbb4cdb9cbd36b01bd1cbaebf2de08d9173bc095c,18,18,PancakeSwapV3
PancakeSwapV3,0xdb0fedd293d6c1a822bbdba343ba153f42e75a74,WBNB,ZKL,50,2500,0xbb4cdb9cbd36b01bd1cbaebf2de08d9173bc095c,0xc3e21dd3e881bd043c2c21ee7bcf148b67ce7f3a,18,18,PancakeSwapV3
PancakeSwapV3,0x6999b88c26552bd1180bf46750db2cd53a3e137b,BEE,WBNB,200,10000,0x735c522c20305d868f2c14654b878950f820dc50,0xbb4cdb9cbd36b01bd1cbaebf2de08d9173bc095c,18,18,PancakeSwapV3
PancakeSwapV3,0x6fe6bc9661c9679e2e012a395144aefacdd96fc4,TT,USDT,50,2500,0x31eb0fd37db9c81e0e32451e1f431aefbc96f073,0x55d398326f99059ff775485246999027b3197955,18,18,PancakeSwapV3
PancakeSwapV3,0x4004394761008601f5d3f70a51b322a9426859d6,USDT,FAR,50,2500,0x55d398326f99059ff775485246999027b3197955,0xc44f9f08e524669e5deeebc9eb142c81edfad178,18,18,PancakeSwapV3
PancakeSwapV3,0xfb4eb48b14f856bfead81ae55f7df283980548e6,WBNB,EEK,50,2500,0xbb4cdb9cbd36b01bd1cbaebf2de08d9173bc095c,0xf9addb31f7275495c3eb6f4dcf8a3d57fc2ba0e4,18,18,PancakeSwapV3
PancakeSwapV3,0x31051fb9d35ea42b0a1b53fe6fe7d571a1c6c54e,WBNB,BSCXBT,200,10000,0xbb4cdb9cbd36b01bd1cbaebf2de08d9173bc095c,0xc9f73e8dac4786a99cbea0eea3819ce84b60f5c8,18,18,PancakeSwapV3
PancakeSwapV3,0xc567377c23a4d11feea48066bf0bd9f8c1f2dadc,Champagne,WBNB,10,500,0xa800969d441ca87df94f3df03318c50d7040cf2f,0xbb4cdb9cbd36b01bd1cbaebf2de08d9173bc095c,18,18,PancakeSwapV3
PancakeSwapV3,0xa5c6ba7b5e30d71286c016205d3b117d6c4a1593,gs,WBNB,200,10000,0x710136156073b6e6e8952680cea7d5b1203e2fca,0xbb4cdb9cbd36b01bd1cbaebf2de08d9173bc095c,18,18,PancakeSwapV3
PancakeSwapV3,0x94ccd1e00e695d278d84003e4a0874fa4c61acd8,JOSH,WBNB,200,10000,0x8380a8ff6636817abd9a50923f62abc86ca1cf09,0xbb4cdb9cbd36b01bd1cbaebf2de08d9173bc095c,18,18,PancakeSwapV3
PancakeSwapV3,0x564e297f4c46e54abb5009ca0f578b20bcd015fc,acb,WBNB,200,10000,0x8d8761c834dc1cea47095887407d04ba3831d2e5,0xbb4cdb9cbd36b01bd1cbaebf2de08d9173bc095c,18,18,PancakeSwapV3
PancakeSwapV3,0xaa8dbe6989b2f53958e8e4f4c45f9841b22947c1,gs,WBNB,200,10000,0x25b77f5f510b04739ca38c2668b83c4f4aa19e2f,0xbb4cdb9cbd36b01bd1cbaebf2de08d9173bc095c,18,18,PancakeSwapV3
PancakeSwapV3,0xe571252ba8f886e2546859681164434040e13b00,ACME,WBNB,1,100,0x90e1b285e925ba5613db927684e0c440b088c8f8,0xbb4cdb9cbd36b01bd1cbaebf2de08d9173bc095c,18,18,PancakeSwapV3
PancakeSwapV3,0x1bfc968f0187e3399def50ea9c84e9b0e13d83c9,Dar,WBNB,1,100,0x765eec59d0f9c9c28a8b947215903bf8d02a9c6c,0xbb4cdb9cbd36b01bd1cbaebf2de08d9173bc095c,18,18,PancakeSwapV3
PancakeSwapV3,0x91f8d4315e64c42e1e9c0aeb212b22d8f66b3c84,WBNB,PEPEAICEO,1,100,0xbb4cdb9cbd36b01bd1cbaebf2de08d9173bc095c,0xfbf70dd617fcc98bbb286956adc76aebe8773b4c,18,18,PancakeSwapV3
PancakeSwapV3,0xe331f2fd0b9fd4fcb18e2c569486d27970c656a9,UNI,WBNB,1,100,0x06cd573afe515c121f2db935579f658852e5c090,0xbb4cdb9cbd36b01bd1cbaebf2de08d9173bc095c,18,18,PancakeSwapV3
PancakeSwapV3,0x1b181866832d7896d22911de6fd79828c2e3a111,MOONSHOT,WBNB,1,100,0xa59650130d59344ff748da770e9e5663b0b41c46,0xbb4cdb9cbd36b01bd1cbaebf2de08d9173bc095c,18,18,PancakeSwapV3
PancakeSwapV3,0xa9a552f004c584bd0b3d57369a019792b6c48a80,TORO,WBNB,200,10000,0x388e499f77393cc4d1b047e85d537d5d0b9fae63,0xbb4cdb9cbd36b01bd1cbaebf2de08d9173bc095c,18,18,PancakeSwapV3
UniswapV3CL,0x2a94bc7288088f66198c99bcd3ea6ce64325cde2,USDT,NRB,200,10000,0x55d398326f99059ff775485246999027b3197955,0x8482d1b62ee9178d41566b551f730c7fd321fbed,18,18,UniswapV3CL
PancakeSwapV3,0x2dd975ba791e0a26cc7597b2c4e63369f6a5c79a,MCT,WBNB,1,100,0x6c4764dd97dc6ceb5abffabd0313524ecb3e3222,0xbb4cdb9cbd36b01bd1cbaebf2de08d9173bc095c,18,18,PancakeSwapV3
PancakeSwapV3,0xc53934f880d720cca735235d7e72cbbb8f9e4b85,ACO,WBNB,50,2500,0x2f7135daa6eaf6dfc191e85371facf63c527be8f,0xbb4cdb9cbd36b01bd1cbaebf2de08d9173bc095c,18,18,PancakeSwapV3
UniswapV3CL,0xe63cdf7b6af32d8c67851f6988d9f01cd80770e5,USDT,USDT,1,100,0x55d398326f99059ff775485246999027b3197955,0xb64947e173e1ab4b5ef4d005ddf167635698b94e,18,18,UniswapV3CL
PancakeSwapV3,0x6eb5a9ad1192f556ddee00889f1ed22268a0ea4a,USDT,USDT,1,100,0x063b1940f05470d04bd9762a86e9a117f28b323d,0x55d398326f99059ff775485246999027b3197955,18,18,PancakeSwapV3
PancakeSwapV3,0x777e052df1fb94e315d79ea063454fb63b180cc6,PETSC,USDT,50,2500,0x3928d934a3c1afaee5750677e23ca0c34e7a7bf1,0x55d398326f99059ff775485246999027b3197955,18,18,PancakeSwapV3
PancakeSwapV3,0x96d68e19ad408a758f4ffe831df956c60dcfc682,A1,USDT,1,100,0x4630bac29b3592888d75ac8c53d6c2d08eb7562f,0x55d398326f99059ff775485246999027b3197955,18,18,PancakeSwapV3
PancakeSwapV3,0xd6236304758056adc56c90cfd18e7835a75975eb,OPTIG,USDT,1,100,0x37a85c4169b5ecf6b7d1d6e7f801f61c2d52a037,0x55d398326f99059ff775485246999027b3197955,18,18,PancakeSwapV3
PancakeSwapV3,0x16bff225d24df6a16ba0d043ca86bfbcf4956e60,JioCoin,WBNB,200,10000,0xb314d182de1c3a3ecc6772cc1126db8e5fc29886,0xbb4cdb9cbd36b01bd1cbaebf2de08d9173bc095c,18,18,PancakeSwapV3
PancakeSwapV3,0x5a96318ac7ca98d84522163e4257d8c0aee6635b,WBNB,AIAI,200,10000,0xbb4cdb9cbd36b01bd1cbaebf2de08d9173bc095c,0xd8539c26e74bf01e3414e2b58d7705733daeb26e,18,18,PancakeSwapV3
PancakeSwapV3,0x75f4c90a516cb70eb22c4a6c049fff4443c0b96d,WBNB,UAA,50,2500,0xbb4cdb9cbd36b01bd1cbaebf2de08d9173bc095c,0xfd189358080fce1731ce57330e64f4f158a37ee3,18,18,PancakeSwapV3
PancakeSwapV3,0x72715ea48f381c417f2ab3ffe7c092033a077827,NianNian,WBNB,50,2500,0x9c27c4072738cf4b7b0b7071af0ad5666bddc096,0xbb4cdb9cbd36b01bd1cbaebf2de08d9173bc095c,18,18,PancakeSwapV3
PancakeSwapV3,0x5eb4a369e7a446f6f24e8f3e8f27eec35197618f,USDC,MAT,1,100,0x8ac76a51cc950d9822d68b83fe1ad97b32cd580d,0xfe2dd2d57a05f89438f3aec94eafa4070396bab0,18,18,PancakeSwapV3
PancakeSwapV3,0x560a3375c67c8ad4c13018c87633e6066477151f,PERRY,WBNB,200,10000,0x5043f271095350c5ac7db2384a0d9337e27c1055,0xbb4cdb9cbd36b01bd1cbaebf2de08d9173bc095c,18,18,PancakeSwapV3
PancakeSwapV3,0xb90bdbfbdffd4af5a636b5805539edeafb969308,USDT,NVDAon,200,10000,0x55d398326f99059ff775485246999027b3197955,0xa9ee28c80f960b889dfbd1902055218cba016f75,18,18,PancakeSwapV3
PancakeSwapV3,0x5d9b4046e1e5e7f03569c5f5e091e3fb7d24be13,AICZ,WBNB,200,10000,0x2ff8d8cae3a9633285c60150099bad25c9b4e5d9,0xbb4cdb9cbd36b01bd1cbaebf2de08d9173bc095c,18,18,PancakeSwapV3
PancakeSwapV3,0x75f65d235d93e1f25ad3338ec3c40834b8111269,WBNB,BNBMAN,200,10000,0xbb4cdb9cbd36b01bd1cbaebf2de08d9173bc095c,0xd27bd23928125f88b1204000f44723145bc3a07d,18,18,PancakeSwapV3
PancakeSwapV3,0xdffa66e14778083e6612d546ee6fbb4cb427b5f8,EIGEN,WBNB,50,2500,0x3be02fb6196ac1d0d3c7633f6af8b7121a7d2782,0xbb4cdb9cbd36b01bd1cbaebf2de08d9173bc095c,18,18,PancakeSwapV3
PancakeSwapV3,0x271566f87287480ae1f7ef65a1529e634d331a24,CIRCL,WBNB,200,10000,0x2a1d39e06955302f9262d4cfd3fe17e6e796d776,0xbb4cdb9cbd36b01bd1cbaebf2de08d9173bc095c,18,18,PancakeSwapV3
PancakeSwapV3,0x5a76a552f857aa4dc505740b6821278bf158adc2,WBNB,KOMA,200,10000,0xbb4cdb9cbd36b01bd1cbaebf2de08d9173bc095c,0xd5eaaac47bd1993d661bc087e15dfb079a7f3c19,18,18,PancakeSwapV3
PancakeSwapV3,0xb2e4962480d3974bd996e4abf051c73eb9c84d7d,BCH,WBNB,200,10000,0x8ff795a6f4d97e7887c79bea79aba5cc76444adf,0xbb4cdb9cbd36b01bd1cbaebf2de08d9173bc095c,18,18,PancakeSwapV3
PancakeSwapV3,0x497e224d7008fe47349035ddd98bedb773e1f4c5,XAUM,USDT,10,500,0x23ae4fd8e7844cdbc97775496ebd0e8248656028,0x55d398326f99059ff775485246999027b3197955,18,18,PancakeSwapV3
PancakeSwapV3,0xccd6de6b80c01d34e55ed5e53e78d14dc520ad89,USDT,USDT ,1,100,0x55d398326f99059ff775485246999027b3197955,0x73dae8901dcf6bb2033dab795b786e2beee2d5ba,18,18,PancakeSwapV3
UniswapV3CL,0xa6b97ec79645c4276836f81325e9d200728ff154,DCN,USDT,1,100,0x4c1d177c7b45b6c28d12bb3ed6beb04dc194be43,0x55d398326f99059ff775485246999027b3197955,18,18,UniswapV3CL
PancakeSwapV3,0x730fc50e26afde1cd8ff13e48f2cf7d05bff286e,XCA,WBNB,10,500,0x87600a0671d44ebc058d02f6e068edba96f55122,0xbb4cdb9cbd36b01bd1cbaebf2de08d9173bc095c,18,18,PancakeSwapV3
PancakeSwapV3,0x186ae1829a9c36c15b7ac5c782923889c4f8facc,WBNB,STTC,200,10000,0xbb4cdb9cbd36b01bd1cbaebf2de08d9173bc095c,0xead0f6691bcde39ec53074699634af4bf1d3d935,18,18,PancakeSwapV3
UniswapV3CL,0x447581e8199c65c74f783fa852539b51fed3aae2,WBNB,TA ,60,3000,0xbb4cdb9cbd36b01bd1cbaebf2de08d9173bc095c,0xf2258cfe1a2183d0b2c471d5bf3b8778ab536477,18,18,UniswapV3CL
PancakeSwapV3,0x4490e86e54401eb74fb6dc067ee52c5c0aab7185,LTRIO,WBNB,10,500,0x03863dcd560a02a2b9e7d8fbf48c8725da3f8125,0xbb4cdb9cbd36b01bd1cbaebf2de08d9173bc095c,18,18,PancakeSwapV3
UniswapV3CL,0xf420603317a0996a3fce1b1a80993eaef6f7ae1a,WSM,WBNB,60,3000,0x62694d43ccb9b64e76e38385d15e325c7712a735,0xbb4cdb9cbd36b01bd1cbaebf2de08d9173bc095c,18,18,UniswapV3CL
PancakeSwapV3,0x50a9663b08a33eddd9a642590f5cb8fb4079b8f8,SOLV,WBNB,50,2500,0xabe8e5cabe24cb36df9540088fd7ce1175b9bc52,0xbb4cdb9cbd36b01bd1cbaebf2de08d9173bc095c,18,18,PancakeSwapV3
PancakeSwapV3,0x6f3176a7b42d55af6451f7401fda3c5fd57a72b5,REKT,WBNB,1,100,0x20482b0b4d9d8f60d3ab432b92f4c4b901a0d10c,0xbb4cdb9cbd36b01bd1cbaebf2de08d9173bc095c,18,18,PancakeSwapV3
PancakeSwapV3,0xbfef1f4b4653edfdbdbec4889f880f3c18890d2e,PEPE3VIP,WBNB,1,100,0x2a3d0fa6a4057d3e16627fe99c1d253e3b462608,0xbb4cdb9cbd36b01bd1cbaebf2de08d9173bc095c,18,18,PancakeSwapV3
PancakeSwapV3,0x4e26d812a134560ee81202f560b6965ab7feda89,USDT,FIST,200,10000,0x55d398326f99059ff775485246999027b3197955,0xc9882def23bc42d53895b8361d0b1edc7570bc6a,18,6,PancakeSwapV3
PancakeSwapV3,0x3a0808a1c056af8d9e706db6ae7a97027ddc9d7d,MINIDOGE,WBNB,200,10000,0x3628674303596c6701d4b6ffdc1053dbbe99e8ca,0xbb4cdb9cbd36b01bd1cbaebf2de08d9173bc095c,18,18,PancakeSwapV3
PancakeSwapV3,0xfde534b62869a0879b6c952009deda29b2fc5a50,WTC,WBNB,1,100,0xa09d8624eae87e8b5f87b23fe694eea2d02dde2e,0xbb4cdb9cbd36b01bd1cbaebf2de08d9173bc095c,18,18,PancakeSwapV3
UniswapV3CL,0xabbeb324b090550ca6d15ec71019915813f54f90,USDT,TEO,1,100,0x55d398326f99059ff775485246999027b3197955,0xda292ca2b2f6e4063fd408b308a01b2fd0956e4f,18,18,UniswapV3CL
PancakeSwapV3,0x7a28b34d4aa9ad97ffe093b67acdf1c3c4d377ef,RESON,WBNB,50,2500,0x422313d9300243aae85969bfe728e4b9da86a60e,0xbb4cdb9cbd36b01bd1cbaebf2de08d9173bc095c,18,18,PancakeSwapV3
UniswapV3CL,0xda5b5a173c9cf88e5fcd0032e4346569c23a2217,?,WBNB,1,100,0xa79560af5989aaac570f5edb86e03e42c21db039,0xbb4cdb9cbd36b01bd1cbaebf2de08d9173bc095c,18,18,UniswapV3CL
PancakeSwapV3,0x1eb70015202f9e2707f4697a8042b7eda88fd1d7,EUD,WBNB,1,100,0x252958beaafd8b2b4b29b606723d9d7f0a8fccd3,0xbb4cdb9cbd36b01bd1cbaebf2de08d9173bc095c,18,18,PancakeSwapV3
PancakeSwapV3,0x34b063e93cca42452b23e3f28f6543704985d0d3,MNK,WBNB,1,100,0x905c33f041f14e6556d2cee1c86b259eccef22c2,0xbb4cdb9cbd36b01bd1cbaebf2de08d9173bc095c,18,18,PancakeSwapV3
PancakeSwapV3,0xc1dec267647276daf88ec85130a98650c24b7389,WBNB,BLWK,200,10000,0xbb4cdb9cbd36b01bd1cbaebf2de08d9173bc095c,0xf0b6e02bb5903bc98792aebe98e72007d3d7e5e8,18,18,PancakeSwapV3
PancakeSwapV3,0x7edc24acfe188b0886f53c0922bdb8f1c801341e,SOL,BTCB,200,10000,0x570a5d26f7765ecb712c0924e4de545b89fd43df,0x7130d2a12b9bcbfae4f2634d864a1ee1ce3ead9c,18,18,PancakeSwapV3
PancakeSwapV3,0x8c272def1599a54033629c6e8791dc29192d4d41,TUTU,WBNB,200,10000,0x22561553d47c1f73d9934c5b9f84d4d57ae4c78e,0xbb4cdb9cbd36b01bd1cbaebf2de08d9173bc095c,18,18,PancakeSwapV3
PancakeSwapV3,0x7c3dc1f839ba219f94e8582d6163f76e2349393b,USDT,UAI,1,100,0x55d398326f99059ff775485246999027b3197955,0xcc1a5a6999fa9a2ad147cd4ba399a9af99db4c76,18,18,PancakeSwapV3
PancakeSwapV3,0x069607fe13415d2af0ec99f030ca16a40fd12c3d,PIRATE,WBNB,200,10000,0xafcc12e4040615e7afe9fb4330eb3d9120acac05,0xbb4cdb9cbd36b01bd1cbaebf2de08d9173bc095c,8,18,PancakeSwapV3
PancakeSwapV3,0x6006048663311d0281149d973caa014c01d6b5a8,WBNB,MindAi,200,10000,0xbb4cdb9cbd36b01bd1cbaebf2de08d9173bc095c,0xdb02b618e307bd13a7736bd2e2bf47b0e200dbbc,18,18,PancakeSwapV3
PancakeSwapV3,0x6c56e97a82dd47bea4020806f4bd48ccd4927637,TCN,WBNB,1,100,0x1141d2ea301c704aebc7f79aa0f9ecba1ee0cbf9,0xbb4cdb9cbd36b01bd1cbaebf2de08d9173bc095c,18,18,PancakeSwapV3
PancakeSwapV3,0xc2aa42d47623e5f9750a952b78f303bbf839af98,HUMP,WBNB,1,100,0xaad4e0a15d3d6f2134654b09f249ba6ce93b6cba,0xbb4cdb9cbd36b01bd1cbaebf2de08d9173bc095c,18,18,PancakeSwapV3
PancakeSwapV3,0xff4cf7538037796ead44f8c8c9c9434bd2bab10b,AKS,WBNB,1,100,0x8a44ef67c6452353f79c08c0679138facc24d61c,0xbb4cdb9cbd36b01bd1cbaebf2de08d9173bc095c,18,18,PancakeSwapV3
UniswapV3CL,0x4b7c913e1ba8306e9818fcf7954ab8b53bd2cea1,GWEI,USDT,60,3000,0x30117e4bc17d7b044194b76a38365c53b72f7d49,0x55d398326f99059ff775485246999027b3197955,18,18,UniswapV3CL
PancakeSwapV3,0x3b1374b7f6f470951f28d7d9af942f7d6bcae562,WBNB,AICell,200,10000,0xbb4cdb9cbd36b01bd1cbaebf2de08d9173bc095c,0xde04da55b74435d7b9f2c5c62d9f1b53929b09aa,18,18,PancakeSwapV3
PancakeSwapV3,0x70ce5a36e5bf04f518cad78e2c15889c04b3eb21,TON,WBNB,1,100,0x0b880bb37374b5a37b50ceae4b2b151349ad1d7d,0xbb4cdb9cbd36b01bd1cbaebf2de08d9173bc095c,18,18,PancakeSwapV3
PancakeSwapV3,0xa9c13303630c81b2fbffa9a56fef13c2f39ef5ad,Dedpool,WBNB,10,500,0x18d40b58999acabb84d57d7d8419d28e22aa2d12,0xbb4cdb9cbd36b01bd1cbaebf2de08d9173bc095c,18,18,PancakeSwapV3
PancakeSwapV3,0xfb01a9716e76514b59f19bad3594dd79568a3bb6,CZ,WBNB,200,10000,0x6412bedcad6b4dd77325366e98b0e7c33bf3e132,0xbb4cdb9cbd36b01bd1cbaebf2de08d9173bc095c,18,18,PancakeSwapV3
UniswapV3CL,0x8e3ecc0b261f1a4db62321090575eb299844f077,USDT,AAVE,60,3000,0x55d398326f99059ff775485246999027b3197955,0xfb6115445bff7b52feb98650c87f44907e58f802,18,18,UniswapV3CL
PancakeSwapV3,0x6a116fc073d5c0cd3b65755da3dbe46d3ff9c1d3,ETH,DOG,50,2500,0x2170ed0880ac9a755fd29b2688956bd959f933f8,0xaa88c603d142c371ea0eac8756123c5805edee03,18,18,PancakeSwapV3
PancakeSwapV3,0xcf39e58ed4decc9ef7bdb2f9335602dc22be99b4,USDT,WoD,1,100,0x55d398326f99059ff775485246999027b3197955,0xb994882a1b9bd98a71dd6ea5f61577c42848b0e8,18,18,PancakeSwapV3
PancakeSwapV3,0xa738e60db3a860cc869d0dcfd3c0283337f06610,USDT,WBNB,1,100,0x72cb475d4beb52beeab76caf1976c339c54b995b,0xbb4cdb9cbd36b01bd1cbaebf2de08d9173bc095c,18,18,PancakeSwapV3
UniswapV3CL,0x59b0b75e05a6aa839df9ca3d75d2e47ef9515b2e,USDT,USELESS,200,10000,0x55d398326f99059ff775485246999027b3197955,0xba38b3c706f7a515ff7c8db04daa0a134ec46d2b,18,6,UniswapV3CL
PancakeSwapV3,0x3bb99801ef7f5f42f185f6237bb224014d19c5ca,WBNB,XOCIETY,50,2500,0xbb4cdb9cbd36b01bd1cbaebf2de08d9173bc095c,0xdfe1a9f321a1be8c876fb7067d1d9dac2a3eb944,18,18,PancakeSwapV3
PancakeSwapV3,0xacb622435b634e75b61473be6f839c46e36bd754,Mubarakah,WBNB,50,2500,0x3199a64bc8aabdfd9a3937a346cc59c3d81d8a9a,0xbb4cdb9cbd36b01bd1cbaebf2de08d9173bc095c,18,18,PancakeSwapV3
PancakeSwapV3,0x4d3bf29ba30f8bfe4624e7678709afa195689c5d,AKE,WBNB,1,100,0x2c3a8ee94ddd97244a93bc48298f97d2c412f7db,0xbb4cdb9cbd36b01bd1cbaebf2de08d9173bc095c,18,18,PancakeSwapV3
PancakeSwapV3,0xbc51349d35f600f6c501a4cdc1dc79108d1fe3eb,BIO,WBNB,50,2500,0x226a2fa2556c48245e57cd1cba4c6c9e67077dd2,0xbb4cdb9cbd36b01bd1cbaebf2de08d9173bc095c,18,18,PancakeSwapV3
PancakeSwapV3,0x4f6884cbf55b1b583e580d178969317b9822a1f1,STAR10,WBNB,200,10000,0x6f7f1bfd600cef6c66d4084e40b8f9d8feb787a7,0xbb4cdb9cbd36b01bd1cbaebf2de08d9173bc095c,18,18,PancakeSwapV3
PancakeSwapV3,0x6b7aff811ad66395b6d34b994b45de3880078156,USDT,CCC,1,100,0x55d398326f99059ff775485246999027b3197955,0xdd6abc8d9b3741df92eb82fb593f6abb1203ea92,18,18,PancakeSwapV3
PancakeSwapV3,0x412fcbe53be3b626fcaf83b6c45865862e2d9bd3,BTCBR,WBNB,1,100,0x49c32acaa21e8e8a55da53486437302864f45991,0xbb4cdb9cbd36b01bd1cbaebf2de08d9173bc095c,18,18,PancakeSwapV3
PancakeSwapV3,0x2491829dd1420f0fe423be503e68fca2b235037b,CB,WBNB,50,2500,0x0cff238f99b0f2017243e92ce5444d240685758b,0xbb4cdb9cbd36b01bd1cbaebf2de08d9173bc095c,18,18,PancakeSwapV3
PancakeSwapV3,0x31d3f4016ff42be89468868ba3ee3f6d70ac6f49,USDT,?,200,10000,0x55d398326f99059ff775485246999027b3197955,0x82ec31d69b3c289e541b50e30681fd1acad24444,18,18,PancakeSwapV3
PancakeSwapV3,0x948adacf75f75515b1242a8508aa15a0b23a88a4,WBNB,GAS,1,100,0xbb4cdb9cbd36b01bd1cbaebf2de08d9173bc095c,0xec3fcb414ffa3c9789f03af75f2e075a9ccdebdc,18,18,PancakeSwapV3
PancakeSwapV3,0x1af7c2872258913986044087bc87d8588cc55623,TGM,WBNB,1,100,0x342941ddd9bc4a69eae4898190b31b9e736ce9f0,0xbb4cdb9cbd36b01bd1cbaebf2de08d9173bc095c,6,18,PancakeSwapV3
PancakeSwapV3,0xbfba47d599a65e3db7092e92d81f8bdf065e6954,USDT,CLASS,10,500,0x55d398326f99059ff775485246999027b3197955,0xa5b7384a8986c8054a07eac94e5018f9b75a1de9,18,6,PancakeSwapV3
PancakeSwapV3,0xecff071b83c559c70409a913a4d14c385444fb0d,USDT,DTT,50,2500,0x55d398326f99059ff775485246999027b3197955,0x93b170d1cba63a22f97ac7aaf014077ffe74b0bb,18,18,PancakeSwapV3
PancakeSwapV3,0xff92c169c959c60f54fea5b2f596ff4c8542e766,USDT,USDT  ,1,100,0x55d398326f99059ff775485246999027b3197955,0xbd207175f3439ec084d9f2c459d84851caacba85,18,18,PancakeSwapV3
PancakeSwapV3,0x18f1c62c02926ee2c0db781fd981d1b311ec851d,USDT,FAIR,1,100,0x55d398326f99059ff775485246999027b3197955,0x5b23760feb069a226819e39d8e7de888c1521dc8,18,18,PancakeSwapV3
UniswapV3CL,0x75c5fbf77c1cd517544487aca4cc41e1ad95aced,USDT,?,60,3000,0x55d398326f99059ff775485246999027b3197955,0x924fa68a0fc644485b8df8abfa0a41c2e7744444,18,18,UniswapV3CL
PancakeSwapV3,0x61080f76fe44ebd785c06a88b330fc68c1f247bd,BNBman,WBNB,200,10000,0x4856ed21ab34289cdad2c381f1ad563e1c6b40ab,0xbb4cdb9cbd36b01bd1cbaebf2de08d9173bc095c,18,18,PancakeSwapV3
PancakeSwapV3,0x9b3ffca2cb65bb3ea2ead508d49293454d506e58,WBNB,aiMASK,1,100,0xbb4cdb9cbd36b01bd1cbaebf2de08d9173bc095c,0xc613b6bd4689ba9ffb6a9de1a2632cbf45ac8026,18,18,PancakeSwapV3
UniswapV3CL,0x9f66c0ffc5d0c80d2ce86c21a469fcb6e5aa3151,?,USDT,60,3000,0x0d9f4cf4fe0880369e600031e4c4112f4e9a647f,0x55d398326f99059ff775485246999027b3197955,18,18,UniswapV3CL
PancakeSwapV3,0x980a8e827f1a02113253f0bf4318d0a542c203b0,i3D,WBNB,50,2500,0xafb1e043f05fa591e42f31e94d7392aa415b27ce,0xbb4cdb9cbd36b01bd1cbaebf2de08d9173bc095c,18,18,PancakeSwapV3
PancakeSwapV3,0x95734145f74bb6e302f1af4d634c06b20be7cdf2,ICT,WBNB,1,100,0x9e26615daa838d448b1d0de5e220e1d97b158d53,0xbb4cdb9cbd36b01bd1cbaebf2de08d9173bc095c,18,18,PancakeSwapV3
PancakeSwapV3,0x47eec63a190fbcdc11328341c96543435d8559bc,USDT,AVA,50,2500,0x55d398326f99059ff775485246999027b3197955,0xd9483ea7214fcfd89b4fb8f513b544920e315a52,18,18,PancakeSwapV3
UniswapV3CL,0x6a32b830acac9ad59f23d77e0dc6c6d5e4622d31,USDT,USDC,200,10000,0x55d398326f99059ff775485246999027b3197955,0x8ac76a51cc950d9822d68b83fe1ad97b32cd580d,18,18,UniswapV3CL
PancakeSwapV3,0xb6596a1343675c8be9cf0fe265ba3a8d0f236cbf,PESOCOL,WBNB,1,100,0x6cc4e68c626f65d130db0d92244f243aab65718c,0xbb4cdb9cbd36b01bd1cbaebf2de08d9173bc095c,18,18,PancakeSwapV3
UniswapV3CL,0xb7b9d61bbdcf409b71758d688502fd3f696784a3,LAB,WBNB,200,10000,0x4f6823cb3d934a71b6dcba1cbee8f4a0e4f708b3,0xbb4cdb9cbd36b01bd1cbaebf2de08d9173bc095c,18,18,UniswapV3CL
PancakeSwapV3,0xfbae0fe5514d8d1989496dda2b7e53423f639e79,USDT,WBNB,1,100,0xbb4116885d8722f62bfc68fb9243ada5948c681a,0xbb4cdb9cbd36b01bd1cbaebf2de08d9173bc095c,18,18,PancakeSwapV3
PancakeSwapV3,0x7d633fc97698716d391256cc0235c5f576cefbd7,TMT,USDT,200,10000,0x4803ac6b79f9582f69c4fa23c72cb76dd1e46d8d,0x55d398326f99059ff775485246999027b3197955,18,18,PancakeSwapV3
PancakeSwapV3,0xdc5f3adbbe5dc6711cd6be3854256b53ad54c7dc,WOLVES,WBNB,1,100,0x79807815cc7326b30af2309b5010289ec605b2dd,0xbb4cdb9cbd36b01bd1cbaebf2de08d9173bc095c,18,18,PancakeSwapV3
PancakeSwapV3,0x97a6b71efe0f664b6aa676f237fc6bf50511e053,USDT,BRKC,10,500,0x55d398326f99059ff775485246999027b3197955,0x961656a5158ed06c39524a082bbbbe7ebd6757ce,18,18,PancakeSwapV3
PancakeSwapV3,0x3d58e34425041ddef639b919abba74a050e62fbd,WBNB,Aximo,200,10000,0xbb4cdb9cbd36b01bd1cbaebf2de08d9173bc095c,0xf061f47c436440e3e98efab66bfeb2f739d9caac,18,18,PancakeSwapV3
PancakeSwapV3,0x9eceb59d318743f6654ca68552cba411c159965f,BUY,WBNB,1,100,0x9979e9aec72f7524b4e1b9c82e403b80590de7c8,0xbb4cdb9cbd36b01bd1cbaebf2de08d9173bc095c,18,18,PancakeSwapV3
PancakeSwapV3,0x387ce2c6b36b3f93ed26f5f5dcd0943547c6dd69,DRIVECRYPTO,WBNB,10,500,0x40b36a22acd8298f37495c670bc7169d01abdf06,0xbb4cdb9cbd36b01bd1cbaebf2de08d9173bc095c,18,18,PancakeSwapV3
PancakeSwapV3,0x9f6eb6903c1277c8f02d71f8814dc9998199af1d,Cake,BUSD,50,2500,0x0e09fabb73bd3ade0a17ecc321fd13a19e81ce82,0xe9e7cea3dedca5984780bafc599bd69add087d56,18,18,PancakeSwapV3
PancakeSwapV3,0xfa51762acaed9d0573aca93fb3e75415d1106c2e,Power through network ,WBNB,1,100,0x26060e5f4b4d37137b3823efb76e8f47173dd469,0xbb4cdb9cbd36b01bd1cbaebf2de08d9173bc095c,18,18,PancakeSwapV3
PancakeSwapV3,0x9eaa0fda1a4153456f18960e0bf560923c70e8a0,AID,WBNB,1,100,0x6f58688ff9e2487fa2db89a67df397efad1b6313,0xbb4cdb9cbd36b01bd1cbaebf2de08d9173bc095c,18,18,PancakeSwapV3
PancakeSwapV3,0x26fb9ff6807607cea5a947e2101e9094187b0020,BSCPAD,WBNB,200,10000,0x5a3010d4d8d3b5fb49f8b6e57fb9e48063f16700,0xbb4cdb9cbd36b01bd1cbaebf2de08d9173bc095c,18,18,PancakeSwapV3
PancakeSwapV3,0xca50ce05346fdbe8bca36e50b7cd4eb713c3910a,COFFEE,WBNB,200,10000,0x4646f134a3433f43791e8df9b7e17666a1eb960d,0xbb4cdb9cbd36b01bd1cbaebf2de08d9173bc095c,18,18,PancakeSwapV3
UniswapV3CL,0x4141325bac36affe9db165e854982230a14e6d48,USDC,WBNB,1,100,0x8ac76a51cc950d9822d68b83fe1ad97b32cd580d,0xbb4cdb9cbd36b01bd1cbaebf2de08d9173bc095c,18,18,UniswapV3CL
PancakeSwapV3,0x7b9a74b76e76d642970ef369738cc29d26a1f981,DUMMY,WBNB,1,100,0x4ba8886ef12788f47b6eadb149e2156585b57d82,0xbb4cdb9cbd36b01bd1cbaebf2de08d9173bc095c,18,18,PancakeSwapV3
PancakeSwapV3,0x675d2e65cc49bfd551c05dbe793c6b57eba1bc42,BOSS ,WBNB,200,10000,0x87c096c90cd0b686dab884e79fac01ad4faa056f,0xbb4cdb9cbd36b01bd1cbaebf2de08d9173bc095c,18,18,PancakeSwapV3
UniswapV3CL,0x2f7a3ed4176039423a4bc9a687b89452b7ac58ab,cbBTC,USDT,200,10000,0x209cd1ce9423e351ec827a8adc12d43497b6a631,0x55d398326f99059ff775485246999027b3197955,18,18,UniswapV3CL
PancakeSwapV3,0x4c79895d9d0ab2d4abc9c4a1ed95a8f6ec4bcdd4,ALEO,WBNB,200,10000,0x3a73466771e62b1e5157c7c0665c97257be56087,0xbb4cdb9cbd36b01bd1cbaebf2de08d9173bc095c,18,18,PancakeSwapV3
PancakeSwapV3,0x1f09e24d330acaf4b94f7d9696e7f7915f4aa191,USDT,bita,50,2500,0x55d398326f99059ff775485246999027b3197955,0xdc7daaa6a8feb7358add5adc64a5299e8f8865eb,18,18,PancakeSwapV3
UniswapV3CL,0xa56014f46b442ccbd8f567c3a0864ac863f9a1ad,SAND,WBNB,60,3000,0xac531eb26ca1d21b85126de8fb87e80e09002dcf,0xbb4cdb9cbd36b01bd1cbaebf2de08d9173bc095c,18,18,UniswapV3CL
PancakeSwapV3,0x95a1572a4298fb16a077101f6646ebf38cb0bd21,MTECHT,WBNB,1,100,0x9535018a06a88800e564e9286e59fc66d1843e36,0xbb4cdb9cbd36b01bd1cbaebf2de08d9173bc095c,18,18,PancakeSwapV3
UniswapV3CL,0xcae31ef71e233fd05a07811054f150e1cb98c316,USDT,GRID,200,10000,0x55d398326f99059ff775485246999027b3197955,0xb31be1a2c4a83dd2acb4cb85c6f3e012341fa427,18,18,UniswapV3CL
PancakeSwapV3,0x2e06b64f694dc2c0ccc4756e56d59c5c264da913,FRFC,WBNB,1,100,0x192e258d799667991769ce864bf38c12d8411dd0,0xbb4cdb9cbd36b01bd1cbaebf2de08d9173bc095c,18,18,PancakeSwapV3
PancakeSwapV3,0xb7021120a77d68243097bfde152289db6d623407,DDDD,WBNB,50,2500,0x422cbee1289aae4422edd8ff56f6578701bb2878,0xbb4cdb9cbd36b01bd1cbaebf2de08d9173bc095c,18,18,PancakeSwapV3
PancakeSwapV3,0x360b5c99f6d09f5d3b0624144880687f973029f4,USDT,USDV,1,100,0x55d398326f99059ff775485246999027b3197955,0xd37dc62a16306a18a3a9e7f144c97c49e4b1f71a,18,18,PancakeSwapV3
PancakeSwapV3,0x54aab67f96dbaeb764a4af1924bda7f523e3c627,BNC,WBNB,200,10000,0x6cc43ffc4d2956ed15b8cd263ac8e9884775e7dc,0xbb4cdb9cbd36b01bd1cbaebf2de08d9173bc095c,18,18,PancakeSwapV3
PancakeSwapV3,0xc6b59e3c8830431837479e2ce623fd085c1cd041,BONKAI,WBNB,50,2500,0x74456d0205cba9ebe9594aa1ebcb0052593d289e,0xbb4cdb9cbd36b01bd1cbaebf2de08d9173bc095c,18,18,PancakeSwapV3
PancakeSwapV3,0xa5370e7311d90b8862614cd9b3675d157c92ce88,Broccoli,WBNB,200,10000,0x14f5b40cff76aa59db7670c70f934f222bd5544f,0xbb4cdb9cbd36b01bd1cbaebf2de08d9173bc095c,18,18,PancakeSwapV3
PancakeSwapV3,0x0f22c92850f9e2e958d9e110f5d8bfc0a7fd2947,USDT,BBS,10,500,0x55d398326f99059ff775485246999027b3197955,0x6b1818cfe2b41351d36a5e992e53bc95f3c31a66,18,18,PancakeSwapV3
PancakeSwapV3,0xf46eaa0c84f916b45295c999da8fd99c3dd6012e,RIO,WBNB,200,10000,0x94a8b4ee5cd64c79d0ee816f467ea73009f51aa0,0xbb4cdb9cbd36b01bd1cbaebf2de08d9173bc095c,18,18,PancakeSwapV3
PancakeSwapV3,0x71d8d5a672aa25e51f2e3a380348cffbbf928782,4,WBNB,200,10000,0xaabb6066809a1b25e34da5d130a84a15b47fdcd0,0xbb4cdb9cbd36b01bd1cbaebf2de08d9173bc095c,18,18,PancakeSwapV3
PancakeSwapV3,0x3bf4efc1711703bade15913a6d92eeb1fce52ff9,WBNB,BEEF,200,10000,0xbb4cdb9cbd36b01bd1cbaebf2de08d9173bc095c,0xd97063adf0095587700a430045e66b09fedfbeef,18,18,PancakeSwapV3
PancakeSwapV3,0x22dcc3f94e5f6546590b051560d54cbc4b21f24e,CDR,WBNB,1,100,0x6032a509de6dd91502333a459d6911e0cd367fb9,0xbb4cdb9cbd36b01bd1cbaebf2de08d9173bc095c,18,18,PancakeSwapV3
PancakeSwapV3,0xaa8fadca5d1f36e24c919168d0d4c7b12fec8d32,Jager,WBNB,10,500,0x74836cc0e821a6be18e407e6388e430b689c66e9,0xbb4cdb9cbd36b01bd1cbaebf2de08d9173bc095c,18,18,PancakeSwapV3
PancakeSwapV3,0xf43a9bf67becd3eb2f095d626a5caf855e6b1539,DDDD,WBNB,200,10000,0x6f9c4570b1c35d3e9924c51435ff9f9d2d74dddd,0xbb4cdb9cbd36b01bd1cbaebf2de08d9173bc095c,18,18,PancakeSwapV3
PancakeSwapV3,0x053edd1b2b004eeac974ff310f84f3d2767fb669,KFC,USDT,1,100,0x29ff653e29f791afe627055cb7252bfed3693f95,0x55d398326f99059ff775485246999027b3197955,18,18,PancakeSwapV3
PancakeSwapV3,0x5c8f8d3496d5ac9b8dbf9422a0183b93cb93291d,ETH,WETH,1,100,0x2170ed0880ac9a755fd29b2688956bd959f933f8,0x4db5a66e937a9f4473fa95b1caf1d1e1d62e29ea,18,18,PancakeSwapV3
PancakeSwapV3,0xd124da15fd2397fda21cdbe82722d621d4f7d8fc,ETH,LOVE_A,1,100,0x2170ed0880ac9a755fd29b2688956bd959f933f8,0x8822fdabd3303571fbd8332093830e458f27aae6,18,18,PancakeSwapV3
PancakeSwapV3,0xcaec2c3b3e675521db4c6379343597fd5319e91f,btee,WBNB,200,10000,0x1a0870a81ed9cf23ec2a648ff3ef4cc9965c98ec,0xbb4cdb9cbd36b01bd1cbaebf2de08d9173bc095c,18,18,PancakeSwapV3
PancakeSwapV3,0x5e1c7866c1da8009a2832c1d4cd8cf975c96a593,WBNB,DYOR,200,10000,0xbb4cdb9cbd36b01bd1cbaebf2de08d9173bc095c,0xf62f6edd6b7e95b2687a34b7aa1f07262e704b86,18,18,PancakeSwapV3
PancakeSwapV3,0xccc5c815458de5ec779e1c7849e03831b07a7f24,MST,WBNB,1,100,0x243a3039d0e4f1e71268f34a50b218c9690fe936,0xbb4cdb9cbd36b01bd1cbaebf2de08d9173bc095c,18,18,PancakeSwapV3
PancakeSwapV3,0x61dd8421f68f3250b61661d1212cc8c73a47a7bb,USDT,GBC,1,100,0x55d398326f99059ff775485246999027b3197955,0xe9dfce6083b32d221af276ae6408f606918fdf4e,18,18,PancakeSwapV3
PancakeSwapV3,0x7b34a11d0667b2a385383b0ff0eee54b1eb58ef2,WBNB,tt,200,10000,0xbb4cdb9cbd36b01bd1cbaebf2de08d9173bc095c,0xc9da36e7252bb67b76cea34abcf2f6ca23ead3dc,18,18,PancakeSwapV3
PancakeSwapV3,0x78fc96f3543337cd5393533ea66dc8fe42ad054d,WBNB,BNB Card,50,2500,0xbb4cdb9cbd36b01bd1cbaebf2de08d9173bc095c,0xdc06717f367e57a16e06cce0c4761604460da8fc,18,18,PancakeSwapV3
PancakeSwapV3,0x6e06d2b294fbeb832ad3a341f47000b37f22d517,USDT,BYTE,1,100,0x55d398326f99059ff775485246999027b3197955,0xefe827b1cb97de7c59c7c9888c7f9e5ed9684357,18,6,PancakeSwapV3
PancakeSwapV3,0xf27852f9dc8eb74af615bc89b27de921dd65215e,USDT,USD1,1,100,0x55d398326f99059ff775485246999027b3197955,0xe1f99eaecbad23d1005d32b582854850e3dbb6b5,18,18,PancakeSwapV3
PancakeSwapV3,0xfeb471559553ab5033e145c6de0c7df45a94ef37,USDT,NYS,1,100,0x55d398326f99059ff775485246999027b3197955,0xc4e22b5dbbc0ab2708db97b64a60d4ef3d80c955,18,18,PancakeSwapV3
PancakeSwapV3,0xa7b017eb8323b190cfb0a05461b0c844940dd999,USDK,USDT,10,500,0x1e6096a788047adcdad534248eaefd149a3ca94f,0x55d398326f99059ff775485246999027b3197955,18,18,PancakeSwapV3
PancakeSwapV3,0x96733e1b3bd19df3b3b951bc4e855b7fd6a54d45,USDT,USDT,1,100,0x55d398326f99059ff775485246999027b3197955,0x83e7f7181c0fa4c4d275be577840db48c57ea2f9,18,6,PancakeSwapV3
PancakeSwapV3,0x72c4a91333e7513cf71a235378a994d96cdcda59,USDT,USDT,1,100,0x55d398326f99059ff775485246999027b3197955,0x9db860ee1d323edeb2c68c278b50449f8c238888,18,18,PancakeSwapV3
PancakeSwapV3,0x576122b948c5de084a45c8ed97f363ae49429f23,USDT,USDT,1,100,0x55d398326f99059ff775485246999027b3197955,0x61181b351d98a530750afb63448ad86703a18888,18,18,PancakeSwapV3
PancakeSwapV3,0xecce746a81c99524e2074cf2432d87be5f227212,MT,USDT,1,100,0x379ef68c7241402b63d458572a4bb7cc677aaa46,0x55d398326f99059ff775485246999027b3197955,18,18,PancakeSwapV3
PancakeSwapV3,0xa7e66d9b028c9cc4beab7d3869bfef5f93795f5e,BTS,USDT,1,100,0x269c4867bc193c043b3e02bc8d2cc68088d21023,0x55d398326f99059ff775485246999027b3197955,18,18,PancakeSwapV3
PancakeSwapV3,0xe87e57d8cf587be2cacf43ce838dfbfbf0765778,USDT,BFF,1,100,0x55d398326f99059ff775485246999027b3197955,0x5c0b850f8905b9c562cccc6b6ce0889bda7e7fb1,18,18,PancakeSwapV3
PancakeSwapV3,0x44f859632ea58790fcf1a3989633a5a0d9b61e08,CUB,WBNB,1,100,0x73ba92834bc83e949e3b31dfed6873e31609c72b,0xbb4cdb9cbd36b01bd1cbaebf2de08d9173bc095c,18,18,PancakeSwapV3
PancakeSwapV3,0x03ddcc723d345da4783eca5e4e652149ead7766e,LUCK,WBNB,1,100,0x231b570e59862663a016bef0ebca80caa2b57670,0xbb4cdb9cbd36b01bd1cbaebf2de08d9173bc095c,18,18,PancakeSwapV3
PancakeSwapV3,0x8488664e52df2f6b3772042acec281447b063733,WBNB,VELO,1,100,0xbb4cdb9cbd36b01bd1cbaebf2de08d9173bc095c,0xf486ad071f3bee968384d2e39e2d8af0fcf6fd46,18,18,PancakeSwapV3
PancakeSwapV3,0xd97e03d02ce147cad1f470e436948436b6d12e1f,ETC,WBNB,200,10000,0x3d6545b08693dae087e957cb1180ee38b9e3c25e,0xbb4cdb9cbd36b01bd1cbaebf2de08d9173bc095c,18,18,PancakeSwapV3
PancakeSwapV3,0xc922d19188b4c2defecc64cb26b0080b05820e2e,AAAA,WBNB,50,2500,0x8e774aff411d0d0a35cae25ccdd11eea5b7ac0fc,0xbb4cdb9cbd36b01bd1cbaebf2de08d9173bc095c,18,18,PancakeSwapV3
PancakeSwapV3,0xcf99d2e75036e1e290433cc3a805f3e15fcdefec,AAAA,WBNB,50,2500,0x03185e7bd1344f569858467b5a8f05dee5f40648,0xbb4cdb9cbd36b01bd1cbaebf2de08d9173bc095c,18,18,PancakeSwapV3
PancakeSwapV3,0xb4ca2e367c1ad01058fe64c22213388445494c9c,VIRTUA,WBNB,10,500,0xaf5693f85c1d43d6f3fac9bf402178cbe4583fb0,0xbb4cdb9cbd36b01bd1cbaebf2de08d9173bc095c,18,18,PancakeSwapV3
PancakeSwapV3,0x1d5893c48b9bc83c61a0dac69e0a0ce3be8f1e1f,Koric,WBNB,200,10000,0x25022cb79b279e51e2315596a31beeae2e23417e,0xbb4cdb9cbd36b01bd1cbaebf2de08d9173bc095c,18,18,PancakeSwapV3
PancakeSwapV3,0x39e54166506fdcc516ae5466588a2d4aff187fd9,SkyAI,WBNB,50,2500,0xaa5c475b2563563500af2d7feb6877fc0af09594,0xbb4cdb9cbd36b01bd1cbaebf2de08d9173bc095c,18,18,PancakeSwapV3
PancakeSwapV3,0x60d4b33078dead2de3d91449eb89daa847fb46a3,TO,WBNB,10,500,0x721400393690bf4c6267924cabb9beda62c7f72d,0xbb4cdb9cbd36b01bd1cbaebf2de08d9173bc095c,18,18,PancakeSwapV3
PancakeSwapV3,0xc56e333824d923e33f62a1d3694b17a375f5f152,WBNB,GMC,1,100,0xbb4cdb9cbd36b01bd1cbaebf2de08d9173bc095c,0xe6258cee0837406301d245b2ce42e2571cd529be,18,18,PancakeSwapV3
PancakeSwapV3,0xe964a65a2cf627eef201352749609381a31e959a,WBNB,ANALOS,50,2500,0xbb4cdb9cbd36b01bd1cbaebf2de08d9173bc095c,0xbd4083030a26a99e2750d43fed3fee013f7da782,18,18,PancakeSwapV3
UniswapV3CL,0x639aaf50b1c5989c9d1d085f94598d2b7452057f,ACRIA,USDT,1,100,0x44f5909e97e1cbf5fbbdf0fc92fd83cde5d5c58a,0x55d398326f99059ff775485246999027b3197955,18,18,UniswapV3CL
PancakeSwapV3,0xc3ea7c33e846f88f4946f79f3419db17e62a6cda,USDT,GU,10,500,0x55d398326f99059ff775485246999027b3197955,0xb0bf53a9a91ad4e3a27d4c53b6134b072622fc76,18,18,PancakeSwapV3
UniswapV3CL,0xff654bad2c248a23f1fe347925f9fa8ebd83ae3b,WBNB,Cheese,60,3000,0xbb4cdb9cbd36b01bd1cbaebf2de08d9173bc095c,0xf2acb6767609b366e2bc436e3b6359d46d54267d,18,18,UniswapV3CL
PancakeSwapV3,0xdc35157217a3aeff3dcaf2e86327254fbf9f4601,USDT,USDe,1,100,0x55d398326f99059ff775485246999027b3197955,0x5d3a1ff2b6bab83b63cd9ad0787074081a52ef34,18,18,PancakeSwapV3
PancakeSwapV3,0xa4b3153768d5e22c210551e0e5851ca182175afa,MIT,WBNB,1,100,0x31849d7ed6c69709a53f3ef1f1e99e083b4a1105,0xbb4cdb9cbd36b01bd1cbaebf2de08d9173bc095c,18,18,PancakeSwapV3
PancakeSwapV3,0x8987eeffe7ccdc5810ae88f3f4f56d6a5f15d073,USDT,2LIFE,200,10000,0x55d398326f99059ff775485246999027b3197955,0x696abfb9b662e6545be8eec16c31cb4b891f3c2e,18,18,PancakeSwapV3
PancakeSwapV3,0x9f3fb89f6633dead96b197b89c98334c37b2e9f8,frampcoin,USDT,1,100,0x30e46ac419e2497f7b9aaeb5ba09aa97042214a9,0x55d398326f99059ff775485246999027b3197955,18,18,PancakeSwapV3
PancakeSwapV3,0x6a181e9b9cfcfdb61042f283312e5b8c8d0ebc4b,WBNB,ABXBT,200,10000,0xbb4cdb9cbd36b01bd1cbaebf2de08d9173bc095c,0xc1be2a46ef763f84a84bf4befc90878fd3b7666a,18,18,PancakeSwapV3
PancakeSwapV3,0x8168b9bef5a259e8a42df28bbb0863b21191f818,WBNB,AISAN,50,2500,0xbb4cdb9cbd36b01bd1cbaebf2de08d9173bc095c,0xef0a3467761324ed2ca03085cde2b92c3c9c6331,18,18,PancakeSwapV3
PancakeSwapV3,0xa55e2e280101106163dfecb95b8cca7c42463bba,ALEO,WBNB,200,10000,0x914674bb58e1e1d0c21eb619803884162a0f3858,0xbb4cdb9cbd36b01bd1cbaebf2de08d9173bc095c,18,18,PancakeSwapV3
PancakeSwapV3,0x27cee7ba3ce73693446eb840919f4d2add8c3149,KRT,WBNB,1,100,0x712165b3531ddfe1a1ef7b1ee653a5fb7006d95b,0xbb4cdb9cbd36b01bd1cbaebf2de08d9173bc095c,18,18,PancakeSwapV3
PancakeSwapV3,0xa40d991169930117b7f8308f402f70126db70668,NS,WBNB,1,100,0xaeca09d8156f08ce58c70121483fc6f94cc673e5,0xbb4cdb9cbd36b01bd1cbaebf2de08d9173bc095c,18,18,PancakeSwapV3
PancakeSwapV3,0x80f32e7bb10fa473fa4828f8828fedad2805ef29,AWUSDT,WBNB,1,100,0x7df4b916dfbaca3e5f4cbb0bc00c596efcec0877,0xbb4cdb9cbd36b01bd1cbaebf2de08d9173bc095c,18,18,PancakeSwapV3
PancakeSwapV3,0xf7d43a96ebffc8082bbb048d0bf134b61d54aae3,WBNB,FIANZA,1,100,0xbb4cdb9cbd36b01bd1cbaebf2de08d9173bc095c,0xe98a25e6c46142b1214dc2fb5e4a28118f74118d,18,18,PancakeSwapV3
PancakeSwapV3,0xb57b6efb19fefbe04fe207fae605703bcf71eb7c,bups,WBNB,50,2500,0x518eedf90587ec885c1c1f8763168d7ec3fa12b2,0xbb4cdb9cbd36b01bd1cbaebf2de08d9173bc095c,18,18,PancakeSwapV3
PancakeSwapV3,0x2964cbee248dd8e195f54cb601840cecd96a3abc,TRTA,WBNB,1,100,0x875d12840282ee6cdc95b52913446a955f37cfaf,0xbb4cdb9cbd36b01bd1cbaebf2de08d9173bc095c,18,18,PancakeSwapV3
PancakeSwapV3,0x006dfe90f91f1762f0070dafb1609897abb7ff67,PI,WBNB,1,100,0x2583a01850f59bfdbb23d271b4a11076773c6e9c,0xbb4cdb9cbd36b01bd1cbaebf2de08d9173bc095c,18,18,PancakeSwapV3
UniswapV3CL,0xfdc86e01fb2df0d98ecaa3266a7b6f0a58df8b0f,Web4,USDT,200,10000,0x2628b4be56e6d0509f1307240e7acaca53fc4444,0x55d398326f99059ff775485246999027b3197955,18,18,UniswapV3CL
PancakeSwapV3,0xd0290fc464a1cda312824e5419cffcc0c9b5eb69,PALA,USDT,10,500,0x1092c37557ef5dc759a77bad572b2302e22802bc,0x55d398326f99059ff775485246999027b3197955,18,18,PancakeSwapV3
PancakeSwapV3,0x27a5a3063b6f8dc8733d1632acb573ff89df7f39,THV,WBNB,50,2500,0x8f648ee834dae0742d1dd9230c88e44243a01774,0xbb4cdb9cbd36b01bd1cbaebf2de08d9173bc095c,18,18,PancakeSwapV3
PancakeSwapV3,0x6beeca233a90b28c53c5dc739337ad627de8729c,Nazi,WBNB,200,10000,0x7eb98e7e812df728d12f756edb5a808f32913de7,0xbb4cdb9cbd36b01bd1cbaebf2de08d9173bc095c,18,18,PancakeSwapV3
PancakeSwapV3,0x1de2a3dfebd6f56247b4b403fdb47fada086aa90,USDT,LQR,1,100,0x55d398326f99059ff775485246999027b3197955,0xc4a1e7106d08b7ff947254b6d75cf2b877d55daf,18,18,PancakeSwapV3
PancakeSwapV3,0x626f90c9a2d9fbaecd11fa350bbf568f81ab06c1,BULLA,WBNB,200,10000,0x595e21b20e78674f8a64c1566a20b2b316bc3511,0xbb4cdb9cbd36b01bd1cbaebf2de08d9173bc095c,18,18,PancakeSwapV3
PancakeSwapV3,0x6701b287c8170d6c290c6f4ef426782bd61ae310,ZEC,USDT,10,500,0x1ba42e5193dfa8b03d15dd1b86a3113bbbef8eeb,0x55d398326f99059ff775485246999027b3197955,18,18,PancakeSwapV3
PancakeSwapV3,0xe2580d6bd69c017365fd973a0b91453d8fc762ff,Tas,WBNB,200,10000,0x34961193b566b6f7549b69c9f45299f1e05bc940,0xbb4cdb9cbd36b01bd1cbaebf2de08d9173bc095c,18,18,PancakeSwapV3
PancakeSwapV3,0x6cfa5cf1408b1bb9db61b8285f6f2a0d616b00b0,Ghibli,WBNB,50,2500,0x795d2710e383f33fbebe980a155b29757b6703f3,0xbb4cdb9cbd36b01bd1cbaebf2de08d9173bc095c,18,18,PancakeSwapV3
PancakeSwapV3,0xb45574b514a59514f79fb1e064caac5de7dfe9b3,WBNB,penguin,1,100,0xbb4cdb9cbd36b01bd1cbaebf2de08d9173bc095c,0xdf29fce9c0534dcc1c6d9982603f4fa0740b4444,18,18,PancakeSwapV3
PancakeSwapV3,0xd370693f5bf597b82ac3687afcb420a3006c6d53,GO,WBNB,50,2500,0x5a0fe45aa8cdd36276539227bc016e3cee36eefb,0xbb4cdb9cbd36b01bd1cbaebf2de08d9173bc095c,18,18,PancakeSwapV3
PancakeSwapV3,0x6f68cb2d7c9a435cbee774a2532a5593dba1edd2,USDT,TFS,10,500,0x55d398326f99059ff775485246999027b3197955,0xf4bea2c219eb95c6745983b68185c7340c319d9e,18,18,PancakeSwapV3
PancakeSwapV3,0xf86d7f91dc06f90b1dcfb26a6461ab932f48088f,USDT,TK,10,500,0x55d398326f99059ff775485246999027b3197955,0x65850c7801d8c7ed905932744fddc0e4a067f0eb,18,18,PancakeSwapV3
PancakeSwapV3,0x032c23ee512f588b068afd37ecb1c7d73a47beb5,USDT,RTF,50,2500,0x55d398326f99059ff775485246999027b3197955,0xa89e2871a850e0e6fd8f0018ec1fc62fa75440d4,18,18,PancakeSwapV3
PancakeSwapV3,0x3044a7d072db96a184b1d5c3531349e9f45818f4,TTTT,WBNB,50,2500,0x1b5f39bd2e07d480b6c4b1d686d88d29abe65721,0xbb4cdb9cbd36b01bd1cbaebf2de08d9173bc095c,18,18,PancakeSwapV3
PancakeSwapV3,0x9bc04abab4b486eb5c678634642d3779cf90e093,TTT,WBNB,50,2500,0x22103881faada235fb05013226946f87d62621a6,0xbb4cdb9cbd36b01bd1cbaebf2de08d9173bc095c,18,18,PancakeSwapV3
PancakeSwapV3,0x03abc8bce97152b257c99f76e61ddb85e230432e,BEAN,WBNB,200,10000,0x30e62321eed0a1cf1f984450d51554a768629980,0xbb4cdb9cbd36b01bd1cbaebf2de08d9173bc095c,18,18,PancakeSwapV3
PancakeSwapV3,0xadb585c9d96cc71b2b2db9d3a7e79b023112058e,COD,WBNB,1,100,0x10dbb2bd537348ba690acf0edc5034537171f63d,0xbb4cdb9cbd36b01bd1cbaebf2de08d9173bc095c,18,18,PancakeSwapV3
PancakeSwapV3,0x07e17913808ca2983b10181e589d800218d57cc7,ZEC,WBNB,200,10000,0x1ba42e5193dfa8b03d15dd1b86a3113bbbef8eeb,0xbb4cdb9cbd36b01bd1cbaebf2de08d9173bc095c,18,18,PancakeSwapV3
PancakeSwapV3,0xb4c46e1bfa0b86b4e2149f661570a57a0a799797,CRAZY TRY,WBNB,200,10000,0x3ce48e51e224bcb1fb6ec75b394c87ff39c1e14a,0xbb4cdb9cbd36b01bd1cbaebf2de08d9173bc095c,18,18,PancakeSwapV3
PancakeSwapV3,0x29dd83d65dbfd9a78e42b1fdc3bbc8c30602b665,STOCK,WBNB,1,100,0x9bb5aa741c4635e7b8a5ad3d3f76c80302f53bb0,0xbb4cdb9cbd36b01bd1cbaebf2de08d9173bc095c,18,18,PancakeSwapV3
UniswapV3CL,0x8cda56bb7928be2e7f3143c15edc8c1c5f88aa8c,USDT,?,200,10000,0x55d398326f99059ff775485246999027b3197955,0xeccbb861c0dda7efd964010085488b69317e4444,18,18,UniswapV3CL
UniswapV3CL,0x86d708404d0db1d97843e66d4ed6b86d11be705b,ACS,WBNB,200,10000,0x8888888888f004100c0353d657be6300587a6ccd,0xbb4cdb9cbd36b01bd1cbaebf2de08d9173bc095c,18,18,UniswapV3CL
PancakeSwapV3,0xf78dd475d6cb804656443ffbfbdf288a617b4739,Kasblt,WBNB,10,500,0x80d117e20cb5361948aefcb606498ef74fdca629,0xbb4cdb9cbd36b01bd1cbaebf2de08d9173bc095c,18,18,PancakeSwapV3
PancakeSwapV3,0xc241e8fb314bc3799be2db94dce4d070c29b425d,ZRO,WBNB,200,10000,0x6985884c4392d348587b19cb9eaaf157f13271cd,0xbb4cdb9cbd36b01bd1cbaebf2de08d9173bc095c,18,18,PancakeSwapV3
PancakeSwapV3,0x5430245b4712b021b272f4d53abbc9260f2f34e1,USDT,Rocky,200,10000,0x55d398326f99059ff775485246999027b3197955,0xa85dd2ae43e5e6a532bb47f20ea901545e89dddd,18,18,PancakeSwapV3
PancakeSwapV3,0x5aa920e656d746cf8f18a32094ebf8ec80447dcd,LOLA,WBNB,1,100,0x34f0e9fbbf130e511603ae1b002a978e461541bb,0xbb4cdb9cbd36b01bd1cbaebf2de08d9173bc095c,18,18,PancakeSwapV3
PancakeSwapV3,0xd15cb1c3c5e1a761f4ac1486453b0fdfc493a1e2,Broccoli,WBNB,200,10000,0xa14b0b99c9117ea2f4fb2c9d772d95d9fd3acaab,0xbb4cdb9cbd36b01bd1cbaebf2de08d9173bc095c,18,18,PancakeSwapV3
PancakeSwapV3,0x59f40825332218e7b77683a1aa97a4a28c2b79e8,TSDT,USDT,1,100,0x55a9269948c244e08ca2dd3f8ba93b31630f1503,0x55d398326f99059ff775485246999027b3197955,18,18,PancakeSwapV3
PancakeSwapV3,0x156041889ca836d004f78928a9c5133b16fe9c38,WLFI,WBNB,50,2500,0x275172829913f314466aab1c03d10f1cd2fbde6d,0xbb4cdb9cbd36b01bd1cbaebf2de08d9173bc095c,18,18,PancakeSwapV3
PancakeSwapV3,0xca6555b740ff1fdca4b6cd05c68f33309c2ddbe7,PC,WBNB,1,100,0x7283d8a3e3ea5ca3f5e15a5b715d67789388163d,0xbb4cdb9cbd36b01bd1cbaebf2de08d9173bc095c,18,18,PancakeSwapV3
UniswapV3CL,0x09fef51c66a2c6a33f52d975c7cc7ad623e39fea,BOX,WBNB,200,10000,0x6386adc4bc9c21984e34fd916bb349dd861742af,0xbb4cdb9cbd36b01bd1cbaebf2de08d9173bc095c,18,18,UniswapV3CL
PancakeSwapV3,0x751658ebe052b31cb01a991f60dda49d2f7fadeb,USDT,first,50,2500,0x55d398326f99059ff775485246999027b3197955,0x73a0f5f121a0918ad6cbdf39da18f8d9a983dddd,18,18,PancakeSwapV3
PancakeSwapV3,0x90370a6f5c52a84744ef7691e9bed2f84eeea494,CUPID,WBNB,1,100,0x61c6c5b0b9c40e8e3227e24729f109b0767b9007,0xbb4cdb9cbd36b01bd1cbaebf2de08d9173bc095c,18,18,PancakeSwapV3
PancakeSwapV3,0x9a765bb414b302deeedca8f4c1e8b720d08cc40f,WEB3,WBNB,1,100,0x3d664bbab0b0ac3c4feb261dd8ff85dc64a012f5,0xbb4cdb9cbd36b01bd1cbaebf2de08d9173bc095c,18,18,PancakeSwapV3
PancakeSwapV3,0xd9082322db3aac78e82993bdf19e3f5d5ee83c7e,SharkBoy,WBNB,50,2500,0x8ef14704f60b8648d1025a84ef6e75690387d42f,0xbb4cdb9cbd36b01bd1cbaebf2de08d9173bc095c,18,18,PancakeSwapV3
PancakeSwapV3,0x7c71526793f42d1d2b2ac9776b03a07bb96271b7,KRX,WBNB,1,100,0x21b2339ffe9c64f3922f29fa07a93b7aa71efa9a,0xbb4cdb9cbd36b01bd1cbaebf2de08d9173bc095c,18,18,PancakeSwapV3
PancakeSwapV3,0x5a7dd38bd8f94a943d084a34a4f651a5aadfa2a1,LBLS,WBNB,10,500,0x4e451e4b149300fe901554fddac4bca0a2fcab05,0xbb4cdb9cbd36b01bd1cbaebf2de08d9173bc095c,18,18,PancakeSwapV3
PancakeSwapV3,0x61fbe042dc446c440c416eb4aadf606bccecf89d,GM,WBNB,1,100,0x5820d10bc15687c8573910dac65888c011607ee1,0xbb4cdb9cbd36b01bd1cbaebf2de08d9173bc095c,18,18,PancakeSwapV3
PancakeSwapV3,0xe2827c95c07099fb3038222647685430d10983e4,GLOB,WBNB,1,100,0x890bcb288a2a6b10a8fb64fb85ca89de07f730bf,0xbb4cdb9cbd36b01bd1cbaebf2de08d9173bc095c,18,18,PancakeSwapV3
PancakeSwapV3,0xc62a5a330997a595182c0db7378d2fdd9a586dad,MALL7,USDT,50,2500,0x5454787823471a0ac0418df7385cf6317b999568,0x55d398326f99059ff775485246999027b3197955,8,18,PancakeSwapV3
PancakeSwapV3,0x8802612432af5981a496e464443dc5438553c45e,NOT,WBNB,1,100,0x8c3b76a0753be90d20b9b2b87f3088e55408311c,0xbb4cdb9cbd36b01bd1cbaebf2de08d9173bc095c,18,18,PancakeSwapV3
PancakeSwapV3,0x84c47e11dcc6bfc4417e69b8e4f50de986ed607e,USDT,USDT,1,100,0x55d398326f99059ff775485246999027b3197955,0x9dfc26d073f1d11aa3ea8d6aed1ab5c7eac11ffa,18,6,PancakeSwapV3
PancakeSwapV3,0x5f01b0a8acd050c7dd3ccb30093744e11149a2a8,WBNB,Madeincz,50,2500,0xbb4cdb9cbd36b01bd1cbaebf2de08d9173bc095c,0xe13b6621e11b9412b5ae57e886a9b1ca4e108d6a,18,18,PancakeSwapV3
PancakeSwapV3,0x2853d72101d3634710d08b247e479156a2abd71b,WBNB,BBB,50,2500,0xbb4cdb9cbd36b01bd1cbaebf2de08d9173bc095c,0xc03e1cac2fc9165bdceb9ba475efa6dc579bdddd,18,18,PancakeSwapV3
PancakeSwapV3,0x361d5ae6cf69e795bef208ed7fcfa89cdf200ceb,WBNB,MRX,1,100,0xbb4cdb9cbd36b01bd1cbaebf2de08d9173bc095c,0xee84aaca8e26477648bfc5d087e0a0b3051ea51a,18,18,PancakeSwapV3
PancakeSwapV3,0x6ddc733931c3c6e726a22c631b633eab0c26cf2f,SHIBB,WBNB,10,500,0xb4c552501cd3d12d720fcdfd5b637382859aff46,0xbb4cdb9cbd36b01bd1cbaebf2de08d9173bc095c,8,18,PancakeSwapV3
PancakeSwapV3,0x7298f4bcf9fbc580b2aabcf5ad92fa2e3e4aac44,USDT,SZK,200,10000,0x55d398326f99059ff775485246999027b3197955,0xe05001a6fb6b1dcf2c0fa18f26abf691a5b9cca4,18,18,PancakeSwapV3
PancakeSwapV3,0x2bc552835b99e4170ac383986cf8b6b3503ccee4,SOG,WBNB,1,100,0x391395e20d8d942925b44ab26c2c6ecb1a6592b0,0xbb4cdb9cbd36b01bd1cbaebf2de08d9173bc095c,18,18,PancakeSwapV3
PancakeSwapV3,0x1f14eec9827400bc6cef76356613ba6b891c31b2,WBNB,CZ,50,2500,0xbb4cdb9cbd36b01bd1cbaebf2de08d9173bc095c,0xed4365bc988b13a5eaaea63d90099723a9cf328e,18,18,PancakeSwapV3
PancakeSwapV3,0x0a01d01a73ededa72c010557ac6a7af660dfe024,WBNB,long,50,2500,0xbb4cdb9cbd36b01bd1cbaebf2de08d9173bc095c,0xf10e8b10dd532ce15a008bbbab3e2d350a90ffd6,18,18,PancakeSwapV3
PancakeSwapV3,0xa0da9f067f827852c03a50f1b4c5a35d02d60afc,VLZ,WBNB,10,500,0x62e03b57173e852eef5ff03ade3ebfd8b6fe59ae,0xbb4cdb9cbd36b01bd1cbaebf2de08d9173bc095c,18,18,PancakeSwapV3
PancakeSwapV3,0xd4fb9d253739c5db6aad90ad2409757d224ccc0c,USDT,COOKIE,50,2500,0x55d398326f99059ff775485246999027b3197955,0xc0041ef357b183448b235a8ea73ce4e4ec8c265f,18,18,PancakeSwapV3
UniswapV3CL,0xc5b0e44d476bdd76736ef522b8c1fcf1a0f2ea69,USDT,TRS,10,500,0x55d398326f99059ff775485246999027b3197955,0xd184f46323f6d570e25360357daa47a2cf9035b2,18,18,UniswapV3CL
PancakeSwapV3,0x96a988fe58644eccb7548de295a6f5d206cce6a4,WIF,WBNB,200,10000,0x40decf0b33eb9a9b1b061abda24f316d8dd98153,0xbb4cdb9cbd36b01bd1cbaebf2de08d9173bc095c,18,18,PancakeSwapV3
PancakeSwapV3,0x19db0f97a271212df0b68cf73fb61f47673064ad,QOS,WBNB,200,10000,0x167d38744a17b80f5f5d010beeef5a9136390736,0xbb4cdb9cbd36b01bd1cbaebf2de08d9173bc095c,18,18,PancakeSwapV3
PancakeSwapV3,0xd957c2849d36b074927c1a71a515c9e8019a22f8,Rch,WBNB,1,100,0x4a8d59d0d0dc94323a09d3b072663d48ecbf8bd8,0xbb4cdb9cbd36b01bd1cbaebf2de08d9173bc095c,18,18,PancakeSwapV3
PancakeSwapV3,0xc423bc022d485476e021c79c4368feb39c0eb110,TOWN,USDT,50,2500,0x1aaeb7d6436fda7cdac7b87ab8022e97586d2da1,0x55d398326f99059ff775485246999027b3197955,18,18,PancakeSwapV3
PancakeSwapV3,0x6d8e37949dc301bbb264bd69c5a1644e50ff9f5a,BBLBEE,WBNB,1,100,0x65f5435a76453d13f588fedd969ac94a656f15d2,0xbb4cdb9cbd36b01bd1cbaebf2de08d9173bc095c,18,18,PancakeSwapV3
PancakeSwapV3,0xe32bc0678394602f8baf5c18e92bcec98b43e340,ABNC,WBNB,1,100,0x2631798086379b040cafede9a127dfa25956a763,0xbb4cdb9cbd36b01bd1cbaebf2de08d9173bc095c,18,18,PancakeSwapV3
PancakeSwapV3,0xcfdfd77686049e2531c340dbb050f77f3e6eb9b2,HOOD,WBNB,1,100,0x4bd8c22361a35a907663512cba16af93512c962a,0xbb4cdb9cbd36b01bd1cbaebf2de08d9173bc095c,18,18,PancakeSwapV3
PancakeSwapV3,0x26cafc4fc3974dc56ace58581663b4c7e9f977c2,LG,WBNB,1,100,0x4c4c3e2db8b7389c22ced932515a284a67a2ee7e,0xbb4cdb9cbd36b01bd1cbaebf2de08d9173bc095c,18,18,PancakeSwapV3
PancakeSwapV3,0xc3d2ed62db6e5db72f32b9e1cc6a8607ca84dddf,SFI,WBNB,200,10000,0x7636d8722fdf7cd34232a915e48e96aa3eb386bf,0xbb4cdb9cbd36b01bd1cbaebf2de08d9173bc095c,18,18,PancakeSwapV3
PancakeSwapV3,0x27146877da5116cbea9b0a330b8391318d34fcf5,MOON,WBNB,200,10000,0x3b4ab1855866e49684ba2405bcde844305d96bb9,0xbb4cdb9cbd36b01bd1cbaebf2de08d9173bc095c,18,18,PancakeSwapV3
PancakeSwapV3,0x462bb7911003709c6c9be099d6b4a389a2daafd6,WBNB,TIDDY,200,10000,0xbb4cdb9cbd36b01bd1cbaebf2de08d9173bc095c,0xe9227ffcd1703a7c6ab7b15bf1d94278e38ab0ff,18,18,PancakeSwapV3
PancakeSwapV3,0xe987e35fa5c0416b7da1097cafeeb422975f67b0,ATST,WBNB,10,500,0xa4f87ca32bd798a0b58c90ac31d35a4d162f9941,0xbb4cdb9cbd36b01bd1cbaebf2de08d9173bc095c,18,18,PancakeSwapV3
PancakeSwapV3,0xac0a75f8e208ce2371fba4d88df3cb239a10f363,WBNB,BitcoinLaundering,10,500,0xbb4cdb9cbd36b01bd1cbaebf2de08d9173bc095c,0xeb21dc73740ca6d089aa21d1fe921ebc91ba7d1b,18,18,PancakeSwapV3
PancakeSwapV3,0x03dc21dbb20e109aa8f013a12816e39aa1e40c66,ETH,XLM,200,10000,0x2170ed0880ac9a755fd29b2688956bd959f933f8,0x43c934a845205f0b514417d757d7235b8f53f1b9,18,18,PancakeSwapV3
PancakeSwapV3,0x801f1ac7e1f6f9d1a83c5c97fe89199ccd330199,BTLC,WBNB,1,100,0xb27c19154c3f7b2af7e3b41efe79929afbaf69b4,0xbb4cdb9cbd36b01bd1cbaebf2de08d9173bc095c,18,18,PancakeSwapV3
PancakeSwapV3,0xffd812b88efb58338180df51a6fde3118d23fca2,Metal,WBNB,1,100,0x78ce4fcf91f7efe76969d7c522ce49ca545c3b09,0xbb4cdb9cbd36b01bd1cbaebf2de08d9173bc095c,18,18,PancakeSwapV3
PancakeSwapV3,0xbe29fd1238b7874a490025234774a4b82bddc0bc,WBNB,ICE,200,10000,0xbb4cdb9cbd36b01bd1cbaebf2de08d9173bc095c,0xc335df7c25b72eec661d5aa32a7c2b7b2a1d1874,18,18,PancakeSwapV3
PancakeSwapV3,0x0d5209ac05f6a72b53cbd48d0a67e722234662d8,USDT,CTH,10,500,0x55d398326f99059ff775485246999027b3197955,0x8888888809b788cd6e40a2d27e67425d5d0b5d3b,18,18,PancakeSwapV3
PancakeSwapV3,0x8bafb1f15755af37370e9d67679ff2ff59c40b05,USDT,WLT,50,2500,0x55d398326f99059ff775485246999027b3197955,0x5c484c445959785f4992d2c516c0a6d06849d1b7,18,18,PancakeSwapV3
UniswapV3CL,0x9154c891ebf6bacf707970c501f58fecfe3a5bac,USDT,ZKP,60,3000,0x55d398326f99059ff775485246999027b3197955,0xd89b7dd376e671c124352267516bef1c2cc231a3,18,18,UniswapV3CL
PancakeSwapV3,0x03fe402dce78464f2ff15c2d2bcec716e70b482f,NLF,USDT,1,100,0x2f7e1ed6d3509935b65a816c07381013025bdf8d,0x55d398326f99059ff775485246999027b3197955,18,18,PancakeSwapV3
PancakeSwapV3,0xde8b6c56c8fff8799a247132e87ce47d58af071a,WBNB,BUILDAI,200,10000,0xbb4cdb9cbd36b01bd1cbaebf2de08d9173bc095c,0xcaed108e070e27ffa1ef03d34d45b998a4afea05,18,18,PancakeSwapV3
PancakeSwapV3,0x30ef2a203824b19637fecf57f123e529b1d81ad5,WBNB,TOAST,50,2500,0xbb4cdb9cbd36b01bd1cbaebf2de08d9173bc095c,0xd7154c766251ded4047e46fd51a100244681dddd,18,18,PancakeSwapV3
UniswapV3CL,0xf2161ecfd139a49982d856546719855cb3e221bb,TESTWILLOW,WBNB,200,10000,0x31ba00bc1013043b0c9a4c9ec7ed4e63c5b59359,0xbb4cdb9cbd36b01bd1cbaebf2de08d9173bc095c,18,18,UniswapV3CL
PancakeSwapV3,0x27519553488861a0352479bad5a668eb273895b9,Whites,WBNB,50,2500,0x23ffff554129c92b1d4835ff653abb995f5cdddd,0xbb4cdb9cbd36b01bd1cbaebf2de08d9173bc095c,18,18,PancakeSwapV3
PancakeSwapV3,0x92f7947987b1776cdf07542db2ee8733c5c7e3d3,Biao,WBNB,200,10000,0x5873a555b0ea78f51945e9902a136093eff5c2d3,0xbb4cdb9cbd36b01bd1cbaebf2de08d9173bc095c,18,18,PancakeSwapV3
PancakeSwapV3,0x01219fc92c94cbc4c847c8944f6b42a2159376c1,TLOS,WBNB,200,10000,0x193f4a4a6ea24102f49b931deeeb931f6e32405d,0xbb4cdb9cbd36b01bd1cbaebf2de08d9173bc095c,18,18,PancakeSwapV3
PancakeSwapV3,0xedcf65d1791bf923e695be483bfbeb2b8cf625be,GM,WBNB,50,2500,0xa06a7c0f9faf70c2110011f1b21c5c862bf2dddd,0xbb4cdb9cbd36b01bd1cbaebf2de08d9173bc095c,18,18,PancakeSwapV3
PancakeSwapV3,0x89e9149a366454f4edeb26e8521a31218cd9a429, NEKOCOIN,WBNB,50,2500,0x018dcd6e019abce4cab7748260aec86756c4dddd,0xbb4cdb9cbd36b01bd1cbaebf2de08d9173bc095c,18,18,PancakeSwapV3
PancakeSwapV3,0xfb98b7fa2d88334577514aea072e4d6a90b98bf3,blackrock,WBNB,50,2500,0xa93ffda2db9da02dd3177bf6b80e2212f37ddddd,0xbb4cdb9cbd36b01bd1cbaebf2de08d9173bc095c,18,18,PancakeSwapV3
PancakeSwapV3,0x6d727a11bc93849746a8dcbce1ee2f676f7198d4,?,WBNB,50,2500,0x22f00701d42fbd09b0e9110216012d005c41dddd,0xbb4cdb9cbd36b01bd1cbaebf2de08d9173bc095c,18,18,PancakeSwapV3
PancakeSwapV3,0x8842bf1f9ad473be4d0f0f95d1e49616bce669d8,feeling ,WBNB,50,2500,0x479aae77861f1cf6649328dc5c0bb768a1d3dddd,0xbb4cdb9cbd36b01bd1cbaebf2de08d9173bc095c,18,18,PancakeSwapV3
PancakeSwapV3,0x1549039424846e66c5bedea618876f8e23972560,FS,WBNB,50,2500,0x147c905e5637fbc3c4c1076588fca076c5e1dddd,0xbb4cdb9cbd36b01bd1cbaebf2de08d9173bc095c,18,18,PancakeSwapV3
PancakeSwapV3,0x8621022ae999ab4d83df1ba384ff312367f65c80,WBNB,Mike ,50,2500,0xbb4cdb9cbd36b01bd1cbaebf2de08d9173bc095c,0xc08145c27e0fa836b24cfdfe6737add14d19dddd,18,18,PancakeSwapV3
PancakeSwapV3,0xa26b5e5da414ce5c29dde01bf3965ed363431203,WBNB,PUFF,50,2500,0xbb4cdb9cbd36b01bd1cbaebf2de08d9173bc095c,0xc86e60aad9563834fa0f4f139c5b7c8130e5dddd,18,18,PancakeSwapV3
PancakeSwapV3,0xfb25cfebd7e309b98ac0ab733834068c7aac0c39,WBNB,LCUN,50,2500,0xbb4cdb9cbd36b01bd1cbaebf2de08d9173bc095c,0xdabb5ccb0f6bd9c06d5dc19b603f3ae9fbefdddd,18,18,PancakeSwapV3
PancakeSwapV3,0x97e7191547b59c2f935c3b4ed00343df4eec14ba,JAILHOUSE,WBNB,50,2500,0x540711c7ac094eac4122971338fa74b760c4dddd,0xbb4cdb9cbd36b01bd1cbaebf2de08d9173bc095c,18,18,PancakeSwapV3
PancakeSwapV3,0xbc81adc53bd38e6a7b006b63e19450916bf38347,CARROT,WBNB,50,2500,0x8cd616ade826e402551fad7019d3bf505c41dddd,0xbb4cdb9cbd36b01bd1cbaebf2de08d9173bc095c,18,18,PancakeSwapV3
PancakeSwapV3,0x873689902b0ab2bcb297b18a947ba3fc58db0e8a,?,WBNB,50,2500,0x334b819a6e2aca776165cfa86cc0bb3b6645dddd,0xbb4cdb9cbd36b01bd1cbaebf2de08d9173bc095c,18,18,PancakeSwapV3
PancakeSwapV3,0x44f063a9fd1fc8e45bbe2de2a0661fdccbc23c5e,WBNB,Valentine,50,2500,0xbb4cdb9cbd36b01bd1cbaebf2de08d9173bc095c,0xecb2de20203ceba85b5810bf45da40fdae71dddd,18,18,PancakeSwapV3
PancakeSwapV3,0x2d19bf981ac268079b61d5385985bb7695175da3,TestC,WBNB,50,2500,0x4132800dda6b9d59b34e3a206fb0a62a5316dddd,0xbb4cdb9cbd36b01bd1cbaebf2de08d9173bc095c,18,18,PancakeSwapV3
PancakeSwapV3,0xb2732de0427503725aed714b0b2693a6bb8ee66b,AKIKO,WBNB,50,2500,0x115718beeed5f127a56eebd3b990c2480ebedddd,0xbb4cdb9cbd36b01bd1cbaebf2de08d9173bc095c,18,18,PancakeSwapV3
PancakeSwapV3,0xad7bd74aa3cc71d3e5e8ab6c8f01c00b09c71775,() ,WBNB,50,2500,0xb3f6366fcd4631c75fa86624e0b1666e7152dddd,0xbb4cdb9cbd36b01bd1cbaebf2de08d9173bc095c,18,18,PancakeSwapV3
PancakeSwapV3,0x9c6076401d06af6eca1e6ebde0153499bb26295c,WBNB,ZOIN,50,2500,0xbb4cdb9cbd36b01bd1cbaebf2de08d9173bc095c,0xfc0e72201b8930fbb9f94c63daaeab7c397adddd,18,18,PancakeSwapV3
PancakeSwapV3,0xbc50a6e4e1c65be8794846d5f973c8d3a3600e71,HEDGE,WBNB,50,2500,0x514eac5847b6fd0b0f61626dd4a4e65265fbdddd,0xbb4cdb9cbd36b01bd1cbaebf2de08d9173bc095c,18,18,PancakeSwapV3
PancakeSwapV3,0x8cfa8bff882002ab7d88d447d50e5941a94da882,Mike ,WBNB,50,2500,0x928b20b164f926e3b9d4b8481a481d52f142dddd,0xbb4cdb9cbd36b01bd1cbaebf2de08d9173bc095c,18,18,PancakeSwapV3
PancakeSwapV3,0xd762b4ae2b06335e4fd59f5a05110eecb553d89a,USMC,WBNB,50,2500,0x7c5f923332d144d0dc1f7ed8378c38e67464dddd,0xbb4cdb9cbd36b01bd1cbaebf2de08d9173bc095c,18,18,PancakeSwapV3
PancakeSwapV3,0x5d112dac51fac83cf779c50fb2bc43a18054b935,rose,WBNB,50,2500,0x3a80c4b9a60c66e16a9750d649e9bef5b715dddd,0xbb4cdb9cbd36b01bd1cbaebf2de08d9173bc095c,18,18,PancakeSwapV3
PancakeSwapV3,0x974a30fcac6cf55e828fbe2e85639557408dac42,USDUT,WBNB,50,2500,0x6059b559a43547dda87d6b2d342bf60c96a5dddd,0xbb4cdb9cbd36b01bd1cbaebf2de08d9173bc095c,18,18,PancakeSwapV3
PancakeSwapV3,0xee944b597bb612297dcd72fa68617fefc29d5dbb,Bagwork,WBNB,50,2500,0x4cca3d903714a3cc63f75990d62cc101f92adddd,0xbb4cdb9cbd36b01bd1cbaebf2de08d9173bc095c,18,18,PancakeSwapV3
PancakeSwapV3,0xc1b4e202ffe3b07144c409269ea341f2f70249e5,irlcoin,WBNB,50,2500,0x425e4d2722783dc301c10ec52f0f0cb6bd36dddd,0xbb4cdb9cbd36b01bd1cbaebf2de08d9173bc095c,18,18,PancakeSwapV3
PancakeSwapV3,0x81bdb928ec91a6c51615e11f36580ccb5c58ecd7,JELLY ,WBNB,50,2500,0x0ad988a5f47b9cc00d3c5b3c5adfd4652eb0dddd,0xbb4cdb9cbd36b01bd1cbaebf2de08d9173bc095c,18,18,PancakeSwapV3
PancakeSwapV3,0x8e91a405d94d3eb6b4000ec34f2fe5b6c79e5a25,HARLOD,WBNB,50,2500,0x00b2c8f5a117b1b24b5b2585f989c6df56acdddd,0xbb4cdb9cbd36b01bd1cbaebf2de08d9173bc095c,18,18,PancakeSwapV3
PancakeSwapV3,0xb987e3dae55c3534b5acc15337c66cbc42d2b97f,Holo ,WBNB,50,2500,0xa3951b72b0b2fb22875f2c3b461a6f94f9e5dddd,0xbb4cdb9cbd36b01bd1cbaebf2de08d9173bc095c,18,18,PancakeSwapV3
PancakeSwapV3,0x7e338c99f728d4c21ceef86e48d68d56c05e37a4,Forg,WBNB,50,2500,0xa906bee7a6fd1b72a8a1dce768b793f3108fdddd,0xbb4cdb9cbd36b01bd1cbaebf2de08d9173bc095c,18,18,PancakeSwapV3
PancakeSwapV3,0xbadbae0adcd064be382670431918869b270f6521,fakecoin,WBNB,50,2500,0x705c746bcdf2e54842eefb46dd9bcd89afabdddd,0xbb4cdb9cbd36b01bd1cbaebf2de08d9173bc095c,18,18,PancakeSwapV3
PancakeSwapV3,0x179832f9ce02e8fc0dbfbd18b2c894aaf026aa17,WBNB,?,50,2500,0xbb4cdb9cbd36b01bd1cbaebf2de08d9173bc095c,0xd373cccc238d635f01216d2aca07f0f17fc7dddd,18,18,PancakeSwapV3
PancakeSwapV3,0x97440880d81ed275464e4ca7ab068bb0feccd495,robot,WBNB,50,2500,0x256a3ece8254c1844b30133324269fdac4ecdddd,0xbb4cdb9cbd36b01bd1cbaebf2de08d9173bc095c,18,18,PancakeSwapV3
PancakeSwapV3,0x0ca432e7344ff9f915f2eea0f81e880e4b220e1a, USEFUL ,WBNB,50,2500,0x973999d015014492854dba78e6526ae1de88dddd,0xbb4cdb9cbd36b01bd1cbaebf2de08d9173bc095c,18,18,PancakeSwapV3
PancakeSwapV3,0xca930fc2bcd051e669eab9dac1aa2eaca4f4aee6,WBNB,YY,50,2500,0xbb4cdb9cbd36b01bd1cbaebf2de08d9173bc095c,0xc47e32570d3cb22fd7a96be1ff0be5e078f6dddd,18,18,PancakeSwapV3
PancakeSwapV3,0xa4f6455601acffa9ba8240ff64a5cb12d602e5bb,WBNB,KEKIUS,50,2500,0xbb4cdb9cbd36b01bd1cbaebf2de08d9173bc095c,0xeb15e4d8683c64c3bec03ce861c0f88e9f36dddd,18,18,PancakeSwapV3
PancakeSwapV3,0x0189d3968d76ad39ee7270910c1ceccf80b55b23,Tokabu,WBNB,50,2500,0x2f93d24f43c52f8b48e674191d96b3558741dddd,0xbb4cdb9cbd36b01bd1cbaebf2de08d9173bc095c,18,18,PancakeSwapV3
PancakeSwapV3,0x5d9bc340d446fe9aefcb33f6a6eae03dcddda507,BORED,WBNB,50,2500,0x1f1f7b897ed630585baf3eebc3ab39dc81b4dddd,0xbb4cdb9cbd36b01bd1cbaebf2de08d9173bc095c,18,18,PancakeSwapV3
PancakeSwapV3,0x1166af32d03ad145a34a1eeea119783f8f48e208,WBNB,Natasha Cloud,50,2500,0xbb4cdb9cbd36b01bd1cbaebf2de08d9173bc095c,0xd97b4b3624dfaeeb8f6666706607bb466790dddd,18,18,PancakeSwapV3
PancakeSwapV3,0x65396198824e16c77b887a1cf05b2a2d49e6b7f2,AiOShi,WBNB,50,2500,0x242257a51f1ca06d4b1adbe643df65af8a06dddd,0xbb4cdb9cbd36b01bd1cbaebf2de08d9173bc095c,18,18,PancakeSwapV3
PancakeSwapV3,0x10fed00bba9ef806f7750ac3614b654e2a12318e,WBNB,BOSS,50,2500,0xbb4cdb9cbd36b01bd1cbaebf2de08d9173bc095c,0xf0ed20c0519ba37269588b960b66a68ede3adddd,18,18,PancakeSwapV3
PancakeSwapV3,0x83fbf9534de2e54abe51457f7fafd8a3052b91a0,WBNB,YZI,200,10000,0xbb4cdb9cbd36b01bd1cbaebf2de08d9173bc095c,0xe601f72306b0b054ca0fcb675c1d9388d1ec1d96,18,18,PancakeSwapV3
PancakeSwapV3,0x8e76a42daa206fa114884cc68f82f225e210e5b8,swasticoin,WBNB,200,10000,0x547842b1ddbf5362c190c7b9d7ebbdc2ad6b6b6c,0xbb4cdb9cbd36b01bd1cbaebf2de08d9173bc095c,18,18,PancakeSwapV3
UniswapV3CL,0x1182dc21ed7a9c9d238aa1cc4391886e7ad1cda2,Dog,WBNB,200,10000,0x70140a95c90c2109c0c5d0d37dbebaf43e2efb99,0xbb4cdb9cbd36b01bd1cbaebf2de08d9173bc095c,18,18,UniswapV3CL
PancakeSwapV3,0xca6759115739bc339f58f1f3978caf3633cabf8a,hulezhi,WBNB,50,2500,0x9035d47b6d309f5ba82838b429a9f86b2afe4bbf,0xbb4cdb9cbd36b01bd1cbaebf2de08d9173bc095c,18,18,PancakeSwapV3
PancakeSwapV3,0x30d59a44930b3994c116846efe55fc8fcf608aa8,ROAM,USDT,1,100,0x3fefe29da25bea166fb5f6ade7b5976d2b0e586b,0x55d398326f99059ff775485246999027b3197955,6,18,PancakeSwapV3
PancakeSwapV3,0x328f38a75e5d0632c9e3e156f97ebd2ba6c3baa9,USDT,SUSI,10,500,0x55d398326f99059ff775485246999027b3197955,0xda9c30737acb2ab72800e063e9ea792895d17df3,18,18,PancakeSwapV3
PancakeSwapV3,0x0b61d7ffe1425423676fe38da774dcab50dd4346,USDT,BUSD,1,100,0x55d398326f99059ff775485246999027b3197955,0xbd2216cf426aafa12d3abaf7e74327deb091ac1c,18,18,PancakeSwapV3
PancakeSwapV3,0xd4369a8ca6aa1f1d65cabc3e983c9759021555e9,USDT,UUSD,1,100,0x55d398326f99059ff775485246999027b3197955,0xc98d0d3b644b6de5aaa435cce7503c9c757e6595,18,18,PancakeSwapV3
UniswapV3CL,0xb64d578a84f7cd3c5ce205c836e3395c2c1c2f4f,Steak,WBNB,200,10000,0xb335643dc6bfecbf4cc5492e2e545c0d3a07beef,0xbb4cdb9cbd36b01bd1cbaebf2de08d9173bc095c,18,18,UniswapV3CL
PancakeSwapV3,0xa39c258cbc35cb243a18ecba38bfb024aeb3c709,USDT,GAIN,1,100,0x55d398326f99059ff775485246999027b3197955,0xa890f8ba60051ec8a5b528f056da362ba208a96f,18,18,PancakeSwapV3
PancakeSwapV3,0x9b7597061f87e6d1974d0d1bf7e558b052ff4407,MUSK,WBNB,50,2500,0xb96eba8f2393d708b0c2620988f513fcdc94dba8,0xbb4cdb9cbd36b01bd1cbaebf2de08d9173bc095c,18,18,PancakeSwapV3
PancakeSwapV3,0xdb7331ce9adcbcf81c34fa636e57b89069a0082d,Feeb,WBNB,200,10000,0x6d4a97a0697f6b1e4f2819e1013b705e1434beef,0xbb4cdb9cbd36b01bd1cbaebf2de08d9173bc095c,18,18,PancakeSwapV3
UniswapV3CL,0xf92594211ff31acf78d3d550a881909c96b0f969,TEST,WBNB,200,10000,0x042931beaebe1924b4afc5719eb6af510417beef,0xbb4cdb9cbd36b01bd1cbaebf2de08d9173bc095c,18,18,UniswapV3CL
UniswapV3CL,0x7ad06f575c23cdeebb7b2d95d2ea3c23a7b9351d,YIJIAO,WBNB,200,10000,0x360fe8f7ea9c312d75c09a03312b4d049cdabbee,0xbb4cdb9cbd36b01bd1cbaebf2de08d9173bc095c,18,18,UniswapV3CL
UniswapV3CL,0x39a4b7c362acb1be1188c832e86a75d35fa0a557,YIHEBOOBS,WBNB,200,10000,0x1afb86516e1431331189072ed9c8987657fcc68e,0xbb4cdb9cbd36b01bd1cbaebf2de08d9173bc095c,18,18,UniswapV3CL
PancakeSwapV3,0x185ac8bd6a8817b48df0bb84648d9b5fc01aba24,ZB,WBNB,200,10000,0x8afc14fb1954f909c167bdf06c93ed4e1e51592b,0xbb4cdb9cbd36b01bd1cbaebf2de08d9173bc095c,18,18,PancakeSwapV3
PancakeSwapV3,0x477408a166ab0404881bfa46c4192bc69931aa9f,SYNTH,WBNB,200,10000,0x5c75b486ead5eea67acb49f1a0e6214a89216d65,0xbb4cdb9cbd36b01bd1cbaebf2de08d9173bc095c,18,18,PancakeSwapV3
PancakeSwapV3,0xe55cc2f0da9254da3cf15a012ba959e4af10482d,FIT,WBNB,1,100,0x2760659b26eefc35ee92de4a6dc9e68c0d7e06e7,0xbb4cdb9cbd36b01bd1cbaebf2de08d9173bc095c,18,18,PancakeSwapV3
PancakeSwapV3,0x4a064da31b78e229129ce8e887e5a0f332a36fa3,PEPEMUSK,WBNB,200,10000,0x0dcd05357b83bf100e668f152bf14bf96b679cd1,0xbb4cdb9cbd36b01bd1cbaebf2de08d9173bc095c,18,18,PancakeSwapV3
PancakeSwapV3,0x0c74adda1fbffb2d4a6c248cdb02434e2e58b56f,WBNB,bnbn,200,10000,0xbb4cdb9cbd36b01bd1cbaebf2de08d9173bc095c,0xe7dddb648f864c93b7eeee30900d5da51c80beef,18,18,PancakeSwapV3
UniswapV3CL,0x393979864fc9d508de704d07dd774bcee17cd85c,RIMURU,WBNB,200,10000,0x7871dd374579b5b927c00cc744a0ba35a83f3cf1,0xbb4cdb9cbd36b01bd1cbaebf2de08d9173bc095c,18,18,UniswapV3CL
PancakeSwapV3,0xfe445189c801d57a303635076b96bac8f664713b,ZZZ,WBNB,200,10000,0x886bc0cfe0f75b2af962220067a4a29bc3d5beef,0xbb4cdb9cbd36b01bd1cbaebf2de08d9173bc095c,18,18,PancakeSwapV3
PancakeSwapV3,0x405351c43e54ce57b3f8bbfebb1892c149ca09f1,GHIBLI,WBNB,200,10000,0x3e6095046d954ac142a71a93d4a975646e6dbeef,0xbb4cdb9cbd36b01bd1cbaebf2de08d9173bc095c,18,18,PancakeSwapV3
PancakeSwapV3,0xcb71f4b7f0cd9f8d42d1db62d3b2e4f28980bfa8,test,WBNB,200,10000,0x43b9e43af4b414cc1e6bbb8451965ccbbb69beef,0xbb4cdb9cbd36b01bd1cbaebf2de08d9173bc095c,18,18,PancakeSwapV3
PancakeSwapV3,0x1886f9279dbb9f25238a0c5f4c6fd2a21860c3ae,PEPPO,WBNB,200,10000,0x32405e609e2c1d3143949a42b4b137814359beef,0xbb4cdb9cbd36b01bd1cbaebf2de08d9173bc095c,18,18,PancakeSwapV3
PancakeSwapV3,0xff4510e849c66fc03d07ca5b12107160d60689f7,BEER,WBNB,200,10000,0x9657dc2ba262666f7b0f92369b6cd4e37816beef,0xbb4cdb9cbd36b01bd1cbaebf2de08d9173bc095c,18,18,PancakeSwapV3
UniswapV3CL,0xc123089b870a73a2f945f2b1b50ad702282e3c47,CBNB,WBNB,200,10000,0x4200103967ff0f66ad6e270e2d1db5b54c2dbeef,0xbb4cdb9cbd36b01bd1cbaebf2de08d9173bc095c,18,18,UniswapV3CL
PancakeSwapV3,0x2f1a293e5e846c073e280ff8880a307a2549d129,bdoge,WBNB,200,10000,0x2d3205d5fbd81313171505227605dba110d7beef,0xbb4cdb9cbd36b01bd1cbaebf2de08d9173bc095c,18,18,PancakeSwapV3
PancakeSwapV3,0x8c78b7cf85ae6c9781aa5a1e269662b299a43998,DESU,USDT,10,500,0x32f1518baace69e85b9e5ff844ebd617c52573ac,0x55d398326f99059ff775485246999027b3197955,18,18,PancakeSwapV3
PancakeSwapV3,0x09ad46b4364d47a64a665088d890e8749eb91c37,Hach,WBNB,1,100,0x6dadf251b9a4da15e4b429facc43849d812e45ab,0xbb4cdb9cbd36b01bd1cbaebf2de08d9173bc095c,18,18,PancakeSwapV3
PancakeSwapV3,0xea58350cc9846c4cecc45a5c8dbf64e8f49970c9,PORK,WBNB,200,10000,0xa000d43779b9ded19a018bca6f8c38d5cee3beef,0xbb4cdb9cbd36b01bd1cbaebf2de08d9173bc095c,18,18,PancakeSwapV3
UniswapV3CL,0x659df05fb586a5b28b3642a7e4ce353f173cd74f,92F,WBNB,200,10000,0x53a5a4ecda4e91cead1120b8fd4a599b457fbeef,0xbb4cdb9cbd36b01bd1cbaebf2de08d9173bc095c,18,18,UniswapV3CL
UniswapV3CL,0xf00438caa2196b6a632f4f762a64a7430f5bdb23,BANANA,WBNB,200,10000,0x0b55bab562bc0c1417774e11640526a761d7beef,0xbb4cdb9cbd36b01bd1cbaebf2de08d9173bc095c,18,18,UniswapV3CL
PancakeSwapV3,0x173faca0720a6e4e4c171c1f525e40df30e8279f,ORANGE,WBNB,200,10000,0x4a8e4dbe8ce7a5dea7351e32759eb6c337f0beef,0xbb4cdb9cbd36b01bd1cbaebf2de08d9173bc095c,18,18,PancakeSwapV3
UniswapV3CL,0x3419fe510ef9544cdf5711268f481076b57aade2,apple,WBNB,200,10000,0x6b6eec5e9b3a412f7a7fca09cafa723694edbeef,0xbb4cdb9cbd36b01bd1cbaebf2de08d9173bc095c,18,18,UniswapV3CL
PancakeSwapV3,0x185d063ebc5ca23737e22cd462b6a690367d9b38,GhibliBeef,WBNB,200,10000,0x861329f87968af4e801716dfcc34205e6cebbeef,0xbb4cdb9cbd36b01bd1cbaebf2de08d9173bc095c,18,18,PancakeSwapV3
UniswapV3CL,0x417cb504cddb46f6ad8481422b39427d152d94ec,UBNBN,WBNB,200,10000,0x8295e6a3d179f32a6ccfd80ce7bd26e32fe6beef,0xbb4cdb9cbd36b01bd1cbaebf2de08d9173bc095c,18,18,UniswapV3CL
UniswapV3CL,0x92dd8800f6f393dad491e96af07d6a6c80606a06,biubiubiu,WBNB,200,10000,0x6bb80d1d9368fb523b258277498ac4b07829beef,0xbb4cdb9cbd36b01bd1cbaebf2de08d9173bc095c,18,18,UniswapV3CL
PancakeSwapV3,0x4371f5418719a26b3e9b32ef4eb5ccd6aeb5a96a,cz,WBNB,200,10000,0x7ca56855f338d81e23db6c1f0c3f3865e617beef,0xbb4cdb9cbd36b01bd1cbaebf2de08d9173bc095c,18,18,PancakeSwapV3
UniswapV3CL,0x1336c76685665c5f4c9cf63641164791c7cac9db,CZ,WBNB,200,10000,0x0e2f296773b29e80ee1808fd14860a0d9601beef,0xbb4cdb9cbd36b01bd1cbaebf2de08d9173bc095c,18,18,UniswapV3CL
UniswapV3CL,0x172f6960b8690e3988021923929fbd3eed3b0d35,COOK,WBNB,200,10000,0x9b3c878b3cef588ecae97e66934aefb541c5beef,0xbb4cdb9cbd36b01bd1cbaebf2de08d9173bc095c,18,18,UniswapV3CL
UniswapV3CL,0xd8f01afca04c49307fc2b28935d50289da74d008,FILET-A,WBNB,200,10000,0x76660f6c90a1a919e46b891033177a09adf4beef,0xbb4cdb9cbd36b01bd1cbaebf2de08d9173bc095c,18,18,UniswapV3CL
UniswapV3CL,0x80d3e67ad75fe77762346adf0389579c2b2318fd,FILET-B,WBNB,200,10000,0x95588f83f0061d72c4ad4074b692de8a9d7fbeef,0xbb4cdb9cbd36b01bd1cbaebf2de08d9173bc095c,18,18,UniswapV3CL
PancakeSwapV3,0x6a4a55fae8b7ad09e52ef83b51ce6ecab50403f9,doge,WBNB,200,10000,0xa5af34fdb46fc6dd5df27c2a86a61ab9aed8beef,0xbb4cdb9cbd36b01bd1cbaebf2de08d9173bc095c,18,18,PancakeSwapV3
PancakeSwapV3,0x1e0118e7bd6b9b3846e0468e1293f3e50970911d,T-BONE2,WBNB,200,10000,0x561fb810962d7e13efdfc88f544b9282bb4cbeef,0xbb4cdb9cbd36b01bd1cbaebf2de08d9173bc095c,18,18,PancakeSwapV3
UniswapV3CL,0x9ad2e78371c30141b3c49777832fd9c4430ae967,MOON,WBNB,200,10000,0x7e7d17f742aa9588ffd41a2f63a02d4b181fbeef,0xbb4cdb9cbd36b01bd1cbaebf2de08d9173bc095c,18,18,UniswapV3CL
UniswapV3CL,0xb7afc376de2f3b15f63d855ed3b8c40d2ba07eeb,Comoto,WBNB,200,10000,0x08d5a44449dc32f5db089469e194dc185d26beef,0xbb4cdb9cbd36b01bd1cbaebf2de08d9173bc095c,18,18,UniswapV3CL
UniswapV3CL,0xda9e21be83f6574573279bb8a7767e98b3843ca2,OMG,WBNB,200,10000,0x7a017913a2f5e4420ce9cebdd30b2b03c573beef,0xbb4cdb9cbd36b01bd1cbaebf2de08d9173bc095c,18,18,UniswapV3CL
UniswapV3CL,0x6ed90ba744852a454fd85a9e44a313edf5298036,doge,WBNB,200,10000,0x84857995d4bdc0162640eb2560e22d9e72a2beef,0xbb4cdb9cbd36b01bd1cbaebf2de08d9173bc095c,18,18,UniswapV3CL
PancakeSwapV3,0x3c0451b9199fc4fc662a74d1c7efc87cd07087bf,ZCP,WBNB,200,10000,0x1ace0a0fa1793e7f4a1c45d454d0291ac9eebeef,0xbb4cdb9cbd36b01bd1cbaebf2de08d9173bc095c,18,18,PancakeSwapV3
UniswapV3CL,0x54bc119c40eb05cfe053f2dc497d6d196bb93442,tUL,WBNB,200,10000,0x555411b953a084214356ea7919e197032a52beef,0xbb4cdb9cbd36b01bd1cbaebf2de08d9173bc095c,18,18,UniswapV3CL
UniswapV3CL,0xfaae810c96b8c7b38568e4500ff34a7a48a95b54,TU,WBNB,200,10000,0x953ccc2cdc44b0efc1890f6165cb6c392a62beef,0xbb4cdb9cbd36b01bd1cbaebf2de08d9173bc095c,18,18,UniswapV3CL
PancakeSwapV3,0xc444cf47aeceb8d9452dda37f6208b8abc413101,croc,WBNB,200,10000,0x6316e74ff58044fd8cae2276086537a632b2beef,0xbb4cdb9cbd36b01bd1cbaebf2de08d9173bc095c,18,18,PancakeSwapV3
UniswapV3CL,0xa22cee121a9bcea4c5bec39df5d286d377517f29,JMCS,WBNB,200,10000,0x54b1fd8d9bcab6f2e2fcfa1110b7d2b16611beef,0xbb4cdb9cbd36b01bd1cbaebf2de08d9173bc095c,18,18,UniswapV3CL
PancakeSwapV3,0xbdac462d278bc67e9007361401089b896c464c48,MRC,WBNB,200,10000,0x95a1a276a719d3253e1e342c59beccefe1e016d2,0xbb4cdb9cbd36b01bd1cbaebf2de08d9173bc095c,18,18,PancakeSwapV3
PancakeSwapV3,0xacbaca316293e8579fe8d4a7d70e8fdf8105dc05,Broccoli,WBNB,50,2500,0x938625cfb9467e6e665d68a4730ff9de2a09680a,0xbb4cdb9cbd36b01bd1cbaebf2de08d9173bc095c,18,18,PancakeSwapV3
PancakeSwapV3,0x6a172c581683e912b59e8151dd194070ce34f797,WBNB,M,50,2500,0xbb4cdb9cbd36b01bd1cbaebf2de08d9173bc095c,0xd7881e6737f6ce97c8debeb1f5bd70b212665fad,18,18,PancakeSwapV3
PancakeSwapV3,0xa7300dabae0e871303b693c0c49a5e4be1c68b9b,WBNB,POGAI INU,10,500,0xbb4cdb9cbd36b01bd1cbaebf2de08d9173bc095c,0xda55dda83a4ed0a28631f07082789605c7572260,18,18,PancakeSwapV3
UniswapV3CL,0x5e7b312c56bed9947bf3a4f9aabe8cbdc4a7948e,RAINDOG,WBNB,200,10000,0x900df7b1c4ed922c5bcf13d96e1a3db86d1e149e,0xbb4cdb9cbd36b01bd1cbaebf2de08d9173bc095c,18,18,UniswapV3CL
PancakeSwapV3,0xe75f2a44bc6bde6637cd73fc76b065a47375ebb1,BB,WBNB,200,10000,0x753fc5e107fd8c63dc84daa4bc08370f2c05ffc8,0xbb4cdb9cbd36b01bd1cbaebf2de08d9173bc095c,18,18,PancakeSwapV3
UniswapV3CL,0x39ca35023483ed6a124417878d89d99f69c95938,Qinshihuang,WBNB,200,10000,0x9dc1f0c34a0b02f8c39b0b760cdeb0db88a38e80,0xbb4cdb9cbd36b01bd1cbaebf2de08d9173bc095c,18,18,UniswapV3CL
UniswapV3CL,0x0c4170f3ef540f672da059d945e7e945361798cc,mluobarak,WBNB,200,10000,0x7d8306568bee27ece0e49a3fa62771dc0e254970,0xbb4cdb9cbd36b01bd1cbaebf2de08d9173bc095c,18,18,UniswapV3CL
UniswapV3CL,0x24b363eea1da138f68ce414a9c49fc8f22eb1a0c,DECAI,WBNB,200,10000,0x19597027354ef3c9075ee7ad75dcbbae9fa470f3,0xbb4cdb9cbd36b01bd1cbaebf2de08d9173bc095c,18,18,UniswapV3CL
UniswapV3CL,0x0e2da7778c055295577397148d3e4cc81d6d3b17,LOTUS,WBNB,200,10000,0xb5833de5e1c8232b6dfb030728024a3288e490ad,0xbb4cdb9cbd36b01bd1cbaebf2de08d9173bc095c,18,18,UniswapV3CL
PancakeSwapV3,0xc8255e3fa0f4c6e6678807d663f9e2263e23a8e8,WBNB,BUBB,50,2500,0xbb4cdb9cbd36b01bd1cbaebf2de08d9173bc095c,0xd5369a3cac0f4448a9a96bb98af9c887c92fc37b,18,18,PancakeSwapV3
PancakeSwapV3,0x6ad35ba26a317d93ff39b491a5da6d77508240cd,ANIMA,WBNB,10,500,0x465c76f928fb1069d464e1bbbaa8172953781db0,0xbb4cdb9cbd36b01bd1cbaebf2de08d9173bc095c,18,18,PancakeSwapV3
PancakeSwapV3,0x95a104c16b94ca52b6c9069d82a13ca3f0c57607,USDT,STBL,50,2500,0x55d398326f99059ff775485246999027b3197955,0x8dedf84656fa932157e27c060d8613824e7979e3,18,18,PancakeSwapV3
UniswapV3CL,0x483c754f11b47bca2d0f37567136ab280734cedd,USDT,SIREN,200,10000,0x55d398326f99059ff775485246999027b3197955,0x997a58129890bbda032231a52ed1ddc845fc18e1,18,18,UniswapV3CL
PancakeSwapV3,0x8129c8e2e686d1448eff24e91855e153411814ed,LONCHER,WBNB,200,10000,0x73b5e3439ff9af2f6ed0b9d31c7a3da5fcd354db,0xbb4cdb9cbd36b01bd1cbaebf2de08d9173bc095c,18,18,PancakeSwapV3
PancakeSwapV3,0xb1b86a86618436399afdad8de1536b879798f20c,LONCHER,WBNB,200,10000,0x7708d45465374154095c7f4fb0b71723c6eff105,0xbb4cdb9cbd36b01bd1cbaebf2de08d9173bc095c,18,18,PancakeSwapV3
PancakeSwapV3,0x3d190ea630edbae6fb7d967ad63588b0e4ed5bdc,WBNB,ICECREAM,200,10000,0xbb4cdb9cbd36b01bd1cbaebf2de08d9173bc095c,0xd438b82543fb109f34575c825edaeefc98f1f2b4,18,18,PancakeSwapV3
PancakeSwapV3,0xe38990ce0c454f90b3ff056c2ab469c59ef7d69c,HOLD,WBNB,200,10000,0xba7641836949e5054cdf5d0e4b3ff55cf5798edf,0xbb4cdb9cbd36b01bd1cbaebf2de08d9173bc095c,18,18,PancakeSwapV3
PancakeSwapV3,0xf5675655581e35f2bb2f2638da56b9150ebf7110,LONCHER,WBNB,200,10000,0x2278861bf25e88d4b3884e6e06d0929a5f6296e4,0xbb4cdb9cbd36b01bd1cbaebf2de08d9173bc095c,18,18,PancakeSwapV3
PancakeSwapV3,0xc721deccd986d54b39e8c29428a1f06155c3671e,USDC,WBNB,50,2500,0x8ac76a51cc950d9822d68b83fe1ad97b32cd580d,0xbb4cdb9cbd36b01bd1cbaebf2de08d9173bc095c,18,18,PancakeSwapV3
PancakeSwapV3,0x70a8201143823c8d9ce6bf412bded8c7d9230fde,LONCHER,WBNB,200,10000,0x89e1d8e57289789b946036824c93ce1ba669e6f9,0xbb4cdb9cbd36b01bd1cbaebf2de08d9173bc095c,18,18,PancakeSwapV3
PancakeSwapV3,0x51d0ac8d979d2420855de1a6687a59e2790f27e3,TESTLP,WBNB,200,10000,0x23301f4fdd39586988cedae9fa6c3c387a6133d6,0xbb4cdb9cbd36b01bd1cbaebf2de08d9173bc095c,18,18,PancakeSwapV3
PancakeSwapV3,0xf6b63fc52e68db44ad1b4e092418ae720a63ec6e,LONCHER,WBNB,200,10000,0x123ae0c081e4210c665772563c9b497d456fbeac,0xbb4cdb9cbd36b01bd1cbaebf2de08d9173bc095c,18,18,PancakeSwapV3
PancakeSwapV3,0x82680e2688f69cbebdb1f1fa91a1039b562c7943,LONCHER,WBNB,200,10000,0x6bd23ce35a624396195e8dac4342cb16a438d27c,0xbb4cdb9cbd36b01bd1cbaebf2de08d9173bc095c,18,18,PancakeSwapV3
PancakeSwapV3,0xeabe10430d360b1899e105ff2eed52596dc4dbfd,FLY,WBNB,200,10000,0x58fb7ba60da6d2a52f240f98d980bbbcba4eb535,0xbb4cdb9cbd36b01bd1cbaebf2de08d9173bc095c,18,18,PancakeSwapV3
PancakeSwapV3,0x6d16e7a53e164b8d968eddb8af025da23c7f728d,WBNB,GHIBLI BEEF,200,10000,0xbb4cdb9cbd36b01bd1cbaebf2de08d9173bc095c,0xc5874bf3bb98164b71ec398d3a2a85894c73beef,18,18,PancakeSwapV3
PancakeSwapV3,0x369c732dbd4aca3da5218307c8f57cdb8a127744,MSN,WBNB,200,10000,0x2d22ca6d83b8ec8b9ae607329b63b7c1930ece0b,0xbb4cdb9cbd36b01bd1cbaebf2de08d9173bc095c,18,18,PancakeSwapV3
PancakeSwapV3,0xd565628e335f5ccc97344e83366c8df5cea34850,LONCHER,WBNB,200,10000,0x90144997648d6efaf1d31d676323045092c755d8,0xbb4cdb9cbd36b01bd1cbaebf2de08d9173bc095c,18,18,PancakeSwapV3
PancakeSwapV3,0xe12a25d94a14bfea6a72ec76db9d6d4dc83f63e3,YEE,WBNB,1,100,0x522bd8db144369257fa01b870b5bd05ec4909ebc,0xbb4cdb9cbd36b01bd1cbaebf2de08d9173bc095c,18,18,PancakeSwapV3
PancakeSwapV3,0x8dec6ad713cd35c9f441d00286e3e9daa214270a,LONCH,WBNB,200,10000,0x2d48a90f10fb7ccf592bda8196ab1ce238163a34,0xbb4cdb9cbd36b01bd1cbaebf2de08d9173bc095c,18,18,PancakeSwapV3
PancakeSwapV3,0x839ae51ac9f543fd2f63b639adb3945eff415732,USELESS,WBNB,200,10000,0x948cd39a4d70bb2bd72caca3ea44c33b6abe8e21,0xbb4cdb9cbd36b01bd1cbaebf2de08d9173bc095c,18,18,PancakeSwapV3
PancakeSwapV3,0x12b094060705d7118e1a55cb3102b9da3e0cc7a7,LONCHER,WBNB,200,10000,0x8860d201143b27a7a43b9d71826d05fa454820d3,0xbb4cdb9cbd36b01bd1cbaebf2de08d9173bc095c,18,18,PancakeSwapV3
PancakeSwapV3,0x877e87177e835c208410966050791030c7772626,LONCHER,WBNB,200,10000,0x6bde322390ba4c90bde965fba6b6f9fce217aaff,0xbb4cdb9cbd36b01bd1cbaebf2de08d9173bc095c,18,18,PancakeSwapV3
PancakeSwapV3,0x741cbb98483a9aa025f0704fc5d96a53746aa47d,LONCH,WBNB,200,10000,0x017cf2d8d13cd94adac849245b8fe95312d72a28,0xbb4cdb9cbd36b01bd1cbaebf2de08d9173bc095c,18,18,PancakeSwapV3
PancakeSwapV3,0x697632126b901f1feb5d54f3c89f818fbffe4df7,LONCHER,WBNB,200,10000,0x5b199790377dc3dad09edb3d73e85925bea6ccb3,0xbb4cdb9cbd36b01bd1cbaebf2de08d9173bc095c,18,18,PancakeSwapV3
PancakeSwapV3,0x0bb89ec4ea9df7e29262b9eb6979e69330d8b990,LONCH,WBNB,200,10000,0x7b4f50e85dddb1b44768fe1de3a9e20a941ab959,0xbb4cdb9cbd36b01bd1cbaebf2de08d9173bc095c,18,18,PancakeSwapV3
PancakeSwapV3,0xfe5caa2e85936a946b117acbbb17823ad5a90b7f,USDB,WBNB,200,10000,0x0d0e326903b05471e55fa92082576878235ea45f,0xbb4cdb9cbd36b01bd1cbaebf2de08d9173bc095c,18,18,PancakeSwapV3
PancakeSwapV3,0xc362199dd6209398ad231c258330fa5b600a17f8,STINKCOIN,WBNB,200,10000,0x2448d6f86769c76b05e3ceb4f6413dead27983f8,0xbb4cdb9cbd36b01bd1cbaebf2de08d9173bc095c,18,18,PancakeSwapV3
PancakeSwapV3,0xbf395387308452053e87aa2bb4c41749ae45ce3c,FARM,WBNB,200,10000,0xa8b2d8462c824f6ff675fd65b0dca8cd1c2f98bc,0xbb4cdb9cbd36b01bd1cbaebf2de08d9173bc095c,18,18,PancakeSwapV3
PancakeSwapV3,0xb9b67ed121a27a0854cbef27241a8e6c2239491b,8,WBNB,200,10000,0x703f8aeaebb48af0484c65f194ddab17a7558a48,0xbb4cdb9cbd36b01bd1cbaebf2de08d9173bc095c,18,18,PancakeSwapV3
PancakeSwapV3,0x4b94e6ab9594861adc361448e14cd52fbecb5dae,CRM,WBNB,200,10000,0x70d5379aba74838f49fbe2317a324b406fd54f7a,0xbb4cdb9cbd36b01bd1cbaebf2de08d9173bc095c,18,18,PancakeSwapV3
PancakeSwapV3,0x55e6460dd4c65bd341137bafcb2da6a60460a18a,MTK,WBNB,200,10000,0x29bcb8275fa76fbf67bca6974329826e3ee40d98,0xbb4cdb9cbd36b01bd1cbaebf2de08d9173bc095c,18,18,PancakeSwapV3
PancakeSwapV3,0x5da22952ca0765991c1ae06496ffc338d3aaae94,BWS,WBNB,200,10000,0x5630345cf16276b5ed9b656fde74c9a27bf615e5,0xbb4cdb9cbd36b01bd1cbaebf2de08d9173bc095c,18,18,PancakeSwapV3
PancakeSwapV3,0x2a5d589475697e9648d09928ad819efd37dc017c,ISC,WBNB,200,10000,0xb09dfc27f29611cc25fd45da3f609e12b6d934a1,0xbb4cdb9cbd36b01bd1cbaebf2de08d9173bc095c,18,18,PancakeSwapV3
PancakeSwapV3,0x5fad6116783e5a9e0622c02f68e2c1a7aabc4647,4CENTS,WBNB,200,10000,0x87b62ee7e258d4ef84ff03a8ee63697d4eeb240e,0xbb4cdb9cbd36b01bd1cbaebf2de08d9173bc095c,18,18,PancakeSwapV3
PancakeSwapV3,0xe7e35ab353fc40854b0483b9bcaba69152a649cd,Ps,WBNB,200,10000,0x1ea3e26d5cf4867ef3c4101604e5bb9e6eaf0840,0xbb4cdb9cbd36b01bd1cbaebf2de08d9173bc095c,18,18,PancakeSwapV3
PancakeSwapV3,0xdb0fb6b8568927aab47d63be5711b840fb424055,HEHE,WBNB,200,10000,0x02bd4e43b9be94f648712ba989a534e4a29ec191,0xbb4cdb9cbd36b01bd1cbaebf2de08d9173bc095c,18,18,PancakeSwapV3
PancakeSwapV3,0x3e6e672b2e4c81becaba781c1bacf3fc78b125a1,BYRTY,WBNB,200,10000,0x7774e0810e9219a2568e2588c5853a5aeb5aab38,0xbb4cdb9cbd36b01bd1cbaebf2de08d9173bc095c,18,18,PancakeSwapV3
PancakeSwapV3,0x6eed8d9eefd8f786f47e75db4b5cf81c54d3b15e,AURA,WBNB,200,10000,0x5ed41b7d431a419f3bdf4554253620b372ba67d8,0xbb4cdb9cbd36b01bd1cbaebf2de08d9173bc095c,18,18,PancakeSwapV3
PancakeSwapV3,0xb089b3cd685790960155a54daf3470303e73561e,DONT,WBNB,200,10000,0xb3aa46cecd0b79af24080e3d7c04c5d92d6653e7,0xbb4cdb9cbd36b01bd1cbaebf2de08d9173bc095c,18,18,PancakeSwapV3
PancakeSwapV3,0x9873c6a9315e586bac0212ce90f0c540dad1c2ba,BNB IS STR,WBNB,200,10000,0x585d0b3b03f3ed94256ff07004b57e492705a2e0,0xbb4cdb9cbd36b01bd1cbaebf2de08d9173bc095c,18,18,PancakeSwapV3
PancakeSwapV3,0xb450710a4a2a72a9cd1f0efa241223d09f024b70,DFG,WBNB,200,10000,0x3a3f1521c837bae980824bb2510e1dcd759d3abc,0xbb4cdb9cbd36b01bd1cbaebf2de08d9173bc095c,18,18,PancakeSwapV3
PancakeSwapV3,0xdcce100474d32528dcbf3ab83bcbf99fd7266048,ISEC,WBNB,200,10000,0x23a42519b401a02d405dfc6a34091dc276a2fbd9,0xbb4cdb9cbd36b01bd1cbaebf2de08d9173bc095c,18,18,PancakeSwapV3
PancakeSwapV3,0x08da838eddb184f6dcc4f020910d8e717186ca90,ISC,WBNB,200,10000,0x732d42b314a99aafb751c4977dbc2b04dd39cd66,0xbb4cdb9cbd36b01bd1cbaebf2de08d9173bc095c,18,18,PancakeSwapV3
PancakeSwapV3,0xa573059f4ef59334622b444a5db42c5c212acd1d,KNW,WBNB,200,10000,0xad72ed93a7a376caeb2f49f31116eac7bbe580f0,0xbb4cdb9cbd36b01bd1cbaebf2de08d9173bc095c,18,18,PancakeSwapV3
PancakeSwapV3,0x93332bdb20ba9ae4a54805f5d1119e53c4574f55,?,WBNB,200,10000,0x5a05f531c4a27426446366d6dd3e4b6367ec2a46,0xbb4cdb9cbd36b01bd1cbaebf2de08d9173bc095c,18,18,PancakeSwapV3
PancakeSwapV3,0xff380039486bfc5091ec710a30760edd9486b0ba,CZ,WBNB,200,10000,0x97d594c0f62e0e5e6d1cec923109a7c5591ec03f,0xbb4cdb9cbd36b01bd1cbaebf2de08d9173bc095c,18,18,PancakeSwapV3
PancakeSwapV3,0x3e6f0922d41405498badccb5c93cd86da3b6dc5b,?,WBNB,200,10000,0xa4452cdf17cb5068f0116e623f7c708f649879bc,0xbb4cdb9cbd36b01bd1cbaebf2de08d9173bc095c,18,18,PancakeSwapV3
PancakeSwapV3,0x7c2b753cc961f9beeeff4672d30696a045a1812f,BSTR,WBNB,200,10000,0x8b481bbc8ace487a32226bcbb07a7e0913471de8,0xbb4cdb9cbd36b01bd1cbaebf2de08d9173bc095c,18,18,PancakeSwapV3
PancakeSwapV3,0xc4320afc949da198e7c3ad7df1a0593611235d29,FIVE,WBNB,200,10000,0x6cb59f2f688d802fbea282c0f4c8e7ce22ffdf52,0xbb4cdb9cbd36b01bd1cbaebf2de08d9173bc095c,18,18,PancakeSwapV3
PancakeSwapV3,0xf734e24f0a4875d7c9bdbe8f478325c691856636,POLYBNB,WBNB,200,10000,0x95a66c966dbb55e699d9b48b6664700e260b075a,0xbb4cdb9cbd36b01bd1cbaebf2de08d9173bc095c,18,18,PancakeSwapV3
PancakeSwapV3,0xa7f787f753f4c84672e6d339ea4ec718d0a525b1,?,WBNB,200,10000,0x65fa04fb53834f909c9efb3e521afd070655aa3c,0xbb4cdb9cbd36b01bd1cbaebf2de08d9173bc095c,18,18,PancakeSwapV3
PancakeSwapV3,0x39f7cec4c3a924edfed5a3583612085ccbcd189a,?,WBNB,200,10000,0x1846169b80f99e9c04525964e19d35f7e76eb78e,0xbb4cdb9cbd36b01bd1cbaebf2de08d9173bc095c,18,18,PancakeSwapV3
PancakeSwapV3,0xe401d31a2ce2d5bd18eb8f7689eccfd75538c522,DONT,WBNB,200,10000,0xa71ef0a0e0df45c8503fd577eed134dbd8e3d91c,0xbb4cdb9cbd36b01bd1cbaebf2de08d9173bc095c,18,18,PancakeSwapV3
PancakeSwapV3,0x287449ea87670d72b20e7cab3b4a322c6b19c85c,DONT,WBNB,200,10000,0x2431d40386623523042cb1555af6ec240f9ba729,0xbb4cdb9cbd36b01bd1cbaebf2de08d9173bc095c,18,18,PancakeSwapV3
PancakeSwapV3,0x42c306b690a0e5dc3874b5e3fdb20bbee68c5c4e,SIMMP,WBNB,200,10000,0x5458c7765f11cb2b7c2380cc90ca80f52ceb40fa,0xbb4cdb9cbd36b01bd1cbaebf2de08d9173bc095c,18,18,PancakeSwapV3
PancakeSwapV3,0x3c8200c0f6c824e4bcfef49052feb522324d5102,CONFIG0,WBNB,200,10000,0x50de5f1a283aeb4277dad01c2f5dff8dca1ec845,0xbb4cdb9cbd36b01bd1cbaebf2de08d9173bc095c,18,18,PancakeSwapV3
PancakeSwapV3,0x4d53a1d42a5faef38d2d62444c7720f57611cc49,CONFIG0,WBNB,200,10000,0x03a964d40c4e92f88419d9c0a5b801e90fcd8354,0xbb4cdb9cbd36b01bd1cbaebf2de08d9173bc095c,18,18,PancakeSwapV3
PancakeSwapV3,0x92e6187bedc60d9ff18b3206d7db9868b80e0e81,JAICZ,WBNB,200,10000,0x3b6c12c0af9e040469942ca8f351ca9d111c31f8,0xbb4cdb9cbd36b01bd1cbaebf2de08d9173bc095c,18,18,PancakeSwapV3
PancakeSwapV3,0x70b8c618b0194d606b2c16ce36b8b5c198ac1c33,SIMP,WBNB,200,10000,0x33da1c6606caedfe9c77f847475aae54218e3891,0xbb4cdb9cbd36b01bd1cbaebf2de08d9173bc095c,18,18,PancakeSwapV3
PancakeSwapV3,0xcc84fb77835d6de8143564321353b0036d36976d,SIMP,WBNB,200,10000,0x8917d9359a0112778db4eb220bceeed84102c5bd,0xbb4cdb9cbd36b01bd1cbaebf2de08d9173bc095c,18,18,PancakeSwapV3
PancakeSwapV3,0x39d772b1a0a31697f3358e03c56c58001289b394,?,WBNB,200,10000,0x016519c9c35838b3bdfdb8ae019b72ce34b12fef,0xbb4cdb9cbd36b01bd1cbaebf2de08d9173bc095c,18,18,PancakeSwapV3
PancakeSwapV3,0xe22a6a38169e67b4bf6c7564ebc7000e59a191a9,FUN,WBNB,200,10000,0x610b2c93780fc7f83e05f6062eac6954b0e405d1,0xbb4cdb9cbd36b01bd1cbaebf2de08d9173bc095c,18,18,PancakeSwapV3
PancakeSwapV3,0xf6532fcd005853b85d34ef3ae44f9da82ca21fc3,ISC,WBNB,200,10000,0x862caf76dd4a583a0f1ed12eac49c96ada375b3d,0xbb4cdb9cbd36b01bd1cbaebf2de08d9173bc095c,18,18,PancakeSwapV3
PancakeSwapV3,0x0e15bd8db3119eeccab9c83f0658bcf5cf38a7c3,NOVA,USDT,1,100,0x1a127daf47a3028ff4c64e930cbaec9efe6f3756,0x55d398326f99059ff775485246999027b3197955,18,18,PancakeSwapV3
PancakeSwapV3,0xe8b71437cb7042ff88ddaa2c3b18ddf03cf0c6ad,Broccoli,WBNB,1,100,0x8486a74660106f8e90ab133c070556a9739f629f,0xbb4cdb9cbd36b01bd1cbaebf2de08d9173bc095c,18,18,PancakeSwapV3
PancakeSwapV3,0x5fd12bbb709a59c9f3bf9c690bff75edc6c4dcfd,BNBXBT,WBNB,50,2500,0xa18bbdcd86e4178d10ecd9316667cfe4c4aa8717,0xbb4cdb9cbd36b01bd1cbaebf2de08d9173bc095c,18,18,PancakeSwapV3
UniswapV3CL,0xf670e83ce30aa6c14af91dddba64b7b10d8e2905,WBNB,SpaceX,200,10000,0xbb4cdb9cbd36b01bd1cbaebf2de08d9173bc095c,0xf0e3fbac75902f288100e4c7ba0f6a226b1fbeef,18,18,UniswapV3CL
PancakeSwapV3,0x507f90e2a9d9068c2ae0092950e297e3fbb111d6,BENNY,WBNB,200,10000,0x59f457bbe7c6c74fb658521132f5f155ab84a3d6,0xbb4cdb9cbd36b01bd1cbaebf2de08d9173bc095c,18,18,PancakeSwapV3
PancakeSwapV3,0x3d0d8259e04f7de45adb763b75699784299e591e,OVR,WBNB,200,10000,0x7e35d0e9180bf3a1fc47b0d110be7a21a10b41fe,0xbb4cdb9cbd36b01bd1cbaebf2de08d9173bc095c,18,18,PancakeSwapV3
PancakeSwapV3,0x5de4aaa23908bd3dd1d70a4e9a65e40fab03c2f1,WBNB,acb,200,10000,0xbb4cdb9cbd36b01bd1cbaebf2de08d9173bc095c,0xc89fc6919541fcac4fc918a2126e8fa00d50b28f,18,18,PancakeSwapV3
PancakeSwapV3,0x26e8333b870bcd9670a42552c5f5b0957b497e22,AAJ,WBNB,1,100,0x41c79ec48b07488671f6edb6828d733bb56e9abb,0xbb4cdb9cbd36b01bd1cbaebf2de08d9173bc095c,18,18,PancakeSwapV3
PancakeSwapV3,0x2fc0b3bdb066e61051ee5030762d2e64dd5e117e,MSQ,USDT,1,100,0x43ac932fc7a84918fb52e1a5babac63901b897b6,0x55d398326f99059ff775485246999027b3197955,18,18,PancakeSwapV3
UniswapV3CL,0x7d1bff2d4eff877f8432c9b1d75d5c101f354821,WBNB,monk,200,10000,0xbb4cdb9cbd36b01bd1cbaebf2de08d9173bc095c,0xfbbbeee62252acf8f76af8e2388db98a6580beef,18,18,UniswapV3CL
UniswapV3CL,0x4ddfa0990f282b6de1d45504a025102a19cefd9d,WBNB,HOUZI,200,10000,0xbb4cdb9cbd36b01bd1cbaebf2de08d9173bc095c,0xc320945341db0523ad2745d706b898958826beef,18,18,UniswapV3CL
PancakeSwapV3,0xa52b414339b58855d4ec3d16ccf1d44caf84916a,WBNB,DJDoge,200,10000,0xbb4cdb9cbd36b01bd1cbaebf2de08d9173bc095c,0xd74b724900e71ca1e6f2fb333fe515073c95beef,18,18,PancakeSwapV3
PancakeSwapV3,0x7cf59d0da5ed30950380334f33c076970c12ecbb,WBNB,HAS,200,10000,0xbb4cdb9cbd36b01bd1cbaebf2de08d9173bc095c,0xd6f519145d629698b3c773f6ad80f9d43e0cbeef,18,18,PancakeSwapV3
PancakeSwapV3,0xc6b366af1db0bf1052a7683b6106a227ef6838e6,WBNB,Pear,200,10000,0xbb4cdb9cbd36b01bd1cbaebf2de08d9173bc095c,0xbe6a7dad945690ee275a1c928b2139514b0ebeef,18,18,PancakeSwapV3
PancakeSwapV3,0x707a0cb0d169ecba84a3cbfb5626ade6cc436514,WBNB,SUNNY,200,10000,0xbb4cdb9cbd36b01bd1cbaebf2de08d9173bc095c,0xebe30bd33661b5f548571da03f3d74576730beef,18,18,PancakeSwapV3
UniswapV3CL,0x2339abd800630fb7c100af8b540d603d39c1c714,WBNB,?,200,10000,0xbb4cdb9cbd36b01bd1cbaebf2de08d9173bc095c,0xf90c97a2ea22fd4c099c60237280ca5da995beef,18,18,UniswapV3CL
PancakeSwapV3,0x2ea8db343b0c98b24733fae42be0513c6709c580,WBNB,T-BONE1,200,10000,0xbb4cdb9cbd36b01bd1cbaebf2de08d9173bc095c,0xddc5b7d821247adbb31c1f5cc60cadb30dfabeef,18,18,PancakeSwapV3
PancakeSwapV3,0x2a76976474909390e937e2159de698d837c0a83b,WBNB,EBNB,200,10000,0xbb4cdb9cbd36b01bd1cbaebf2de08d9173bc095c,0xf9b03d607c598b4b58cacc6f70468de451a1beef,18,18,PancakeSwapV3
UniswapV3CL,0x8446d8d41c028b89db9e91053ef200dc55ade597,WBNB,Shell,200,10000,0xbb4cdb9cbd36b01bd1cbaebf2de08d9173bc095c,0xbc69dd1d733e0755c28dd8b45a830873f9aebeef,18,18,UniswapV3CL
PancakeSwapV3,0xb8a0c393fc18d1817544a5bb7e283ca73ca447fe,WBNB,TP,200,10000,0xbb4cdb9cbd36b01bd1cbaebf2de08d9173bc095c,0xe744ab6572fcced13bfc147744858997aa46beef,18,18,PancakeSwapV3
PancakeSwapV3,0xb705b29d88d05e51de03410109dc713f0f8f7499,PEPEVRSE,WBNB,50,2500,0xabbfa5b21e9b461a6a9c7fde6aaf13da6b1ea307,0xbb4cdb9cbd36b01bd1cbaebf2de08d9173bc095c,18,18,PancakeSwapV3
UniswapV3CL,0xc4309878b3ff8d92f5f1fc29da00982c32899999,WBNB,TEST,200,10000,0xbb4cdb9cbd36b01bd1cbaebf2de08d9173bc095c,0xc483473e7fa56c628955c4d9f0c68dc45bc9beef,18,18,UniswapV3CL
PancakeSwapV3,0xad26ebf44e6f57db393a054f2164fb7ac54609a4,ASTER,BTCB,50,2500,0x000ae314e2a2172a039b26378814c252734f556a,0x7130d2a12b9bcbfae4f2634d864a1ee1ce3ead9c,18,18,PancakeSwapV3
PancakeSwapV3,0xda18ec01695465339f66367005b2d085dd0555e9,FINETUKIN,WBNB,200,10000,0x0e7bafafa9c119048adc732f96b3a5ca308af1e8,0xbb4cdb9cbd36b01bd1cbaebf2de08d9173bc095c,18,18,PancakeSwapV3
UniswapV3CL,0x027bea276b51398de1fdb45f5e6c05e41734b324,WHITE,WBNB,200,10000,0x4c8aa363c192b8a0938a263d821d5be45928bcf3,0xbb4cdb9cbd36b01bd1cbaebf2de08d9173bc095c,18,18,UniswapV3CL
PancakeSwapV3,0x3a6d27bef367e2792e086af125c23c00aa1ffd7a,BRNF,WBNB,1,100,0x6e12230af06a1d1df44e202d60cc2478ae89acca,0xbb4cdb9cbd36b01bd1cbaebf2de08d9173bc095c,18,18,PancakeSwapV3
PancakeSwapV3,0x42806e17b3613f6b9d7e0e360548c0d2e03c8aac,TOP G,WBNB,1,100,0x70da08802ef200efebcbad1798e9822fc05b0f14,0xbb4cdb9cbd36b01bd1cbaebf2de08d9173bc095c,18,18,PancakeSwapV3
PancakeSwapV3,0x73b8a72a58b6692456cb6d3e62bdc7d44d59dea0,WCC,WBNB,1,100,0x9a0b56ab237d08edab683499b23656280a9168bd,0xbb4cdb9cbd36b01bd1cbaebf2de08d9173bc095c,18,18,PancakeSwapV3
PancakeSwapV3,0x4f1ea0e08cca037739cf85eca97d761640425b2e,MYSHELL,WBNB,200,10000,0xaf323725c928e7732b4eb213fedde374d495115c,0xbb4cdb9cbd36b01bd1cbaebf2de08d9173bc095c,18,18,PancakeSwapV3
PancakeSwapV3,0xfa0674da27e2800bc04cf23852af790de7298eda,HEMULE,WBNB,1,100,0x52c322ded32270947794f103b3f4a8a2b4b84069,0xbb4cdb9cbd36b01bd1cbaebf2de08d9173bc095c,18,18,PancakeSwapV3
PancakeSwapV3,0xea6208474948795681f8e2cb26042ccf46a6bd43,FB,WBNB,1,100,0x699130044a4ee0184d1e8c83a8092a89610dda71,0xbb4cdb9cbd36b01bd1cbaebf2de08d9173bc095c,18,18,PancakeSwapV3
PancakeSwapV3,0x7eb8dd94e01ff6171ba3478204d08ae535dd0d1a,VGLCOIN,WBNB,1,100,0x7f4f93b5a0465ca112a452e6eb85deb64e4abd3e,0xbb4cdb9cbd36b01bd1cbaebf2de08d9173bc095c,18,18,PancakeSwapV3
UniswapV3CL,0x3fef3eb43fbd63c19e949d29128b3c810c744bd3,RLS,USDT,200,10000,0x17ea10b6ae4fde59fdbf471bd28ab9710f508816,0x55d398326f99059ff775485246999027b3197955,18,18,UniswapV3CL
PancakeSwapV3,0x2c161206972979a7bc4361f23e2eda000cb42488,FUD,WBNB,200,10000,0x5807690fd178fd4486d548859e2f4ae783caff87,0xbb4cdb9cbd36b01bd1cbaebf2de08d9173bc095c,18,18,PancakeSwapV3
PancakeSwapV3,0xc3a8537706ed365ddef78fc19f35586e2c3a2d5e,GEM,WBNB,200,10000,0xba15481f14e4242f87e6af9d634cd1f0f7c0a063,0xbb4cdb9cbd36b01bd1cbaebf2de08d9173bc095c,18,18,PancakeSwapV3
PancakeSwapV3,0xb14e7b4007314aa36459eac1d11fe896eedc1cad,SPB,WBNB,200,10000,0x82949a7e3457e2b01388f389ec8666f9afbf7534,0xbb4cdb9cbd36b01bd1cbaebf2de08d9173bc095c,18,18,PancakeSwapV3
PancakeSwapV3,0x901db593e2cd277648ddb148d9e928a87c7501e5,Pikachu,WBNB,200,10000,0x3b342d02e22774a19ddf6e898e79a637be4169b8,0xbb4cdb9cbd36b01bd1cbaebf2de08d9173bc095c,18,18,PancakeSwapV3
PancakeSwapV3,0xe272eb118a18486bde3257ca09b7a78725e86183,Jaden,WBNB,200,10000,0x48f4bba7ca2381435a6980babc5da3a5fdf9c317,0xbb4cdb9cbd36b01bd1cbaebf2de08d9173bc095c,18,18,PancakeSwapV3
PancakeSwapV3,0xcf37b867245a1116683e7ccd7d42b1320a2bbc29,PVE,WBNB,200,10000,0x6963200d79f918ecb66c4c7198e2d1a0e7b3bcc6,0xbb4cdb9cbd36b01bd1cbaebf2de08d9173bc095c,18,18,PancakeSwapV3
PancakeSwapV3,0x6f2cb265125d131880ba9cc57e199768f4e568cb,wtf,WBNB,200,10000,0x243a0d58743fbdfcbb342d71f60dfdb58b11667b,0xbb4cdb9cbd36b01bd1cbaebf2de08d9173bc095c,18,18,PancakeSwapV3
PancakeSwapV3,0xf311866950bd5d1025bbe4a19ef08799e064c205,WBNB,VINE2,200,10000,0xbb4cdb9cbd36b01bd1cbaebf2de08d9173bc095c,0xea701fc7909c12a70110845d85c481c5eb4f37a2,18,18,PancakeSwapV3
PancakeSwapV3,0xcacf1399186910038c382f9d2bc40563a0a2c8bf,rocket,WBNB,200,10000,0x4c59bc747dbb17239cadb0f4f996c5d84b93f6a7,0xbb4cdb9cbd36b01bd1cbaebf2de08d9173bc095c,18,18,PancakeSwapV3
PancakeSwapV3,0xd092cee225872dd1717c9f36f0d49a372ac4f292,STP,WBNB,200,10000,0x226e43db3324d0fcba2743f95d088671e1d1f0d9,0xbb4cdb9cbd36b01bd1cbaebf2de08d9173bc095c,18,18,PancakeSwapV3
PancakeSwapV3,0x3ed2d0d8c358c0ebe27901d3bd5f2d7d63cff9e8,cz,WBNB,200,10000,0x318d4a31d04f181d61f1401ac1d8f20b90de097f,0xbb4cdb9cbd36b01bd1cbaebf2de08d9173bc095c,18,18,PancakeSwapV3
PancakeSwapV3,0x76cf68761c5fc05fa95ad605f78a3cd05970a1a2,BTEST,WBNB,200,10000,0x3c1b6f31c3f1ea9d3e2cf53ef2499a7ea72dfb74,0xbb4cdb9cbd36b01bd1cbaebf2de08d9173bc095c,18,18,PancakeSwapV3
PancakeSwapV3,0x8388cc4c105f4f7d4833146f968c245b98de9d3e,DRBS,WBNB,200,10000,0x92eae944ce296ec72eb1e3066ae6c72d88496768,0xbb4cdb9cbd36b01bd1cbaebf2de08d9173bc095c,18,18,PancakeSwapV3
PancakeSwapV3,0x8a250acfaf63496b24730bc97a71221fb871c508,AAA,WBNB,200,10000,0x0226bcd9b4696b7338e616955e69f0e203e8f2ee,0xbb4cdb9cbd36b01bd1cbaebf2de08d9173bc095c,18,18,PancakeSwapV3
PancakeSwapV3,0x250f3292d8b792a3d7b274becb9dfad4cd14950b,WBNB,BABYcat,200,10000,0xbb4cdb9cbd36b01bd1cbaebf2de08d9173bc095c,0xd0fbb9b324ecd7c5f43c10538d32e01f1cdbafd4,18,18,PancakeSwapV3
PancakeSwapV3,0x143708c4390793216469f64d0f0ce1b5f8ca66fe,BBB,WBNB,200,10000,0x9853d8e938b5291abc32b543a86fe47527dc72fb,0xbb4cdb9cbd36b01bd1cbaebf2de08d9173bc095c,18,18,PancakeSwapV3
PancakeSwapV3,0x6cf98a6b7e623ab4216597bfd534fb34613a74f8,ROVER,WBNB,200,10000,0x62d3c3bd3fde42a06c89b277c80e5897bc8eec7d,0xbb4cdb9cbd36b01bd1cbaebf2de08d9173bc095c,18,18,PancakeSwapV3
PancakeSwapV3,0xd543b800d5671ac056609316aa1cc1137c3553b5,test2,WBNB,200,10000,0xaf3a24337917f17ca50dca745f49ef9eb80cb7a6,0xbb4cdb9cbd36b01bd1cbaebf2de08d9173bc095c,18,18,PancakeSwapV3
PancakeSwapV3,0x5ca9959f9bcd92d483ca970626b96d3aaf1e0a93,DEGEN,WBNB,200,10000,0x12a443fec484369f1f046767d011291df4bb6645,0xbb4cdb9cbd36b01bd1cbaebf2de08d9173bc095c,18,18,PancakeSwapV3
PancakeSwapV3,0x0ea32e60d7ae8adb521d76dd21a2967674d402b0,ABC,WBNB,200,10000,0x75d7fcfc3e1c6f56c420dcdcaeba5a848dead3fa,0xbb4cdb9cbd36b01bd1cbaebf2de08d9173bc095c,18,18,PancakeSwapV3
PancakeSwapV3,0x2a058229fe274b28d0c6708be882f49385183949,ZKT,WBNB,200,10000,0x7ba77aae4558d0d520b8f2a483121f118150c59b,0xbb4cdb9cbd36b01bd1cbaebf2de08d9173bc095c,18,18,PancakeSwapV3
PancakeSwapV3,0x02302031e31059049238cd8f71109c2150cd5321,ICONS,WBNB,200,10000,0x811cf66d10598f8ba51df2439ce95d83b9f3894d,0xbb4cdb9cbd36b01bd1cbaebf2de08d9173bc095c,18,18,PancakeSwapV3
PancakeSwapV3,0x083de5b3c32781713b8be9874b6ff0ddc039439a,GAS,WBNB,200,10000,0x417ecd1148aed8f88e439f820cdaa33616a25c8c,0xbb4cdb9cbd36b01bd1cbaebf2de08d9173bc095c,18,18,PancakeSwapV3
PancakeSwapV3,0x307b81f5dbbc73d3c8ee3e16394c837e4721b5d9,POOH,WBNB,200,10000,0x518769ffeac017096036abb3377e8639bbce4fe5,0xbb4cdb9cbd36b01bd1cbaebf2de08d9173bc095c,18,18,PancakeSwapV3
PancakeSwapV3,0x775d7bcfe24b7b16bde1296b3eea5e8dc517c733,MIRRUS,WBNB,200,10000,0x77eb4336c7c17a0f1d55f5b75a9e24d4870d0287,0xbb4cdb9cbd36b01bd1cbaebf2de08d9173bc095c,18,18,PancakeSwapV3
PancakeSwapV3,0x63e5df04f45e5d6f43a7c1fe792f01e82403d8bf,YOUSHI,WBNB,200,10000,0x42e62eee217036cb05716e3618945c6a0e2931d4,0xbb4cdb9cbd36b01bd1cbaebf2de08d9173bc095c,18,18,PancakeSwapV3
PancakeSwapV3,0x03a71add79464223888612499ffe4829e361464e,BullCrap,WBNB,200,10000,0x170392dad17a17f9fb19656ae754f31eea123d17,0xbb4cdb9cbd36b01bd1cbaebf2de08d9173bc095c,18,18,PancakeSwapV3
PancakeSwapV3,0x2dd4066116f20b772c32058a5015a8bd5f70c5c8,Buckazoids,WBNB,200,10000,0xaa08e3a8dfe5ab3d9dd180521899b0a206031975,0xbb4cdb9cbd36b01bd1cbaebf2de08d9173bc095c,18,18,PancakeSwapV3
PancakeSwapV3,0x2dafe1f41b0de958a854d6c57d9a8589ee231451,ABC,WBNB,200,10000,0xb8b7361c9aeaced858ce3b6b5ca2f98d815e41f7,0xbb4cdb9cbd36b01bd1cbaebf2de08d9173bc095c,18,18,PancakeSwapV3
PancakeSwapV3,0x80f915e8087bd1c20f77548a25e919895513382e,HCPC,WBNB,200,10000,0x35a96ae184cdf079ccea18a710cd63404144f2af,0xbb4cdb9cbd36b01bd1cbaebf2de08d9173bc095c,18,18,PancakeSwapV3
PancakeSwapV3,0x6f9e36769aac507e64e4cd0997b42e04a9e409c5,BBB,WBNB,200,10000,0x9bafd2c695074e80a412bfb69a0ba3f1ce2d239a,0xbb4cdb9cbd36b01bd1cbaebf2de08d9173bc095c,18,18,PancakeSwapV3
PancakeSwapV3,0x7d25d2b247a76d7befd04c4d33049f8e497c2830,HPOSI10,WBNB,200,10000,0xa933ab8672c811649e5264628a4ac0c5d3bd0838,0xbb4cdb9cbd36b01bd1cbaebf2de08d9173bc095c,18,18,PancakeSwapV3
PancakeSwapV3,0xd829baf478580a06002c29d5d825d8bf3f20d881,dogcz,WBNB,200,10000,0x3f084ed5e8ffa5ac9dce8ccca66c7611d0781d7d,0xbb4cdb9cbd36b01bd1cbaebf2de08d9173bc095c,18,18,PancakeSwapV3
PancakeSwapV3,0x1d10eb253aede0f83bbb87d5243d83e5d71ab642,VINE2,WBNB,200,10000,0xa5c5571230c7eb11d98d8b0e535b75b5f2c7f436,0xbb4cdb9cbd36b01bd1cbaebf2de08d9173bc095c,18,18,PancakeSwapV3
PancakeSwapV3,0x5affc45950a0362662fc245c73bcabe1d7487daf,LONCHER,WBNB,200,10000,0x090931347028a86dc9668a081ba4a97c054c0f2c,0xbb4cdb9cbd36b01bd1cbaebf2de08d9173bc095c,18,18,PancakeSwapV3
PancakeSwapV3,0x4fa034147a665222dcaf06917af4924bdbc41cc5,LMXLM,WBNB,1,100,0x1d617b643b21e2c0190e92eefcca7093758f918e,0xbb4cdb9cbd36b01bd1cbaebf2de08d9173bc095c,18,18,PancakeSwapV3
UniswapV3CL,0x8d5b72e693a28fcf89898d4c18ad9b92fb0f9572,QQQon,USDC,200,10000,0x0cde6936d305d5b34667fc46425e852efd73559a,0x8ac76a51cc950d9822d68b83fe1ad97b32cd580d,18,18,UniswapV3CL
PancakeSwapV3,0x0e1e060bdc91dfdaba8642398b9a74dca9590074,A1ST,WBNB,200,10000,0x9ecf4ce188f32910dd7091d472cabd5108610ff3,0xbb4cdb9cbd36b01bd1cbaebf2de08d9173bc095c,18,18,PancakeSwapV3
PancakeSwapV3,0xb6bc5a49e3fb915d5f80e540418fcc8e87932450,CMG,WBNB,1,100,0x5d97c2449d43b4fd72451c166e94692815352603,0xbb4cdb9cbd36b01bd1cbaebf2de08d9173bc095c,18,18,PancakeSwapV3
PancakeSwapV3,0x9ce4cbdda9bbf54e72602ae5c7ab31026360e12d,USDD,WBNB,200,10000,0xb7d7e40c0fc7011982a107b621643a3fc91dcd2b,0xbb4cdb9cbd36b01bd1cbaebf2de08d9173bc095c,18,18,PancakeSwapV3
PancakeSwapV3,0x2edf42b501dc8de05ff3ec2ac85753b4bf933abc,test,WBNB,200,10000,0x1d44d53f3a17a112cda5f34cec92cabb62149b0a,0xbb4cdb9cbd36b01bd1cbaebf2de08d9173bc095c,18,18,PancakeSwapV3
PancakeSwapV3,0x1f52a4b34462bfdaa58744a1beeefa5e2933fe29,USDT,VEREM,200,10000,0x55d398326f99059ff775485246999027b3197955,0x862829e8dcf0fd939d61d1b0d4a3aaf983ee4f73,18,18,PancakeSwapV3
PancakeSwapV3,0xbc659c891afdcb1094881e8ce6f7413a9ef2de5f,WBNB,PBZ,1,100,0xbb4cdb9cbd36b01bd1cbaebf2de08d9173bc095c,0xfd5494ed91c2c9afa6c54a6f1671944df0739736,18,18,PancakeSwapV3
PancakeSwapV3,0xdc60286c3919dbbd77142d4837b2e9098037142c,LOVABLE,WBNB,200,10000,0x031c10cd32d7ebae5220abc3244d0858f983c844,0xbb4cdb9cbd36b01bd1cbaebf2de08d9173bc095c,18,18,PancakeSwapV3
PancakeSwapV3,0x5bca7442d6bdfcb6ba0d769e59c0913ba59602ec,INRP,WBNB,200,10000,0x52cbcf21edd9fce815b3c76a51b0f7e378b44157,0xbb4cdb9cbd36b01bd1cbaebf2de08d9173bc095c,18,18,PancakeSwapV3
PancakeSwapV3,0x390c661e8fd59e297938ab6dccc1a72064409561,LONCH,WBNB,200,10000,0x547e3e90a70839831a143d2c666e196768260730,0xbb4cdb9cbd36b01bd1cbaebf2de08d9173bc095c,18,18,PancakeSwapV3
PancakeSwapV3,0x5c8905b5d30c754726721cedf431d4338fc30893,WBNB,DOO,1,100,0xbb4cdb9cbd36b01bd1cbaebf2de08d9173bc095c,0xbbb2d7beee307cf3e907a5e2a2e35a4c266f4ba0,18,18,PancakeSwapV3
PancakeSwapV3,0x40eeaa017c53f808cbfa67d6efcd2f05fb289456,ABPAY,WBNB,200,10000,0x779956a331a20312c47be096b7aa7c690b9d4a1b,0xbb4cdb9cbd36b01bd1cbaebf2de08d9173bc095c,18,18,PancakeSwapV3
PancakeSwapV3,0xeb5985a7d4cd170352907cb18d1ebfbab2d3787d,BSC,WBNB,200,10000,0x9e2d03b0a3a8e5c8d7fd6651750831a1ac7a1ec9,0xbb4cdb9cbd36b01bd1cbaebf2de08d9173bc095c,18,18,PancakeSwapV3
PancakeSwapV3,0x836372bdd27c2c43479f1ae119e371583291ab54,stud,WBNB,200,10000,0x44c9d91f2b37d0cbd3b7de2b342536e4e21726ec,0xbb4cdb9cbd36b01bd1cbaebf2de08d9173bc095c,18,18,PancakeSwapV3
PancakeSwapV3,0x561de4d95899059cf8ec6d75cb36049533d826d1,YLWFVR,WBNB,200,10000,0x4a13eb7cbeba462d9f577d8cc1d358a5c3ca88cc,0xbb4cdb9cbd36b01bd1cbaebf2de08d9173bc095c,18,18,PancakeSwapV3
PancakeSwapV3,0x277614f5e5a45b6ed9a0e065a3b2939471bd7f24,PALU,WBNB,200,10000,0xb7381cc049a57690f2dff86813446e0112ce446a,0xbb4cdb9cbd36b01bd1cbaebf2de08d9173bc095c,18,18,PancakeSwapV3
PancakeSwapV3,0xde5eca7f8e3d5693660311032d4d194bdf7f4e1e,Crime,WBNB,200,10000,0x66b43b308fb2fd43ef96121bbc2e3ac338a5b83d,0xbb4cdb9cbd36b01bd1cbaebf2de08d9173bc095c,18,18,PancakeSwapV3
PancakeSwapV3,0x279bee8b9abaf64ae3017b2bb13ba9f438c9ecce,LONCHER,WBNB,200,10000,0x6b9e7c5f77de76099da5a7587e202a2c3b7ebd2a,0xbb4cdb9cbd36b01bd1cbaebf2de08d9173bc095c,18,18,PancakeSwapV3
PancakeSwapV3,0xc98b5a4eb5756144adc9e1c72826911528f66a4c,LONCH,WBNB,200,10000,0x77d558148efec3e65bd5b72cdf7772d94cf3b22c,0xbb4cdb9cbd36b01bd1cbaebf2de08d9173bc095c,18,18,PancakeSwapV3
PancakeSwapV3,0x8125670a7bdae79cb568ddc22a6569cff2601760,LONCHER,WBNB,200,10000,0x914d7edea4c74cf2641cee90c73e2986787e775c,0xbb4cdb9cbd36b01bd1cbaebf2de08d9173bc095c,18,18,PancakeSwapV3
PancakeSwapV3,0xc8e166c613411702ecf374a45dc18181eb51c2e2,19-2000,WBNB,200,10000,0x2e624b984b6d83b7cba7494d7658e22ba213a217,0xbb4cdb9cbd36b01bd1cbaebf2de08d9173bc095c,18,18,PancakeSwapV3
PancakeSwapV3,0xfbf28b51ffe82e5db17e4cdf19656cc711390b8c,LONCHER,WBNB,200,10000,0x8e142a3dc63df1090eb3f86fd78909e813978c08,0xbb4cdb9cbd36b01bd1cbaebf2de08d9173bc095c,18,18,PancakeSwapV3
PancakeSwapV3,0x0cf853706598b970d66f1356e5e9cdd3a28655ff,BELGIAN MALI,WBNB,200,10000,0x8dc0b05fbd3f49eedfcb5df6b59d8f5af7f360bf,0xbb4cdb9cbd36b01bd1cbaebf2de08d9173bc095c,18,18,PancakeSwapV3
PancakeSwapV3,0xc1b721c74a92bc86126bf4be90c54780ff68e84b,LONCHER,WBNB,200,10000,0x868765a1f5de403e3cd65922a2815acaaf31c05e,0xbb4cdb9cbd36b01bd1cbaebf2de08d9173bc095c,18,18,PancakeSwapV3
PancakeSwapV3,0x73ac8241c010e3480713b3df2e8b445c4bde87a4,TIN_TIN,WBNB,200,10000,0x76ac6e5e453748456ec50915f1d3f885fdbfb6a5,0xbb4cdb9cbd36b01bd1cbaebf2de08d9173bc095c,18,18,PancakeSwapV3
PancakeSwapV3,0x275b6ea6e3adbb76c51630ced6390c443545e4c9,KyK,WBNB,200,10000,0xac6da25742ffc3a4930257e566fa5d32872d0992,0xbb4cdb9cbd36b01bd1cbaebf2de08d9173bc095c,18,18,PancakeSwapV3
PancakeSwapV3,0xf97d83f8cbfad93ef2fd25df61deafa33978bc38,Bull,WBNB,200,10000,0x635bf54fb6033f323a7ecc284ff8c2df0a8b1128,0xbb4cdb9cbd36b01bd1cbaebf2de08d9173bc095c,18,18,PancakeSwapV3
PancakeSwapV3,0x12afe37ed869c3263286141cbea6e1c0c11cb369,LONCH,WBNB,200,10000,0x1cde7cd1ebe3eebc948685364d8aecd34fb54c5f,0xbb4cdb9cbd36b01bd1cbaebf2de08d9173bc095c,18,18,PancakeSwapV3
PancakeSwapV3,0x76ab247561558354916774e1a88131925b3c0e62,HODL,WBNB,200,10000,0x7e2cc03e138ab0e4586b831ae5298237c42222bb,0xbb4cdb9cbd36b01bd1cbaebf2de08d9173bc095c,18,18,PancakeSwapV3
PancakeSwapV3,0xcaebe2ba204c2cca6568f2e431eff3850774a11f,PUPCOIN,WBNB,200,10000,0x710e3568631209ddb7b18587daaad397c8dfbf5c,0xbb4cdb9cbd36b01bd1cbaebf2de08d9173bc095c,18,18,PancakeSwapV3
PancakeSwapV3,0x1b6baeddae66d88142bf812cd9179f24b5c36124,?,WBNB,200,10000,0x3da8e8c0ded38b4f2625d2ef1141e89a68b286ca,0xbb4cdb9cbd36b01bd1cbaebf2de08d9173bc095c,18,18,PancakeSwapV3
PancakeSwapV3,0x5384684154d2f68136c3bd8a6a24828d4d612135,BNB10000$,WBNB,200,10000,0x79f35ef9fe25e34159fa6e1c93e7aa67d18d1232,0xbb4cdb9cbd36b01bd1cbaebf2de08d9173bc095c,18,18,PancakeSwapV3
PancakeSwapV3,0x18936416fff1b751ce1afebc50b3842ef44456f6,x2,WBNB,200,10000,0x6af6e80f49b2f3538b45f1b2f7a141937d65250d,0xbb4cdb9cbd36b01bd1cbaebf2de08d9173bc095c,18,18,PancakeSwapV3
PancakeSwapV3,0xf7a4084bdcffe368f8d9b4956a8c6ac3df3dc507,LONCH,WBNB,200,10000,0xba760c9fef517428dcf51b0f887ac7d95d30ad22,0xbb4cdb9cbd36b01bd1cbaebf2de08d9173bc095c,18,18,PancakeSwapV3
PancakeSwapV3,0x1628e588ab400f3651fbe16c0d0e914365d7ec6c,DERPINABNB,WBNB,200,10000,0x87148e7ded3043b541fa8abfbd743a099636772e,0xbb4cdb9cbd36b01bd1cbaebf2de08d9173bc095c,18,18,PancakeSwapV3
PancakeSwapV3,0xbd681bb6c36598649902a9136df5c939637f875f,Done,WBNB,200,10000,0x932bb7bbb39eaa96a8047c0a48a380b389aedfb2,0xbb4cdb9cbd36b01bd1cbaebf2de08d9173bc095c,18,18,PancakeSwapV3
PancakeSwapV3,0x4c5b240f48e2e4c4809ddc94ec45c3a553def56b,?,WBNB,200,10000,0x579b2da472454b607c3d6f659893a6f39df04810,0xbb4cdb9cbd36b01bd1cbaebf2de08d9173bc095c,18,18,PancakeSwapV3
PancakeSwapV3,0x7e4e4f212c8f1e5533db50eeac9fddb7a462c891,PANDAO,WBNB,200,10000,0x70b77ab952f6f34b70af299971b25dfe152912f8,0xbb4cdb9cbd36b01bd1cbaebf2de08d9173bc095c,18,18,PancakeSwapV3
PancakeSwapV3,0x518698c017d35e8cb63e0003c051de6ca70ab9fc,LUNCHER,WBNB,200,10000,0x8fd5fc2470f5afd87ecc0018aab2ed7f1780e1e9,0xbb4cdb9cbd36b01bd1cbaebf2de08d9173bc095c,18,18,PancakeSwapV3
PancakeSwapV3,0x3f6fe131eb12be8753200296311b72b94a52a30d,Ai,WBNB,200,10000,0x66effdb0513588ba28c86ae70406b8a4c62feace,0xbb4cdb9cbd36b01bd1cbaebf2de08d9173bc095c,18,18,PancakeSwapV3
PancakeSwapV3,0x8e11ed9f2a56485e7e2307fc3b80f2db59ffd04c,YB,WBNB,200,10000,0x280d3a2b607810703ed2c196b652b9eb70bf1879,0xbb4cdb9cbd36b01bd1cbaebf2de08d9173bc095c,18,18,PancakeSwapV3
PancakeSwapV3,0x401ba581263c964864e2e216cff93af569322d7b,Loncher,WBNB,200,10000,0x6b11c6f95a8fa3ec4bc8dccc7df8f9169dd3f181,0xbb4cdb9cbd36b01bd1cbaebf2de08d9173bc095c,18,18,PancakeSwapV3
PancakeSwapV3,0xf64daae9ad49f94c72dac58166308aa4b252f636,R,WBNB,200,10000,0x74049e002c9eb8c2fcd235a38d0473df2979f3aa,0xbb4cdb9cbd36b01bd1cbaebf2de08d9173bc095c,18,18,PancakeSwapV3
PancakeSwapV3,0x12824befb6b722440f45e4d45101e1e5a77c03f2,Peas,WBNB,200,10000,0x65cabe28455db186deda5824a61f742c5656c84a,0xbb4cdb9cbd36b01bd1cbaebf2de08d9173bc095c,18,18,PancakeSwapV3
PancakeSwapV3,0x62681c87dda50b3447ae05c9a62f0e56e82128eb, (wij),WBNB,200,10000,0x24d44aed42b93742de162dcf87b77dbc1d23e911,0xbb4cdb9cbd36b01bd1cbaebf2de08d9173bc095c,18,18,PancakeSwapV3
PancakeSwapV3,0xebe72e8bf7cca33ba484687a137b0cc282cdac15,?,WBNB,200,10000,0xb87c8b27b53dfdd2e39435c26b135de9cc314df5,0xbb4cdb9cbd36b01bd1cbaebf2de08d9173bc095c,18,18,PancakeSwapV3
PancakeSwapV3,0xeaa6355a270b3e4ea83dd6fc1acce970c2daf929,FUEL,WBNB,200,10000,0x630f584547f60b50f5170325856315c0f6eecf57,0xbb4cdb9cbd36b01bd1cbaebf2de08d9173bc095c,18,18,PancakeSwapV3
PancakeSwapV3,0x6abb7512f73cd2eb80fdbed6b3bf36eeb1acfd9b,NFT,WBNB,200,10000,0xb196de0bd5cb36bdec55e1e9a4802f30b7f0402c,0xbb4cdb9cbd36b01bd1cbaebf2de08d9173bc095c,18,18,PancakeSwapV3
PancakeSwapV3,0xa749ba74c2876be127eddbc20db9454c662f1711,Benny,WBNB,200,10000,0x0b7666d1a2dda1bec34ac44fb2e4fa1b72182546,0xbb4cdb9cbd36b01bd1cbaebf2de08d9173bc095c,18,18,PancakeSwapV3
PancakeSwapV3,0x2f1315fc18b1ff30e002eea679006ceb24f3b796,VISTARA,WBNB,200,10000,0x79dc9f0d2dbde1b13b883fdb6fa7b9feec3be45e,0xbb4cdb9cbd36b01bd1cbaebf2de08d9173bc095c,18,18,PancakeSwapV3
PancakeSwapV3,0xd390043ce73e04a9a27c71970443c0ab00e3c80b,GATEMATES,WBNB,200,10000,0x182b2ae72e41079c5b82a7df6fa42b8fd7c2c984,0xbb4cdb9cbd36b01bd1cbaebf2de08d9173bc095c,18,18,PancakeSwapV3
PancakeSwapV3,0xc9d2e0a9ea4b702e375d3d0cdc6b2e3cd3c2ad08,KYD,WBNB,200,10000,0x7b03176a6a1d140df7e1dc80bba79817ed43d277,0xbb4cdb9cbd36b01bd1cbaebf2de08d9173bc095c,18,18,PancakeSwapV3
PancakeSwapV3,0xc19ae6f3fafa63d7a92a1e0e26a5ecbb098ed2a1,$Hodor,WBNB,200,10000,0x95504737b3a3fc9b7e1d658147e7d3fca405f085,0xbb4cdb9cbd36b01bd1cbaebf2de08d9173bc095c,18,18,PancakeSwapV3
PancakeSwapV3,0x3d3497eb1da0582ff37a2a7a4850218566bfdb13,?,WBNB,200,10000,0x337baf4854395a2ea20ff2a9d6b57ee5de970c8a,0xbb4cdb9cbd36b01bd1cbaebf2de08d9173bc095c,18,18,PancakeSwapV3
PancakeSwapV3,0x9786e3836343fceb2fc507590fd7b3555bc97202,HONT,WBNB,200,10000,0x033b09b025924f085cb688f17540354e9a59ae2a,0xbb4cdb9cbd36b01bd1cbaebf2de08d9173bc095c,18,18,PancakeSwapV3
PancakeSwapV3,0x4cff39776719a219c2d9153452cd30f6641ba320,GMGN.Ai,WBNB,200,10000,0x8cfbad327d12fe8509a09edef19f9550644cc37e,0xbb4cdb9cbd36b01bd1cbaebf2de08d9173bc095c,18,18,PancakeSwapV3
PancakeSwapV3,0x96a285efc8611b4bd30be7fb34c971e71cd9c6f2,STR,WBNB,200,10000,0x84bb85318ce036ef8861e2d4b9f3bb6b5a4988e1,0xbb4cdb9cbd36b01bd1cbaebf2de08d9173bc095c,18,18,PancakeSwapV3
PancakeSwapV3,0xc259b1f2c942136c0aa78e1197275253030fe39a,Grisha,WBNB,200,10000,0x316fdce8c4aee9df971c7f4815bfe4ceaefd75db,0xbb4cdb9cbd36b01bd1cbaebf2de08d9173bc095c,18,18,PancakeSwapV3
PancakeSwapV3,0x46e1a432ab5ef17d2ec3e0a96f326fe073f374c9,?,WBNB,200,10000,0x93ee4a53c505f4726d350c0c026659eba395494a,0xbb4cdb9cbd36b01bd1cbaebf2de08d9173bc095c,18,18,PancakeSwapV3
PancakeSwapV3,0x07dd9aed6788ed40e62eccbef7597ddae824d22b,LONCH,WBNB,200,10000,0x07e77215fc7e28dba83514d9dafa43541ed3a987,0xbb4cdb9cbd36b01bd1cbaebf2de08d9173bc095c,18,18,PancakeSwapV3
PancakeSwapV3,0x8dac4474884619d7b0636613b5b5a7e5e81e92e4,TKT,WBNB,200,10000,0x3a9383f28be5fda4f7cafc51cef8303f2a509c22,0xbb4cdb9cbd36b01bd1cbaebf2de08d9173bc095c,18,18,PancakeSwapV3
PancakeSwapV3,0x5bde0c37a5291083354e8dca876a509b8eab7abf,MOON,WBNB,200,10000,0xb91bba9156a53c18343a90d631923cc3728fd5fe,0xbb4cdb9cbd36b01bd1cbaebf2de08d9173bc095c,18,18,PancakeSwapV3
PancakeSwapV3,0x823436fd371ab25fcbc8db69b054185fa78ee719,CARROT,WBNB,200,10000,0x834387c18d433fd56ca8a23a8c6ad185c2689e82,0xbb4cdb9cbd36b01bd1cbaebf2de08d9173bc095c,18,18,PancakeSwapV3
PancakeSwapV3,0x79057fd25d10b88e551e88c0063b855fa7fd79f8,TRAMP,WBNB,200,10000,0x6e94e5a42a5827887cb0acd8c80b472a628a7e2b,0xbb4cdb9cbd36b01bd1cbaebf2de08d9173bc095c,18,18,PancakeSwapV3
PancakeSwapV3,0xe9cc58e4a1a1a249efdae3c309d981ba5c7c3f5b,BNB,WBNB,200,10000,0x408beb17a8597db2c38beed572cd8ef0e34ac0db,0xbb4cdb9cbd36b01bd1cbaebf2de08d9173bc095c,18,18,PancakeSwapV3
PancakeSwapV3,0x432c189d0bbf77e4df36f9796fd6070da7e06e29,YZi,WBNB,200,10000,0x654c8cb001d739e100f6a7a8714bd3b87032885e,0xbb4cdb9cbd36b01bd1cbaebf2de08d9173bc095c,18,18,PancakeSwapV3
PancakeSwapV3,0x70ff3e17c13ba7e888e9a3888a9c81d76fcdeda5,Happyhorse,WBNB,200,10000,0xaa7bcdf06077825ffd6e2242dc166bff5ea5a7da,0xbb4cdb9cbd36b01bd1cbaebf2de08d9173bc095c,18,18,PancakeSwapV3
PancakeSwapV3,0xd47fe6dd7595242831eb284be5452518e5ce3531,?,WBNB,200,10000,0x54f5d8fcad2c6a7ade61946adfbd261e7dd85975,0xbb4cdb9cbd36b01bd1cbaebf2de08d9173bc095c,18,18,PancakeSwapV3
PancakeSwapV3,0x4b3ebd7bcc7c350d54b240796b923ed9a1e25e85,LIT,WBNB,200,10000,0xafb98c621a200967e79bc0c1fb54f20ddaf5315d,0xbb4cdb9cbd36b01bd1cbaebf2de08d9173bc095c,18,18,PancakeSwapV3
PancakeSwapV3,0x233c33b7e99000af3fddf46786844144db2ff48c,Brevis,WBNB,200,10000,0x26206382f2547ee74c1246f23b8d4bda8d52324f,0xbb4cdb9cbd36b01bd1cbaebf2de08d9173bc095c,18,18,PancakeSwapV3
PancakeSwapV3,0xc08bb9f61a1793f94a901c7fc2e7e5d11a39fdbd,LONCH AGENT,WBNB,200,10000,0xaf7873c37b8b41d0830fddf6cf9ab698621a2650,0xbb4cdb9cbd36b01bd1cbaebf2de08d9173bc095c,18,18,PancakeSwapV3
PancakeSwapV3,0x560189a4bfb11edb14b365de7b694dbd2ea0d7e4,CaesarAI,WBNB,200,10000,0x125d66da262dcf0f2b40d666e5cc21e5ff723685,0xbb4cdb9cbd36b01bd1cbaebf2de08d9173bc095c,18,18,PancakeSwapV3
PancakeSwapV3,0x60fdd88cbaa62f31813fc8ebc9558a0d7b4efe17,LONCHO,WBNB,200,10000,0x6d2ac610cfb438cf873652318e38e9b1feca7469,0xbb4cdb9cbd36b01bd1cbaebf2de08d9173bc095c,18,18,PancakeSwapV3
PancakeSwapV3,0xad961b57cf1632acbbcde84678fb6b9c3b64fcdc,Lucky,WBNB,200,10000,0x605af6ebdcd0a34932203a42a58f8e7272feb9ac,0xbb4cdb9cbd36b01bd1cbaebf2de08d9173bc095c,18,18,PancakeSwapV3
PancakeSwapV3,0x1e0637d8293484e2bc2820c941a568aaf8834b96,TSB400,WBNB,200,10000,0x439d50a8367a05abdd07183b61ad59a9029882e2,0xbb4cdb9cbd36b01bd1cbaebf2de08d9173bc095c,18,18,PancakeSwapV3
PancakeSwapV3,0xb14a2dcea0fcefca4318e19a83f4cfd39cd6155e,Test,WBNB,200,10000,0x5e004fba73926dd5d74feb4672bee6d22ec456ab,0xbb4cdb9cbd36b01bd1cbaebf2de08d9173bc095c,18,18,PancakeSwapV3
PancakeSwapV3,0x129a12c31d4c912cce0f9e63c6a172df523f6058,?,WBNB,200,10000,0xa0d3c098e8b3504474e7ce6784b3ce18cd6cf457,0xbb4cdb9cbd36b01bd1cbaebf2de08d9173bc095c,18,18,PancakeSwapV3
PancakeSwapV3,0x7b90470fa9ba7ac80e2c478dad6d41664b9102eb,PALU - ULAP,WBNB,200,10000,0xbabe5f90f46ae35865057dc703316d3a54fa2cb9,0xbb4cdb9cbd36b01bd1cbaebf2de08d9173bc095c,18,18,PancakeSwapV3
PancakeSwapV3,0x6b54d8f0cb908000158c8f8497d62ece9871b09a,OR,WBNB,200,10000,0x23718e741a961021046b4b9b449cbd1dd3b8812e,0xbb4cdb9cbd36b01bd1cbaebf2de08d9173bc095c,18,18,PancakeSwapV3
PancakeSwapV3,0xe31775073ac7ae8a1cc48f7fe35676cbb8dd80b2,MONCH,WBNB,200,10000,0x2837a584f1272f2fc91cdb490393584517a403e3,0xbb4cdb9cbd36b01bd1cbaebf2de08d9173bc095c,18,18,PancakeSwapV3
PancakeSwapV3,0x4527dff1e3b1e9a136eafe97fd66415b7bb9ee93,&#128310;,WBNB,200,10000,0x3c4d395ece8ecdfcbb96b5901ff5231d08771761,0xbb4cdb9cbd36b01bd1cbaebf2de08d9173bc095c,18,18,PancakeSwapV3
PancakeSwapV3,0xb8c937f9b1357f804d40b3e8a52f0818ee5cff7d,888,WBNB,200,10000,0x74815c2c1ca93b8d7c73f225625dfd7d8ae2c86b,0xbb4cdb9cbd36b01bd1cbaebf2de08d9173bc095c,18,18,PancakeSwapV3
PancakeSwapV3,0xe270800b4a3fbde2301f0795fc83cb57806893b7,loncher,WBNB,200,10000,0x5ab80b268dc0b192bc8f1ee7ed20c64e061a9bf3,0xbb4cdb9cbd36b01bd1cbaebf2de08d9173bc095c,18,18,PancakeSwapV3
PancakeSwapV3,0xae3fe1adfd6c34d000c364dc43d4bfd774af4056,"1,000,000",WBNB,200,10000,0x620ebc7ac9e2694b35e5267c344297e16d965f91,0xbb4cdb9cbd36b01bd1cbaebf2de08d9173bc095c,18,18,PancakeSwapV3
PancakeSwapV3,0x0a6782fa69db5d135183944a0c8bb2b7cd654e4e,BELGV2,WBNB,200,10000,0xa18cd24199c1af371db84dd1a17e2d9838aad9bf,0xbb4cdb9cbd36b01bd1cbaebf2de08d9173bc095c,18,18,PancakeSwapV3
PancakeSwapV3,0x08e40b92c6f79598733cf77f3142e79009b4575c,Binan,WBNB,200,10000,0x6ba6bc168fa7cfa1377eff92b2297927ed480b25,0xbb4cdb9cbd36b01bd1cbaebf2de08d9173bc095c,18,18,PancakeSwapV3
PancakeSwapV3,0xea3d597ee6a9ab6f2160d889371b76812b200f3b,PPAP,WBNB,200,10000,0x83263518a4dd643bc10f41416818287d96e3f3e9,0xbb4cdb9cbd36b01bd1cbaebf2de08d9173bc095c,18,18,PancakeSwapV3
PancakeSwapV3,0x1738e97bbfbf23f2388efda828d00baed3315264,$CRIME,WBNB,200,10000,0x6a9481c568a300dbf52e10d4136da6be8b853a58,0xbb4cdb9cbd36b01bd1cbaebf2de08d9173bc095c,18,18,PancakeSwapV3
PancakeSwapV3,0x94ba381de6c2f31c86b0ab5ac6b745a8b02565d5,ASSLIQ,WBNB,200,10000,0x0c0276a84b0538d79c42dee4addfbbb2f7e9b1cc,0xbb4cdb9cbd36b01bd1cbaebf2de08d9173bc095c,18,18,PancakeSwapV3
PancakeSwapV3,0x841185e45a82df24dd26d061a0f3c7e70d769aef,YEDOONG,WBNB,200,10000,0x0e2f21f0d8a7701f3eed393a97f7044a13bfc4b2,0xbb4cdb9cbd36b01bd1cbaebf2de08d9173bc095c,18,18,PancakeSwapV3
PancakeSwapV3,0xdd750ae818263c375f0cedf8bdb0855aab2aa174,LennyFish444,WBNB,200,10000,0xac0f9d53976b88b334d26c618168d56e24ea1adb,0xbb4cdb9cbd36b01bd1cbaebf2de08d9173bc095c,18,18,PancakeSwapV3
PancakeSwapV3,0xb25d2ce835c842c1d91d9a96606b22283002248e,LIMITLESS,WBNB,200,10000,0x844fd73d560c1309e83f8dfa94894cb83e96dfb9,0xbb4cdb9cbd36b01bd1cbaebf2de08d9173bc095c,18,18,PancakeSwapV3
PancakeSwapV3,0x904e5d8ca14ea2973a3daff093862ba38468ad20,LOMPOC,WBNB,200,10000,0x2eeecf7e730efe122faf5a433cb6e73b2ce16d64,0xbb4cdb9cbd36b01bd1cbaebf2de08d9173bc095c,18,18,PancakeSwapV3
PancakeSwapV3,0x087a080151e50e13566c5036897d87475bc9ce51,OK,WBNB,200,10000,0x8fc4b5b7f6346a01ea5da1e6599b4656c99b19cd,0xbb4cdb9cbd36b01bd1cbaebf2de08d9173bc095c,18,18,PancakeSwapV3
PancakeSwapV3,0xd3572f8f158adedba9ae2d6b46f20a16eae87d9d,YZI,WBNB,200,10000,0x647393b0c567670d5743ba3d135385af7304724b,0xbb4cdb9cbd36b01bd1cbaebf2de08d9173bc095c,18,18,PancakeSwapV3
PancakeSwapV3,0xae81989242a4e987def4b7420a5f4f88dd5b3abc,FLYWHEEL,WBNB,200,10000,0xa10b4be0e77b6d9c680ea9c82904be907e74dab8,0xbb4cdb9cbd36b01bd1cbaebf2de08d9173bc095c,18,18,PancakeSwapV3
PancakeSwapV3,0x2e4fbcaa8366d9a50aa83abf36f64fbb3626eff4,CAT,WBNB,200,10000,0x82e48e298e9d55a9359dc58b77505368fb25f392,0xbb4cdb9cbd36b01bd1cbaebf2de08d9173bc095c,18,18,PancakeSwapV3
PancakeSwapV3,0x94d97c5846b62b7c26d2c9bfae8a6367e1200fa6,tst,WBNB,200,10000,0x536265c1d0923f74fa63af43f7c5ecf03f0979a3,0xbb4cdb9cbd36b01bd1cbaebf2de08d9173bc095c,18,18,PancakeSwapV3
PancakeSwapV3,0xdc413e3d74eee94792d0f6a724ae135401d51942,TEST,WBNB,200,10000,0x092f76969341be814a67ff6b222cc4705e0f4f91,0xbb4cdb9cbd36b01bd1cbaebf2de08d9173bc095c,18,18,PancakeSwapV3
PancakeSwapV3,0x6232d9720997068ef750f796993916e3d3afc13e,GONTLET,WBNB,200,10000,0x2e7da28285b16cc7bb529f5eb9e59bb7a5aeadf8,0xbb4cdb9cbd36b01bd1cbaebf2de08d9173bc095c,18,18,PancakeSwapV3
PancakeSwapV3,0x5913f4ae2b468e4bd3a28bd2df415d3eb8a8c7b1,X,WBNB,200,10000,0xb0634e49f6e5a2fc2bb3c59ca97e7366baf38772,0xbb4cdb9cbd36b01bd1cbaebf2de08d9173bc095c,18,18,PancakeSwapV3
PancakeSwapV3,0x296610902a9d7291623872896cdbd268dd02bde7,BMASK,WBNB,200,10000,0x5076c8ddefe48b73f1cca1fba6d48dc77060d24f,0xbb4cdb9cbd36b01bd1cbaebf2de08d9173bc095c,18,18,PancakeSwapV3
PancakeSwapV3,0x34cebd12f08c9afe90547a06e4e328b2cf52be5b,1ONE,WBNB,200,10000,0x69537464bd74fec00c64eb5b6a632b9f7975d083,0xbb4cdb9cbd36b01bd1cbaebf2de08d9173bc095c,18,18,PancakeSwapV3
PancakeSwapV3,0xfa954a91f39468983ad8244d2b1754f787880e6a,Sirius,WBNB,200,10000,0xb610827fe09af5dc5ce11d13cdd439ba1be39729,0xbb4cdb9cbd36b01bd1cbaebf2de08d9173bc095c,18,18,PancakeSwapV3
PancakeSwapV3,0xee95d8a0f0ccb632e79306904fa8722c845cb6e5,YZI,WBNB,200,10000,0x0cf556b38c9b6e3342fa408d563ee71fa420e973,0xbb4cdb9cbd36b01bd1cbaebf2de08d9173bc095c,18,18,PancakeSwapV3
PancakeSwapV3,0xb8cab05cf81bab8da4b5b638eab8e20defca1c15,J,WBNB,200,10000,0x6f4e501fced60ab1b84b033d03f3f116423a85af,0xbb4cdb9cbd36b01bd1cbaebf2de08d9173bc095c,18,18,PancakeSwapV3
PancakeSwapV3,0x07de67c6551a878a6bf3bd8bd5453ee8bfdc1480,pre-rich,WBNB,200,10000,0xa13cf4c16c8376b2338bb9386332a8dec0353ccd,0xbb4cdb9cbd36b01bd1cbaebf2de08d9173bc095c,18,18,PancakeSwapV3
PancakeSwapV3,0xc344814ce9125cc70ebdc819bdc0a388552b9423,X,WBNB,200,10000,0x7185a270aefdbf392bf02ab6b308148e40b6828e,0xbb4cdb9cbd36b01bd1cbaebf2de08d9173bc095c,18,18,PancakeSwapV3
PancakeSwapV3,0xdc77f61d42724c7a20c33c3b960474d7f2dce25a,WONG,WBNB,200,10000,0x0800820e29d75596f08957b7e8b86a597df879b6,0xbb4cdb9cbd36b01bd1cbaebf2de08d9173bc095c,18,18,PancakeSwapV3
PancakeSwapV3,0xe4a4f14e0dc7418bb5a8d89b47f350c4c0d8b657,MYO,WBNB,200,10000,0x79bca9c278b906a75d846a70d0b72f06d6e5cd38,0xbb4cdb9cbd36b01bd1cbaebf2de08d9173bc095c,18,18,PancakeSwapV3
PancakeSwapV3,0x73d52d1558a9307a2a454dd1b689d50081f8336e,WBNB,k ltd,1,100,0xbb4cdb9cbd36b01bd1cbaebf2de08d9173bc095c,0xcd8a90345e3d54818099d632422d14e6ba4495bc,18,18,PancakeSwapV3
PancakeSwapV3,0xb7b43f1fd4b1287b05b23731b7feb532b5bfd79f,?,WBNB,200,10000,0x924fa68a0fc644485b8df8abfa0a41c2e7744444,0xbb4cdb9cbd36b01bd1cbaebf2de08d9173bc095c,18,18,PancakeSwapV3
UniswapV3CL,0x8d2c71d8672c23a7587d7ee482de567cfd662601,USDT,TREE,200,10000,0x55d398326f99059ff775485246999027b3197955,0x77146784315ba81904d654466968e3a7c196d1f3,18,18,UniswapV3CL
PancakeSwapV3,0x433face253e5e04f6a3a51dcc70d1233f90a4463,WBNB,HHH,1,100,0xbb4cdb9cbd36b01bd1cbaebf2de08d9173bc095c,0xe8a9684cda48247aa9ac33a52c7640258291fa5f,18,18,PancakeSwapV3
PancakeSwapV3,0xe0be267403fdd91b4814c51652548acd12f21310,NFL,WBNB,50,2500,0x496e35f1ca722d4e86504165f3e672e159a0e39c,0xbb4cdb9cbd36b01bd1cbaebf2de08d9173bc095c,18,18,PancakeSwapV3
PancakeSwapV3,0xf526165c1f6c70d9ae6726d988a6b4fec4a39135,WBNB,FINEPEPE,1,100,0xbb4cdb9cbd36b01bd1cbaebf2de08d9173bc095c,0xbc50a9974706fc34e7476e0836656e845a79f1fd,18,18,PancakeSwapV3
UniswapV3CL,0x7a1a9d0cc1b6271fc21a226cf25b251cd80268a5,USDT,KITE,200,10000,0x55d398326f99059ff775485246999027b3197955,0x904567252d8f48555b7447c67dca23f0372e16be,18,18,UniswapV3CL
PancakeSwapV3,0x56fa0eee7bc41914415941f95f802a31276c1307,USDT,DEXO,200,10000,0x55d398326f99059ff775485246999027b3197955,0xd1b03c79c75e758454cdea9322f924dc6365d5af,18,18,PancakeSwapV3
PancakeSwapV3,0x8c278431c9bd21d9020b0d8c8bc5caf2227fa59a,3XSD,WBNB,1,100,0x7ff49751bed68d5bf8f7154a66f8752140947886,0xbb4cdb9cbd36b01bd1cbaebf2de08d9173bc095c,18,18,PancakeSwapV3
PancakeSwapV3,0x7099329da9f594f72b830b0166862963698f851e,BEP20,WBNB,200,10000,0x12a3657404542d8bc19e58e5ed687414016beb59,0xbb4cdb9cbd36b01bd1cbaebf2de08d9173bc095c,18,18,PancakeSwapV3
PancakeSwapV3,0x5b96619b4cf47160b67182ae8f9464132eec5ed2,USDT,WRUSD,1,100,0x55d398326f99059ff775485246999027b3197955,0x888bd365b0c210f7ab0e700957ed7faaca1d8888,18,18,PancakeSwapV3
UniswapV3CL,0xde61a9a4718b8380b718cd5e1c7451b3ba3dd900,CDO,USDT,60,3000,0x4f7f52617e0b208f9ac2a403a8536e955e7e40ac,0x55d398326f99059ff775485246999027b3197955,18,18,UniswapV3CL
PancakeSwapV3,0x56e6e9b813820a1b1f7ea8dafdeff77bb71ec150,YUAN,WBNB,1,100,0xa09f2ac2c8c3384f588413865c7e6bff6ddc8e77,0xbb4cdb9cbd36b01bd1cbaebf2de08d9173bc095c,18,18,PancakeSwapV3
PancakeSwapV3,0xcd93d721e09dbfab237faa9b8042893ebf4afb66,TCN,USDT,1,100,0x1141d2ea301c704aebc7f79aa0f9ecba1ee0cbf9,0x55d398326f99059ff775485246999027b3197955,18,18,PancakeSwapV3
PancakeSwapV3,0x38d279c5656b113e014f72cfd156b1c4d4cf7447,mmc,WBNB,1,100,0x9118e9bc82d215eb4a624ef65f7fece2dfc31f1c,0xbb4cdb9cbd36b01bd1cbaebf2de08d9173bc095c,18,18,PancakeSwapV3
PancakeSwapV3,0xd0a5fff1f2ecb934e2f4b63b9a8b629deba50a8a,PATH,WBNB,50,2500,0x0e2c0032bbac753354d7ef32087f80c8c790f9a9,0xbb4cdb9cbd36b01bd1cbaebf2de08d9173bc095c,18,18,PancakeSwapV3
PancakeSwapV3,0xaa0e1bb9a82eb059c8080b08c21fba41ad1d65d8,GLO,WBNB,10,500,0x6604957d2a31ea05a2441259b3d5169d8fcc6423,0xbb4cdb9cbd36b01bd1cbaebf2de08d9173bc095c,18,18,PancakeSwapV3
PancakeSwapV3,0x1c784c7fe57bfc2a39dce022f5f375bedf18a601,TSLAPI,WBNB,10,500,0x86906dd1715764c866da57dd22a8bcab24ea3083,0xbb4cdb9cbd36b01bd1cbaebf2de08d9173bc095c,18,18,PancakeSwapV3
UniswapV3CL,0x73792e2681cd8255591d78423618c683dff4094b,USDT,IR,60,3000,0x55d398326f99059ff775485246999027b3197955,0xace9de5af92eb82a97a5973b00eff85024bdcb39,18,18,UniswapV3CL
PancakeSwapV3,0x71cd938b95ad63cb724b986bd7628558a6af5bb1,TAT,WBNB,50,2500,0x996d1b997203a024e205069a304161ba618d1c61,0xbb4cdb9cbd36b01bd1cbaebf2de08d9173bc095c,18,18,PancakeSwapV3
PancakeSwapV3,0x87b1021d1d147141e24d5d55d474b2e027893c39,WBNB,LAMBORGHINI,50,2500,0xbb4cdb9cbd36b01bd1cbaebf2de08d9173bc095c,0xc8cf8b7877c82476c39e77769e9b640af507fcb9,18,18,PancakeSwapV3
PancakeSwapV3,0x740b086aee6ed09988ac586e45c6d0dca4792aee,USDT,1SEN,200,10000,0x55d398326f99059ff775485246999027b3197955,0x78f1de8adb304b6f02201582ca9d318fbe71cc8e,18,18,PancakeSwapV3
PancakeSwapV3,0x189a393514c264daa70d272d56666b55030b8ad9,ANTIX,WBNB,50,2500,0x9adbc655b5af7e5d4d286664710cbccea06b0b3d,0xbb4cdb9cbd36b01bd1cbaebf2de08d9173bc095c,18,18,PancakeSwapV3
UniswapV3CL,0xe7df69cc69f5a9425865e30625ce516269c43ad1,USDT,TEO,200,10000,0x55d398326f99059ff775485246999027b3197955,0xafda600b05e21a732e1d1755a63945d96c1121aa,18,18,UniswapV3CL
UniswapV3CL,0x9800cbb666dde3200be0facd5187dbb2866b0d6e,USDT,MM,200,10000,0x55d398326f99059ff775485246999027b3197955,0xa5346f91a767b89a0363a4309c8e6c5adc0c4a59,18,18,UniswapV3CL
PancakeSwapV3,0xfb84e140beccd7de21e2f23159db2d5f8da6de0f,WBNB,BINANCIAGA,200,10000,0xbb4cdb9cbd36b01bd1cbaebf2de08d9173bc095c,0xd8b217810e3e02085186bf53d5243c580b97a8c4,18,18,PancakeSwapV3
PancakeSwapV3,0xf8efd799bfbbad759d9cd081db45c3449c0622cc,TF,WBNB,10,500,0x8d04b3dd2869208fa23de150cbbc816b438691c6,0xbb4cdb9cbd36b01bd1cbaebf2de08d9173bc095c,18,18,PancakeSwapV3
PancakeSwapV3,0x32b0565661da8f6a369fc0e1ab32f780788d4c08,AGrok,WBNB,200,10000,0x42066d3af1c24f9fdd904b3a91699fe9446d6a23,0xbb4cdb9cbd36b01bd1cbaebf2de08d9173bc095c,18,18,PancakeSwapV3
PancakeSwapV3,0x64867920381d16b54c6ec09efd38d7eb563d595f,ElonMusk,WBNB,200,10000,0xa9f42e78d74f156242db8e8c803594799d8cdddd,0xbb4cdb9cbd36b01bd1cbaebf2de08d9173bc095c,18,18,PancakeSwapV3
PancakeSwapV3,0x55c01477cad3dc5a89eb692955dec9285e42afc1,test,WBNB,200,10000,0x4203ea4f780880761b44c1d49c095ab4cf024ee7,0xbb4cdb9cbd36b01bd1cbaebf2de08d9173bc095c,18,18,PancakeSwapV3
PancakeSwapV3,0x5a81ef38f60dc18aeeba0e90c4fb4624087d005d,STAR10,WBNB,200,10000,0x8b9abdd229ec0c4a28e01b91aacdc5daafc25c2b,0xbb4cdb9cbd36b01bd1cbaebf2de08d9173bc095c,18,18,PancakeSwapV3
PancakeSwapV3,0xfeef05a4d6e07807090a14ff1a19498dcc37888a,WHTS,WBNB,200,10000,0x9ccd3a4576fa7c342b1ea5178e779b13b3150c87,0xbb4cdb9cbd36b01bd1cbaebf2de08d9173bc095c,18,18,PancakeSwapV3
PancakeSwapV3,0xf79371b93681b5bf62303be24b72271844fab96f,ACE,WBNB,50,2500,0xa91bd9cb69c7069867cf9cd85514b683b5b7cbba,0xbb4cdb9cbd36b01bd1cbaebf2de08d9173bc095c,18,18,PancakeSwapV3
PancakeSwapV3,0x6026913e7d2b6db3d7410528c849270f555dafca,Tukin,WBNB,200,10000,0xa89cc90276f036d03c6e12630f451409b78c7d5b,0xbb4cdb9cbd36b01bd1cbaebf2de08d9173bc095c,18,18,PancakeSwapV3
PancakeSwapV3,0x408b06facac51779b9acb2a55d416a08233a5b37,HOPE,WBNB,200,10000,0x94853afc557069ae61c62807ae114d37d65e60dd,0xbb4cdb9cbd36b01bd1cbaebf2de08d9173bc095c,18,18,PancakeSwapV3
PancakeSwapV3,0x73fa3dbe067f00b6a13c227503b4ce9244bd7aab,GEMCY,USDT,200,10000,0x3f48b4407b67e00beb04f0495c55f2b3797c24e7,0x55d398326f99059ff775485246999027b3197955,18,18,PancakeSwapV3
UniswapV3CL,0x3e959de47352aca050ae7ca43e2d826f59b5cd78,Next,WBNB,200,10000,0x7f4fbd86c362fe8ad7a7d693381949198b6626c6,0xbb4cdb9cbd36b01bd1cbaebf2de08d9173bc095c,18,18,UniswapV3CL
PancakeSwapV3,0x83151b0c7975babc5de8b42c6c863cf0df3b2a48,test,WBNB,200,10000,0x80ecb3af4ad2fcbdab5cf886f732448021c20416,0xbb4cdb9cbd36b01bd1cbaebf2de08d9173bc095c,18,18,PancakeSwapV3
PancakeSwapV3,0x0fd27f1090bc64687c2a45b679bfead22963b9f7,test,WBNB,200,10000,0x7d50e636a2232e80dd62ae0f35d4e037e81eb58f,0xbb4cdb9cbd36b01bd1cbaebf2de08d9173bc095c,18,18,PancakeSwapV3
UniswapV3CL,0xeba5a7648dbbf8977d028c0e146384d7f59eac71,test,WBNB,200,10000,0x4f5fca1bb3a98200c5f34de099b52f2ebebebad9,0xbb4cdb9cbd36b01bd1cbaebf2de08d9173bc095c,18,18,UniswapV3CL
PancakeSwapV3,0xb23e5e1a2b92f5450269aa33d42bc3ce7d64df30,test,WBNB,200,10000,0x830348b10ef1f7cb56c037e6109e0f6f6c4e6e2a,0xbb4cdb9cbd36b01bd1cbaebf2de08d9173bc095c,18,18,PancakeSwapV3
PancakeSwapV3,0x90f3e5878a1b3ba9a2630dafc342c3e7c52c64a8,QTI,USDT,50,2500,0x00ebb83c81a1977011c89db95ccf88c3dd316951,0x55d398326f99059ff775485246999027b3197955,18,18,PancakeSwapV3
PancakeSwapV3,0x6805e0e5333c5c3accf2930be4734e2b98f4ce06,USDT,WBNB,200,10000,0x55d398326f99059ff775485246999027b3197955,0xbb4cdb9cbd36b01bd1cbaebf2de08d9173bc095c,18,18,PancakeSwapV3
PancakeSwapV3,0xb4197ff2c661b727929fbd25c86476c217200afe,WBNB,GPC,1,100,0xbb4cdb9cbd36b01bd1cbaebf2de08d9173bc095c,0xf0ec99ebf15045291a64a0ccf3e5d43b00c318fa,18,18,PancakeSwapV3
UniswapV3CL,0x5f983a39df8bfa0763cbf3fa4321edc4f7c4b18b,PIEVERSE,USDT,60,3000,0x0e63b9c287e32a05e6b9ab8ee8df88a2760225a9,0x55d398326f99059ff775485246999027b3197955,18,18,UniswapV3CL
PancakeSwapV3,0x562158828a690f15dec92e05d4fff981746fb5ab,USDT,WBNB,200,10000,0xaba3fe6e1e8614bface5ea37d0915004ce2d801d,0xbb4cdb9cbd36b01bd1cbaebf2de08d9173bc095c,18,18,PancakeSwapV3
PancakeSwapV3,0xbffb6341941c1eed5de379457d4e8480c8ed6b2b,DNC,WBNB,1,100,0x7a7ebe9e3da197b77ffa22ab06da58afa69e65b6,0xbb4cdb9cbd36b01bd1cbaebf2de08d9173bc095c,18,18,PancakeSwapV3
PancakeSwapV3,0x28cdf4ce50e4ec18019eb9bbd212747d47210b86,WBNB,INTI,1,100,0xbb4cdb9cbd36b01bd1cbaebf2de08d9173bc095c,0xbee2bc77967608b93dd72b8fb3e32860d2195f2e,18,18,PancakeSwapV3
PancakeSwapV3,0x961e7cd24b6b2cbcccbff12dd8114c3eb0a3c89a,WBNB,DCTFI,50,2500,0xbb4cdb9cbd36b01bd1cbaebf2de08d9173bc095c,0xf857ac4c4a6b692da942e90b10b476011346baac,18,18,PancakeSwapV3
PancakeSwapV3,0x2032229d8c51c3fe1c5e20b8699689c179c31f7b,INEF,WBNB,1,100,0x0201446ab3d2fd84497cb993f9fdfd9aed2b05d8,0xbb4cdb9cbd36b01bd1cbaebf2de08d9173bc095c,18,18,PancakeSwapV3
UniswapV3CL,0x92efa75ad984ae1724711a8333fb06b0be15efba,USDT,BTR,200,10000,0x55d398326f99059ff775485246999027b3197955,0xfed13d0c40790220fbde712987079eda1ed75c51,18,18,UniswapV3CL
PancakeSwapV3,0x2ec9df10bdc4dff7301fad2e299f9b3e806c211e,SQUATCHX,WBNB,10,500,0x51759bd04c49d529b54adb4dfa2a829a4dd41128,0xbb4cdb9cbd36b01bd1cbaebf2de08d9173bc095c,18,18,PancakeSwapV3
PancakeSwapV3,0xa66f9b570ef6f72c9c883e5a9dc9bc9fa3eed718,REX,WBNB,200,10000,0x0bd838e5835228b9afd5dac5dcddef64fbd4f1b4,0xbb4cdb9cbd36b01bd1cbaebf2de08d9173bc095c,18,18,PancakeSwapV3
PancakeSwapV3,0x2cee7239921be4f46023d5f7311db17d80589002,USDT,UNI,200,10000,0x55d398326f99059ff775485246999027b3197955,0xbf5140a22578168fd562dccf235e5d43a02ce9b1,18,18,PancakeSwapV3
UniswapV3CL,0x302642976506d247c7017b85ddc89e3956f96ba1,LYN,USDT,60,3000,0x302dfaf2cdbe51a18d97186a7384e87cf599877d,0x55d398326f99059ff775485246999027b3197955,18,18,UniswapV3CL
PancakeSwapV3,0x67c13a5557bb90ebe446a429568e861f6555ee17,FartBNB,WBNB,200,10000,0x2114ed8ed375c2056053234f0a457f700e04b650,0xbb4cdb9cbd36b01bd1cbaebf2de08d9173bc095c,18,18,PancakeSwapV3
PancakeSwapV3,0x9b876d740f75efc07aa4aacd5f4d938cab7b5d0c,HGPT,USDT,50,2500,0x529c79f6918665ebe250f32eeeaa1d410a0798c6,0x55d398326f99059ff775485246999027b3197955,18,18,PancakeSwapV3
PancakeSwapV3,0xa6fc91bc4bcabf1c42196c3bbdc17270e3b56091,XPN,WBNB,50,2500,0x6a5b12d775dad63cd149998562055d9415c8083a,0xbb4cdb9cbd36b01bd1cbaebf2de08d9173bc095c,18,18,PancakeSwapV3
PancakeSwapV3,0xd8b33360ecd7e9269f292ef51d042897c1e52edd,LCN,WBNB,50,2500,0x5f90da089d90389323aefafdd4ce5b5d2f6cce7e,0xbb4cdb9cbd36b01bd1cbaebf2de08d9173bc095c,18,18,PancakeSwapV3
PancakeSwapV3,0xfc76477421ba2f405cc8a7033fee6ae2516b68be,WBNB,MAX,10,500,0xbb4cdb9cbd36b01bd1cbaebf2de08d9173bc095c,0xd6fedb9fe0c3e044a4600338e4065c14849ab2cc,18,18,PancakeSwapV3
UniswapV3CL,0xb0092e9d829bdeb8d6c084a75f0c4d934d1fb429,PENQUIN,WBNB,200,10000,0xb4d6bce21c09eda206ef8b8eb2add09ce1b08fad,0xbb4cdb9cbd36b01bd1cbaebf2de08d9173bc095c,18,18,UniswapV3CL
PancakeSwapV3,0x0b3a262876037476d6f8ca1d60c31b4a9a1934a0,ATM,WBNB,50,2500,0x9070c2db45f011e5bf66f544b20f10150f2754d0,0xbb4cdb9cbd36b01bd1cbaebf2de08d9173bc095c,18,18,PancakeSwapV3
PancakeSwapV3,0xe8c23e7b09d7c20ae087418a0cea2389559e64a7,USDT,DONO,10,500,0x55d398326f99059ff775485246999027b3197955,0xa7070cdbd701940e5240a88113f505763b831022,18,18,PancakeSwapV3
PancakeSwapV3,0xdb4992997421b1e82032fdd298244debdadf3576,STDY,WBNB,1,100,0xb090b96b0daf8ba4b360c851f289dfb4f5e6708c,0xbb4cdb9cbd36b01bd1cbaebf2de08d9173bc095c,18,18,PancakeSwapV3
PancakeSwapV3,0x943f52ba2a17d71e8db9d53692e192a2d6576232,USDT.z,WBNB,200,10000,0x5ac14ac87c613e947274a8ac13642012032c2df9,0xbb4cdb9cbd36b01bd1cbaebf2de08d9173bc095c,18,18,PancakeSwapV3
PancakeSwapV3,0x6c6962f4a0232c4b5e3f45fe23b1b5cada24caaa,GTAVI,WBNB,10,500,0x157e8347149f5aedb1e448291918b8df3a34cb19,0xbb4cdb9cbd36b01bd1cbaebf2de08d9173bc095c,18,18,PancakeSwapV3
PancakeSwapV3,0x9f7eea64e1427ed1aebbb2c721dd59389905c09a,USDT,P2PPOWER,50,2500,0x55d398326f99059ff775485246999027b3197955,0xcd11af4550e0436fe94071fc67e414f1c24fa392,18,18,PancakeSwapV3
PancakeSwapV3,0x54d967d7b7260c1ef74a4d8b7b9a1db04a3f5dba,USDT,UGO,50,2500,0x55d398326f99059ff775485246999027b3197955,0x66a2ed2f04bc7d2a03785dd04261a2fa595a5839,18,18,PancakeSwapV3
UniswapV3CL,0x6bcb0ba386e9de0c29006e46b2f01f047ca1806e,USDC,WBNB,60,3000,0x8ac76a51cc950d9822d68b83fe1ad97b32cd580d,0xbb4cdb9cbd36b01bd1cbaebf2de08d9173bc095c,18,18,UniswapV3CL
UniswapV3CL,0xf6d1d446e06fdd1639904aaee1477a4a0a2f6abf,BTCB,?,200,10000,0x7130d2a12b9bcbfae4f2634d864a1ee1ce3ead9c,0x9c89cd56cf485a55d6c5fe3446f5a04c87738c79,18,18,UniswapV3CL
PancakeSwapV3,0xfe66288a155e5886dfe2759f49f81f3c63f74ebb,VTC,USDT,10,500,0x286b11d35ac344164ea1dff3267925bff0b32d4c,0x55d398326f99059ff775485246999027b3197955,18,18,PancakeSwapV3
PancakeSwapV3,0xb9479ca5bc7d52b4d3ff94175d9fdf058f223b96,431,WBNB,1,100,0x9dbb2a1b7efe45d25aaef9c343aa05dcd495779d,0xbb4cdb9cbd36b01bd1cbaebf2de08d9173bc095c,18,18,PancakeSwapV3
PancakeSwapV3,0xf8104aaa719d31ea25dc494576593c10a8f929e6,CDT,WBNB,200,10000,0x0cbd6fadcf8096cc9a43d90b45f65826102e3ece,0xbb4cdb9cbd36b01bd1cbaebf2de08d9173bc095c,18,18,PancakeSwapV3
PancakeSwapV3,0x144b632e957dc93a324a60f06ff19e26958c0f99,USDT,VOW,200,10000,0x55d398326f99059ff775485246999027b3197955,0xf585b5b4f22816baf7629aea55b701662630397b,18,18,PancakeSwapV3
PancakeSwapV3,0x19b43ae43701818c4dfe61329c578a2c6d82b504,DOGGY,WBNB,200,10000,0x74926b3d118a63f6958922d3dc05eb9c6e6e00c6,0xbb4cdb9cbd36b01bd1cbaebf2de08d9173bc095c,18,18,PancakeSwapV3
PancakeSwapV3,0xa2c59f9125dd0ff0fd0b7da3a9ddb9b6523aeb1d,Openopenai,USDT,10,500,0x2bf339530a2b6aa6b360d3e10243006442c62977,0x55d398326f99059ff775485246999027b3197955,18,18,PancakeSwapV3
UniswapV3CL,0x1d3a3da58fb4130f2a31b4d362788d9beef1d6d9,USDT,DGC,200,10000,0x55d398326f99059ff775485246999027b3197955,0x9cfae8067322394e34e6b734c4a3f72acc4a7fe5,18,18,UniswapV3CL
PancakeSwapV3,0xa408a2c747dccebc0396520fdeff08869826592e,memestock,WBNB,50,2500,0x699dffefc279920e9c465fce6bf1f2097006dddd,0xbb4cdb9cbd36b01bd1cbaebf2de08d9173bc095c,18,18,PancakeSwapV3
UniswapV3CL,0x1a6ca2909a9cf84a3cfb9cb0b58fda14ec281664,USDT,CPC,60,3000,0x55d398326f99059ff775485246999027b3197955,0xc1ba9bcb7d84059c83a6237ca76507c7263a8896,18,18,UniswapV3CL
PancakeSwapV3,0x06d58be3aef2a73dbb8207493c95e8311d625a67,XTM,WBNB,1,100,0x4844f32de62cf513b3b477825dc33d5030b41e50,0xbb4cdb9cbd36b01bd1cbaebf2de08d9173bc095c,18,18,PancakeSwapV3
PancakeSwapV3,0x770d752dca201ca948007292cac810f42f0a116d,WBNB,PROS,50,2500,0xbb4cdb9cbd36b01bd1cbaebf2de08d9173bc095c,0xbe1936a67f503e0eaf2434b0cf9f4e3d7100008a,18,18,PancakeSwapV3
PancakeSwapV3,0xa09ebb0c952e9bb87de292f74b66eca0c63be753,DUGO,WBNB,1,100,0x93e721e13d23adec37ea029e5f83e030a721d1f4,0xbb4cdb9cbd36b01bd1cbaebf2de08d9173bc095c,18,18,PancakeSwapV3
PancakeSwapV3,0xbad854295673fb60042a7fde0a5527ecdb700b69,MTV,WBNB,50,2500,0x0bb20b7723f6f2ed70d7f7d0fda79094364d7d1a,0xbb4cdb9cbd36b01bd1cbaebf2de08d9173bc095c,18,18,PancakeSwapV3
PancakeSwapV3,0x9badd5736e4fdf95bf6fceaafa6505e282053824,USDT,cpt,1,100,0x55d398326f99059ff775485246999027b3197955,0x6cabf131d09a533a5c469907958c68d672e3feb9,18,18,PancakeSwapV3
PancakeSwapV3,0x722b20285560eb33338750b87de418731ba9b82a,D33,WBNB,1,100,0x7ecd6b36bc2ab1767cb288e2a2e13dcb32b10ef4,0xbb4cdb9cbd36b01bd1cbaebf2de08d9173bc095c,18,18,PancakeSwapV3
PancakeSwapV3,0xb4e5f1136cbbce56584de9a0d8c8aa9e0dfef8a1,BIC,WBNB,1,100,0x2a99a2780467aace9713292ad9c9270e37c18b98,0xbb4cdb9cbd36b01bd1cbaebf2de08d9173bc095c,18,18,PancakeSwapV3
UniswapV3CL,0x7ba96980aa8b17a8cd6d73b54cf239523d16086b,CCDAO,BTCB,200,10000,0x200f73aba0d6f8919086f64035ef900669ea2de2,0x7130d2a12b9bcbfae4f2634d864a1ee1ce3ead9c,18,18,UniswapV3CL
PancakeSwapV3,0xb572df4b00f3365955de18cbdaf7a13bb452ab66,JANA,WBNB,1,100,0x4e9047a519dd4d344f3f4c0865fab540a43c1685,0xbb4cdb9cbd36b01bd1cbaebf2de08d9173bc095c,18,18,PancakeSwapV3
PancakeSwapV3,0x86868c95c9e9fdb5c65515711df9ad9f9a129eda,WBNB,Broccoli,200,10000,0xbb4cdb9cbd36b01bd1cbaebf2de08d9173bc095c,0xefc8228e50ab48a8b6479d9c8c6fe194ee8c932c,18,18,PancakeSwapV3
UniswapV3CL,0xf13e91be4cccd56841a92b210b9e8b300551c807,TESTDASH,WBNB,200,10000,0x8720b2d1ed8a123414795fe3575849c96eaa181c,0xbb4cdb9cbd36b01bd1cbaebf2de08d9173bc095c,18,18,UniswapV3CL
PancakeSwapV3,0x58cb3ffd716d813ce4f7b4ffbcf9141ba28308f5,BELG,WBNB,200,10000,0x7e4dab87cbd6307e8833cc5c540ee151c6db4f42,0xbb4cdb9cbd36b01bd1cbaebf2de08d9173bc095c,18,18,PancakeSwapV3
PancakeSwapV3,0x2d85752ee8d859282fe62435e774a0e387b43b3b,WBNB,Stoney,200,10000,0xbb4cdb9cbd36b01bd1cbaebf2de08d9173bc095c,0xc459a0147106bce3d4decc3d9f5cf962452d1a54,18,18,PancakeSwapV3
PancakeSwapV3,0x4f4fe38e755e20648f0839ae536037b087614daf,WBNB,PEPEM,10,500,0xbb4cdb9cbd36b01bd1cbaebf2de08d9173bc095c,0xc68be5785f453566d2cf489b3988f4e89df855b5,18,18,PancakeSwapV3
PancakeSwapV3,0x6cb5d7d6b96d475f310cbdd88cfbc869708d1bb3,Lucky,WBNB,200,10000,0x1569f5f01e94a7c6fbd3f91bee9a66dc117d38a8,0xbb4cdb9cbd36b01bd1cbaebf2de08d9173bc095c,18,18,PancakeSwapV3
PancakeSwapV3,0x2407a5893e7228ea0d36790ab31163923d4b6240,JESSIE,WBNB,200,10000,0x4842ffb23c32dac2342eef92875d798befa82fa4,0xbb4cdb9cbd36b01bd1cbaebf2de08d9173bc095c,18,18,PancakeSwapV3
PancakeSwapV3,0x7aa9e8274e797e50c4f69f570b3fcfca0fd81a57,EDUT,WBNB,1,100,0xb5203c3998ba5bec778b84265e44ff8c3c7b90a4,0xbb4cdb9cbd36b01bd1cbaebf2de08d9173bc095c,18,18,PancakeSwapV3
PancakeSwapV3,0xde138f95e7c19b0b5c608fd754a578b9c7821469,USDT,TRADE,1,100,0x55d398326f99059ff775485246999027b3197955,0xb75ba7ef520a5bd0a5d01108060be269642c4601,18,18,PancakeSwapV3
PancakeSwapV3,0xb5f3ac83e3f0953a92973b48db99a5974be97be6,WBNB,$MHL,1,100,0xbb4cdb9cbd36b01bd1cbaebf2de08d9173bc095c,0xf186c1fb1a7f1fd3bd1ee5f1f682fbb3d4ef8888,18,18,PancakeSwapV3
PancakeSwapV3,0x5680ad5fb97d62d1f1331eb224b4848dfe7369e8,XFI,WBNB,50,2500,0x3ee457bb9cb719948cbec2ebd49d56dc02a41f9b,0xbb4cdb9cbd36b01bd1cbaebf2de08d9173bc095c,18,18,PancakeSwapV3
PancakeSwapV3,0xc86c2ceaf6536280c6f8b29b1c5c6f9f8c1581e1,USDT,memes,200,10000,0x55d398326f99059ff775485246999027b3197955,0xf74548802f4c700315f019fde17178b392ee4444,18,18,PancakeSwapV3
PancakeSwapV3,0xb26dbf425952030da370b3751b028ff10f28bcfe,USDC,USDT,1,100,0x8ac76a51cc950d9822d68b83fe1ad97b32cd580d,0xbb7e20348fcfd959e314747873b41d51ef1f3474,18,18,PancakeSwapV3
PancakeSwapV3,0x6b5a23de9e86a0de9a4c30d7659ac8457ea1805b,HELLO,WBNB,200,10000,0xb8012e7b843753fb5d129c5484a2c6f1cb71d48a,0xbb4cdb9cbd36b01bd1cbaebf2de08d9173bc095c,18,18,PancakeSwapV3
PancakeSwapV3,0xd9a2e5cb991ef300c966e026585e05d0858336dc,EXTKN3,WBNB,200,10000,0x836f594330303ca1f2741e1bed81f52d325b725a,0xbb4cdb9cbd36b01bd1cbaebf2de08d9173bc095c,18,18,PancakeSwapV3
PancakeSwapV3,0xfaa719b1bcec2cf8ffc16765ac97a221fabd3b64,EXTKN4,WBNB,200,10000,0x00e3c0101c449285cff7e518fc555309d7146eeb,0xbb4cdb9cbd36b01bd1cbaebf2de08d9173bc095c,18,18,PancakeSwapV3
PancakeSwapV3,0x2409be112b89c36b36a4af5de63b0b02bf2e007d,EXTKN2,WBNB,200,10000,0x8b15ad5a8a2fa9e2da6bc9048d9062addbccb513,0xbb4cdb9cbd36b01bd1cbaebf2de08d9173bc095c,18,18,PancakeSwapV3
PancakeSwapV3,0x9eedb42149dfa3dac7c6785863faa6f590a8a9d5,Unreal,WBNB,200,10000,0x507ad7e6851b22ba1aa1b03c4064aabc66aa4296,0xbb4cdb9cbd36b01bd1cbaebf2de08d9173bc095c,18,18,PancakeSwapV3
PancakeSwapV3,0xb79ab9e87b28dd0753a88b19f30fb9478401ba81,COCONUT9,WBNB,200,10000,0x8fffb5b79cbd44aa5a4913d712a1db82de72451a,0xbb4cdb9cbd36b01bd1cbaebf2de08d9173bc095c,18,18,PancakeSwapV3
UniswapV3CL,0x4110348e607937feba2ec4e0586c5897aa52ad9c,EXTKN,WBNB,200,10000,0x000e1f81d19a28c28106580388877282a7b67f65,0xbb4cdb9cbd36b01bd1cbaebf2de08d9173bc095c,18,18,UniswapV3CL
PancakeSwapV3,0x7fd93368da97430dee3c778c7d2eb5b9b0d4dee5,pnut,WBNB,200,10000,0x7cb77879d60e071f89450e6c5c59d2adc1158978,0xbb4cdb9cbd36b01bd1cbaebf2de08d9173bc095c,18,18,PancakeSwapV3
PancakeSwapV3,0x6a2905ebe9f162eeeb45fcb7dd71fd940b7313e5,EXTKN4,WBNB,200,10000,0x0a2c8854124b6d775f46f9f671cc891d60d47490,0xbb4cdb9cbd36b01bd1cbaebf2de08d9173bc095c,18,18,PancakeSwapV3
PancakeSwapV3,0xcd0b23800767ba69f2d036ce26314a086179cd46,COCONUT9,WBNB,200,10000,0xad5239ad1085879591b0260c35969e5de276413e,0xbb4cdb9cbd36b01bd1cbaebf2de08d9173bc095c,18,18,PancakeSwapV3
PancakeSwapV3,0x6372897f1c7eb92d6dfd0931406dc26eec5c72ca,HELLO4,WBNB,200,10000,0x49f10abdc6dbc88d3ec7350e489079c0c9e4d630,0xbb4cdb9cbd36b01bd1cbaebf2de08d9173bc095c,18,18,PancakeSwapV3
PancakeSwapV3,0xcb845bd4c7a2d94e9f1466c55da414672084a363,COCONUT8,WBNB,200,10000,0xb432f4ad8f0f35d8c8e1d80cc004e084a7f4ac00,0xbb4cdb9cbd36b01bd1cbaebf2de08d9173bc095c,18,18,PancakeSwapV3
PancakeSwapV3,0x714988778b4ba514cdb47f7473fd921d05a47d91,COCONUT7,WBNB,200,10000,0x0a795bc602e3758b3da9595f0b6f8424bba497ec,0xbb4cdb9cbd36b01bd1cbaebf2de08d9173bc095c,18,18,PancakeSwapV3
PancakeSwapV3,0x3ff9e968f5afab112475d037e931adb2a2a3d229,RAINBOW,WBNB,200,10000,0x10291c8da49271a9dfecf0062271207f60d31f10,0xbb4cdb9cbd36b01bd1cbaebf2de08d9173bc095c,18,18,PancakeSwapV3
PancakeSwapV3,0xc72c1ef77f879510cd3649eeaa260d18b75afe82,RAINBOW8,WBNB,200,10000,0x6142a200687fb74c6603e45b214d6a726569edf9,0xbb4cdb9cbd36b01bd1cbaebf2de08d9173bc095c,18,18,PancakeSwapV3
PancakeSwapV3,0x960f17a5bff835ee1b0049d6dd213e91274bb29b,TEST,WBNB,200,10000,0x9a7253fca5fbf3c29bb9ec6bb79d6c9d82d43522,0xbb4cdb9cbd36b01bd1cbaebf2de08d9173bc095c,18,18,PancakeSwapV3
PancakeSwapV3,0x4ada94fdb6c951da937c87c34b0274ee34306345,RAINBOW6,WBNB,200,10000,0x1f0c180796275fcd984cc47e550da42001157b77,0xbb4cdb9cbd36b01bd1cbaebf2de08d9173bc095c,18,18,PancakeSwapV3
UniswapV3CL,0xc07eddef6b7286cef22bd58fc03d36143552e93d,EXTKN,WBNB,200,10000,0x14cbda76df13d6ccc93e033b619a42f7293dc5d2,0xbb4cdb9cbd36b01bd1cbaebf2de08d9173bc095c,18,18,UniswapV3CL
PancakeSwapV3,0xb8f85c6054cb5f2934c34852c94a2c759c341811,GUITAR,WBNB,200,10000,0xafda88eee8909e1d2c933d4b8f1d44561c22215c,0xbb4cdb9cbd36b01bd1cbaebf2de08d9173bc095c,18,18,PancakeSwapV3
PancakeSwapV3,0xb9985fe7549df2e7eaeed6466455d42bd15d7225,LOAD,WBNB,200,10000,0x8d3304d80d1770fb4978d826bfeeba9b98913676,0xbb4cdb9cbd36b01bd1cbaebf2de08d9173bc095c,18,18,PancakeSwapV3
PancakeSwapV3,0x8717539d2c3e11f73bb5ad907e5d03bf8edc9e1f,COCONUT,WBNB,200,10000,0x08857315e5e3a41e5fc0496f15a6882b7a258ab7,0xbb4cdb9cbd36b01bd1cbaebf2de08d9173bc095c,18,18,PancakeSwapV3
PancakeSwapV3,0xd3c47391ca72c824acc1e305c8e3396a012e25d6,PC,WBNB,200,10000,0xba523c55b0b99a83f85c59de3d35e81c511e050c,0xbb4cdb9cbd36b01bd1cbaebf2de08d9173bc095c,18,18,PancakeSwapV3
PancakeSwapV3,0xb65c57b48f63e9e187dd9b6f3887ecef20df19df,PC,WBNB,200,10000,0xb5a2fab3191d0bbbe04da33bdd0734ed334be1fe,0xbb4cdb9cbd36b01bd1cbaebf2de08d9173bc095c,18,18,PancakeSwapV3
PancakeSwapV3,0x0c0933a5d0821dc3cfedf19aef3d1a44942dece0,HELLO7,WBNB,200,10000,0x4ee2b89246a0a24532a4390878c7356a3d38767c,0xbb4cdb9cbd36b01bd1cbaebf2de08d9173bc095c,18,18,PancakeSwapV3
PancakeSwapV3,0xdfe764c0bc19c7e266ff2e0451520f65a4bc83ef,EXTKN4,WBNB,200,10000,0x4efa86ce2ac31bec1ee2d3860c690ec42c11506c,0xbb4cdb9cbd36b01bd1cbaebf2de08d9173bc095c,18,18,PancakeSwapV3
PancakeSwapV3,0x67cad47fc6cdfed2ca50788082b795e2cd57be32,HELLO,WBNB,200,10000,0xbb0d4ab6fa85c217b6b17c7f23bde716aaf8b5b7,0xbb4cdb9cbd36b01bd1cbaebf2de08d9173bc095c,18,18,PancakeSwapV3
PancakeSwapV3,0x4cf12ff416879375bfbe405854dee9565babf589,COCONUT9,WBNB,200,10000,0xa43b1fba3c232b030da8a2f69ffde4594144d5b0,0xbb4cdb9cbd36b01bd1cbaebf2de08d9173bc095c,18,18,PancakeSwapV3
PancakeSwapV3,0xac2dc756b6099a550f37c36554356a9d4336ec6c,HELLO2,WBNB,200,10000,0x435e525e2109ed9b7846e5e47a7f1e52d9679dfd,0xbb4cdb9cbd36b01bd1cbaebf2de08d9173bc095c,18,18,PancakeSwapV3
PancakeSwapV3,0x11a0f4de3e5c7a6794ade0fe2a8eeeebf679b447,HELLO3,WBNB,200,10000,0xa5a33e651d51c291828c1d62f2f4e1aa91941d80,0xbb4cdb9cbd36b01bd1cbaebf2de08d9173bc095c,18,18,PancakeSwapV3
PancakeSwapV3,0xc7cea554a60abad986dfeb3503a045fde6cc1c31,HELLO,WBNB,200,10000,0xa66cb1a6f538e0adc9903b0ef3cfaca6fd6c5422,0xbb4cdb9cbd36b01bd1cbaebf2de08d9173bc095c,18,18,PancakeSwapV3
PancakeSwapV3,0x3cfdd45f3d7fd557856f592f692977aa1dc5fe00,RAINBOW,WBNB,200,10000,0x16fda55b5d048a74d2a35bfdc2be18adb4098b11,0xbb4cdb9cbd36b01bd1cbaebf2de08d9173bc095c,18,18,PancakeSwapV3
PancakeSwapV3,0x94f9f9d227d1ca5d30cf2c0a0ef746d789f8a1f3,RAINBOW1,WBNB,200,10000,0x0ad6ddf2e9740bb8d4da7e9b2bcce5be6bdd1177,0xbb4cdb9cbd36b01bd1cbaebf2de08d9173bc095c,18,18,PancakeSwapV3
PancakeSwapV3,0x7539883393cdd7377016c1cf117c240a75d20ff3,RAINBOW2,WBNB,200,10000,0x60910e49b79f8df963d21b68cea444ef904fc621,0xbb4cdb9cbd36b01bd1cbaebf2de08d9173bc095c,18,18,PancakeSwapV3
PancakeSwapV3,0x1df9fb5c62a01b2155f5a854e69cd3d11ec0e71c,RAINBOW4,WBNB,200,10000,0x5b4a089f7bec05e1979ab707ddec265ad2c4d393,0xbb4cdb9cbd36b01bd1cbaebf2de08d9173bc095c,18,18,PancakeSwapV3
PancakeSwapV3,0x1c52c4123109560d0dec7f761cc421004a407987,RAINBOW7,WBNB,200,10000,0x136693c4a7788b3d079a48eca35a9e8ff94db91c,0xbb4cdb9cbd36b01bd1cbaebf2de08d9173bc095c,18,18,PancakeSwapV3
PancakeSwapV3,0xb018ba89070279a5d8d7f1953e7b9f38e84aa0a3,pnut007,WBNB,200,10000,0x3db4ab5400e52e160f733d96762a0107f3df4a94,0xbb4cdb9cbd36b01bd1cbaebf2de08d9173bc095c,18,18,PancakeSwapV3
PancakeSwapV3,0x482142fe25dad793337de7be8ea90ed5b3e7edad,pnut007,WBNB,200,10000,0x9332dbca6ccc5efde3399155737ab749a0372323,0xbb4cdb9cbd36b01bd1cbaebf2de08d9173bc095c,18,18,PancakeSwapV3
PancakeSwapV3,0x7b841b44c033729fa43c91beea1e60a67f2f8fa5,AISHIBA,WBNB,200,10000,0x470ccdd32ffb44539bacf3c217e6d114916fc0ce,0xbb4cdb9cbd36b01bd1cbaebf2de08d9173bc095c,18,18,PancakeSwapV3
PancakeSwapV3,0xf0881dc7fbff8e19b07d1cd5b391766d24d12d4b,HELLO,WBNB,200,10000,0x8d8da425237bb6692382c471364c05ae1bf45cae,0xbb4cdb9cbd36b01bd1cbaebf2de08d9173bc095c,18,18,PancakeSwapV3
PancakeSwapV3,0x8fa9f78e8445504facfaa692beefe317a695904e,HELLO,WBNB,200,10000,0x1f6261315bd50d3e51d59c28a189611a10f85276,0xbb4cdb9cbd36b01bd1cbaebf2de08d9173bc095c,18,18,PancakeSwapV3
PancakeSwapV3,0x7cb9d03ec85fb16b9875eb8668ce3c659ad1ecf3,HELLO,WBNB,200,10000,0x20fd48b730f586db433cd3fbc2b6f984d1738e48,0xbb4cdb9cbd36b01bd1cbaebf2de08d9173bc095c,18,18,PancakeSwapV3
PancakeSwapV3,0x7d3cfd36f17302a72300cebab7d24e93b670592a,SPYTIE,WBNB,200,10000,0x20e67fc10aa617ef31a52426e1d54401fd762d54,0xbb4cdb9cbd36b01bd1cbaebf2de08d9173bc095c,18,18,PancakeSwapV3
PancakeSwapV3,0xdbe33b245a0dc63667b9a1de5940f2017207e5c6,HELLO,WBNB,200,10000,0xa27310c69229f8cabc517a74e4ee06f86ec2d967,0xbb4cdb9cbd36b01bd1cbaebf2de08d9173bc095c,18,18,PancakeSwapV3
PancakeSwapV3,0xf44a9d59f12e6b7342ca29c1dec867c75a3c2a6c,HELLO,WBNB,200,10000,0x432b00089e7aff0b77c331690a5f6e1f4ce12594,0xbb4cdb9cbd36b01bd1cbaebf2de08d9173bc095c,18,18,PancakeSwapV3
PancakeSwapV3,0x1ad5a4683c6bde71dbcbee68db85fbda629501aa,MOMO,WBNB,200,10000,0x2fda0263bb44d2a2d5f29c5864e2f6bd823a236e,0xbb4cdb9cbd36b01bd1cbaebf2de08d9173bc095c,18,18,PancakeSwapV3
PancakeSwapV3,0x9750e1b5d881f50b554855b848b0f8faf18b886f,XHS,WBNB,200,10000,0x6b3ed50311069471b5f083f8355f443991be2237,0xbb4cdb9cbd36b01bd1cbaebf2de08d9173bc095c,18,18,PancakeSwapV3
PancakeSwapV3,0x8e7b4dfe3d766170c3ade01a1119c979028004e1,XHS,WBNB,200,10000,0xaf9822ff329a19d9f094cf7a2fbc72a16d2cccd8,0xbb4cdb9cbd36b01bd1cbaebf2de08d9173bc095c,18,18,PancakeSwapV3
PancakeSwapV3,0x680af586d62f94b78050719c64ad702faa61d917,EXTKN4,WBNB,200,10000,0xa177f00a85fb34e5f770d03a4b3b170b3888aa41,0xbb4cdb9cbd36b01bd1cbaebf2de08d9173bc095c,18,18,PancakeSwapV3
PancakeSwapV3,0x8914d644439c3a254b052f87bc595ee2f84b331e,EXTKN5,WBNB,200,10000,0x1df5a4fbc85a37e397a9b47959b5935c237171f0,0xbb4cdb9cbd36b01bd1cbaebf2de08d9173bc095c,18,18,PancakeSwapV3
PancakeSwapV3,0xab83e12386e395d00bb215677a41a6b27aedf4b8,EXTKN5,WBNB,200,10000,0x62b9b479c819150920a6f95ca2cfe610104c4ffa,0xbb4cdb9cbd36b01bd1cbaebf2de08d9173bc095c,18,18,PancakeSwapV3
PancakeSwapV3,0x3d0c8006bd2c5d0daf5c0892b0c99abaf58acc94,EXTKN5,WBNB,200,10000,0x1611c5398c6cf91625631802e547f930744f754d,0xbb4cdb9cbd36b01bd1cbaebf2de08d9173bc095c,18,18,PancakeSwapV3
PancakeSwapV3,0x1835ed579bf2173f6e61647a07f6279aecb7189b,HELLO6,WBNB,200,10000,0x2e4458a7b1fbcc2a4c7451b79f9c7ec78ff2bd2e,0xbb4cdb9cbd36b01bd1cbaebf2de08d9173bc095c,18,18,PancakeSwapV3
PancakeSwapV3,0x3baa5e3d29843f7446f16db17e7827322bd99f75,Test,WBNB,200,10000,0x5559b32c6c41066237b6237da69d341a37cb9656,0xbb4cdb9cbd36b01bd1cbaebf2de08d9173bc095c,18,18,PancakeSwapV3
PancakeSwapV3,0xab6fadce264bc81d9e3673168816d139ffc2fed2,COCONUT9,WBNB,200,10000,0xa204badcba8ac9dde2c376869c60a21faf151cd6,0xbb4cdb9cbd36b01bd1cbaebf2de08d9173bc095c,18,18,PancakeSwapV3
PancakeSwapV3,0xcf25722b8124e18f2363f86b0290adab54c644b2,HELLOX,WBNB,200,10000,0x578d13102505d73f824788df840660219cef0e5e,0xbb4cdb9cbd36b01bd1cbaebf2de08d9173bc095c,18,18,PancakeSwapV3
PancakeSwapV3,0xd90c3287333fa28d84f9c654a027242623547579,HELLO1,WBNB,200,10000,0x162f863cf5d6a54a1582adcd05989413ff3ab996,0xbb4cdb9cbd36b01bd1cbaebf2de08d9173bc095c,18,18,PancakeSwapV3
PancakeSwapV3,0xb081eebbb0c0c818b5b5cec4c576dec339840a9b,HELLO2,WBNB,200,10000,0xa9e19c723f4dea3b55fe82a51735e65d0cb1f581,0xbb4cdb9cbd36b01bd1cbaebf2de08d9173bc095c,18,18,PancakeSwapV3
PancakeSwapV3,0x79efbd8155bfcdb265a2c4c9d525850ec6eba535,HELLO3,WBNB,200,10000,0xa56dd58c5c2d9eb29726851cd68fb68e1a3ceeaa,0xbb4cdb9cbd36b01bd1cbaebf2de08d9173bc095c,18,18,PancakeSwapV3
PancakeSwapV3,0xb2425cbc80f1f2074de8e31596c1fc9794f2ebae,AIEMMA,WBNB,200,10000,0x03cb6ead56c7f34e965053f9cece1582e19ee18c,0xbb4cdb9cbd36b01bd1cbaebf2de08d9173bc095c,18,18,PancakeSwapV3
PancakeSwapV3,0x71617e06423d3f1162b5fda62a4f1ab903d40888,pnut,WBNB,200,10000,0x8bad99fd54d107d1244a20c3e05d67e11b9f8435,0xbb4cdb9cbd36b01bd1cbaebf2de08d9173bc095c,18,18,PancakeSwapV3
PancakeSwapV3,0x2a3a0467f96a4a16638b6b5fb605c76f6eb4fe34,JOY,WBNB,200,10000,0x9d71a259799d51cf174b3bae0ac85384243335bb,0xbb4cdb9cbd36b01bd1cbaebf2de08d9173bc095c,18,18,PancakeSwapV3
PancakeSwapV3,0x0c4e06840d5872ad50b01b92f5ebb6558527eb38,EXTKN4,WBNB,200,10000,0x8b0cd4f1065a38a1c95f34db90ea0efaca378502,0xbb4cdb9cbd36b01bd1cbaebf2de08d9173bc095c,18,18,PancakeSwapV3
PancakeSwapV3,0x2e20961ea9473ba8f16ba33a0006aa642699834a,EXTKN4,WBNB,200,10000,0x98176233ca7c9e83930d757f64f19fac9762405b,0xbb4cdb9cbd36b01bd1cbaebf2de08d9173bc095c,18,18,PancakeSwapV3
PancakeSwapV3,0xd05fefaad96c51dcbbc74070f58e66b1c6660c7b,GREEN,WBNB,200,10000,0x6c5b6f948bbd723594e404861a67de894a1cdf03,0xbb4cdb9cbd36b01bd1cbaebf2de08d9173bc095c,18,18,PancakeSwapV3
PancakeSwapV3,0x14c74dd0b1fa2eb5967d9ef485c25d0995e955b8,GREEN,WBNB,200,10000,0x31fdf15b28b0306a1b3e65ccb29a4372a87e649c,0xbb4cdb9cbd36b01bd1cbaebf2de08d9173bc095c,18,18,PancakeSwapV3
PancakeSwapV3,0xe69614e9f8b12aee1552b44cfc685c16536ed4a0,USDT,USDT,10,500,0x55d398326f99059ff775485246999027b3197955,0xc2ce3351a640309b0c923244ab66a80f8df284d9,18,18,PancakeSwapV3
PancakeSwapV3,0x9aa598a58d36be3658814077ae66040fe4e0bb2c,WBNB,T2025T,1,100,0xbb4cdb9cbd36b01bd1cbaebf2de08d9173bc095c,0xc54855c4bccac467eae00e39f600f543b5cfbc4c,18,18,PancakeSwapV3
PancakeSwapV3,0xe1ae40a55fff9481381757e2c78478f6e43e73e4,USDT,River Pts,200,10000,0x55d398326f99059ff775485246999027b3197955,0xfc6be825925b7a83d131e33b46efef9084f0e014,18,18,PancakeSwapV3
PancakeSwapV3,0xa13c714ce9f8a6bf2f4b0b1ef136bc283567e4d8,COFFEE,WBNB,200,10000,0x8e4ea8fbf6b518feb208a24aa3f3720db90020a6,0xbb4cdb9cbd36b01bd1cbaebf2de08d9173bc095c,18,18,PancakeSwapV3
PancakeSwapV3,0x815879d9fad31202a4f436ba13777c984a3afc92,SGO,WBNB,50,2500,0x9321bc6185adc9b9cb503cc211e17cb311c3fa95,0xbb4cdb9cbd36b01bd1cbaebf2de08d9173bc095c,18,18,PancakeSwapV3
PancakeSwapV3,0x66e9acba7c3a82c8ee02faf3e325dd55d6581a8c,ETH,USDT,50,2500,0x2170ed0880ac9a755fd29b2688956bd959f933f8,0x55d398326f99059ff775485246999027b3197955,18,18,PancakeSwapV3
PancakeSwapV3,0x573e4059999f923830c6fc936120c8e990202008,TRUSK,WBNB,10,500,0x4d6e5ba98ef3ba513df8e79434287d1f8173c4ca,0xbb4cdb9cbd36b01bd1cbaebf2de08d9173bc095c,18,18,PancakeSwapV3
PancakeSwapV3,0xbba8f85c3ceddf73db4de17d31608d640eaea416,PEPE,USDT,50,2500,0x25d887ce7a35172c62febfd67a1856f20faebb00,0x55d398326f99059ff775485246999027b3197955,18,18,PancakeSwapV3
PancakeSwapV3,0xeeb43b0df3e58b4b811ece4644f74aa4624a4172,UUU,WBNB,50,2500,0x3459a4c189e4275a47dd322f04e214b399dae55a,0xbb4cdb9cbd36b01bd1cbaebf2de08d9173bc095c,18,18,PancakeSwapV3
PancakeSwapV3,0xd6d3d7464cc1af2c02e6aef7e2b5f148b22dad2c,Ark,WBNB,50,2500,0x7acb48aaeebdb32ee8cb0c4095de5f531b6d540e,0xbb4cdb9cbd36b01bd1cbaebf2de08d9173bc095c,18,18,PancakeSwapV3
PancakeSwapV3,0x8d8de34b9f733feaf36aa120a8e4b89c10ce54b8,REX,WBNB,200,10000,0x90869b3a42e399951bd5f5ff278b8cc5ee1dc0fe,0xbb4cdb9cbd36b01bd1cbaebf2de08d9173bc095c,18,18,PancakeSwapV3
PancakeSwapV3,0x33b32e0ed2f902c190c0208e72d96c5275d94b36,CPEN,WBNB,200,10000,0x41df31ff0a7c35eb9b12752f2a5c87c3a9c109f8,0xbb4cdb9cbd36b01bd1cbaebf2de08d9173bc095c,18,18,PancakeSwapV3
PancakeSwapV3,0xdbc1fed3f5b0ef1a2c1b13d30082ccfa50306a3b,CRO,WBNB,10,500,0x757d4455e500cdd50c042b5b4af79c89e0a85396,0xbb4cdb9cbd36b01bd1cbaebf2de08d9173bc095c,8,18,PancakeSwapV3
PancakeSwapV3,0xde3314393f7a2977e0a531f2a646c71d5a2c105c,Max,WBNB,200,10000,0x2c45560bc707f7addb8df848a9ba6cd9f30faeec,0xbb4cdb9cbd36b01bd1cbaebf2de08d9173bc095c,18,18,PancakeSwapV3
PancakeSwapV3,0x3cd341842ce5da44611ded09301e9de6b1004a74,USDC,scottest3 - V3,1,100,0x8ac76a51cc950d9822d68b83fe1ad97b32cd580d,0xa8ed28d1773295021165ec226fc2effa67767ea7,18,18,PancakeSwapV3
UniswapV3CL,0x3041ca40dc158d52e0fc8b90fa2a1cb9cd4c005b,USDT,YB,1,100,0x55d398326f99059ff775485246999027b3197955,0xcb1bce9067e244b8b4057ee2d5699747254381ca,18,18,UniswapV3CL
PancakeSwapV3,0x9de2821c6900b4463a245f0585e387b78f8af940,WBNB,TST2,1,100,0xbb4cdb9cbd36b01bd1cbaebf2de08d9173bc095c,0xd0f9d6117ee2d09a3c58116c7dd576e9de42b38a,18,18,PancakeSwapV3
PancakeSwapV3,0xf46512df0801dffb77d721942d167c0842807598,WBNB,JAC,200,10000,0xbb4cdb9cbd36b01bd1cbaebf2de08d9173bc095c,0xdfaba1a962ec45e32703d58657a85cd34981c949,18,18,PancakeSwapV3
PancakeSwapV3,0xbe3955f512676c7fcd072d1455896ecccdb7a18c,L10,WBNB,1,100,0x4022eb2dcd7fd90e8948936e6b7f4fec18cb9a35,0xbb4cdb9cbd36b01bd1cbaebf2de08d9173bc095c,18,18,PancakeSwapV3
PancakeSwapV3,0x71d0f469749ea52468720c786a4980d0401c91c5,SPEC,WBNB,1,100,0x3611babd38e801b0dee8d2d540e4e2b8de28108a,0xbb4cdb9cbd36b01bd1cbaebf2de08d9173bc095c,8,18,PancakeSwapV3
PancakeSwapV3,0x32441054f2c982064b3e04eec22321fadb8c2f4a,USDT.z,WBNB,1,100,0x18ba52a44c156bf937cc39acdd6afa7bbb6a3911,0xbb4cdb9cbd36b01bd1cbaebf2de08d9173bc095c,18,18,PancakeSwapV3
PancakeSwapV3,0x04491a2fd41869507697890106107465e92311cc,GABE,WBNB,1,100,0x0d0e72880b0de82cff99bf257a1512583914b391,0xbb4cdb9cbd36b01bd1cbaebf2de08d9173bc095c,18,18,PancakeSwapV3
UniswapV3CL,0x49b42f85690777e22408421745db2103ffc9dbba,WBNB,WTR,200,10000,0xbb4cdb9cbd36b01bd1cbaebf2de08d9173bc095c,0xf5b1160d39da31f0dcc0afaa14f220da50af7dbf,18,18,UniswapV3CL
PancakeSwapV3,0x82c1d3678387bdeced15fc9f1d38d276a16e7972,WBNB,VMM,1,100,0xbb4cdb9cbd36b01bd1cbaebf2de08d9173bc095c,0xddd7f56e41647c91d5ae562da7d2eed27d501891,18,18,PancakeSwapV3
PancakeSwapV3,0x76b2886c845536089dcb858e242c9fc21ef666e4,BAMT,WBNB,1,100,0x89355c6b0ba8dc94bb09b46d50a291e610b4d84c,0xbb4cdb9cbd36b01bd1cbaebf2de08d9173bc095c,18,18,PancakeSwapV3
PancakeSwapV3,0x8936b5e314528af43aa23368e7dd3915252c1313,USDT,O2,200,10000,0x55d398326f99059ff775485246999027b3197955,0x7b2f503a1d65442ad517ba7a971146d611b0b13f,18,18,PancakeSwapV3
PancakeSwapV3,0x1050fc9419f104276d56ab017c01ba521c74317a,SRPC,WBNB,1,100,0x9ede07b2cf89655c551d35308b9a0347aefe3e9f,0xbb4cdb9cbd36b01bd1cbaebf2de08d9173bc095c,18,18,PancakeSwapV3
PancakeSwapV3,0x42724f8ee73a78bd0f7b46396216ba83fdb373e1,TWMEME,WBNB,1,100,0x59c33edf2ff89126846dd28bdedf47e5e71d7802,0xbb4cdb9cbd36b01bd1cbaebf2de08d9173bc095c,18,18,PancakeSwapV3
PancakeSwapV3,0x1d715c6db1f4eae1df10117706058393f1e408b3,bes,WBNB,1,100,0x8b10717232fdfaa518eb4c36df3eb4a8f30dc0eb,0xbb4cdb9cbd36b01bd1cbaebf2de08d9173bc095c,18,18,PancakeSwapV3
PancakeSwapV3,0x930bddaaa843e8cc34940cbb281281919433afbb,WBNB,PEMON,1,100,0xbb4cdb9cbd36b01bd1cbaebf2de08d9173bc095c,0xf51aa045b3f92682a5d303b86df064b167fa4d3a,18,18,PancakeSwapV3
PancakeSwapV3,0xa74b54eaaf23af4816ce55765d821763ef09bf35,WBNB,JOKER2,1,100,0xbb4cdb9cbd36b01bd1cbaebf2de08d9173bc095c,0xcd43a5b1d8ab8e29f49c6b555eae3c674a09b4d9,18,18,PancakeSwapV3
PancakeSwapV3,0xea8e6bad485093a62b0817908da40e768a1523c7,WBNB,BRICS,1,100,0xbb4cdb9cbd36b01bd1cbaebf2de08d9173bc095c,0xf155510df4b6e42cf521c649b2abcf8b7fc2ebdc,18,18,PancakeSwapV3
PancakeSwapV3,0x8a52dac345cb8a7ed07447b9926ece4131d87cfe,FNT,WBNB,1,100,0x56009a0f67d7a1e6c840e44033032b8962cf08cd,0xbb4cdb9cbd36b01bd1cbaebf2de08d9173bc095c,18,18,PancakeSwapV3
PancakeSwapV3,0xe0e9a040289a95d34e0e81d1646beff58245ce41,PTRP,WBNB,1,100,0x518fe6adcb6585350bad8fec3e7420e135520f3e,0xbb4cdb9cbd36b01bd1cbaebf2de08d9173bc095c,18,18,PancakeSwapV3
PancakeSwapV3,0xc17d09231bb0c9fcac63034377d0eb8fa790f897,AWT,WBNB,1,100,0x1256da4f3b0e5ca6f7e231f0a346346d9df68084,0xbb4cdb9cbd36b01bd1cbaebf2de08d9173bc095c,18,18,PancakeSwapV3
PancakeSwapV3,0x7d3dfbe1b834cc1dd6a19c652be29d9eca8263af,WBNB,MRD,1,100,0xbb4cdb9cbd36b01bd1cbaebf2de08d9173bc095c,0xd2b37a16bf5280c91f5ed87190505cd46555fc3d,18,18,PancakeSwapV3
PancakeSwapV3,0xf1fa88b00b6ce427eade2a50180bfef18c959ff2,WBNB,BARB,1,100,0xbb4cdb9cbd36b01bd1cbaebf2de08d9173bc095c,0xcacab2c787674c1d4168e8f42946fe5f74d66120,18,18,PancakeSwapV3
PancakeSwapV3,0x5f9669e6dbcf7238d231aab2d33ae0298066c93c,SGP,WBNB,1,100,0xba0db2eca13c593d6e2d15a4fe68bf882221bbe9,0xbb4cdb9cbd36b01bd1cbaebf2de08d9173bc095c,18,18,PancakeSwapV3
PancakeSwapV3,0x8976436e3408775fc188cfd8b06a78eb4675be60,AbarranPAY,WBNB,200,10000,0x1788236b633bc613e42475fe7ceb788484397b5b,0xbb4cdb9cbd36b01bd1cbaebf2de08d9173bc095c,18,18,PancakeSwapV3
PancakeSwapV3,0xe247360d3aaed0d33fe84e8f8ef873f480a13601,GROKLET,WBNB,200,10000,0x8b2c64034be9b3ebc0368514d1a715c6302b601a,0xbb4cdb9cbd36b01bd1cbaebf2de08d9173bc095c,18,18,PancakeSwapV3
PancakeSwapV3,0x2d140b923b9fde1a71795f82bd566a69e8d10577,PICOLO,WBNB,1,100,0x03fcbd8dfe53191422c4302f14ad11ad1db61418,0xbb4cdb9cbd36b01bd1cbaebf2de08d9173bc095c,18,18,PancakeSwapV3
PancakeSwapV3,0x74a22accd903c232f2f99ffc5c8332990f045286,USDT,Panda,1,100,0x55d398326f99059ff775485246999027b3197955,0xb860473d2d99fb008a3a67db3399e17e21dac925,18,18,PancakeSwapV3
PancakeSwapV3,0x4ba556e9754a9dedc0f108960283f0535f4c5ff4,BEEPER,WBNB,200,10000,0x238950013fa29a3575eb7a3d99c00304047a77b5,0xbb4cdb9cbd36b01bd1cbaebf2de08d9173bc095c,18,18,PancakeSwapV3
PancakeSwapV3,0xbed87bbe06c703e375d14a88cd54ec773c4006c1,sBTX,WBNB,200,10000,0x000000089fb24237da101020ff8e2afd14624687,0xbb4cdb9cbd36b01bd1cbaebf2de08d9173bc095c,8,18,PancakeSwapV3
UniswapV3CL,0x85533288f67ec74878444c273c00254eea74c2c3,USDT,NIGHT,200,10000,0x55d398326f99059ff775485246999027b3197955,0xfe930c2d63aed9b82fc4dbc801920dd2c1a3224f,18,18,UniswapV3CL
UniswapV3CL,0x53e0e7cbcfe4beae7384c1afe354707d7a6bc264,WBNB,BAN,10,500,0xbb4cdb9cbd36b01bd1cbaebf2de08d9173bc095c,0xeece7b1ad18a12136ba4c145438de7ecfacbd4d2,18,18,UniswapV3CL
PancakeSwapV3,0x97620e003c03381eacbde7135f28d94303bb5672,USDT,AIO,1,100,0x55d398326f99059ff775485246999027b3197955,0x81a7da4074b8e0ed51bea40f9dcbdf4d9d4832b4,18,18,PancakeSwapV3
PancakeSwapV3,0x213073b82b32bb9fc1da1e4d4e8c5eb513ba61ea,ZMDOGE,WBNB,200,10000,0x2aa9897061a4a0f88465dd9726d0e83699398888,0xbb4cdb9cbd36b01bd1cbaebf2de08d9173bc095c,18,18,PancakeSwapV3
PancakeSwapV3,0xfa5b5c3db5945450b678c74263d75f4e65a785fb,USDT,GMT,10,500,0x55d398326f99059ff775485246999027b3197955,0x7ddc52c4de30e94be3a6a0a2b259b2850f421989,18,18,PancakeSwapV3
PancakeSwapV3,0xf252f1248cca636bf04c09da0fbf34848c846430,USDT,PFI,1,100,0x55d398326f99059ff775485246999027b3197955,0x989ac4c1fc5ab2b8c86924c6253aaf1ee68e9ce9,18,18,PancakeSwapV3
PancakeSwapV3,0x56ca2f2e1cca2e57b3a4fc522ae8f69fb003ed87,Money,WBNB,50,2500,0x474fa9972e80d6cb41aa6cec9da666a3f1dad2f4,0xbb4cdb9cbd36b01bd1cbaebf2de08d9173bc095c,18,18,PancakeSwapV3
PancakeSwapV3,0xab421612e33b81823ae5b2d0a6da1139595642ad,ATU,USDT,10,500,0x51729169495162ead8ab337c9ae9019e911c388e,0x55d398326f99059ff775485246999027b3197955,18,18,PancakeSwapV3
PancakeSwapV3,0x612b32ecabd65dcafa5e51dbdc8455539900aeb5,FWX,WBNB,200,10000,0xb61e7aaf7cc25f81d93f9908196be72874a725ba,0xbb4cdb9cbd36b01bd1cbaebf2de08d9173bc095c,18,18,PancakeSwapV3
PancakeSwapV3,0x08558cf8d70f8c6ca18cec0411d4c0de1df1ba0e,MCSN,WBNB,1,100,0x3bae9321ad6fe7754dd1549ab6edb453a565b711,0xbb4cdb9cbd36b01bd1cbaebf2de08d9173bc095c,18,18,PancakeSwapV3
PancakeSwapV3,0xd2c10baf27c7a599ed92a0a9f8a623ddde1de434,USDC,UNI,200,10000,0x8ac76a51cc950d9822d68b83fe1ad97b32cd580d,0xbf5140a22578168fd562dccf235e5d43a02ce9b1,18,18,PancakeSwapV3
UniswapV3CL,0xc8d19b4ea42939a4b14260f0c8b4a0d6f70c8496,USDT,LINK,60,3000,0x55d398326f99059ff775485246999027b3197955,0xf8a0bf9cf54bb92f17374d9e9a321e6a111a51bd,18,18,UniswapV3CL
PancakeSwapV3,0x60a0c7b79f0407b2f2fc200a3a606bc91d36873b,JESSIE,WBNB,200,10000,0x65941e50eadbe14fb4d8c427918d0d7f2873a63e,0xbb4cdb9cbd36b01bd1cbaebf2de08d9173bc095c,18,18,PancakeSwapV3
PancakeSwapV3,0x1220952d4d7543a913f3aa1209ec4be6372cac36,USDC,BUD,200,10000,0x8ac76a51cc950d9822d68b83fe1ad97b32cd580d,0xc28957e946ac244612bcb205c899844cbbcb093d,18,18,PancakeSwapV3
PancakeSwapV3,0xd9e9659c68e22774445dc5750bc6351bb55ff897,ALF,BUSD,1,100,0x5eb634d32ef5ca89e37622715b2dd0e4a932126a,0xe9e7cea3dedca5984780bafc599bd69add087d56,18,18,PancakeSwapV3
UniswapV3CL,0xf6c185ea236ded521feb45a8ae7a7484b95ba853,Mubarakah,USDT,200,10000,0x3199a64bc8aabdfd9a3937a346cc59c3d81d8a9a,0x55d398326f99059ff775485246999027b3197955,18,18,UniswapV3CL
PancakeSwapV3,0xc46d953bba6ad287a12eb12ebe815e82ec3dc974,BRG,WBNB,50,2500,0xac45475abe6f9516e233a824aa013933b61bbb5c,0xbb4cdb9cbd36b01bd1cbaebf2de08d9173bc095c,18,18,PancakeSwapV3
PancakeSwapV3,0xb323f5df0b737a8c19d30b30f5ca6423e88ddf8e,KATA,WBNB,200,10000,0x6d6ba21e4c4b29ca7bfa1c344ba1e35b8dae7205,0xbb4cdb9cbd36b01bd1cbaebf2de08d9173bc095c,18,18,PancakeSwapV3
UniswapV3CL,0x0900bc7b36a32513fbc379fa8e2ce86cf2b5c1dd,USDT,USDT,1,100,0x55d398326f99059ff775485246999027b3197955,0xd0520c07af03fdee0f95099eb362a1fe37c0ff31,18,18,UniswapV3CL
PancakeSwapV3,0xbcc0e0df4a880c864dd1656d588278714953432d,WBNB,KOGE,200,10000,0xbb4cdb9cbd36b01bd1cbaebf2de08d9173bc095c,0xe6df05ce8c8301223373cf5b969afcb1498c5528,18,18,PancakeSwapV3
PancakeSwapV3,0x288355a84b2e81132f0b2ac83d96a5128c00a8b7,FIFA,WBNB,1,100,0x12625f7d8eb14c17bf3006f28050c34a9ae8deb1,0xbb4cdb9cbd36b01bd1cbaebf2de08d9173bc095c,18,18,PancakeSwapV3
PancakeSwapV3,0x9a3c76aaca347f9feb01428b930689f338807815,USDT,PT7,1,100,0x55d398326f99059ff775485246999027b3197955,0xe88f32c67ef47b48a21c92a7d242ae5f88584e4a,18,18,PancakeSwapV3
PancakeSwapV3,0xe168d64b8a2b4c40b3e18e9d15429d50c1fb9395,ZGGF,USDT,1,100,0x0bc85c56caf428e7882d8b50a97ad0920866cd39,0x55d398326f99059ff775485246999027b3197955,18,18,PancakeSwapV3
UniswapV3CL,0x173e98ea8556104a7dd3db49b6d7d5ea06b7f506,?,USDT,200,10000,0x0d9f4cf4fe0880369e600031e4c4112f4e9a647f,0x55d398326f99059ff775485246999027b3197955,18,18,UniswapV3CL
PancakeSwapV3,0xe112b6d700ac2fe4fc40567e51f67bf34c9baf5f,MACT,WBNB,1,100,0x9b8e27a7d71a2f7695284a970f32dfb6763e6a70,0xbb4cdb9cbd36b01bd1cbaebf2de08d9173bc095c,18,18,PancakeSwapV3
UniswapV3CL,0x06396509195eb9e07c38a016694dc9ff535b128a,USDT,BTCB,60,3000,0x55d398326f99059ff775485246999027b3197955,0x7130d2a12b9bcbfae4f2634d864a1ee1ce3ead9c,18,18,UniswapV3CL
PancakeSwapV3,0xbd19c12579e730b1060edd1fd19bbbc597edae2a,Manta,WBNB,1,100,0x8d80ee4daba06c90ebfaddcfb185c219ed3ae5ef,0xbb4cdb9cbd36b01bd1cbaebf2de08d9173bc095c,18,18,PancakeSwapV3
PancakeSwapV3,0xd6a4b81cab92a228ed36858adbdd43a34d0f6cbb,Broccoli,WBNB,50,2500,0x343e66bad706eed4350fe96385ffc6336bd653ef,0xbb4cdb9cbd36b01bd1cbaebf2de08d9173bc095c,18,18,PancakeSwapV3
PancakeSwapV3,0x0a9f368d63842db96c269334f5cdb71b22667f2e,that-meme,USDT,50,2500,0x3d9b9610d1e5fe29c753f4224137c4b7a57e4444,0x55d398326f99059ff775485246999027b3197955,18,18,PancakeSwapV3
PancakeSwapV3,0xb7734ac26b020ebeb338791c8d0ee230a7f5d8a4,WBNB,9000,200,10000,0xbb4cdb9cbd36b01bd1cbaebf2de08d9173bc095c,0xe1e28ec2cd8433ac1ca40563b2f661b0d6bf838c,18,18,PancakeSwapV3
PancakeSwapV3,0xe2ae61138b6d018665f7a5f1ec372f725b23d766,HSB,WBNB,200,10000,0x81dbad63e02b6c88d2e43b7c4108102439d95056,0xbb4cdb9cbd36b01bd1cbaebf2de08d9173bc095c,18,18,PancakeSwapV3
PancakeSwapV3,0xa7a011d17817bffd37dd45a3246ecd9db3d67ab7,BUILD,WBNB,200,10000,0x73575d2444876c68e964f231ea6f1eae9cec53a1,0xbb4cdb9cbd36b01bd1cbaebf2de08d9173bc095c,18,18,PancakeSwapV3
PancakeSwapV3,0xbfceaf7a6939ea96c7630339692d2cc5961c0d28,USDT,WBNB,1,100,0x42e230b119f0f6e59c856bd80f3075d083379c2b,0xbb4cdb9cbd36b01bd1cbaebf2de08d9173bc095c,18,18,PancakeSwapV3
PancakeSwapV3,0xd2f13fa1b1c6b463c023da65d6b9dada22ea0793,CZWALLET,WBNB,200,10000,0x1298d2c4ad5b6d1022afc47079bd2c949dabff9f,0xbb4cdb9cbd36b01bd1cbaebf2de08d9173bc095c,18,18,PancakeSwapV3
PancakeSwapV3,0x0eb1100a00b50223699b584591dbdbb4198e04a5,MGP,BUSD,1,100,0xd06716e1ff2e492cc5034c2e81805562dd3b45fa,0xe9e7cea3dedca5984780bafc599bd69add087d56,18,18,PancakeSwapV3
PancakeSwapV3,0x2cbfa271cce515fed6e49b406df4a77ec952a952,FET,WBNB,200,10000,0x031b41e504677879370e9dbcf937283a8691fa7f,0xbb4cdb9cbd36b01bd1cbaebf2de08d9173bc095c,18,18,PancakeSwapV3
PancakeSwapV3,0x39b8b033a655d55040e1e2d62126601e9de12bd5,LTP,WBNB,200,10000,0x56fa5f7bf457454be33d8b978c86a5f5b9dd84c2,0xbb4cdb9cbd36b01bd1cbaebf2de08d9173bc095c,18,18,PancakeSwapV3
PancakeSwapV3,0x1fa32a84d0dfb3a08bdfd5b9272ef49d5c4a9ce3,B N B,WBNB,200,10000,0x36adc10835622a3abd21f9e2805ef16155fd1972,0xbb4cdb9cbd36b01bd1cbaebf2de08d9173bc095c,18,18,PancakeSwapV3
PancakeSwapV3,0x6f24a3db514370ca6c0e94144d71c1b3d2646488,FOUR,WBNB,200,10000,0x21fd16cd0ef24a49d28429921e335bb0c1bfadb3,0xbb4cdb9cbd36b01bd1cbaebf2de08d9173bc095c,18,18,PancakeSwapV3
PancakeSwapV3,0xb9fe5868263847b52e85e9050f77f6b15db073b9,ALCO,USDT,1,100,0x1a860df69e0349312d874188af4db97096f3fcaa,0x55d398326f99059ff775485246999027b3197955,18,18,PancakeSwapV3
PancakeSwapV3,0x87d4a91c1e4161ebc5b8203750e8791a3a663fbf,MMAP,USDT,50,2500,0x3c94926ff166abb1d0160594cbbcda700c73a6f8,0x55d398326f99059ff775485246999027b3197955,18,18,PancakeSwapV3
UniswapV3CL,0xfe4fe5b4575c036ac6d5cccfe13660020270e27a,Cake,USDT,60,3000,0x0e09fabb73bd3ade0a17ecc321fd13a19e81ce82,0x55d398326f99059ff775485246999027b3197955,18,18,UniswapV3CL
PancakeSwapV3,0xce6326fc06c2f3967884e5578bb33d0f30b63a33,NEAR,USDT,50,2500,0x1fa4a73a3f0133f0025378af00236f3abdee5d63,0x55d398326f99059ff775485246999027b3197955,18,18,PancakeSwapV3
PancakeSwapV3,0x61d1b143b6836b133f3ec19474a24c8913af7532,FRGX,WBNB,10,500,0xa1992d014adfcd263334824c704aeacce0f1fabd,0xbb4cdb9cbd36b01bd1cbaebf2de08d9173bc095c,18,18,PancakeSwapV3
PancakeSwapV3,0x9390c56597e6c1d835010f12c1e4bc7998b74e22,MAUI,WBNB,200,10000,0x5e7c30505b4fcf31978c6a4991ba83f6e1bc3075,0xbb4cdb9cbd36b01bd1cbaebf2de08d9173bc095c,18,18,PancakeSwapV3
PancakeSwapV3,0xaeecf0a3371bacdc573050f8490fc125631a3b67,DVI,WBNB,1,100,0x7df74f114c0e96c1acad1f0e9e6686868c4b5a12,0xbb4cdb9cbd36b01bd1cbaebf2de08d9173bc095c,18,18,PancakeSwapV3
PancakeSwapV3,0xfebfc79486c769f6086e8854dce296c5a3db666d,MXM,WBNB,50,2500,0x85e2cfcbeb38ebcb18a4ab3dbc12b9fd6e68e1e3,0xbb4cdb9cbd36b01bd1cbaebf2de08d9173bc095c,18,18,PancakeSwapV3
PancakeSwapV3,0xe139b45286cd6f474dd21d00944e42ecfa2b6d11,USDT,IXIR,50,2500,0x55d398326f99059ff775485246999027b3197955,0x9ba43191a84a726cbc48716c1ceb3d13a28a4535,18,18,PancakeSwapV3
PancakeSwapV3,0xa1f5c8db1e8d06ee5bf6f3155abfe9e31e44fa31,USDT,VPAD,200,10000,0x55d398326f99059ff775485246999027b3197955,0xf574ba6bde97cc09784e616ebaed432b4e896b49,18,18,PancakeSwapV3
PancakeSwapV3,0x9d174a4025b46f54187777fc31e88c8caaeccd36,INAC PAY,USDT,1,100,0x51662c9098c92ae4cc65148126d9dd0df4088730,0x55d398326f99059ff775485246999027b3197955,18,18,PancakeSwapV3
PancakeSwapV3,0x1fe7428454a769b525f52ae65ff23a2fc66bf939,GTA 6,WBNB,1,100,0x302c377642a047547e9d645e77ba054a578bba13,0xbb4cdb9cbd36b01bd1cbaebf2de08d9173bc095c,18,18,PancakeSwapV3
PancakeSwapV3,0xea583d81bed2f948bb3c3ee95e3fcaf62f539be3,WBNB,Gary,50,2500,0xbb4cdb9cbd36b01bd1cbaebf2de08d9173bc095c,0xca0434840f393e148cd89780ac5d8c68a58fe5a1,18,18,PancakeSwapV3
PancakeSwapV3,0xe93b2ffc9f31e43faf7021855f29c9afcd81953a,NOT,WBNB,50,2500,0xa063e679981b3d76a709c5590593b3048bd363db,0xbb4cdb9cbd36b01bd1cbaebf2de08d9173bc095c,18,18,PancakeSwapV3
PancakeSwapV3,0xce2086ca2b37001d32b830719e281a2664f411de,USDT,TEST,1,100,0x55d398326f99059ff775485246999027b3197955,0x628136348cef08cfcd4a903a01c8e1907fdb0181,18,18,PancakeSwapV3
PancakeSwapV3,0x6f54f93259960d533387d4f54c3c04735ea0c843,MROAD,WBNB,1,100,0x59de8d909164ebfebdf295d97cc8d89d910fde6f,0xbb4cdb9cbd36b01bd1cbaebf2de08d9173bc095c,18,18,PancakeSwapV3
PancakeSwapV3,0x505d091fd01b3d4340827a3737c950f030cdd9a7,FIL,WBNB,50,2500,0x0d8ce2a99bb6e3b7db580ed848240e4a0f9ae153,0xbb4cdb9cbd36b01bd1cbaebf2de08d9173bc095c,18,18,PancakeSwapV3
PancakeSwapV3,0x2c564769b0802912eec8afb6050e457bd43a2cf5,TAUT,WBNB,1,100,0x72b2506dad3e9e0f4b3861eb52300a243e50aa45,0xbb4cdb9cbd36b01bd1cbaebf2de08d9173bc095c,18,18,PancakeSwapV3
PancakeSwapV3,0xd94df8d3972c2e92438932355519d8ade91dae1c,WBNB,Speed,1,100,0xbb4cdb9cbd36b01bd1cbaebf2de08d9173bc095c,0xe89e0529a37fa8844e34e261a0e4930db0730e1d,18,18,PancakeSwapV3
PancakeSwapV3,0x4c500b077f33387e5f9f8659e4d6a68f9b426891,SOS,WBNB,1,100,0x35b2e246bfc89c4767ec4f3a624b6f1f296a3f72,0xbb4cdb9cbd36b01bd1cbaebf2de08d9173bc095c,18,18,PancakeSwapV3
PancakeSwapV3,0x4b1f6db0fa7eb919a6a0f639873d1e40111075fe,LDL,WBNB,1,100,0x2ce2a9f626227f13f2fddaf114d2fac140928496,0xbb4cdb9cbd36b01bd1cbaebf2de08d9173bc095c,18,18,PancakeSwapV3
PancakeSwapV3,0x6f4919d08bdeb1aadfeae4da97ccebfa370008f6,VET,WBNB,50,2500,0x6fdcdfef7c496407ccb0cec90f9c5aaa1cc8d888,0xbb4cdb9cbd36b01bd1cbaebf2de08d9173bc095c,18,18,PancakeSwapV3
PancakeSwapV3,0x42254c7dff11cab44adeb9aa6e856abfb1bb349e,USDT,WAL,1,100,0x55d398326f99059ff775485246999027b3197955,0xd306c124282880858a634e7396383ae58d37c79c,18,18,PancakeSwapV3
PancakeSwapV3,0xce8dd8ad8daa807225233b1f9d4851e12eb9cb58,SPC,WBNB,200,10000,0x2b71e66e69d3f90867b99b940e236d8933a631ca,0xbb4cdb9cbd36b01bd1cbaebf2de08d9173bc095c,18,18,PancakeSwapV3
PancakeSwapV3,0xcc82e9b425386fa958900083e8c5fecce1bd228f,AGON,USDT,50,2500,0x3ca729bfd4bbad155f072752510226b37a5b7723,0x55d398326f99059ff775485246999027b3197955,18,18,PancakeSwapV3
UniswapV3CL,0x9c2163a63c8d96adc4cd108f520530bed118e56c,USDT,LONG,200,10000,0x55d398326f99059ff775485246999027b3197955,0x9eca8dedb4882bd694aea786c0cbe770e70d52e3,18,18,UniswapV3CL
PancakeSwapV3,0x72d5cdf2de41645f2a7ff7ba87d209b2e5824977,SKN,WBNB,10,500,0x14c829d7f3e48c7cd13732109271a1ca33fe2f51,0xbb4cdb9cbd36b01bd1cbaebf2de08d9173bc095c,18,18,PancakeSwapV3
PancakeSwapV3,0xde65b788658ed0b55dc4e4b4b3651b41405f987f,ALAHLY,WBNB,50,2500,0x48bf63fb3bcf8056186b7b66454af498fdaf8994,0xbb4cdb9cbd36b01bd1cbaebf2de08d9173bc095c,18,18,PancakeSwapV3
PancakeSwapV3,0x9f037651c9175fde748bc9c473d1819636ea2222,USDT,POOLX,1,100,0x55d398326f99059ff775485246999027b3197955,0xbaea9aba1454df334943951d51116ae342eab255,18,18,PancakeSwapV3
PancakeSwapV3,0x7babcfecbee8978372cdb9c77180d0b64168190a,SEEK,WBNB,200,10000,0x5192b65882a5d9eb0609817849bdd1caf93c8ec2,0xbb4cdb9cbd36b01bd1cbaebf2de08d9173bc095c,18,18,PancakeSwapV3
PancakeSwapV3,0x9999470312b83f8e41a894d1ea86810163fb9049,WBNB,JCR7,10,500,0xbb4cdb9cbd36b01bd1cbaebf2de08d9173bc095c,0xf9ff306ce3771b4af8cc004a21f464ba6a123537,18,18,PancakeSwapV3
PancakeSwapV3,0x805996f10741c2f624904f4da66f836eefcba0ee,USDT,GooChain,50,2500,0x55d398326f99059ff775485246999027b3197955,0xb877daabd6a30348071814d9aad8cc1bbefbd5a2,18,18,PancakeSwapV3
PancakeSwapV3,0x6db5a36c355524036cca8f11c16c6d39f0d43d6d,LTY,WBNB,1,100,0x31aa76776c04b1ed1cc1673a5f9760db0a89f053,0xbb4cdb9cbd36b01bd1cbaebf2de08d9173bc095c,18,18,PancakeSwapV3
PancakeSwapV3,0xe182dd3c4d2916d5738e1051e7d56fda2b0327a2,RUN,WBNB,200,10000,0xa4f7d21ce3db15ab385cf4176f044124c7813b30,0xbb4cdb9cbd36b01bd1cbaebf2de08d9173bc095c,18,18,PancakeSwapV3
PancakeSwapV3,0xb20587d86760b4820900493d827f86b34a759337,USDT,ANDRICOIN,1,100,0x55d398326f99059ff775485246999027b3197955,0x73124ce941dda2474f7fec764375253f8935dc76,18,18,PancakeSwapV3
PancakeSwapV3,0x2c4bac035e6a879d5fc333a13a159844d80c945f,KT,USDT,50,2500,0x52da44b5e584f730005dac8d2d2acbdee44d4ba3,0x55d398326f99059ff775485246999027b3197955,18,18,PancakeSwapV3
PancakeSwapV3,0x3e6b8298914386175dac99c0f38bf774ae5f53ed,USDT,cUSDT,1,100,0x55d398326f99059ff775485246999027b3197955,0xb1bbf972e4bc10fff590de1008a46a9a1b3a46ab,18,18,PancakeSwapV3
PancakeSwapV3,0x1b209dbe89a937216be6ce92c08b3302408b129a,USDT,GUSD,1,100,0x55d398326f99059ff775485246999027b3197955,0x8ba8fbad6af05a7cd530d457097ce2536f0e366f,18,18,PancakeSwapV3
PancakeSwapV3,0xbedbb52781565674a2272bb9c447c68a00975958,SOLX,WBNB,1,100,0x8a9d3ce661f0b37bf226d6d100dc19d40518f97a,0xbb4cdb9cbd36b01bd1cbaebf2de08d9173bc095c,18,18,PancakeSwapV3
PancakeSwapV3,0x8f4ca73516c27a2316e976fc0b0882e1e2f953d4,USDT,Pen Pal,10,500,0x55d398326f99059ff775485246999027b3197955,0xaf168c7c3dbde7b0a9be9cee915b8b98b8888888,18,18,PancakeSwapV3
PancakeSwapV3,0x6b01d759b5196b61e26b212911d95963c948ba8e,TKN,WBNB,200,10000,0x8e42dd032c5161ef7a0042ce76f29fa11069a54b,0xbb4cdb9cbd36b01bd1cbaebf2de08d9173bc095c,18,18,PancakeSwapV3
UniswapV3CL,0xa9f4c8853c1a6181a4487211464dc0193b324642,$Beer?,WBNB,200,10000,0x4c88691a24a69cf899573d8f13459b408795ec19,0xbb4cdb9cbd36b01bd1cbaebf2de08d9173bc095c,18,18,UniswapV3CL
PancakeSwapV3,0xc0dab5aad049156d5fcef7e234df8bfd0394da7f,CAPX,WBNB,1,100,0x67fef8039d4ee0889e3bf0daa7748a75bc87bc9d,0xbb4cdb9cbd36b01bd1cbaebf2de08d9173bc095c,18,18,PancakeSwapV3
PancakeSwapV3,0xd3df7d818f720002444813f292f490db2e274b23,CHEN,WBNB,200,10000,0x83f8ddf7c2ae9eb02d5686b0970792361d2dffc1,0xbb4cdb9cbd36b01bd1cbaebf2de08d9173bc095c,18,18,PancakeSwapV3
PancakeSwapV3,0xc827bb069bbe751bd4339e54b2c8bcfc0545be7d,wtest,WBNB,200,10000,0x82add51e2c541a5df975d44b669ca1b729dbfdf7,0xbb4cdb9cbd36b01bd1cbaebf2de08d9173bc095c,18,18,PancakeSwapV3
PancakeSwapV3,0x613707dea8e65811dc6d3932e26018305e7f9cc7,WBNB,MACN,1,100,0xbb4cdb9cbd36b01bd1cbaebf2de08d9173bc095c,0xcf9e6799be967e94d45a178b318e94697594465c,18,18,PancakeSwapV3
PancakeSwapV3,0xc9093b38b1f838ef32f3e5292e7a01718f782489,PGSK,WBNB,1,100,0xa4ae0f865d325eeaca097325a83335caeb88bb69,0xbb4cdb9cbd36b01bd1cbaebf2de08d9173bc095c,18,18,PancakeSwapV3
PancakeSwapV3,0x766b276f4d967896d93cbc65504fa75ef26d5160,USDT,PXN,1,100,0x55d398326f99059ff775485246999027b3197955,0x8aa1c1dcf1e400256dc99b7b6a6a674f3eae437f,18,18,PancakeSwapV3
PancakeSwapV3,0xc7762b0cd5ab82cd92fbec3ada3e08b5bea2e4d5,USDT,HRES,1,100,0x55d398326f99059ff775485246999027b3197955,0x78b0d3b7b7e12bb2f1818f959d7f5e6662dab5b1,18,18,PancakeSwapV3
PancakeSwapV3,0xdf04ac4a1891bf47d8a2917f658fe25f765e8bff,SANTA,WBNB,1,100,0x410758c11e52c9c820fbe55a8408f0bb002da36a,0xbb4cdb9cbd36b01bd1cbaebf2de08d9173bc095c,18,18,PancakeSwapV3
PancakeSwapV3,0xddb9ac1429224d378d7eac92b2c0876620a498fc,ASTER,WBNB,200,10000,0x000ae314e2a2172a039b26378814c252734f556a,0xbb4cdb9cbd36b01bd1cbaebf2de08d9173bc095c,18,18,PancakeSwapV3
PancakeSwapV3,0x35e4299efe62450dfb7db57e1e33005c7c889889,USDT,BOOM,10,500,0x55d398326f99059ff775485246999027b3197955,0xce7c3b5e058c196a0eaaa21f8e4bf8c2c07c2935,18,18,PancakeSwapV3
PancakeSwapV3,0x1b801bcf7da6191b4c079a46a3ff9dae46ec583f,WBNB,DBUY,10,500,0xbb4cdb9cbd36b01bd1cbaebf2de08d9173bc095c,0xea632ab079d1016b8bba5bbaeeb8ef8727cd9519,18,18,PancakeSwapV3
UniswapV3CL,0x733ecade01bb7262351630f468c9b2fab89f75b1,STABLE,USDT,200,10000,0x011ebe7d75e2c9d1e0bd0be0bef5c36f0a90075f,0x55d398326f99059ff775485246999027b3197955,18,18,UniswapV3CL
PancakeSwapV3,0x0ad939227306982e2c39374dd44d2c4237097b1a,INST,WBNB,1,100,0x47006770d32a0ea77b3ebcd0069399e37a2e2d42,0xbb4cdb9cbd36b01bd1cbaebf2de08d9173bc095c,18,18,PancakeSwapV3
UniswapV3CL,0xcb99fe720124129520f7a09ca3cbef78d58ed934,WBNB,BUSD,10,500,0xbb4cdb9cbd36b01bd1cbaebf2de08d9173bc095c,0xe9e7cea3dedca5984780bafc599bd69add087d56,18,18,UniswapV3CL
UniswapV3CL,0x02745672defd6e4f4bd37751e0731f2965075e80,USDT,POWER,200,10000,0x55d398326f99059ff775485246999027b3197955,0x9dc44ae5be187eca9e2a67e33f27a4c91cea1223,18,18,UniswapV3CL
PancakeSwapV3,0xca43360ec054b83d182b18cfccd3d3274439a03d,USDT,USDE,10,500,0x55d398326f99059ff775485246999027b3197955,0xd217c532e5ebcd85cb72d2563437c5b87e29d86f,18,18,PancakeSwapV3
PancakeSwapV3,0xc7e099b566e078eee9a0b1b384fc407679257b78,WBNB,GOV,10,500,0xbb4cdb9cbd36b01bd1cbaebf2de08d9173bc095c,0xcc7a91413769891de2e9ebbfc96d2eb1874b5760,18,18,PancakeSwapV3
UniswapV3CL,0xf491ad871cb29aa2058e7ce2f109e6b23d8bfc26,DAI,USDT,200,10000,0x1af3f329e8be154074d8769d1ffa4ee058b1dbc3,0x55d398326f99059ff775485246999027b3197955,18,18,UniswapV3CL
PancakeSwapV3,0x271f6595bddfe62ee67774d72b9885ca0ca9eefc,APC,WBNB,1,100,0x45cc59a000c36fb90f7a9a61604810bbf649c437,0xbb4cdb9cbd36b01bd1cbaebf2de08d9173bc095c,18,18,PancakeSwapV3
PancakeSwapV3,0x4302e36352d89dedf13ff44ef35deece40cdf96c,USDT,PROS,50,2500,0x55d398326f99059ff775485246999027b3197955,0xbe1936a67f503e0eaf2434b0cf9f4e3d7100008a,18,18,PancakeSwapV3
PancakeSwapV3,0x1e7d21d193db9a39f82f89243729bc15c4dc80e1,WBNB,ANIL,1,100,0xbb4cdb9cbd36b01bd1cbaebf2de08d9173bc095c,0xf79a76d21d4a855566dbcafbce13edb47dadfb35,18,18,PancakeSwapV3
PancakeSwapV3,0xd8570291391e2775ff077ba78328b0a3274b7c6d,USDT,MTP,1,100,0x55d398326f99059ff775485246999027b3197955,0x83330d159c9a4b09e6717feefef7a634b70d216a,18,18,PancakeSwapV3
PancakeSwapV3,0x937db73024cdc0375c844bbabc97d1385f04b103,x286,WBNB,200,10000,0x3629d2e9c512558b98cd42f53631c0171f6674f5,0xbb4cdb9cbd36b01bd1cbaebf2de08d9173bc095c,18,18,PancakeSwapV3
PancakeSwapV3,0xf8a1477d0911077d6d53566ccdefc7cc39268942,WBNB,USDT,1,100,0xbb4cdb9cbd36b01bd1cbaebf2de08d9173bc095c,0xf15490e3c81d67cfa2f62070c4d2a2168238da03,18,18,PancakeSwapV3
PancakeSwapV3,0xb4cec0f9f12f4826e05eb97ef6dd40ff19996141,SYNTH,WBNB,200,10000,0x9b66e1f40d4b4c3f2598e94079110781e510c54d,0xbb4cdb9cbd36b01bd1cbaebf2de08d9173bc095c,18,18,PancakeSwapV3
PancakeSwapV3,0xb8a3a3789b351ed3a8da1ba69f859a2905965d5b,WBNB,BEE,1,100,0xbb4cdb9cbd36b01bd1cbaebf2de08d9173bc095c,0xdb6f1f098b55e36b036603c8e54663a8d907d6e1,18,18,PancakeSwapV3
PancakeSwapV3,0xc8aa00a263d9221c64bc47d5b7f810e518df05aa,$A3,WBNB,200,10000,0x1b5e1775b0811283be143d285a73f5f0a0e20152,0xbb4cdb9cbd36b01bd1cbaebf2de08d9173bc095c,18,18,PancakeSwapV3
PancakeSwapV3,0xe63bc48c0463ecf975f0294c0f111b90206a9e11,AI,WBNB,200,10000,0xba279389941e13e8fecd265d850a8f212976a4e1,0xbb4cdb9cbd36b01bd1cbaebf2de08d9173bc095c,18,18,PancakeSwapV3
PancakeSwapV3,0x463ea715980205861c7db0afc4d3d6c028aeb9d1,AI,WBNB,200,10000,0x3c964e37a8b6e8a7453fb65c50f2e26fe320e2ba,0xbb4cdb9cbd36b01bd1cbaebf2de08d9173bc095c,18,18,PancakeSwapV3
PancakeSwapV3,0x5d121918f25f81ce139c77ff1ab81455fdbd8917,AINU,WBNB,200,10000,0x6fc7245479ad86835a62aaa185a3e8a9f56373d6,0xbb4cdb9cbd36b01bd1cbaebf2de08d9173bc095c,18,18,PancakeSwapV3
PancakeSwapV3,0xe1efba2dcbe1a447c65212be728d6eb58ec4694e,HABIB,WBNB,200,10000,0x7ff397368cc3585c55c695890506c7c65738c326,0xbb4cdb9cbd36b01bd1cbaebf2de08d9173bc095c,18,18,PancakeSwapV3
PancakeSwapV3,0x84e156b2b912c0fb996cc84d7935cc6e76088529,BULL,WBNB,200,10000,0x6ae33a36ce0c0552045d374c75630d860e87e8f7,0xbb4cdb9cbd36b01bd1cbaebf2de08d9173bc095c,18,18,PancakeSwapV3
PancakeSwapV3,0x21177ceae4fa36cfc84b5c45c38b714eac78cc27,FROG,WBNB,1,100,0x4ad663403df2f0e7987bc9c74561687472e1611c,0xbb4cdb9cbd36b01bd1cbaebf2de08d9173bc095c,18,18,PancakeSwapV3
UniswapV3CL,0x450451d0ac120b3deb693301b250d43fb0dad97e,DAI,USDC,200,10000,0x1af3f329e8be154074d8769d1ffa4ee058b1dbc3,0x8ac76a51cc950d9822d68b83fe1ad97b32cd580d,18,18,UniswapV3CL
UniswapV3CL,0x92eceaf801e7e7ab0c2098ec1fade68522c9f8e4,MEME,WBNB,200,10000,0x46eb43cba6de8ca796c27477796977a0b2afa393,0xbb4cdb9cbd36b01bd1cbaebf2de08d9173bc095c,18,18,UniswapV3CL
PancakeSwapV3,0xae2b227d2da823cc2ae15e831b2ad032cd5a5958,JOGE,WBNB,200,10000,0x8e1abad7693feef38b878465f30332831f38a95d,0xbb4cdb9cbd36b01bd1cbaebf2de08d9173bc095c,18,18,PancakeSwapV3
PancakeSwapV3,0x5a6cd8b4d83baf01f502a4a7dce097818e22f2ff,WBNB,SOLARIS,1,100,0xbb4cdb9cbd36b01bd1cbaebf2de08d9173bc095c,0xe6b3a7b319d807242a0484df64c43c0ce316680e,18,18,PancakeSwapV3
PancakeSwapV3,0x2ab8fe914cfb6d2c8dde7e775df892976416d5a1,TAX,WBNB,200,10000,0x1b089541ef3c10821bddca6aec05ca011fe6d044,0xbb4cdb9cbd36b01bd1cbaebf2de08d9173bc095c,18,18,PancakeSwapV3
UniswapV3CL,0x5ea7f9d168c8e7d8b697b3a93102f238522d5460,USDT,TEO,200,10000,0x55d398326f99059ff775485246999027b3197955,0x72c78769b09808137e1d34756b0b994585aacbbe,18,18,UniswapV3CL
PancakeSwapV3,0x4754d87e824f6af6c32a390dab9ec994757164ce,DCK,USDT,1,100,0x16faf9daa401aa42506af503aa3d80b871c467a3,0x55d398326f99059ff775485246999027b3197955,18,18,PancakeSwapV3
UniswapV3CL,0xcbb5bd62420a622950f8bdb72dd54e78bf7b977c,USDT,TEO,200,10000,0x55d398326f99059ff775485246999027b3197955,0x9141c53703f4cc75b666c0869af6239fcfe2b6cb,18,18,UniswapV3CL
UniswapV3CL,0xfd9467287aaf6a89961f8fe82ca980852a2ec284,USDT,XNY,200,10000,0x55d398326f99059ff775485246999027b3197955,0xe3225e11cab122f1a126a28997788e5230838ab9,18,18,UniswapV3CL
PancakeSwapV3,0x258002198656a01fb9325204814c693a6c1debe7,BLX,WBNB,1,100,0x905d668049e2a0428e5683a40d259e4c8e903aba,0xbb4cdb9cbd36b01bd1cbaebf2de08d9173bc095c,18,18,PancakeSwapV3
PancakeSwapV3,0xda5931d9358717e66cec6b37846c8e4f8eb7acbe,WBNB,Bita,10,500,0xbb4cdb9cbd36b01bd1cbaebf2de08d9173bc095c,0xc2b3d653b8f1cb402740fccf3acaf4848dcde192,18,18,PancakeSwapV3
UniswapV3CL,0xbf04c51a7a6a6d79b41116f73492b4eec4b88539,USDT,QQQQ2,1,100,0x55d398326f99059ff775485246999027b3197955,0xfaac7c35840a4dabc904f48f1f1ade639896e21d,18,18,UniswapV3CL
UniswapV3CL,0xc64b4db8c0a9381da827f168d1946fcf9037e2b3,USDT,UUUU,1,100,0x55d398326f99059ff775485246999027b3197955,0xffabf758d3610a2d038dabf335b423a5d0c72100,18,18,UniswapV3CL
PancakeSwapV3,0x3bf6f934eeefd436fbd990bdbc3fd6e4c9ebac9a,USDT,BOOP,1,100,0x55d398326f99059ff775485246999027b3197955,0x9a70815dfb644a24b57358e1041f8d0324c8f6e1,18,18,PancakeSwapV3
PancakeSwapV3,0x6febf9bdb0f604ab2eafdb3ce5da2eac31cf2325,WBNB,CPC,10,500,0xbb4cdb9cbd36b01bd1cbaebf2de08d9173bc095c,0xd4d5283af74326ad6eabae8a4f944d237c3667a3,18,18,PancakeSwapV3
UniswapV3CL,0xbde05220ed992f8932cb20abefe0d8fe3c238887,USDT,JJJ3,1,100,0x55d398326f99059ff775485246999027b3197955,0xb03db90753ffdb061fdfd567d837433628e46243,18,18,UniswapV3CL
PancakeSwapV3,0xe1e1da76f942d737a656f9bcb504763eed2309f2,USDTR,USDT,1,100,0x398c414a993f7bd815712cbf07c5ebcab0ce3f78,0x55d398326f99059ff775485246999027b3197955,18,18,PancakeSwapV3
PancakeSwapV3,0x4f6cdf77feff1579ec35ae56a26adf522302b48c,USDT,USDTR,1,100,0x55d398326f99059ff775485246999027b3197955,0xb403b13726239daa73f6bcb81cbedbb94392bad3,18,18,PancakeSwapV3
PancakeSwapV3,0x19a724c360ec4cc0060e339efb7d13aaa80f2322,SUSDT,USDT,1,100,0x392133b908fe16c400a6cf94b3df1aba91092a05,0x55d398326f99059ff775485246999027b3197955,18,18,PancakeSwapV3
PancakeSwapV3,0xd8c10e3cad14f0aad7b2b3887dd06b04f5d475d9,MRC,WBNB,200,10000,0x6c692b3b604fbd236d2ff9dfcd0f852503b1f052,0xbb4cdb9cbd36b01bd1cbaebf2de08d9173bc095c,18,18,PancakeSwapV3
PancakeSwapV3,0x0b42f8126ac9cbebe28bfd1a0bfd1f1fd7dcc03f,RichCoin,WBNB,1,100,0x86a1548cd9c4328a566bd7e309d9e8c975e73f66,0xbb4cdb9cbd36b01bd1cbaebf2de08d9173bc095c,18,18,PancakeSwapV3
UniswapV3CL,0x78098832871a8b4626980495eb9e15984bfdbb42,USDT,USDT,1,100,0x55d398326f99059ff775485246999027b3197955,0x7326ace8d16f5b6e55bc1eea071bb6488cdbac4c,18,18,UniswapV3CL
PancakeSwapV3,0xf938bad7371ed508bf4ed547b1ded66df29a77f8,OTM,WBNB,200,10000,0x47ffc6c0938af8aaa2e9efd31e352f364c22fdd0,0xbb4cdb9cbd36b01bd1cbaebf2de08d9173bc095c,18,18,PancakeSwapV3
PancakeSwapV3,0x83d803825afae616ee5d23fcabebc54a0560c892,KONDR,WBNB,200,10000,0x17a1f0820269c227a4ceaa024e25ff7446a37f8f,0xbb4cdb9cbd36b01bd1cbaebf2de08d9173bc095c,18,18,PancakeSwapV3
PancakeSwapV3,0x3c6a4d56bfe57cd9eb6a9682aba76dfccbee283e,OASIS,WBNB,1,100,0x1a4d41219c547f3a0ee36cf3d9e68f80699cf283,0xbb4cdb9cbd36b01bd1cbaebf2de08d9173bc095c,18,18,PancakeSwapV3
UniswapV3CL,0x1fd22fa7274bafebdfb1881321709f1219744829,USDT,BCH,200,10000,0x55d398326f99059ff775485246999027b3197955,0x8ff795a6f4d97e7887c79bea79aba5cc76444adf,18,18,UniswapV3CL
PancakeSwapV3,0xef2b192728f1c3020156f62c4743ae8a4f25e8c9,USDG,USDT,50,2500,0x4d241d344746ed18fd16715bcead1a3ecb6999a7,0x55d398326f99059ff775485246999027b3197955,18,18,PancakeSwapV3
PancakeSwapV3,0x7e7fa66a2e4af25a79ed5e1f91c1abdbd0775e76,PEC,USDT,1,100,0x05581267cf4596567c391eeb8aeda7ae0afbbd20,0x55d398326f99059ff775485246999027b3197955,18,18,PancakeSwapV3
PancakeSwapV3,0x001405fadd5d49ee1838f3a96e42e0028ad9d7ef,ZIG,WBNB,200,10000,0x8c907e0a72c3d55627e853f4ec6a96b0c8771145,0xbb4cdb9cbd36b01bd1cbaebf2de08d9173bc095c,18,18,PancakeSwapV3
UniswapV3CL,0x424adebb27fc48e7be9be7aa2e152b1f1b07983e,USDT,KIN,200,10000,0x55d398326f99059ff775485246999027b3197955,0xcc1b8207853662c5cfabfb028806ec06ea1f6ac6,18,18,UniswapV3CL
PancakeSwapV3,0x57e507daeb09d425a9b98402b638f456e08411ba,USDT,R2R,10,500,0x55d398326f99059ff775485246999027b3197955,0x707ecf873b6e7218bad7887aaa7df27c59d00851,18,18,PancakeSwapV3
PancakeSwapV3,0x7634ed40abe328a22ddd3ab69de6c23941b2d34c,AIGENTS,WBNB,200,10000,0x11f55710f00237b7246067c1cfbde3e84136a471,0xbb4cdb9cbd36b01bd1cbaebf2de08d9173bc095c,18,18,PancakeSwapV3
PancakeSwapV3,0x71f85ccca878d5ffad1bb6a947da77970f4e5553,BNB TRB,WBNB,1,100,0x5f03a2189d1241cbe0da960317a98cb82a964cf0,0xbb4cdb9cbd36b01bd1cbaebf2de08d9173bc095c,18,18,PancakeSwapV3
PancakeSwapV3,0xec06d39777bde144741db9463e7ee8d1b1ab3ca5,USDT,AIIAX,1,100,0x55d398326f99059ff775485246999027b3197955,0xf5e06d3b131ffa9bd56b98d41ece28976a27cff7,18,8,PancakeSwapV3
PancakeSwapV3,0xf7a3134713a2959d36854f47bc6841b17b006886,USDT,HCC,50,2500,0x55d398326f99059ff775485246999027b3197955,0xe6433c57a5265129ec3f8af839c5ffadf1b107ab,18,18,PancakeSwapV3
PancakeSwapV3,0xf5d650bb893a62a1ff15319f4913103004c2be81,PEC,USDC,10,500,0x413c2834f02003752d6cc0bcd1ce85af04d62fbe,0x8ac76a51cc950d9822d68b83fe1ad97b32cd580d,18,18,PancakeSwapV3
UniswapV3CL,0x721cec22b96f38ff8d7aae1f0f4ccd12f3e4fdab,NFL,WBNB,60,3000,0x496e35f1ca722d4e86504165f3e672e159a0e39c,0xbb4cdb9cbd36b01bd1cbaebf2de08d9173bc095c,18,18,UniswapV3CL
UniswapV3CL,0x781c11e2065c0ebfd47a1629246a3fa39b7f3dd7,USDT,?,200,10000,0x55d398326f99059ff775485246999027b3197955,0x9c18ce2ef56cc124baffc9a681290f2615404444,18,18,UniswapV3CL
PancakeSwapV3,0x4e192c709362c812f5069771a5509eb624920335,WBNB,WMT,200,10000,0xbb4cdb9cbd36b01bd1cbaebf2de08d9173bc095c,0xefff3e50cd757ccdaf8bd96f00bcb943c1f4cbcf,18,18,PancakeSwapV3
PancakeSwapV3,0xe3f521e04e47fb4196249f8df0f20f6b2a9f2a63,BAB,WBNB,50,2500,0xb28005c6152890d6efafa0cbfe722533a807bd74,0xbb4cdb9cbd36b01bd1cbaebf2de08d9173bc095c,18,18,PancakeSwapV3
PancakeSwapV3,0x1b9b001ab03009d6d5bbad38d0f7d7f01ca52f96,USDT,GTT,1,100,0x55d398326f99059ff775485246999027b3197955,0xaa0a108c4b186f7edc44e4062a231196031c6c00,18,18,PancakeSwapV3
UniswapV3CL,0x73234630bd159384c8d43f145407312d64614f43,YU,WBNB,200,10000,0x3e098c23dcfbbe0a3f468a6bed1cf1a59dc1770d,0xbb4cdb9cbd36b01bd1cbaebf2de08d9173bc095c,18,18,UniswapV3CL
PancakeSwapV3,0x60b7b1fd9fb40bc8bb4800434f5a0289461da919,USDT,GAB,1,100,0x55d398326f99059ff775485246999027b3197955,0xa4d4a762aca742b451eff312ba0e6f47e0b23ed0,18,18,PancakeSwapV3
PancakeSwapV3,0x4bdf378547593f4305c72bb6dd32f5b56b25bc6c,BLID,USDC,200,10000,0x766afcf83fd5eaf884b3d529b432ca27a6d84617,0x8ac76a51cc950d9822d68b83fe1ad97b32cd580d,18,18,PancakeSwapV3
PancakeSwapV3,0xace53f38adbd02aa18ef82eef1afdcf0455652e7,WBNB,Nddf,200,10000,0xbb4cdb9cbd36b01bd1cbaebf2de08d9173bc095c,0xd0a9a515f30db63a9fb8d2d9b5ab61a93b5f79cd,18,18,PancakeSwapV3
PancakeSwapV3,0x9f95085e43ee7cd1f7ea7e1deb2bf547f87731b0,USDT,USDT,10,500,0x55d398326f99059ff775485246999027b3197955,0x9dad423aa8b34b075eaf029048f309aa1b139205,18,18,PancakeSwapV3
PancakeSwapV3,0x7122834eb38ac75c7f738bc732459f0469df82a7,M,USDT,50,2500,0x22b1458e780f8fa71e2f84502cee8b5a3cc731fa,0x55d398326f99059ff775485246999027b3197955,18,18,PancakeSwapV3
PancakeSwapV3,0xbcc6b0b78285eecaef93150a57f61d1982fe63cf,WBNB,CLEO,200,10000,0xbb4cdb9cbd36b01bd1cbaebf2de08d9173bc095c,0xe8225486ac6b1ae4d5bd46dda1842a3b4d1473ca,18,18,PancakeSwapV3
PancakeSwapV3,0x6d2a9d254ef44cc9103600342a4c66fbc03f2270,HarryBolz,WBNB,200,10000,0x9f7f84f1e37d8f9e83b6c2e6ede658ebe269fce4,0xbb4cdb9cbd36b01bd1cbaebf2de08d9173bc095c,18,18,PancakeSwapV3
PancakeSwapV3,0xa4886bd747fe0f7004a063188b60fa488d8f4dd1,WBNB,BBM,50,2500,0xbb4cdb9cbd36b01bd1cbaebf2de08d9173bc095c,0xfc41391f1a7e81f980bbc4c78477d678d2c0c26e,18,18,PancakeSwapV3
PancakeSwapV3,0xb2e3dbb8c350f87f69c91b1f11825cd3401a1138,FTC,USDT,200,10000,0x04f46cdfe8dd348e41902eef1aff19ace1661f4c,0x55d398326f99059ff775485246999027b3197955,18,18,PancakeSwapV3
PancakeSwapV3,0xa64bb015a75ec17d2054b7107d6b9d473e87d1da,BNDZ,USDT,1,100,0x26a631acb8a9b47532f9d1837b7db73b2e38759a,0x55d398326f99059ff775485246999027b3197955,18,18,PancakeSwapV3
UniswapV3CL,0xbb124e35ab9e85f8d59ba83500e559dc052b9368,1INCH,WBNB,60,3000,0x111111111117dc0aa78b770fa6a738034120c302,0xbb4cdb9cbd36b01bd1cbaebf2de08d9173bc095c,18,18,UniswapV3CL
PancakeSwapV3,0x3249a9588dadd1b72ca5c49b8be5c0fb22dd81c3,FETA ,WBNB,1,100,0x53a00429cc1720b94c7bbe3832102b1b2c89f5eb,0xbb4cdb9cbd36b01bd1cbaebf2de08d9173bc095c,18,18,PancakeSwapV3
PancakeSwapV3,0x95dfedfb92ef968566159759ea1331e0bc3de277,WBNB,ASIA,1,100,0xbb4cdb9cbd36b01bd1cbaebf2de08d9173bc095c,0xef020cf97037dca58f8789490a1a71ac99a6b7bc,18,18,PancakeSwapV3
PancakeSwapV3,0xe01bec961625758fb3839d0bedfcc6b8a9c33c75,BRC,WBNB,1,100,0x17404885ed03a98bdf1f8c398bbb8d6518e3cb78,0xbb4cdb9cbd36b01bd1cbaebf2de08d9173bc095c,18,18,PancakeSwapV3
PancakeSwapV3,0x24d49615be6997a339be896e24136d87579e86e0,FUUSDT,USDT,1,100,0x0a6f74d00c5b95e003834a574cc1ff8c305651b5,0x55d398326f99059ff775485246999027b3197955,6,18,PancakeSwapV3
PancakeSwapV3,0x46bb94693c7132351c4b6eb58affcaec95b664ee,WCC,WBNB,1,100,0x224bee0538a1c471e109a9aa4ff49f8a41e6283d,0xbb4cdb9cbd36b01bd1cbaebf2de08d9173bc095c,18,18,PancakeSwapV3
PancakeSwapV3,0x6ae341a85b6f5caad28dcf5170e152f0c5859250,K,WBNB,1,100,0x3d1845161debce544c85150fcde3aeef0061136e,0xbb4cdb9cbd36b01bd1cbaebf2de08d9173bc095c,18,18,PancakeSwapV3
PancakeSwapV3,0x2eda36fb2bbc4dfd5e51622c2312475e9db61033,USDD,USDC,1,100,0x45e51bc23d592eb2dba86da3985299f7895d66ba,0x8ac76a51cc950d9822d68b83fe1ad97b32cd580d,18,18,PancakeSwapV3
PancakeSwapV3,0x3b57854cd874d97a614ecff4ffe9c86af6845369,BRFGEN01,USDT,200,10000,0x12706a5022ca792e913d3b84ec516ea5d01d5209,0x55d398326f99059ff775485246999027b3197955,18,18,PancakeSwapV3
PancakeSwapV3,0x617393fa0268c29dc80d88289b6e615a186eef1f,GUB,WBNB,200,10000,0x84af468ac003d9dd9f148d319d992d60fca8bbcb,0xbb4cdb9cbd36b01bd1cbaebf2de08d9173bc095c,18,18,PancakeSwapV3
PancakeSwapV3,0x705dae6f26ffdce5c0cf156440517c9b2d01c8f3,AUGX,USDT,1,100,0x30f3f7c0ad3e138acd341edc8e4e1e3b980207bc,0x55d398326f99059ff775485246999027b3197955,18,18,PancakeSwapV3
PancakeSwapV3,0xf1c0a36a24eb704237420f228dac96c58a29ee2d,USDT,MTK,1,100,0x55d398326f99059ff775485246999027b3197955,0xd5d6ac5b0530b08a9211c74030093af926d1a07e,18,18,PancakeSwapV3
PancakeSwapV3,0x4549eb7d8d523ce1693107329ac96ff2d0ed5ab1,WBTC,BTCB,1,100,0x3d0497d2d969c70d4daebefa6c73f8bcdbf8f0a6,0x7130d2a12b9bcbfae4f2634d864a1ee1ce3ead9c,18,18,PancakeSwapV3
UniswapV3CL,0x6aed91e960247362bd4ec54d6a560a20345ea0c0,USDT,USDT,1,100,0x55d398326f99059ff775485246999027b3197955,0x8dcb39385cd290482e5f42ec1a7e2ae3f056af39,18,18,UniswapV3CL
PancakeSwapV3,0xb26ca619b9803155451711ac224650ed1c178a04,DRAM,USDT,1,100,0x36de0f01b7806ab72541f34d86b4033262ebfc62,0x55d398326f99059ff775485246999027b3197955,18,18,PancakeSwapV3
PancakeSwapV3,0x5bbe8a499130b6c13f41a94067a63f4c5e894510,N4X,USDT,200,10000,0x43ba62e60d001a192f2f6955b3080c1cb2066ae4,0x55d398326f99059ff775485246999027b3197955,18,18,PancakeSwapV3
PancakeSwapV3,0x9dc20da99f21896b1942063becb40f7648adb2ec,VNO,USDT,1,100,0x5261780ccca00410dd51da886794760b6a0c6db3,0x55d398326f99059ff775485246999027b3197955,18,18,PancakeSwapV3
UniswapV3CL,0x461faab9809191ebd164db9fdf01c7751de1f8be,USDT,USDT,10,500,0x55d398326f99059ff775485246999027b3197955,0x9dad423aa8b34b075eaf029048f309aa1b139205,18,18,UniswapV3CL
PancakeSwapV3,0x9f1d8420730a67d45eb5b86db0b91a7eeca40f82,USDT.T,USDT,1,100,0x510b2b9ea7f1773f10edc888836a1f3fa6962978,0x55d398326f99059ff775485246999027b3197955,18,18,PancakeSwapV3
PancakeSwapV3,0x61ec3ac5f0e4fc7e873b66071bfa5a9c70b6801f,U5DT,USDT,1,100,0x41488a8abc0ccfc183bb875062be8d4653c056d0,0x55d398326f99059ff775485246999027b3197955,18,18,PancakeSwapV3
PancakeSwapV3,0x65d5522df52e0d4d756ed80cc3a00ecd433ea4ec,USDT,FTD,1,100,0x55d398326f99059ff775485246999027b3197955,0xaf7b65e79cdc4b5ff61588a37f814888f891c0f8,18,18,PancakeSwapV3
PancakeSwapV3,0x7d13e7a13ca2904c353ed2038439c18a0ef514ec,USDT,PUSDT,1,100,0x55d398326f99059ff775485246999027b3197955,0x99f62eb7c730e13d55fa94adc656d8e055cc706c,18,18,PancakeSwapV3
PancakeSwapV3,0x636a3616e349b14827c94200f8eba44947346d0a,USDT,USDT.z,1,100,0x55d398326f99059ff775485246999027b3197955,0x7ffea810ae64ea847ae145c6012ae4c97637aa59,18,18,PancakeSwapV3
PancakeSwapV3,0x736d44bfb469885c76d49be02e3bae185b1ce714,USDT,BST,1,100,0x55d398326f99059ff775485246999027b3197955,0x89dbfb6886686dfb2f1c5d46bbe53280c27a2f15,18,18,PancakeSwapV3
PancakeSwapV3,0x1046196c8e71c5ce90e0d91240763ae43246c466,FIZ,USDT,1,100,0x509f92ad5f48c7af207676848d2260b2c7103edf,0x55d398326f99059ff775485246999027b3197955,18,18,PancakeSwapV3
UniswapV3CL,0xb73219584e1471bd3b8a631166f5f9b122e705d9,USDT,KUSD,1,100,0x55d398326f99059ff775485246999027b3197955,0x77a06757167c0af64ef01ff34aa4c31dfbd23286,18,18,UniswapV3CL
PancakeSwapV3,0xfbb9e0d91e9ac7495a05e3f1cea7260c10f705a1,USDS,USDT,1,100,0x259bda667dafe62b54e5092ab7d9f709cd43cc92,0x55d398326f99059ff775485246999027b3197955,18,18,PancakeSwapV3
PancakeSwapV3,0x34a136b8a0a62812a59dd1dc00934aca00665f21,USDT,USDTr,1,100,0x55d398326f99059ff775485246999027b3197955,0xe9d52bf276df44ee49d1869882e890544da5b697,18,6,PancakeSwapV3
PancakeSwapV3,0xe2f87614b02103859cb4fe4d08fa7e65de151a6f,RZUSDT,USDT,1,100,0x402aa049bc863c28860c072cdd716584cb0773f8,0x55d398326f99059ff775485246999027b3197955,18,18,PancakeSwapV3
UniswapV3CL,0x6256d533e5fa4c36cf21fc4d082d8f95bcdae8f3,USDT,EUSD,1,100,0x55d398326f99059ff775485246999027b3197955,0x7d00dbb1a8252ea5beb4840933cce4932ba600ad,18,18,UniswapV3CL
PancakeSwapV3,0x8f018ff42cc147635abb912b8c284509b341d82d,USDT,freshUSD,1,100,0x55d398326f99059ff775485246999027b3197955,0x91abe4ce913c424fff5496202861c6dafbe13723,18,18,PancakeSwapV3
PancakeSwapV3,0xe17e097400b391e49b874d085d323a54a6c55df0,USDT,CHAI,1,100,0x55d398326f99059ff775485246999027b3197955,0x85e369449947a51f63f695233b11858952318f61,18,18,PancakeSwapV3
PancakeSwapV3,0x314a9614b7864b4c69005d2ba12ef32275f8718e,USDT,USDT,1,100,0x521b6fc1f1a0477430f9c345d3d93f1340488888,0x55d398326f99059ff775485246999027b3197955,18,18,PancakeSwapV3
PancakeSwapV3,0xf37bbb513a584e940a471a792010c06b2dce49de,ECHO,WBNB,1,100,0x06238c1b8e618abedf17669228dc95fb2d2e210b,0xbb4cdb9cbd36b01bd1cbaebf2de08d9173bc095c,8,18,PancakeSwapV3
PancakeSwapV3,0xcfe457c50be5667c5ebe0181c86a71013b078cf9,NERA,USDT,10,500,0x2405bcc008021f792b80c65fb73f8c86525c3be3,0x55d398326f99059ff775485246999027b3197955,18,18,PancakeSwapV3
PancakeSwapV3,0xbe897d1c83830d769765ab8da20acdbd2f404a2c,USDT,BNBTC,1,100,0x55d398326f99059ff775485246999027b3197955,0xf6488567688190de66403ac1856d8a529ce22c6a,18,18,PancakeSwapV3
PancakeSwapV3,0x6a249bc2fd8729c29134a01e577333b78c8ea67c,FRDN,USDT,1,100,0x2a377871c740598658b5a300f3521f968908015f,0x55d398326f99059ff775485246999027b3197955,18,18,PancakeSwapV3
PancakeSwapV3,0x092345e26f4a9f4cf6e394820e8c7bfe7812b5e5,USDT,CTF8,1,100,0x55d398326f99059ff775485246999027b3197955,0xe3f4110d74e51cbd51ca60317e54155c57855f20,18,18,PancakeSwapV3
PancakeSwapV3,0x6a4c7a69b095a26ce4ce81fafa44498956dc35e7,XWALK,USDT,1,100,0x37f38fe873508876e176b39f9c2386831539b717,0x55d398326f99059ff775485246999027b3197955,18,18,PancakeSwapV3
PancakeSwapV3,0x8a63017e124b949b43315bfb464c2ec61b4f9a70,Tukin,WBNB,200,10000,0xb29c0f1bff761203cb58a56d0976dfc556b820ee,0xbb4cdb9cbd36b01bd1cbaebf2de08d9173bc095c,18,18,PancakeSwapV3
PancakeSwapV3,0x0d55afb055fbe775ca91d5885a879e1f1d825d7f,USDT,DANKE,10,500,0x55d398326f99059ff775485246999027b3197955,0x6045afa9adb1deeed2e8052451b9dfe952ee3d92,18,18,PancakeSwapV3
PancakeSwapV3,0x718475bc12c5a02cbe9c8d04cc0100d09ca374df,scottest3 - 0211,WBNB,1,100,0x50c64208c328dac742cc0dbbb432c44ddad62433,0xbb4cdb9cbd36b01bd1cbaebf2de08d9173bc095c,18,18,PancakeSwapV3
UniswapV3CL,0xb5caac167bf6052b27a0da881db0327450da7a31,new.c,WBNB,200,10000,0x3ec0f048b0e5a1a8047dd350248f2009a3753ffb,0xbb4cdb9cbd36b01bd1cbaebf2de08d9173bc095c,18,18,UniswapV3CL
PancakeSwapV3,0x627fcfa6247ed6c8ce21831e7924e606c880190c,wDZOO,WBNB,1,100,0x56d06a78ef8e95d6043341f24759e2834be6f97b,0xbb4cdb9cbd36b01bd1cbaebf2de08d9173bc095c,18,18,PancakeSwapV3
PancakeSwapV3,0x2b651d6c21c6fc8d4ca62bb098732f7c7bfe4d80,WBNB,CKP,1,100,0xbb4cdb9cbd36b01bd1cbaebf2de08d9173bc095c,0xf501d5669f0c35e493602b2e005c5b7ef0080896,18,18,PancakeSwapV3
PancakeSwapV3,0x1a92c43f81e82058588983f7c42997c4f31c0052,USDT,WFC,1,100,0x55d398326f99059ff775485246999027b3197955,0x717b1e42953dcb618a68bb21d55cc6d4108b45e9,18,18,PancakeSwapV3
PancakeSwapV3,0x4ff623cfad195a4fc79b5ea8036f783a1b5f81dc,USDT,USDT.M,1,100,0x55d398326f99059ff775485246999027b3197955,0x60a180f7971c89dd9a87edd61925176a0ca41342,18,6,PancakeSwapV3
UniswapV3CL,0x1d23d8e0795f4b347e2206dbd8a0e31a6c652e7b,USDT,LRX,200,10000,0x55d398326f99059ff775485246999027b3197955,0x95dd9462d0db8641cdc3550a355adf75e0612fdc,18,18,UniswapV3CL
PancakeSwapV3,0x4ae51b02e2d42590938cf1f290f4d3ba7dd556db,USDT,Bdg,50,2500,0x55d398326f99059ff775485246999027b3197955,0x583a691eb81ae0d1001b1e002f2df2c3af907e46,18,18,PancakeSwapV3
PancakeSwapV3,0x4db5de45d437bc28a36a1a49aa86f49411c82992,DR,WBNB,200,10000,0x0b99b455013b4b4072da0485197664ea59e42d01,0xbb4cdb9cbd36b01bd1cbaebf2de08d9173bc095c,18,18,PancakeSwapV3
PancakeSwapV3,0x6f2ddb1d20f6604979216eae2041468aa17f4a29,XAI,WBNB,10,500,0x21d063eacba978e76b200eca87a15cb490ee79ad,0xbb4cdb9cbd36b01bd1cbaebf2de08d9173bc095c,18,18,PancakeSwapV3
PancakeSwapV3,0x4371fe1cdd8e4d00c673c3a2890f08c241ba0fab,TORO,WBNB,200,10000,0x2837058ffaa3f34531f39bc2d8b100151b514ea2,0xbb4cdb9cbd36b01bd1cbaebf2de08d9173bc095c,18,18,PancakeSwapV3
UniswapV3CL,0x11e5152bd2fd9501a46fee2ad78557fd5e28430e,STE,WBNB,200,10000,0x8b52c72c05a6b647ee2f829bad3591249bd17ba6,0xbb4cdb9cbd36b01bd1cbaebf2de08d9173bc095c,18,18,UniswapV3CL
UniswapV3CL,0xa8437ab6c09b82059bf6a1ece6c06535e34aa06c,SENT,USDT,200,10000,0x31138562aeb9706c7612e85d789581a21b5980a2,0x55d398326f99059ff775485246999027b3197955,18,18,UniswapV3CL
PancakeSwapV3,0x7334ff3894b236ddd5bb214a93081b56bb118cd2,LEAP,WBNB,200,10000,0xa6c12fe2ef5b047856b72974ee27cf15e04f4260,0xbb4cdb9cbd36b01bd1cbaebf2de08d9173bc095c,18,18,PancakeSwapV3
PancakeSwapV3,0xf252e4493e17dabdac4b91de77f97c90fc988057,BR,WBNB,200,10000,0x08e3c40deafbe04dc3e74159c6945b83b4382d5a,0xbb4cdb9cbd36b01bd1cbaebf2de08d9173bc095c,18,18,PancakeSwapV3
PancakeSwapV3,0x0e62838505868ca6760e7ba0031ca59bd22bf3c2,BUSD,D3,1,100,0xe9e7cea3dedca5984780bafc599bd69add087d56,0xef5e274db69dd9035886baa1af99dea517700b13,18,18,PancakeSwapV3
UniswapV3CL,0x4c1d39e6b736a6a99105ee2a9e7c44bfc56af860,Cake,WBNB,60,3000,0x0e09fabb73bd3ade0a17ecc321fd13a19e81ce82,0xbb4cdb9cbd36b01bd1cbaebf2de08d9173bc095c,18,18,UniswapV3CL
PancakeSwapV3,0xf045f78d0bdeb1e3ba40b9ed939284af5dda5f66,USDT,UT,1,100,0x55d398326f99059ff775485246999027b3197955,0x7dc2ef04424bd9689bd3970181177be892939e91,18,18,PancakeSwapV3
PancakeSwapV3,0xa1ff9406219ffa6bcc3d89c2719dd91d231d4cee,USDT,?,200,10000,0x55d398326f99059ff775485246999027b3197955,0x924fa68a0fc644485b8df8abfa0a41c2e7744444,18,18,PancakeSwapV3
PancakeSwapV3,0x927ae3c2cd88717a1525a55021af9612c3f04583,OVL,USDT,1,100,0x1f34c87ded863fe3a3cd76fac8ada9608137c8c3,0x55d398326f99059ff775485246999027b3197955,18,18,PancakeSwapV3
PancakeSwapV3,0x45a9c3cab230d9d8887b56d62172781bdabd2c05,BCA,USDT,10,500,0x194119d3e2a4310f129662dc9d614d1983e8a8f4,0x55d398326f99059ff775485246999027b3197955,18,18,PancakeSwapV3
PancakeSwapV3,0x71b948b361ad69a233a208190c9ac9c5b130d095,SDT,WBNB,50,2500,0x07715ee7219b07b8e01cc7d2787f4e5e75860383,0xbb4cdb9cbd36b01bd1cbaebf2de08d9173bc095c,18,18,PancakeSwapV3
PancakeSwapV3,0x85bea4fbc57fa22b41fb1632f0d9a6a99390fd0a,PENDLE,WBNB,200,10000,0xb3ed0a426155b79b898849803e3b36552f7ed507,0xbb4cdb9cbd36b01bd1cbaebf2de08d9173bc095c,18,18,PancakeSwapV3
PancakeSwapV3,0x05b954fa5ac60b6e1a8fbf2052354e312fae2269,BITE,WBNB,200,10000,0xaa5b12709e6d9345d18b1458c945edc64dffcf13,0xbb4cdb9cbd36b01bd1cbaebf2de08d9173bc095c,18,18,PancakeSwapV3
PancakeSwapV3,0x60afa576d929d6536741ca62a723c4ad9a90ed2e,ai16cz,WBNB,200,10000,0x7dc3a19bcc33a63549ff2520b5c67cb4670c1457,0xbb4cdb9cbd36b01bd1cbaebf2de08d9173bc095c,18,18,PancakeSwapV3
PancakeSwapV3,0x88bd08490d07e000e744941ed774da854ede5c72,GATA,USDT,1,100,0x46ee3bfc281d59009ccd06f1dd6abdbfcd82ffc3,0x55d398326f99059ff775485246999027b3197955,18,18,PancakeSwapV3
PancakeSwapV3,0x830589d9a5134759239822e0ebbd569034a18341,Tukin,WBNB,200,10000,0xa670b356d834f9b608459e3e8bbd8b7372ac6592,0xbb4cdb9cbd36b01bd1cbaebf2de08d9173bc095c,18,18,PancakeSwapV3
PancakeSwapV3,0x3ec1eb2d87d3d4ed8517497ad5c96e5616f40e14,LUCKY,WBNB,200,10000,0x3b4cef161bb8d387a3497cd2b488ca5e7eca7db6,0xbb4cdb9cbd36b01bd1cbaebf2de08d9173bc095c,18,18,PancakeSwapV3
PancakeSwapV3,0x6a14d5308575546172c271058595d3e2f936c657,USDT,POLL,10,500,0x55d398326f99059ff775485246999027b3197955,0x5c16712e796647caa4bc900632fa7a2da9aece13,18,18,PancakeSwapV3
PancakeSwapV3,0xc2b4ece7bf0a609f8a0669a0e658249a3adbb9e0,WBNB,WEEKEND,200,10000,0xbb4cdb9cbd36b01bd1cbaebf2de08d9173bc095c,0xc877dd57b00473f43af7ad5ccdd7bea9259174c3,18,18,PancakeSwapV3
PancakeSwapV3,0x8bfa6d352175b88dfb4c67377410693f12402215,push,WBNB,200,10000,0xa2fa852287f004caf2db0a7a08e8ffd697691068,0xbb4cdb9cbd36b01bd1cbaebf2de08d9173bc095c,18,18,PancakeSwapV3
PancakeSwapV3,0x5cf826a7e75f5799e989bd4d517ccdc40de2bfb6,OKBX,USDT,1,100,0x3554072f9dbbb20d2934518798d5c69f954c7fc0,0x55d398326f99059ff775485246999027b3197955,18,18,PancakeSwapV3
PancakeSwapV3,0x9343aca3558a8f6c699f70b32b8f0fe1dc46e328,FETCH,WBNB,200,10000,0x072512e2a7b9086d958460c970f2ee2f38fcd2fc,0xbb4cdb9cbd36b01bd1cbaebf2de08d9173bc095c,18,18,PancakeSwapV3
PancakeSwapV3,0x185d73ec966d464a40372cd7e737bb68b0b95f1f,Deod,USDT,200,10000,0x3510fbbc13090f991ffa523527113a166161683e,0x55d398326f99059ff775485246999027b3197955,18,18,PancakeSwapV3
PancakeSwapV3,0x3b323416007d5f86f1c6c6afe2350c7c4324194d,NORMIX,USDC,1,100,0x12925b89802ca112942b1e23277c5ba0ff8b2ac1,0x8ac76a51cc950d9822d68b83fe1ad97b32cd580d,18,18,PancakeSwapV3
PancakeSwapV3,0x170fa9dde693595f79addacfa403191e228bd8a0,WBNB,Tukin,200,10000,0xbb4cdb9cbd36b01bd1cbaebf2de08d9173bc095c,0xc5840013677874f49e78cfff3b59c90708845ba9,18,18,PancakeSwapV3
PancakeSwapV3,0xc705994297880f6e9d5fd3a1274d00fd89dd95c1,WBNB,Tukin,200,10000,0xbb4cdb9cbd36b01bd1cbaebf2de08d9173bc095c,0xfefc0e7c84db22e3d107830be6d60fc0937cc0e5,18,18,PancakeSwapV3
PancakeSwapV3,0x624488c1729706f9b7ddc021e4815298fb65dabe,WBNB,YCZ,200,10000,0xbb4cdb9cbd36b01bd1cbaebf2de08d9173bc095c,0xd658a3e31aae3adc9bc98cd630d62696f5d730bc,18,18,PancakeSwapV3
PancakeSwapV3,0x394d03aa6e15578075258eddd303bd0bbbe26fa6,Ada,WBNB,200,10000,0x49a1edca752ff26cc0f15351e768d9a9bfb184b1,0xbb4cdb9cbd36b01bd1cbaebf2de08d9173bc095c,18,18,PancakeSwapV3
PancakeSwapV3,0x0a65aaa7782a21c85585c09e265c25003aa91669,Tukin,WBNB,200,10000,0x7b0197af4a89a9c70202667c9489bc49dfa0eecd,0xbb4cdb9cbd36b01bd1cbaebf2de08d9173bc095c,18,18,PancakeSwapV3
PancakeSwapV3,0x642089a5da2512db761d325a868882ece6e387f5,DZHV,WBNB,200,10000,0x3419875b4d3bca7f3fdda2db7a476a79fd31b4fe,0xbb4cdb9cbd36b01bd1cbaebf2de08d9173bc095c,18,18,PancakeSwapV3
PancakeSwapV3,0x1ce7eed8170e75d6035ad179ddb2c5179e184aa7,WBNB,GROKLET,200,10000,0xbb4cdb9cbd36b01bd1cbaebf2de08d9173bc095c,0xd2278224b792adb2041cdd967dd09f9bcf3caea7,18,18,PancakeSwapV3
PancakeSwapV3,0x0d6ef4a6704b5211de582389259a4313e5f53bd7,WBNB,PIXEL,200,10000,0xbb4cdb9cbd36b01bd1cbaebf2de08d9173bc095c,0xe74c73f2cff0f4b36f6ab7802e237ae3d92fe753,18,18,PancakeSwapV3
PancakeSwapV3,0xfc05f077e0748dafe45c482375d7c00b4a73a463,PTO,WBNB,1,100,0x3bb8ddd3471dae80a1b0ee292819343cfaf97a63,0xbb4cdb9cbd36b01bd1cbaebf2de08d9173bc095c,18,18,PancakeSwapV3
PancakeSwapV3,0xaed16b8bf9329759d589e031819049aaf8707f1a,USDT,YTA,50,2500,0x55d398326f99059ff775485246999027b3197955,0x72227497e651798f63e9629fb5bc0ac55753b446,18,18,PancakeSwapV3
PancakeSwapV3,0xaafa4004dcfb67d055b62c9acd8a387c91703277,LCN,WBNB,200,10000,0x9fd9f111adfe559020533f37100d75960eb2612e,0xbb4cdb9cbd36b01bd1cbaebf2de08d9173bc095c,18,18,PancakeSwapV3
PancakeSwapV3,0xd5182138b6dc1c2c6f5b5a4270d8516232fc2de1,AB,WBNB,200,10000,0x58f55f1ceca5a0808a750f9870fd8760f2ba8d19,0xbb4cdb9cbd36b01bd1cbaebf2de08d9173bc095c,18,18,PancakeSwapV3
PancakeSwapV3,0x39e4dc443a3827353d21d35399f00f447f802535,USDT,BTB,10,500,0x55d398326f99059ff775485246999027b3197955,0x914dcf3f9e41620a46dfb7d5f9918aac3aa00291,18,18,PancakeSwapV3
PancakeSwapV3,0x8e188fd81adf3b1bed3bd5e0e65a0a87b97c3484,WBNB,grok,200,10000,0xbb4cdb9cbd36b01bd1cbaebf2de08d9173bc095c,0xcd02e3f7ae84dd238596e6ba506b2dd17f2a1c05,18,18,PancakeSwapV3
PancakeSwapV3,0xb6019a53d6763c95f678748eb45547d93c7d858b,USDT,COSMIC,50,2500,0x55d398326f99059ff775485246999027b3197955,0xbabacc135bbf2ce30f9c0f12665b244d3689a29c,18,18,PancakeSwapV3
PancakeSwapV3,0x3c4615ed973e5150eb81455919391c1391639a1b,COSMO,WBNB,200,10000,0xa6dcfdf9f79072ee1a76ed141b6bb4be173126db,0xbb4cdb9cbd36b01bd1cbaebf2de08d9173bc095c,18,18,PancakeSwapV3
PancakeSwapV3,0xb5abfa07e0f97fd68655e6da517d0e6bf4593c47,Byte,WBNB,200,10000,0x9ea195c0138556420cc63de2c98d83bc81b6a469,0xbb4cdb9cbd36b01bd1cbaebf2de08d9173bc095c,18,18,PancakeSwapV3
PancakeSwapV3,0xc689c51368d415490ceb7909936ff327f9126bb6,TARIFF,WBNB,200,10000,0x8bd0afe3cf88c29e1443031981cc8fc734c3b870,0xbb4cdb9cbd36b01bd1cbaebf2de08d9173bc095c,18,18,PancakeSwapV3
PancakeSwapV3,0x695e5a8db2818b610182a26d5b870738298cf942,WBNB,ESAY,200,10000,0xbb4cdb9cbd36b01bd1cbaebf2de08d9173bc095c,0xf11b5188bf9e50fd44887339c7d9e40ce8ea9e2c,18,18,PancakeSwapV3
PancakeSwapV3,0x8910ca3e9c3f1db431f133b84d55b403110a21d1,LOGO,WBNB,200,10000,0x4df56c3a21c9f69cc5655364835896086124a719,0xbb4cdb9cbd36b01bd1cbaebf2de08d9173bc095c,18,18,PancakeSwapV3
PancakeSwapV3,0x2a7e8848473e78619226e5723d82f98cf4c0942b,$Samantha,WBNB,200,10000,0x53c58ebb033a5f4041d698702de2a15b351a0b09,0xbb4cdb9cbd36b01bd1cbaebf2de08d9173bc095c,18,18,PancakeSwapV3
PancakeSwapV3,0xcfdc7976a808233c3da684b4305da785cb15ee46,Groovy,WBNB,200,10000,0x46ea1ddfa02470962f3bb7ceb2241b068740ce97,0xbb4cdb9cbd36b01bd1cbaebf2de08d9173bc095c,18,18,PancakeSwapV3
PancakeSwapV3,0xab8d6564c16c9aa6eb1aceebc833051f4af1fe11,WBNB,FUTURE,200,10000,0xbb4cdb9cbd36b01bd1cbaebf2de08d9173bc095c,0xcec99ee1d14b1f3a260c09c8cea5c2723b744f7d,18,18,PancakeSwapV3
PancakeSwapV3,0x985297099188d7f0fbb5c3a574656d01be69abc4,AIXIN,WBNB,200,10000,0x841495ff4043064ad5210068e5c6160621b539a6,0xbb4cdb9cbd36b01bd1cbaebf2de08d9173bc095c,18,18,PancakeSwapV3
PancakeSwapV3,0x9028d65121dca43c171d915bb53bb4f97f494b1c,WBNB,MJX,200,10000,0xbb4cdb9cbd36b01bd1cbaebf2de08d9173bc095c,0xd19f3a38813269e99bba742b53738dff793de52f,18,18,PancakeSwapV3
PancakeSwapV3,0x5ac7c4e3d29bbe89bfe44ddfdffbff312b722d08,BMBO,WBNB,200,10000,0x11009f030dea1e500f9440f658d5f6fbf5bdf085,0xbb4cdb9cbd36b01bd1cbaebf2de08d9173bc095c,18,18,PancakeSwapV3
PancakeSwapV3,0xdc555b5e26dbe9b32f9af9d4b1df895c33c2ce55,Byte,WBNB,200,10000,0x263ccf21f83e74899f5ccc153c77b21d2eb69657,0xbb4cdb9cbd36b01bd1cbaebf2de08d9173bc095c,18,18,PancakeSwapV3
PancakeSwapV3,0x42cb6acb27c272ea1f33a8551f373828c7b16d2e,WBNB,IPILL,200,10000,0xbb4cdb9cbd36b01bd1cbaebf2de08d9173bc095c,0xe0ba6eed3f0768f486d7f598e617bee0dc2b6523,18,18,PancakeSwapV3
PancakeSwapV3,0x28e7f3f1f6a0c2850ff89b3ec0236a0f0875208a,XYZ,WBNB,200,10000,0x40eb06e2c1d7d00fe7c9e8fac6ae69489cad1d59,0xbb4cdb9cbd36b01bd1cbaebf2de08d9173bc095c,18,18,PancakeSwapV3
PancakeSwapV3,0xa40febb7d74d2372e3b5768fa1f0f26f4c14ff9f,DOGE,WBNB,200,10000,0xabaee9be3fc54d9cecc50a3088c7d551e11a262f,0xbb4cdb9cbd36b01bd1cbaebf2de08d9173bc095c,18,18,PancakeSwapV3
PancakeSwapV3,0x9be088b9ed816c4e56c607124f21ad7f0cfc554b,SentinelFrog,WBNB,200,10000,0x808977231bfa6f8e201442039dbdd175f4d27dc2,0xbb4cdb9cbd36b01bd1cbaebf2de08d9173bc095c,18,18,PancakeSwapV3
PancakeSwapV3,0x657c82e75912123939e01295cd02a84584e91ab0,BANG,WBNB,200,10000,0x9786eec78afce6b0ccf32eff3a79c30f0f5adf78,0xbb4cdb9cbd36b01bd1cbaebf2de08d9173bc095c,18,18,PancakeSwapV3
PancakeSwapV3,0xa3aa58ddcf18046b24b0913cacf40539ae2b4028,ADA,WBNB,200,10000,0x74bfc0cafc31d6511ee64332dc7f07b6973779f5,0xbb4cdb9cbd36b01bd1cbaebf2de08d9173bc095c,18,18,PancakeSwapV3
PancakeSwapV3,0x4981e1123373907f167aabaf1d19f4c5860e93dc,Superjudge,WBNB,200,10000,0x45335eb843cbe8626cf78c47a95677159d795bc1,0xbb4cdb9cbd36b01bd1cbaebf2de08d9173bc095c,18,18,PancakeSwapV3
PancakeSwapV3,0xb925ea9cc1de668cfb80a6ec7b84b91b14c54b8e,WBNB,SBS,200,10000,0xbb4cdb9cbd36b01bd1cbaebf2de08d9173bc095c,0xc3879923fdf525bd598ffe705575368523732950,18,18,PancakeSwapV3
PancakeSwapV3,0xa04fe0f5705f45b6d20629dc65351323edc8a260,Four Muppets,WBNB,200,10000,0x7aa965bbd890af2ca2e17bea11ac320da07fbdc1,0xbb4cdb9cbd36b01bd1cbaebf2de08d9173bc095c,18,18,PancakeSwapV3
PancakeSwapV3,0x97c7844e34eaa6da4cd25be836789b792492ee5c,PUSH,WBNB,200,10000,0x5a7986b2571485d60704af936176d5c0925df4ef,0xbb4cdb9cbd36b01bd1cbaebf2de08d9173bc095c,18,18,PancakeSwapV3
PancakeSwapV3,0xacc1c86a2880625c97146b5f2480234fc5688a7a,Bornbad,WBNB,200,10000,0x6d34b1a3ad4b1110c29aa69c2b9a7a286a7284da,0xbb4cdb9cbd36b01bd1cbaebf2de08d9173bc095c,18,18,PancakeSwapV3
PancakeSwapV3,0xc0468e06f2c7b40e5739adba0405785d96f828f7,WBNB,CHESS,200,10000,0xbb4cdb9cbd36b01bd1cbaebf2de08d9173bc095c,0xc8492ceab35ec363fd4996dd2dede5c6b4a39e29,18,18,PancakeSwapV3
PancakeSwapV3,0x7bbdeb0a80a2c32f198f7857281fc29f55eca61c,COOKIE,WBNB,200,10000,0xaa4ed2727e78a5f5dc5028f12e9faff7a5b1c755,0xbb4cdb9cbd36b01bd1cbaebf2de08d9173bc095c,18,18,PancakeSwapV3
PancakeSwapV3,0xc6fbabbeb40b7c86483e60c43d89bb4c2ecea07a,$Samantha,WBNB,200,10000,0x57cdb68d83c5fa054f4ae49f470bcc3cbc243a4f,0xbb4cdb9cbd36b01bd1cbaebf2de08d9173bc095c,18,18,PancakeSwapV3
PancakeSwapV3,0xc8221ba647a941f1c1662c4c2a7b12eedf81d0b6,WBNB,TAX,200,10000,0xbb4cdb9cbd36b01bd1cbaebf2de08d9173bc095c,0xf8fb71980a14e294513411c76c1630270879cb73,18,18,PancakeSwapV3
PancakeSwapV3,0x7709a802e3d099d02a6fb71b52bd8a62a54777f2,WBNB,PUSH,200,10000,0xbb4cdb9cbd36b01bd1cbaebf2de08d9173bc095c,0xe529de02839c85980517cb25e5b5d9f51fb94500,18,18,PancakeSwapV3
PancakeSwapV3,0x938c42c406122db00e21a2881e1ae2aebc82ee40,TOKEN2049,WBNB,200,10000,0x5ce41ca5d75ed5baed90615012c6969e856afa99,0xbb4cdb9cbd36b01bd1cbaebf2de08d9173bc095c,18,18,PancakeSwapV3
PancakeSwapV3,0x0e2d130b4b3f8a0d024c2da52408f2edf01d7792,GROKLET,WBNB,200,10000,0x311c9d13fdd21005b0dc4bd8fe2edbe0c18c80d2,0xbb4cdb9cbd36b01bd1cbaebf2de08d9173bc095c,18,18,PancakeSwapV3
PancakeSwapV3,0xd55330808bca6ddf84b4af4cac4a145e8036cd05,WBNB,SATOSHI,200,10000,0xbb4cdb9cbd36b01bd1cbaebf2de08d9173bc095c,0xf0cc63b7d9f8eb0ba29ba209a53cf5d217dd894a,18,18,PancakeSwapV3
PancakeSwapV3,0x6af2466589e2f11cdb6b2bfefd80ecc2bfba0420,AIDOG,WBNB,200,10000,0xb5fc0168c21c51ac424700509e4b3c3defa0a801,0xbb4cdb9cbd36b01bd1cbaebf2de08d9173bc095c,18,18,PancakeSwapV3
PancakeSwapV3,0x4d9bc32642deac5bb7772caf7288b3498f8ef371,WBNB,Prison,200,10000,0xbb4cdb9cbd36b01bd1cbaebf2de08d9173bc095c,0xc8b413b5f9e1d77759c25e427debedd331179839,18,18,PancakeSwapV3
PancakeSwapV3,0xcaaa0f2c7fe66c6dfd43ba800290b74445e1a9f3,BDOGE,WBNB,200,10000,0x1ed92be5690d6f732f9b56f97f5fa105e3d2ec19,0xbb4cdb9cbd36b01bd1cbaebf2de08d9173bc095c,18,18,PancakeSwapV3
PancakeSwapV3,0xf945e3602de971edf37ad0d1c6068a43684b25b7,THOREIUM,WBNB,200,10000,0x13f8eedbe71b5a6f3c53da60c2398bbd877f51e2,0xbb4cdb9cbd36b01bd1cbaebf2de08d9173bc095c,18,18,PancakeSwapV3
PancakeSwapV3,0x8cb0e49267d6ec59fd1d9e87644d0f225cbfb6b1,GIGA,WBNB,200,10000,0x213368d2d82c8d11e2fd75f757419eb9556e32fb,0xbb4cdb9cbd36b01bd1cbaebf2de08d9173bc095c,18,18,PancakeSwapV3
PancakeSwapV3,0x8a1fe0344f265adb3a35819bc64a3fd7bb17cd7a,taxpayer,WBNB,200,10000,0x08ffc18912b1ec2013d3e18f9785d09a6b69fcf3,0xbb4cdb9cbd36b01bd1cbaebf2de08d9173bc095c,18,18,PancakeSwapV3
PancakeSwapV3,0xced3b1ad6816109fa83c59cc00144f6d927416e3,$HYPER,WBNB,200,10000,0x8965e6bc52ebdbf51f0400ebcc3ad95acf77f41b,0xbb4cdb9cbd36b01bd1cbaebf2de08d9173bc095c,18,18,PancakeSwapV3
PancakeSwapV3,0x72fbacd5350ba01d61b1d5ec9f415ff25cf00647,BABYMUP,WBNB,200,10000,0x7fe81c015eb0e80bf915926bd1e40638efc4fa31,0xbb4cdb9cbd36b01bd1cbaebf2de08d9173bc095c,18,18,PancakeSwapV3
PancakeSwapV3,0x73d5566ed1cdfcca50b3e6df1e6a913d98d95143,KONGZILLA,WBNB,200,10000,0x05ad230120f473e2084a72749c7efb4f92a2af72,0xbb4cdb9cbd36b01bd1cbaebf2de08d9173bc095c,18,18,PancakeSwapV3
PancakeSwapV3,0xd3ef96905cfd6eb78c8eff9bfa42272db41d311a,GROKY,WBNB,200,10000,0x21afce7bfd116d249a45d972ccd6294e197d19d3,0xbb4cdb9cbd36b01bd1cbaebf2de08d9173bc095c,18,18,PancakeSwapV3
PancakeSwapV3,0x92197b44dc518103d8bdabf052977e26468d13c2,Broccoli,WBNB,200,10000,0x4ee1e0b595c08a947857d753498533c18c6078cd,0xbb4cdb9cbd36b01bd1cbaebf2de08d9173bc095c,18,18,PancakeSwapV3
PancakeSwapV3,0x337082dd59811098bd69d106b4854aaf3ec14ecc,BEAST,WBNB,200,10000,0x0f78853aee93634e768c4240c8cefb7d4ca0909b,0xbb4cdb9cbd36b01bd1cbaebf2de08d9173bc095c,18,18,PancakeSwapV3
PancakeSwapV3,0x82c9860b3001cb51bbd3ebf6e3c5a0c397a1d7d2,WBNB,PHE,200,10000,0xbb4cdb9cbd36b01bd1cbaebf2de08d9173bc095c,0xed0c1d9c28cb8dfffc8cd39118a74e83179f9f16,18,18,PancakeSwapV3
PancakeSwapV3,0x021d925d29170ad15a58faccfd72313caae565e3,FROG,WBNB,200,10000,0x65feb2c9eeecf1c7a8c468b50dd6f489838421dd,0xbb4cdb9cbd36b01bd1cbaebf2de08d9173bc095c,18,18,PancakeSwapV3
PancakeSwapV3,0x16136e42083a7d3402de65c0fab2dbb071b1f46e,TTT,WBNB,200,10000,0x06bfc9375e2ef276d3bc10cc514e0a9c273eeb27,0xbb4cdb9cbd36b01bd1cbaebf2de08d9173bc095c,18,18,PancakeSwapV3
PancakeSwapV3,0x9b8880f46ef35aa90a778249525f16564ea2e1c6,MEOW,WBNB,200,10000,0x2c3ece7b0af068f7b4f45bb27382d9d58accb388,0xbb4cdb9cbd36b01bd1cbaebf2de08d9173bc095c,18,18,PancakeSwapV3
PancakeSwapV3,0x062a7cbfbeb8bfbab6c8cc3b753c332ae15142d7,DGAI,WBNB,200,10000,0x4da9a59904fea05ff1df0830cafeac72d5e50848,0xbb4cdb9cbd36b01bd1cbaebf2de08d9173bc095c,18,18,PancakeSwapV3
PancakeSwapV3,0xd262a23fec98b186dbc7ebd15baaff423192749e,liquidator,WBNB,200,10000,0xaa16943cafb52a10d3981747fe47369e4e845924,0xbb4cdb9cbd36b01bd1cbaebf2de08d9173bc095c,18,18,PancakeSwapV3
PancakeSwapV3,0x1ecbcb279fba45a414d7458f900e7864d3113a5c,WBNB,MAX,200,10000,0xbb4cdb9cbd36b01bd1cbaebf2de08d9173bc095c,0xc801c4b26b975cef365aba6551ad370dd63c6554,18,18,PancakeSwapV3
PancakeSwapV3,0xc875f29f44f81428ab96fbe2ffc12313ac800506,PANDA,WBNB,200,10000,0x9c57b9922228f1743a13c4699b359f6ca0703bab,0xbb4cdb9cbd36b01bd1cbaebf2de08d9173bc095c,18,18,PancakeSwapV3
PancakeSwapV3,0x9e494c89b1f7bde0669e0acddfbe11911572aa6f,POUR,WBNB,200,10000,0x358f5f90fb82619bc23f6b9c7d8f381c5e002260,0xbb4cdb9cbd36b01bd1cbaebf2de08d9173bc095c,18,18,PancakeSwapV3
PancakeSwapV3,0x2488fe99d1a9e4016ff0f7665df972dc4e0a8f11,TLR,WBNB,200,10000,0x57ee7cb0f4aead6d92b7f2bcd08a78bd59b56431,0xbb4cdb9cbd36b01bd1cbaebf2de08d9173bc095c,18,18,PancakeSwapV3
PancakeSwapV3,0xec52fe024d8732b1eb8ea03ade59a2cfa5bbf2fe,GROK3,WBNB,200,10000,0x01c429787cde2fbe221975f90b80883f17549e29,0xbb4cdb9cbd36b01bd1cbaebf2de08d9173bc095c,18,18,PancakeSwapV3
PancakeSwapV3,0xc52615e4efbe17be80f0b7f67ec695e078005f70,WBNB,BUN,200,10000,0xbb4cdb9cbd36b01bd1cbaebf2de08d9173bc095c,0xe4df143bde066ed0a014d359796bae345c9c23a6,18,18,PancakeSwapV3
PancakeSwapV3,0x9d0c185886aa6c63065f9520ae332f0bcbfc9c90,Ghiblishib,WBNB,200,10000,0x4f710f7aa26c7b1aed79cd3ab3e197e9aff6e71e,0xbb4cdb9cbd36b01bd1cbaebf2de08d9173bc095c,18,18,PancakeSwapV3
PancakeSwapV3,0x21040e391ecfd79d397f34f6d49e05c070499442,brnce,WBNB,200,10000,0x37be48b5da96688fe226c01768d6026fc7932a43,0xbb4cdb9cbd36b01bd1cbaebf2de08d9173bc095c,18,18,PancakeSwapV3
PancakeSwapV3,0xe4b98a0ebfa5ae4f59b66706987338aeb7644f10,995,WBNB,200,10000,0x1a35bf6425b258a3535f98df7774896b0e779ef9,0xbb4cdb9cbd36b01bd1cbaebf2de08d9173bc095c,18,18,PancakeSwapV3
PancakeSwapV3,0xbb4308cb43e11e25c2529a659f53b0a86a66ce12,GROK,WBNB,200,10000,0x7c621fa2f32bbfe94d02496c1a56fb584e95e856,0xbb4cdb9cbd36b01bd1cbaebf2de08d9173bc095c,18,18,PancakeSwapV3
PancakeSwapV3,0xaa423ea9f3e279544dd72218ce0feb84ddb1eb65,WBNB,BNNY,200,10000,0xbb4cdb9cbd36b01bd1cbaebf2de08d9173bc095c,0xfd01401ca0352bd7aa759d6c0a49c244a1325988,18,18,PancakeSwapV3
PancakeSwapV3,0x8104ec486ce85c8be7991d040dbe9921bc7450d3,WBNB,Eid,200,10000,0xbb4cdb9cbd36b01bd1cbaebf2de08d9173bc095c,0xf26eb9fa3d4933c262937adbf75ffccf284013f5,18,18,PancakeSwapV3
PancakeSwapV3,0x56c587f9f674700ec0e770f27199086d16131088,BGDOG,WBNB,200,10000,0x38fd34ab1d2659d1d99c434770e66b431f1ac6d8,0xbb4cdb9cbd36b01bd1cbaebf2de08d9173bc095c,18,18,PancakeSwapV3
PancakeSwapV3,0x02fc4c0a71acda57f17e011125101334c7be868b,COSMO,WBNB,200,10000,0x530fa27cd2ad5f4b3881e15abbfa5ec334b85e5b,0xbb4cdb9cbd36b01bd1cbaebf2de08d9173bc095c,18,18,PancakeSwapV3
PancakeSwapV3,0xc6d7b0944d57d22463c9023a00322c1d1633a769,OPM,WBNB,200,10000,0x458cae57ac59fd9d358a26d0f753d3e7dbc5d58f,0xbb4cdb9cbd36b01bd1cbaebf2de08d9173bc095c,18,18,PancakeSwapV3
PancakeSwapV3,0x5bebaafd7a9567abe967f5311421cb69d08a6f4c,bkrbsc,WBNB,200,10000,0x940aa51d4f9567ebf530e47412467a4d7f184eb5,0xbb4cdb9cbd36b01bd1cbaebf2de08d9173bc095c,18,18,PancakeSwapV3
PancakeSwapV3,0xdfb518944c270811bcb6a5c43e86080496a6acac,WBNB,BBC,200,10000,0xbb4cdb9cbd36b01bd1cbaebf2de08d9173bc095c,0xc2b19cc8354f42963e3137d49745b9a4c2b86b2f,18,18,PancakeSwapV3
PancakeSwapV3,0x1c062a0f1febf2fa7e8a7f1b5f766d12b78e451b,AI,WBNB,200,10000,0x00915617edaae845a6a70215635d3ef26a37603c,0xbb4cdb9cbd36b01bd1cbaebf2de08d9173bc095c,18,18,PancakeSwapV3
PancakeSwapV3,0x0c63e6ba75cbad641e2e20d1983f79f7d9a352ee,mappa,WBNB,200,10000,0x8b393116f4e8ce9939ff5007cdac0fe1404798c0,0xbb4cdb9cbd36b01bd1cbaebf2de08d9173bc095c,18,18,PancakeSwapV3
PancakeSwapV3,0x862a42c009cf00c3621d4c1cb800cedc6cfe0ad5,BNBB,WBNB,200,10000,0x7b25310a57a45b7478775f6e56f893125ca7db35,0xbb4cdb9cbd36b01bd1cbaebf2de08d9173bc095c,18,18,PancakeSwapV3
PancakeSwapV3,0x049e59b3378453b55933fe7a11d79a439e449a60,WBNB,SENBI,200,10000,0xbb4cdb9cbd36b01bd1cbaebf2de08d9173bc095c,0xde48d406d9206d15a04ae89259b6acbaa5671d72,18,18,PancakeSwapV3
PancakeSwapV3,0x1c37b60b04cb66e86abef81e1c9358583b19e4b3,WBNB,Ada,200,10000,0xbb4cdb9cbd36b01bd1cbaebf2de08d9173bc095c,0xc0b1a9a43b1c16e5c3202734cf409ba6e9a963f1,18,18,PancakeSwapV3
PancakeSwapV3,0xc181680c6b6c6b899beb7dcf8403774b8af3ea42,$DIDDY,WBNB,200,10000,0x7babb51be075f83689115ea546be6cae49dcab5d,0xbb4cdb9cbd36b01bd1cbaebf2de08d9173bc095c,18,18,PancakeSwapV3
PancakeSwapV3,0xb010bddd93ee9ac0c6ff87bdbb6ca4a42c236b7d,RCAT,WBNB,200,10000,0x670dcbb24b4afe2e5a58aefc5a345350215fdf9b,0xbb4cdb9cbd36b01bd1cbaebf2de08d9173bc095c,18,18,PancakeSwapV3
PancakeSwapV3,0x389f6a13b3323819641399114a5428c62c5f97e3,SENTI,WBNB,200,10000,0x92bebe20b39d8500050a9402a3ed33b3f3a194f5,0xbb4cdb9cbd36b01bd1cbaebf2de08d9173bc095c,18,18,PancakeSwapV3
PancakeSwapV3,0x3cd20cd37189bec2af8ff4ddd72def211ddf5c77,FREE,WBNB,200,10000,0x95e1406b9bea508259722cfb2549edb7ba53512d,0xbb4cdb9cbd36b01bd1cbaebf2de08d9173bc095c,18,18,PancakeSwapV3
PancakeSwapV3,0x94b293baabffb5997e1b40f1c1c6e508ff1e6cbf,WBNB,KLAB,200,10000,0xbb4cdb9cbd36b01bd1cbaebf2de08d9173bc095c,0xd8d1931f21215c0373939fca91820b2684e85751,18,18,PancakeSwapV3
PancakeSwapV3,0xc89d3d30961527bb05cea9cd222c35180cd62cab,abc,WBNB,200,10000,0x46ed35e391ed46dd4e46bd3017b2cee54b916636,0xbb4cdb9cbd36b01bd1cbaebf2de08d9173bc095c,18,18,PancakeSwapV3
PancakeSwapV3,0x0448c0bd4bf06698c82d273951aa18c84d1610b1,WBNB,FROG,200,10000,0xbb4cdb9cbd36b01bd1cbaebf2de08d9173bc095c,0xc3817d781b076766aca01c038bb43e15037da981,18,18,PancakeSwapV3
PancakeSwapV3,0x7ed03faf80f0df60a833caa19341e3dd69913f46,WBNB,GDOG,200,10000,0xbb4cdb9cbd36b01bd1cbaebf2de08d9173bc095c,0xea6ac11252b493b82b4f6833db7536a55836f6bf,18,18,PancakeSwapV3
PancakeSwapV3,0x909d6938b518cb32bad4954433d25148cfeb1eda,WBNB,ABCD,200,10000,0xbb4cdb9cbd36b01bd1cbaebf2de08d9173bc095c,0xeaf8d17a0dd5d3f337c9d3a514422a129dd6acc1,18,18,PancakeSwapV3
PancakeSwapV3,0x2cc689f352abbc783e8bf1c8dd15cda83589360a,B1N4NC3_CLUBH0U53,WBNB,200,10000,0x31860f1f415c7ef722a2043b54cc6a47b24747b3,0xbb4cdb9cbd36b01bd1cbaebf2de08d9173bc095c,18,18,PancakeSwapV3
PancakeSwapV3,0x5aa2e37ba88baf398c41fa6f574662f82e4667ca,WBNB,ORBI,200,10000,0xbb4cdb9cbd36b01bd1cbaebf2de08d9173bc095c,0xc9be12531ef6b60b7fe92172e31c11a34a9f3edb,18,18,PancakeSwapV3
PancakeSwapV3,0xd143e10c9a7741b9567b6033761c770b4d30be4c,SENBI,WBNB,200,10000,0x34db5d79c41b0f76c84bdb71bfb2dc531136e7b2,0xbb4cdb9cbd36b01bd1cbaebf2de08d9173bc095c,18,18,PancakeSwapV3
PancakeSwapV3,0x8c3a8f6aeeb9bb058a8888800c1feb6e6de1bffb,WBNB,mochi,200,10000,0xbb4cdb9cbd36b01bd1cbaebf2de08d9173bc095c,0xf47ce61ed6c405826810511e88d2d7ae2e040e2a,18,18,PancakeSwapV3
PancakeSwapV3,0x0902fbc52ec6d2fdb67d34b7e20a6e4711850e53,WBNB,prompts,200,10000,0xbb4cdb9cbd36b01bd1cbaebf2de08d9173bc095c,0xff89a5a80ef05de22de773f31d4b9afcb0b5ae10,18,18,PancakeSwapV3
PancakeSwapV3,0x997a64bfbc1edee1d1a4aad9ed2f815b6b8463f2,dfg,WBNB,200,10000,0x3d5cb21faec70d1c7ffd61453df853acc98a7161,0xbb4cdb9cbd36b01bd1cbaebf2de08d9173bc095c,18,18,PancakeSwapV3
PancakeSwapV3,0x4cdcf9175410e086807c0fe0320fb1ca6071e3c0,WBNB,ABITE,200,10000,0xbb4cdb9cbd36b01bd1cbaebf2de08d9173bc095c,0xfb98fe3003c871b957e5eb8f6bb52ab50872d1ef,18,18,PancakeSwapV3
PancakeSwapV3,0xbd7b0eaa67297d70f8afe769a6911bc983ceda24,PECOFF,WBNB,200,10000,0x8b8b5b5181a49b7304da06d76dd09af52ad53392,0xbb4cdb9cbd36b01bd1cbaebf2de08d9173bc095c,18,18,PancakeSwapV3
PancakeSwapV3,0xa5ecd0745271d491f6ba5370961888e97f28f567,WBNB,Labs,200,10000,0xbb4cdb9cbd36b01bd1cbaebf2de08d9173bc095c,0xe62193355a5e86e5ca3bb3a4ddfe1ae66321011c,18,18,PancakeSwapV3
PancakeSwapV3,0x86d4410cf3915d8caff7fd22c888f68d5cc459bd,GROKLET,WBNB,200,10000,0x867c3e67d47c3b9d97e6d81c22fa2adaebcf0cba,0xbb4cdb9cbd36b01bd1cbaebf2de08d9173bc095c,18,18,PancakeSwapV3
PancakeSwapV3,0x7ba4dbefaca1d15f8e163bbb12b5825ac66e0e06,$one,WBNB,200,10000,0x1831bf977bfc9d93242cf9b23f0da69328c02298,0xbb4cdb9cbd36b01bd1cbaebf2de08d9173bc095c,18,18,PancakeSwapV3
PancakeSwapV3,0x3dce5b6581ce648a567ee79df29aaafa018f7c85,CZ,WBNB,200,10000,0x5d016b2c0aa6f37489d377acc75e1c9c5ec3b362,0xbb4cdb9cbd36b01bd1cbaebf2de08d9173bc095c,18,18,PancakeSwapV3
PancakeSwapV3,0xd5323b45f2d5d8ba7e0a9a06c53aedb56c7252c7,HOLA,WBNB,200,10000,0xb938af37f67c9137eb1b5363a2373ab26d726eec,0xbb4cdb9cbd36b01bd1cbaebf2de08d9173bc095c,18,18,PancakeSwapV3
PancakeSwapV3,0x7e22983ba7300b28411402b896e24e1430ffa507,WBNB,DOGSYM,200,10000,0xbb4cdb9cbd36b01bd1cbaebf2de08d9173bc095c,0xddeeb5bd60e43c1b60ad3647cab3b53ff237bfa3,18,18,PancakeSwapV3
PancakeSwapV3,0xdcf8175a3624fc75f7c68c734c7e5b507ea63321,WBNB,CZD,200,10000,0xbb4cdb9cbd36b01bd1cbaebf2de08d9173bc095c,0xc95263e23e922a76df733bb8a2da0438069b96a5,18,18,PancakeSwapV3
PancakeSwapV3,0xa38f65f8c5aede89ca60cffc4648468c397cd14e,innovator,WBNB,200,10000,0xb4a0220717b59d07697226d57ebb92ed748d58b7,0xbb4cdb9cbd36b01bd1cbaebf2de08d9173bc095c,18,18,PancakeSwapV3
PancakeSwapV3,0xd8c5179e491345baf32dd755c5a3b199bf628af8,Satoshi AI,WBNB,200,10000,0x4ba05c3f52688086787e89a584a2f8c5581a8cae,0xbb4cdb9cbd36b01bd1cbaebf2de08d9173bc095c,18,18,PancakeSwapV3
PancakeSwapV3,0x9944cab1e7234ecd39d1aea259b5664cd8920133,MVB,WBNB,200,10000,0x7392437d0367be046dc7fcc6af1d18d0f83a8138,0xbb4cdb9cbd36b01bd1cbaebf2de08d9173bc095c,18,18,PancakeSwapV3
PancakeSwapV3,0x20197a88a66bf56c5917a5398e56f99527f87dd0,FUTURE,WBNB,200,10000,0x84431c647dd2147e63151a5eef19ed4b53fbe638,0xbb4cdb9cbd36b01bd1cbaebf2de08d9173bc095c,18,18,PancakeSwapV3
PancakeSwapV3,0x41bee4d888be0663313d953b2c9edb133a2f35fd,?,WBNB,200,10000,0x5b0f36bfed4b41ca6ddb0a825365afea4adb6aee,0xbb4cdb9cbd36b01bd1cbaebf2de08d9173bc095c,18,18,PancakeSwapV3
PancakeSwapV3,0xdb58136fa5a6ea75fe7a4b1e02fc19a535041537,VTARDIO,WBNB,200,10000,0x8ce95c782ae414a0c37a0191e1e8071c0eb73176,0xbb4cdb9cbd36b01bd1cbaebf2de08d9173bc095c,18,18,PancakeSwapV3
PancakeSwapV3,0x70647fac055409f8e360a0169418ded7a4e9cb50,WBNB,EINSTEIN,200,10000,0xbb4cdb9cbd36b01bd1cbaebf2de08d9173bc095c,0xec08ef7ce96b05bd25a1c74ce514b4655f7fc91a,18,18,PancakeSwapV3
PancakeSwapV3,0xda35b4c073247d12aa0361160d6bf21cf35f9992,CME,WBNB,200,10000,0xaa4e7f82e4187114c9989fd2764a928bf0f8e71e,0xbb4cdb9cbd36b01bd1cbaebf2de08d9173bc095c,18,18,PancakeSwapV3
PancakeSwapV3,0xccb11fd49a0a7e669a025a37389328f686f67f6e,ADA,WBNB,200,10000,0xb1661106d852a5345227d89abbad6fab9d4e9dc7,0xbb4cdb9cbd36b01bd1cbaebf2de08d9173bc095c,18,18,PancakeSwapV3
PancakeSwapV3,0x275ff7b6f11669ba27d3cf579b0de56049a7d74d,MEME,WBNB,200,10000,0x13399e230ae5e05fd7787204880d5ba14a7ee508,0xbb4cdb9cbd36b01bd1cbaebf2de08d9173bc095c,18,18,PancakeSwapV3
PancakeSwapV3,0x8a24cc2bab00cfe1b11ca8b762c5cc38ac6ce998,Superjudge,WBNB,200,10000,0x3dedeb9e293f3278fc1d3679b4952fbd1a8c1fa5,0xbb4cdb9cbd36b01bd1cbaebf2de08d9173bc095c,18,18,PancakeSwapV3
PancakeSwapV3,0xf24a3c10bb305231a027d519208027b7b92aa3f3,WBNB,CIRCUIT,200,10000,0xbb4cdb9cbd36b01bd1cbaebf2de08d9173bc095c,0xeac292e2e05d58b32857f31590e467770432f2b7,18,18,PancakeSwapV3
PancakeSwapV3,0x0e10ba3c4686cae3444fe3b72b5efb032016103a,btc74638,WBNB,200,10000,0x088e5b466a3b1b0ad00cdd078e2562ab9697ca30,0xbb4cdb9cbd36b01bd1cbaebf2de08d9173bc095c,18,18,PancakeSwapV3
PancakeSwapV3,0x08c3f1dbe1413d5f9752bd54dc9554b8fb4e6dd4,$PEPE,WBNB,200,10000,0x492eb1028c62fa3f3c4c140fff48b089b0c1f43a,0xbb4cdb9cbd36b01bd1cbaebf2de08d9173bc095c,18,18,PancakeSwapV3
PancakeSwapV3,0x5ff208d770b8e76cefb39fc77a6a05acbb4a3078,WBNB,progress,200,10000,0xbb4cdb9cbd36b01bd1cbaebf2de08d9173bc095c,0xce1573904c6ee9ea516aec810ab6c10917d91b84,18,18,PancakeSwapV3
PancakeSwapV3,0x8bf0c5a0a356490c565523da64016309fb966dc1,TOBI,WBNB,200,10000,0x219f978e57c82b44ff48b70d4cd7b1e05ed45f73,0xbb4cdb9cbd36b01bd1cbaebf2de08d9173bc095c,18,18,PancakeSwapV3
PancakeSwapV3,0xb4bb5bb3f105cead0b84aaed377eda00cda70dae,WBNB,Prison,200,10000,0xbb4cdb9cbd36b01bd1cbaebf2de08d9173bc095c,0xc8e8e42af866e03211d5f823e2c4d4f8519b0403,18,18,PancakeSwapV3
PancakeSwapV3,0x390616f6f2d3eb48bbb43e9ea238f10d84ab71b0,GPT-4.1,WBNB,200,10000,0x39199170dd1a00106187f55bf108251caaa432ae,0xbb4cdb9cbd36b01bd1cbaebf2de08d9173bc095c,18,18,PancakeSwapV3
PancakeSwapV3,0xdb890834a988153203ef553b043bb950e01fecf6,reachme,WBNB,200,10000,0x86268f2590a51ac9400e2a1fc441dcda861ad387,0xbb4cdb9cbd36b01bd1cbaebf2de08d9173bc095c,18,18,PancakeSwapV3
PancakeSwapV3,0xb1a551ca726991ea4d9bbbbdd4ec362ee7a7bffd,YIHE,WBNB,200,10000,0x7306ad4792d75ecb58b6624cafd052e3662c92d8,0xbb4cdb9cbd36b01bd1cbaebf2de08d9173bc095c,18,18,PancakeSwapV3
PancakeSwapV3,0xb9277e2adc34dfa797487f9edf1af79ab40dfa31,WBNB,CZSD,200,10000,0xbb4cdb9cbd36b01bd1cbaebf2de08d9173bc095c,0xbb59b8123b2f6ebc674c5c1d53ff5b0e88bfd279,18,18,PancakeSwapV3
PancakeSwapV3,0x0d7c6820d5018e56bbbbf2087de1aaafa3326d3a,Haru,WBNB,200,10000,0x69dd0e332d02420d508fb922be8e250155035411,0xbb4cdb9cbd36b01bd1cbaebf2de08d9173bc095c,18,18,PancakeSwapV3
PancakeSwapV3,0x7eea9f58dc3950c5b33d040593e5bff2cde8b13b,WBNB,BTOPS,200,10000,0xbb4cdb9cbd36b01bd1cbaebf2de08d9173bc095c,0xed98fd7d78759834f1033c5e9c05ab688e4697c2,18,18,PancakeSwapV3
PancakeSwapV3,0x7f762fe1fc045379bdcaf57f0a0bb3b177b03867,grokjak,WBNB,200,10000,0x137a882ff98fabb2378e934f4e5c4350fca92b40,0xbb4cdb9cbd36b01bd1cbaebf2de08d9173bc095c,18,18,PancakeSwapV3
PancakeSwapV3,0x108090cf36e1fc7d16b38a40ad4f159fd791775a,PuppetPals,WBNB,200,10000,0x83d66accf6ce139f567bf091b57d7bc3724ae88f,0xbb4cdb9cbd36b01bd1cbaebf2de08d9173bc095c,18,18,PancakeSwapV3
PancakeSwapV3,0x744eaf6b77ecc394587cc287f4dcfccd974bcb41,e=mc2,WBNB,200,10000,0x85f8e3f230718920e1d15394265127de55627f7a,0xbb4cdb9cbd36b01bd1cbaebf2de08d9173bc095c,18,18,PancakeSwapV3
PancakeSwapV3,0x275b0b2d6b0ef52e000cf6c0a27e921f94f65396,lowfees,WBNB,200,10000,0x85db86bf946ba416ef58247ae99576066dcee17a,0xbb4cdb9cbd36b01bd1cbaebf2de08d9173bc095c,18,18,PancakeSwapV3
PancakeSwapV3,0xaeef51e11b08e0de603fd843a42b0162fa632c7d,4444,WBNB,200,10000,0x150b68447255f0b398935035dd7b6a067c00cd68,0xbb4cdb9cbd36b01bd1cbaebf2de08d9173bc095c,18,18,PancakeSwapV3
PancakeSwapV3,0x03516f7234b240c2bdbf49b2d49e877b895e0c0b,MEOW,WBNB,200,10000,0x6667370df7b14d8bff7d5dd3a31cd40f2fbb2b4a,0xbb4cdb9cbd36b01bd1cbaebf2de08d9173bc095c,18,18,PancakeSwapV3
PancakeSwapV3,0xc794335f829083008c7d19eca582c0cfd04e6f42,WBNB,YIHE,200,10000,0xbb4cdb9cbd36b01bd1cbaebf2de08d9173bc095c,0xef8b3677693b89b22bbf20c53005fcb0d14b90ee,18,18,PancakeSwapV3
PancakeSwapV3,0x5a9d7c49cb6dd6396908981480cb7e93ecff5125,ASKP,WBNB,200,10000,0x16723648e63b8fc57fed05ea334de2637d0503e9,0xbb4cdb9cbd36b01bd1cbaebf2de08d9173bc095c,18,18,PancakeSwapV3
PancakeSwapV3,0xdef67465877aaf87be5249d95aafaf0307f262a5,DOGFROG,WBNB,200,10000,0xb628984c60fcad0beedd009f68a6a4293ae38815,0xbb4cdb9cbd36b01bd1cbaebf2de08d9173bc095c,18,18,PancakeSwapV3
PancakeSwapV3,0x885dad50f739caddce6bf01debfc9a8977406c50,AIDOGE,WBNB,200,10000,0x8dc918b476875542e90331497bac52799864640a,0xbb4cdb9cbd36b01bd1cbaebf2de08d9173bc095c,18,18,PancakeSwapV3
PancakeSwapV3,0x5c40407a1b04d0024006a78c799378905a7472ca,APX,WBNB,200,10000,0xa24f119fe10b93e07c0331637c77d8a09593238c,0xbb4cdb9cbd36b01bd1cbaebf2de08d9173bc095c,18,18,PancakeSwapV3
PancakeSwapV3,0x6bc1ad5cc9dd204a707ad493c8c34001d4c0effb,WBNB,CZC,200,10000,0xbb4cdb9cbd36b01bd1cbaebf2de08d9173bc095c,0xe3719f169f89877d39d4913013cf3f123ec452f2,18,18,PancakeSwapV3
PancakeSwapV3,0x87ff9797e81176d376962a31728147cba6d01cf5,FLR,WBNB,200,10000,0x16de30a793a69339789823570f1fde1cc3842479,0xbb4cdb9cbd36b01bd1cbaebf2de08d9173bc095c,18,18,PancakeSwapV3
PancakeSwapV3,0x4dd56b8806530ecbf4f1c4e5a4c0ef7e64db82c6,REME,WBNB,200,10000,0x300514cf329f09fb05f49596f804645ecd77bed4,0xbb4cdb9cbd36b01bd1cbaebf2de08d9173bc095c,18,18,PancakeSwapV3
PancakeSwapV3,0xd7bc21cda05c1266ee7293c0f2deb5691497c8ca,Groktiao,WBNB,200,10000,0x148a38a4c85fcaeb36ffe624cf3022b90c1f1039,0xbb4cdb9cbd36b01bd1cbaebf2de08d9173bc095c,18,18,PancakeSwapV3
PancakeSwapV3,0x57335da2e540beb64a3e4fe472c6dd88c61d2a00,GROK,WBNB,200,10000,0x38e00e28f297da608f9f7eeb2c6889c7df0985d9,0xbb4cdb9cbd36b01bd1cbaebf2de08d9173bc095c,18,18,PancakeSwapV3
PancakeSwapV3,0xe5d67a96df647911bb7005a4d5952ae8b2dd462f,PI,WBNB,200,10000,0x9cccc0c85452f1dc2bf358e728c3d6573bfa14f4,0xbb4cdb9cbd36b01bd1cbaebf2de08d9173bc095c,18,18,PancakeSwapV3
PancakeSwapV3,0x0f4dd1a33d9ad2b20dd1f5e0ab8e9ec9e8ee721e,FIGURE,WBNB,200,10000,0x7f429af72f298a7010badc62a0d42520a64864e2,0xbb4cdb9cbd36b01bd1cbaebf2de08d9173bc095c,18,18,PancakeSwapV3
PancakeSwapV3,0xa66ce6e2dbce50231202d51c40a73f58a3104f40,JACE,WBNB,200,10000,0x92a1da29151f9778bd0b3d58ab5393ec5f3d416c,0xbb4cdb9cbd36b01bd1cbaebf2de08d9173bc095c,18,18,PancakeSwapV3
PancakeSwapV3,0xa4761b8b0a31a6542e3f5975c9386697661fd656,GMBNB,WBNB,200,10000,0x46af2bfeacfbc7906f2a1451358f06bc86dbb28d,0xbb4cdb9cbd36b01bd1cbaebf2de08d9173bc095c,18,18,PancakeSwapV3
PancakeSwapV3,0x1e6047cc29f405f508cd4d829f3b3bd81092f639,WBNB,$BULL,200,10000,0xbb4cdb9cbd36b01bd1cbaebf2de08d9173bc095c,0xfcb1a55013a747a05c2ef99adb03e5b1b80032db,18,18,PancakeSwapV3
PancakeSwapV3,0xd7ffef7ce89a5ab2544bd7373d3a90e603c92c3f,Tariff,WBNB,200,10000,0x9b37d7c4f9db467644c681c1df54a3387d9d9cad,0xbb4cdb9cbd36b01bd1cbaebf2de08d9173bc095c,18,18,PancakeSwapV3
PancakeSwapV3,0x99ae720564bf251a1716bc8fd83bf1df8bd62968,TAX,WBNB,200,10000,0x89f3d879aebc3b08ed9146e59d2ff817ae2d0faa,0xbb4cdb9cbd36b01bd1cbaebf2de08d9173bc095c,18,18,PancakeSwapV3
PancakeSwapV3,0xd919de81bdebf35e3cfec6f7edfb4aabc2b9cb2a,bszn,WBNB,200,10000,0xb72316952359eed64564e3ad55c21d68b3ee80ee,0xbb4cdb9cbd36b01bd1cbaebf2de08d9173bc095c,18,18,PancakeSwapV3
PancakeSwapV3,0x3fce374b5be8e9da85fab879c18fd536c63d0d84,Poseidon,WBNB,200,10000,0x6a28a92e0a722906f0f94698fb13454f3f562bdb,0xbb4cdb9cbd36b01bd1cbaebf2de08d9173bc095c,18,18,PancakeSwapV3
PancakeSwapV3,0x6e67226453f3b9e28f0fa7773fc42ffb1d3816e1,$ggrk,WBNB,200,10000,0x5395a972e7bdbb769546bf4d99d6b4a23c66cd62,0xbb4cdb9cbd36b01bd1cbaebf2de08d9173bc095c,18,18,PancakeSwapV3
PancakeSwapV3,0x73844ca159f7df08e2887273e3ef007466efc6b3,$MOON,WBNB,200,10000,0xb2e52f4f92b58565f88aa8b66d6754fbd744834c,0xbb4cdb9cbd36b01bd1cbaebf2de08d9173bc095c,18,18,PancakeSwapV3
PancakeSwapV3,0x0f2f3b90766b4c8a1b69878be5416c55aae2928b,WBNB,niucoin,200,10000,0xbb4cdb9cbd36b01bd1cbaebf2de08d9173bc095c,0xce0e961dded54a5ccdb565bcec7387e152e53bec,18,18,PancakeSwapV3
PancakeSwapV3,0x7b3732b869b1b7b4c4f097a0177cdcea147abaee,WBNB,FKU,200,10000,0xbb4cdb9cbd36b01bd1cbaebf2de08d9173bc095c,0xdfb9994f23f4d69821931fff58fa461f44d8018a,18,18,PancakeSwapV3
PancakeSwapV3,0x8bea20f011b1147a1676b67b17a3adc6a6763a0d,INSOM,WBNB,200,10000,0x815280ee0861fbe7f0695206261ee909de505cfb,0xbb4cdb9cbd36b01bd1cbaebf2de08d9173bc095c,18,18,PancakeSwapV3
PancakeSwapV3,0xb3295594af9442db21cfbeed6d1247b018bb4719,WBNB,EASYMM1,200,10000,0xbb4cdb9cbd36b01bd1cbaebf2de08d9173bc095c,0xc69fc8c0144ea997dc76b82e51c0994c8a648c2a,18,18,PancakeSwapV3
PancakeSwapV3,0xfd8bcf2bfeaa90310987a6371f8042b08b93ff01,WBNB,SENS,200,10000,0xbb4cdb9cbd36b01bd1cbaebf2de08d9173bc095c,0xdff2aaa0ead46612d4a4fa7a7dd12ea2aa891b74,18,18,PancakeSwapV3
PancakeSwapV3,0x974d18e56e6d3dd7240e16355bd07be39339559c,Ayesco,WBNB,200,10000,0x37c34ed17f0c40fb8201f850346d04dbac8d4e3b,0xbb4cdb9cbd36b01bd1cbaebf2de08d9173bc095c,18,18,PancakeSwapV3
PancakeSwapV3,0x63ba1e82bf1bf4dd8aee4d878b283bae68d22e0e,WIN,WBNB,200,10000,0x67d3ea5460f4dd01655a2a87acc48b82e96596b4,0xbb4cdb9cbd36b01bd1cbaebf2de08d9173bc095c,18,18,PancakeSwapV3
PancakeSwapV3,0xe7d820b534861f8f403bd97781f25426903b593e,ABC,WBNB,200,10000,0x5908af8f5264a48346bf51f0cae7ffe3a9aa0538,0xbb4cdb9cbd36b01bd1cbaebf2de08d9173bc095c,18,18,PancakeSwapV3
PancakeSwapV3,0xc06f450a9a99447a9eada2be91ed3d61fe02fb6d,JAVI,WBNB,200,10000,0x0c866959477890e4956df8eba3b056a993a80fae,0xbb4cdb9cbd36b01bd1cbaebf2de08d9173bc095c,18,18,PancakeSwapV3
PancakeSwapV3,0x1f4b5de09dcd0c609612c0585ebbe3992eba1498,PUMPAI,WBNB,200,10000,0x9bedf0f0fbb210c326339a8f9d791d6d7e9b9830,0xbb4cdb9cbd36b01bd1cbaebf2de08d9173bc095c,18,18,PancakeSwapV3
PancakeSwapV3,0x4b4552dbabc80d4142052d7e44ed4cadcba7481b,ABC,WBNB,200,10000,0xac2d16ba9994679992c4c906d550b85043d0c074,0xbb4cdb9cbd36b01bd1cbaebf2de08d9173bc095c,18,18,PancakeSwapV3
PancakeSwapV3,0xc4e6f5354f71c465919886e2599720541739be95,TRUMPFIGURE,WBNB,200,10000,0xa103a04b86f99294204935a8d82eb3eb2e0f6776,0xbb4cdb9cbd36b01bd1cbaebf2de08d9173bc095c,18,18,PancakeSwapV3
PancakeSwapV3,0x88d340500abe92ca40290f8674a41daa6085aa7c,TNT,WBNB,200,10000,0x1cdc044dfe8f029ca2f8fb8477d9f92e6df0a03d,0xbb4cdb9cbd36b01bd1cbaebf2de08d9173bc095c,18,18,PancakeSwapV3
PancakeSwapV3,0x97c04baa775710133c92f2b0352810e7f4948c38,BBNB,WBNB,200,10000,0x4ca1ec15615dc01cc79150246943524914b4d22f,0xbb4cdb9cbd36b01bd1cbaebf2de08d9173bc095c,18,18,PancakeSwapV3
PancakeSwapV3,0x6a603c9972451fa3be9881c0df57a45fa2ef4182,CZBook,WBNB,200,10000,0x181bef41ad0cd9cb2334acd6324969634b6701c7,0xbb4cdb9cbd36b01bd1cbaebf2de08d9173bc095c,18,18,PancakeSwapV3
PancakeSwapV3,0x59bb36cca6aebde53aa20978aaed7bd1c20ee949,BEBE,WBNB,200,10000,0x6c452e53a4c2e2576040f83f8b35665d7f9652ba,0xbb4cdb9cbd36b01bd1cbaebf2de08d9173bc095c,18,18,PancakeSwapV3
PancakeSwapV3,0x1f40da6db282afd3dd64866783a2913d836194c6,BARK,WBNB,200,10000,0x1d0ce5db6ffe13080d335d454ce549275a13f598,0xbb4cdb9cbd36b01bd1cbaebf2de08d9173bc095c,18,18,PancakeSwapV3
PancakeSwapV3,0x18e854a0fc60be46213199d2781201ef477efaf6,FRGD,WBNB,200,10000,0xa556fc163bb00c8afc9ebf969fdbb3df95a4ae02,0xbb4cdb9cbd36b01bd1cbaebf2de08d9173bc095c,18,18,PancakeSwapV3
PancakeSwapV3,0xa942cb94917f4526595ea2ab2f28e95f9e947472,JADE,WBNB,200,10000,0x4a7bfa47d150b97cd9010acc6fd36fa6e517c282,0xbb4cdb9cbd36b01bd1cbaebf2de08d9173bc095c,18,18,PancakeSwapV3
PancakeSwapV3,0x9f2a7765dc3cb8c8ff9f4668818609a7cfd8b5b8,STRNKDEX,WBNB,200,10000,0x3256a90b43aa6b9d710826e7304165915d1aec0b,0xbb4cdb9cbd36b01bd1cbaebf2de08d9173bc095c,18,18,PancakeSwapV3
PancakeSwapV3,0xe13e9804695aa7065f9039f333a28927a54245e2,Maestro,WBNB,200,10000,0xb01382981749cccc5ead61757aa59cc7d7e15d66,0xbb4cdb9cbd36b01bd1cbaebf2de08d9173bc095c,18,18,PancakeSwapV3
PancakeSwapV3,0x5c6a9d36da4364e00843a6a3107ed329bb613f5a,ZALUPA,WBNB,200,10000,0x83a58939074317b1321e721d0ce7421f6cf86b72,0xbb4cdb9cbd36b01bd1cbaebf2de08d9173bc095c,18,18,PancakeSwapV3
PancakeSwapV3,0xc8d957587065e8b42a9dac8131ec6d20039b6873,$100M,WBNB,200,10000,0x4a2e6547a2daebe4640b71a602ad0f3dddfc255c,0xbb4cdb9cbd36b01bd1cbaebf2de08d9173bc095c,18,18,PancakeSwapV3
PancakeSwapV3,0x0555781b9d1807ecff3601da3672a93b339c843e,suzzz,WBNB,200,10000,0x0e65d5aa5946d14291ddb75096c4252d985e650a,0xbb4cdb9cbd36b01bd1cbaebf2de08d9173bc095c,18,18,PancakeSwapV3
PancakeSwapV3,0x4e02f3195eac2d132f75a758549a8f1f0a23eead,WBNB,Hopper,200,10000,0xbb4cdb9cbd36b01bd1cbaebf2de08d9173bc095c,0xd2bb1d5c6dacfde4e1e3e98a1cd4447fb2f99429,18,18,PancakeSwapV3
PancakeSwapV3,0x63dbb8b45707396e86d4f88aaa8ee1dfea2a3129,CZ,WBNB,200,10000,0x1b4626d5825317f1ecf0710c16c5b4a42d5c4e85,0xbb4cdb9cbd36b01bd1cbaebf2de08d9173bc095c,18,18,PancakeSwapV3
PancakeSwapV3,0xb2c7a02ac8226d3eb002e536d3c12f5600f711d1,CZD,WBNB,200,10000,0x80226ebd7bfa08153dc7de477e03fb21fb2ec749,0xbb4cdb9cbd36b01bd1cbaebf2de08d9173bc095c,18,18,PancakeSwapV3
PancakeSwapV3,0x910c59c0596539fd114bb9b5fa7378f1ee35bf72,KMM,WBNB,200,10000,0x686f24fb961aae5d17d017be7a8a8ccc224c668c,0xbb4cdb9cbd36b01bd1cbaebf2de08d9173bc095c,18,18,PancakeSwapV3
PancakeSwapV3,0xd10ae4f81975dfb88e7eb4e80c4acf24aa655952,deploy,WBNB,200,10000,0x455d35ff738e39c1047eab2e9757a7bb57906885,0xbb4cdb9cbd36b01bd1cbaebf2de08d9173bc095c,18,18,PancakeSwapV3
PancakeSwapV3,0x58699e9de73ec873556a40a16498dc0310af6bd4,FAFU,WBNB,200,10000,0x815c2009e9b407e11d4746763fcb0168886605a2,0xbb4cdb9cbd36b01bd1cbaebf2de08d9173bc095c,18,18,PancakeSwapV3
PancakeSwapV3,0xe1fb8665d445f6f40247e94e565d2f1537d84a44,EidMubarak,WBNB,200,10000,0x608910b214d8477cce9666f586333dbf2ea413d1,0xbb4cdb9cbd36b01bd1cbaebf2de08d9173bc095c,18,18,PancakeSwapV3
PancakeSwapV3,0x0c9a10cbc4689adc018da34ac87822098c085729,WBNB,bkrbsc,200,10000,0xbb4cdb9cbd36b01bd1cbaebf2de08d9173bc095c,0xda0057d53cf962ed2c598424c29b8fab13bd5488,18,18,PancakeSwapV3
PancakeSwapV3,0xda4a4f729e834f0ee56a9a18c6709313d2f89518,Builder,WBNB,200,10000,0x45893c2e75146bb1eade80851ca805d19a7a6e70,0xbb4cdb9cbd36b01bd1cbaebf2de08d9173bc095c,18,18,PancakeSwapV3
PancakeSwapV3,0x7e45a4f859df88d4f2eb5b05deacfb8680ee0867,BDOG,WBNB,200,10000,0xad1dbd6eed4899d9b4cda1085d3a09575b0438af,0xbb4cdb9cbd36b01bd1cbaebf2de08d9173bc095c,18,18,PancakeSwapV3
PancakeSwapV3,0x30c0f1c90d5b4818476a02403b87c9c166e8df6b,rabbit,WBNB,200,10000,0x2c02bcb63cafda499ef549de16a3afecc3833ee9,0xbb4cdb9cbd36b01bd1cbaebf2de08d9173bc095c,18,18,PancakeSwapV3
PancakeSwapV3,0xa42b709da7df61ca4ebc7f3b470e9cf2381dbd1f,WBNB,DOGE,200,10000,0xbb4cdb9cbd36b01bd1cbaebf2de08d9173bc095c,0xd819955d35f808c7883a799d185a60049a957de1,18,18,PancakeSwapV3
PancakeSwapV3,0x7dba774fff0b375f25ad09edd3fe063b0d21b750,WBNB,ABC,200,10000,0xbb4cdb9cbd36b01bd1cbaebf2de08d9173bc095c,0xcada81fa8834c2024aa87949048722f8264d0f44,18,18,PancakeSwapV3
PancakeSwapV3,0x7535a6d0ad010bd2c8c3447a94ab1dc60729cf05,WBNB,DO,200,10000,0xbb4cdb9cbd36b01bd1cbaebf2de08d9173bc095c,0xef7e8e0eb59975cd895a38ad25272dec45b124f4,18,18,PancakeSwapV3
PancakeSwapV3,0xd90fab70b21d7e5569fb48d1eefcd46d0967e96e,NGMI,WBNB,200,10000,0x1427b72814d8f6340fd7143ea8e3d9af492bee16,0xbb4cdb9cbd36b01bd1cbaebf2de08d9173bc095c,18,18,PancakeSwapV3
PancakeSwapV3,0xfcec80df914f4e4ced9edf21270d42537ddeba20,TST,WBNB,200,10000,0x5bca909668cf77115436df0c26c6fca6f5b56987,0xbb4cdb9cbd36b01bd1cbaebf2de08d9173bc095c,18,18,PancakeSwapV3
PancakeSwapV3,0x7d80de18ed8460fcf32c0b77bba2970138657907,DOGERKT,WBNB,200,10000,0xbb203fc76334058c84ceef18b8badfb00ec6ef17,0xbb4cdb9cbd36b01bd1cbaebf2de08d9173bc095c,18,18,PancakeSwapV3
PancakeSwapV3,0x8e86b32014eb0ff4793669620ba2a6032a9e6724,WBNB,ABC,200,10000,0xbb4cdb9cbd36b01bd1cbaebf2de08d9173bc095c,0xec32505ba554449f9f6842cbe2abacde1b1a0900,18,18,PancakeSwapV3
PancakeSwapV3,0xe1abfc36fbc47137c3c6eb1c7e072fb184d374e5,WBNB,GM,200,10000,0xbb4cdb9cbd36b01bd1cbaebf2de08d9173bc095c,0xf5433e488090093b3d8821464b26c521eea335ff,18,18,PancakeSwapV3
PancakeSwapV3,0xf4584c677f49b2b78a61c3dabbd6332ee6ebc290,EIDMUBARAK,WBNB,200,10000,0x500149b7ecd7eea51db4846992d45105448aa203,0xbb4cdb9cbd36b01bd1cbaebf2de08d9173bc095c,18,18,PancakeSwapV3
PancakeSwapV3,0x2de738303a625829d510d3bf76b8eae522c12007,TEKOTOK,WBNB,200,10000,0x1eb3e674b1f2162272367260b435340e13dcd46f,0xbb4cdb9cbd36b01bd1cbaebf2de08d9173bc095c,18,18,PancakeSwapV3
PancakeSwapV3,0x3d126245bdabad69331a19c1796715953d8ada46,Gribbit,WBNB,200,10000,0x0d8bfa11696894f45504893a8141801cf0ccad2e,0xbb4cdb9cbd36b01bd1cbaebf2de08d9173bc095c,18,18,PancakeSwapV3
PancakeSwapV3,0xde0c539d662414e60458f9854a38fb2d7793bbbc,WBNB,SWRD,200,10000,0xbb4cdb9cbd36b01bd1cbaebf2de08d9173bc095c,0xcbf1d7892bcaee1be8e07fafe03dddd495fc8b67,18,18,PancakeSwapV3
PancakeSwapV3,0x3f318d53fb1f5475d94d062617edf5476ce2f172,WBNB,GROK,200,10000,0xbb4cdb9cbd36b01bd1cbaebf2de08d9173bc095c,0xc53115c50c9dc03bb4a294c0e4ad142aa906bcd8,18,18,PancakeSwapV3
PancakeSwapV3,0x2cd7686447da291bcca03e3013de2abf5650674e,RNCD,WBNB,200,10000,0x41fac278aec346b50fe12b2991b83015f506cfc3,0xbb4cdb9cbd36b01bd1cbaebf2de08d9173bc095c,18,18,PancakeSwapV3
PancakeSwapV3,0xca105bb3b517498b6459f84b452c2240356ba105,ABC,WBNB,200,10000,0xa3b642cd328a8bb17d9b0fd89ad66d61faeff5cd,0xbb4cdb9cbd36b01bd1cbaebf2de08d9173bc095c,18,18,PancakeSwapV3
PancakeSwapV3,0x871b5ba9f22754e51e1b408913e6adb7b3a2d5f8,WBNB,FABC,200,10000,0xbb4cdb9cbd36b01bd1cbaebf2de08d9173bc095c,0xf98088c991b38255796293677f45b92219731f6d,18,18,PancakeSwapV3
PancakeSwapV3,0x835a79a2e077398fbfc970e9d1002150d9ffb176,WBNB,EASYMM,200,10000,0xbb4cdb9cbd36b01bd1cbaebf2de08d9173bc095c,0xccdb778d108e18c3cb2ee0efe4c4a2d95c70b81f,18,18,PancakeSwapV3
PancakeSwapV3,0x53e3dcd886d574d09680efdfdc7e2ba55c08164f,WBNB,FC,200,10000,0xbb4cdb9cbd36b01bd1cbaebf2de08d9173bc095c,0xe495f79e0a5463c4a0e69e6c13205c2a4e12a0ea,18,18,PancakeSwapV3
PancakeSwapV3,0xf1060cb9764f0617cd87f3257d1636f52c393476,Einstein,WBNB,200,10000,0x2805497d6c6552cc921bca272594216809213412,0xbb4cdb9cbd36b01bd1cbaebf2de08d9173bc095c,18,18,PancakeSwapV3
PancakeSwapV3,0xe0eacaedeb0cc6daa84e69edb77688bbe25404c2,BTC,WBNB,200,10000,0x31e6946f1cbe1185b0bc4f4a5846bca22873b289,0xbb4cdb9cbd36b01bd1cbaebf2de08d9173bc095c,18,18,PancakeSwapV3
PancakeSwapV3,0x406820c2c9224a9710aa65e054e05919bc6100c9,MUSKPUP,WBNB,200,10000,0xabc35797375fd560175a9b44809f6596b1a95ca2,0xbb4cdb9cbd36b01bd1cbaebf2de08d9173bc095c,18,18,PancakeSwapV3
PancakeSwapV3,0xa1a09753f40e02207414bd83bbce6be4671e7ce8,tradewar,WBNB,200,10000,0x7790f43bce6082e60615d079011f9a3b98e37ee4,0xbb4cdb9cbd36b01bd1cbaebf2de08d9173bc095c,18,18,PancakeSwapV3
PancakeSwapV3,0x7e8359889ff424a4e3802d20b06182126940c19e,WINDAH,WBNB,200,10000,0x1964f05ec3045a48a866b39651f30e8535ec858a,0xbb4cdb9cbd36b01bd1cbaebf2de08d9173bc095c,18,18,PancakeSwapV3
PancakeSwapV3,0x93f6ba1ce5d8904128d52b6afb22ef698c625202,WBNB,QUARK,200,10000,0xbb4cdb9cbd36b01bd1cbaebf2de08d9173bc095c,0xf56f21a72c8fcc06f0ee266498338e8fd30c6ff5,18,18,PancakeSwapV3
PancakeSwapV3,0xf4464878cb773af03714c0b0ba25e3cf43c7ff94,CZB,WBNB,200,10000,0x638c4ff5d9861738e5a9a568266471690d7e5e42,0xbb4cdb9cbd36b01bd1cbaebf2de08d9173bc095c,18,18,PancakeSwapV3
PancakeSwapV3,0xf6bb8f9b872c6e4c1004b1c55f0ff18dc2ec6194,BSEA,WBNB,200,10000,0x1f4d39a47133e6bdbf6478531e66b6179358bf91,0xbb4cdb9cbd36b01bd1cbaebf2de08d9173bc095c,18,18,PancakeSwapV3
PancakeSwapV3,0x80537bef860317ddd78923816c1532af32224204,SWRD,WBNB,200,10000,0x0a63da76c8af545b649f81636cbcd37862dbf5b2,0xbb4cdb9cbd36b01bd1cbaebf2de08d9173bc095c,18,18,PancakeSwapV3
PancakeSwapV3,0x91e13a79273556f522855f494bab0624b6e88772,WBNB,WINDAH,200,10000,0xbb4cdb9cbd36b01bd1cbaebf2de08d9173bc095c,0xcce579af769792e332870eb1aa9fa31757354d2d,18,18,PancakeSwapV3
PancakeSwapV3,0xd6f964821f6a520d50ec1b58a661a3aa71ca3cd2,WBNB,MAMBA,200,10000,0xbb4cdb9cbd36b01bd1cbaebf2de08d9173bc095c,0xcf745850e5875894db41ce060c42b076786264e5,18,18,PancakeSwapV3
PancakeSwapV3,0x1c229d5bf3e07915202f92ac4b793b08fb988244,WBNB,Trump47,200,10000,0xbb4cdb9cbd36b01bd1cbaebf2de08d9173bc095c,0xfc5bae30c390c6024d24342b55de94b047bbd9d3,18,18,PancakeSwapV3
PancakeSwapV3,0x5624f40b503f2f49dc1c493a6b6bfea0cf70c62f,GROKLET,WBNB,200,10000,0x91db95ac320fc3f20ecd274a7050a7fb0f5cf093,0xbb4cdb9cbd36b01bd1cbaebf2de08d9173bc095c,18,18,PancakeSwapV3
PancakeSwapV3,0x6b64471e4383d3baf7e92de547e5353c55189dfa,WBNB,SNIF,200,10000,0xbb4cdb9cbd36b01bd1cbaebf2de08d9173bc095c,0xce692eae6036ab901580b4166c36c8d4eba255d4,18,18,PancakeSwapV3
PancakeSwapV3,0x7326818466dbc2e5466288eda7738e7834485f13,JAV,WBNB,200,10000,0x02c4fa745120839397fb93d73bb3e33ec1ab2fa7,0xbb4cdb9cbd36b01bd1cbaebf2de08d9173bc095c,18,18,PancakeSwapV3
PancakeSwapV3,0xa3557920b51ba4692e82ae1f34d95ac181cb0acb,FAM,WBNB,200,10000,0x0f9715e42038f9bdc976a496d87acfa4446e06fe,0xbb4cdb9cbd36b01bd1cbaebf2de08d9173bc095c,18,18,PancakeSwapV3
PancakeSwapV3,0xe0df6c7890181cba9e283d838d4556ebebfa5b98,WBNB,DIRTY BEAST,200,10000,0xbb4cdb9cbd36b01bd1cbaebf2de08d9173bc095c,0xf9bbf37f7b9b0ad07f39cdbcb9d8c059c889d07e,18,18,PancakeSwapV3
PancakeSwapV3,0x51a2e540737c8c2ad58206656ab306331c349de2,GYATTUE,WBNB,200,10000,0xa6f539f85c131d7bde0ffda32e28b6d56aebc94f,0xbb4cdb9cbd36b01bd1cbaebf2de08d9173bc095c,18,18,PancakeSwapV3
PancakeSwapV3,0x4ac4311d74e73349e46aa0d54bae330e35ed7847,fastival,WBNB,200,10000,0x05120c9fcd0dfbd9a1a0a900c0a0e7eec71bd052,0xbb4cdb9cbd36b01bd1cbaebf2de08d9173bc095c,18,18,PancakeSwapV3
PancakeSwapV3,0xa6f7a67c242290bf00330487f82d3afcd5bb608a,WBNB,Salman,200,10000,0xbb4cdb9cbd36b01bd1cbaebf2de08d9173bc095c,0xe6c3f855cbce0201568fbeac575c239e4918f249,18,18,PancakeSwapV3
PancakeSwapV3,0x5baec888adb769f47f09eac6be6b0ad637bfd1b6,SAL,WBNB,200,10000,0xa640c7a64a2b9bd171459379bcab9b4e22e2cc83,0xbb4cdb9cbd36b01bd1cbaebf2de08d9173bc095c,18,18,PancakeSwapV3
PancakeSwapV3,0xf849f7274b594dc04a9cf30c80f9fb1528daba78,WBNB,RAI,200,10000,0xbb4cdb9cbd36b01bd1cbaebf2de08d9173bc095c,0xcd04925bd46f1f3db81325288e685bccb50a4b12,18,18,PancakeSwapV3
PancakeSwapV3,0x2a5d9ee51f73559caabde8288567c37525bee847,R200,WBNB,200,10000,0xa5c97630a3e7c7deedee45b08097a34b6499bdca,0xbb4cdb9cbd36b01bd1cbaebf2de08d9173bc095c,18,18,PancakeSwapV3
PancakeSwapV3,0x2d9740d4dffdee1c8dc18ea8044ecb2bf4e366f4,WBNB,CLOWN,200,10000,0xbb4cdb9cbd36b01bd1cbaebf2de08d9173bc095c,0xfb7269a2e10bed9a442ff64a2e7c0d66c2438474,18,18,PancakeSwapV3
PancakeSwapV3,0xf2ade203159d343314f200f838d85e98676b3e23,MLN,WBNB,200,10000,0x1ab1e0251e953ce570554bcf21ca6176eaadef2f,0xbb4cdb9cbd36b01bd1cbaebf2de08d9173bc095c,18,18,PancakeSwapV3
PancakeSwapV3,0xd12c79278b6e58bfbe307449cf33bb1e4e92298b,HAKU,WBNB,200,10000,0x43e5c46f0bacc5fea674610c569d1e315d026822,0xbb4cdb9cbd36b01bd1cbaebf2de08d9173bc095c,18,18,PancakeSwapV3
PancakeSwapV3,0x8f42a5195de73c5734a79e3beaf3b8ccbd1305de,America is back,WBNB,200,10000,0x341641d88df9d9dd49506235b1cc6371d75dfda7,0xbb4cdb9cbd36b01bd1cbaebf2de08d9173bc095c,18,18,PancakeSwapV3
PancakeSwapV3,0x8f39631c2f8df026534b855d52653d9ae992ff2b,WBNB,Eid,200,10000,0xbb4cdb9cbd36b01bd1cbaebf2de08d9173bc095c,0xf538f23f183b389c1b5768db39b5eaed9db10bc0,18,18,PancakeSwapV3
PancakeSwapV3,0xb91299aa195b872f8646ee2871a772c7a487d85f,snakin,WBNB,200,10000,0xa0bd091475b1a799a303e950ddd7cd2974b58d57,0xbb4cdb9cbd36b01bd1cbaebf2de08d9173bc095c,18,18,PancakeSwapV3
PancakeSwapV3,0x58cf78e84d46f77c515d86131c5667e281e6d3fc,WBNB,LEAP,200,10000,0xbb4cdb9cbd36b01bd1cbaebf2de08d9173bc095c,0xbd3cef635e16454054d7d157f10940c912159538,18,18,PancakeSwapV3
PancakeSwapV3,0xc5ecd12b5158e79aaeeab9cb6db3fdc095683ad2,ACB7,WBNB,200,10000,0x53bc2c8deeb39625d16c4d10e6b65fa9ce3756fd,0xbb4cdb9cbd36b01bd1cbaebf2de08d9173bc095c,18,18,PancakeSwapV3
PancakeSwapV3,0x20c137c5ec02dab88d86ef0ff3f15e7f60409cdf,CHAOS,WBNB,200,10000,0x8ef1dbf78e33a1929bf03f878efbdbe2b3195fae,0xbb4cdb9cbd36b01bd1cbaebf2de08d9173bc095c,18,18,PancakeSwapV3
PancakeSwapV3,0x4ab114d29a1f4a7e513ec2feec0f5ba0149f862d,WBNB,DOT,200,10000,0xbb4cdb9cbd36b01bd1cbaebf2de08d9173bc095c,0xf5d18665c02ebb5a5e578335230916edbe9181a4,18,18,PancakeSwapV3
PancakeSwapV3,0x7aaa60c30e8e87ed0c4c2097a14c01f981e0a437,BBC,WBNB,200,10000,0x4a2f14cd19a0d9245212334208f6c143dfe62658,0xbb4cdb9cbd36b01bd1cbaebf2de08d9173bc095c,18,18,PancakeSwapV3
PancakeSwapV3,0x16adfd2936ceb69dce9a5754481f06e47dbe6cc2,$RS,WBNB,200,10000,0x9023d387ac34fa6653b81836a96918d63ebfdee3,0xbb4cdb9cbd36b01bd1cbaebf2de08d9173bc095c,18,18,PancakeSwapV3
PancakeSwapV3,0xd82cb9670a06ed06e272259f1ea0ed012f49cdd0,WBNB,VGi,200,10000,0xbb4cdb9cbd36b01bd1cbaebf2de08d9173bc095c,0xecc8642286d4e190d780deb2d4a7ec833e230f71,18,18,PancakeSwapV3
PancakeSwapV3,0xfe0ee022782f8c5b0894c9fe6dfd612027651d90,CGKO,WBNB,200,10000,0x38684a723e588bc9bac591972834aaa0babec8a1,0xbb4cdb9cbd36b01bd1cbaebf2de08d9173bc095c,18,18,PancakeSwapV3
PancakeSwapV3,0xc9f1ad5e0ac934b94a179227c00d70e2e728b059,WBNB,dianafur,200,10000,0xbb4cdb9cbd36b01bd1cbaebf2de08d9173bc095c,0xf614def37fff7cb3f165fee219b47e685999da88,18,18,PancakeSwapV3
PancakeSwapV3,0x022276f77a8689f23c2617de0aac78a5823d17ac,WBNB,KERMIT,200,10000,0xbb4cdb9cbd36b01bd1cbaebf2de08d9173bc095c,0xec54da71b37396863974f891d2f1d897318512d8,18,18,PancakeSwapV3
PancakeSwapV3,0x36d84fdcad64d9fc2eed736dad7d862cd602fa50,CAT,WBNB,200,10000,0x30ba663f1651276321abcfa715850c1abfde4fb9,0xbb4cdb9cbd36b01bd1cbaebf2de08d9173bc095c,18,18,PancakeSwapV3
PancakeSwapV3,0xd6c21534343eb23aa3c1b7477c9c89d1eaed726b,BNB,WBNB,200,10000,0x6c691ee70cd63cb926a7bf4f5e96c41f467bf622,0xbb4cdb9cbd36b01bd1cbaebf2de08d9173bc095c,18,18,PancakeSwapV3
PancakeSwapV3,0x95ee2905859aa2e492de0a01d4caa851b9600153,BANK,WBNB,200,10000,0x7de40eae0bf3a92f347891d635b4776ac55c3010,0xbb4cdb9cbd36b01bd1cbaebf2de08d9173bc095c,18,18,PancakeSwapV3
PancakeSwapV3,0xf28911b13fec0c5507a7210d8929a0713daff467,BANG,WBNB,200,10000,0x5af39d1337b88bad8b80dafcf3a54e67fc3a2f6f,0xbb4cdb9cbd36b01bd1cbaebf2de08d9173bc095c,18,18,PancakeSwapV3
PancakeSwapV3,0xd303052665ec3a28101c94eed0bb1a80e5104601,HYPERLANE,WBNB,200,10000,0x23f532883cd63140f987115e689e0719fdfd7471,0xbb4cdb9cbd36b01bd1cbaebf2de08d9173bc095c,18,18,PancakeSwapV3
PancakeSwapV3,0x1f2c3e624887e9484f1d2600ac0bf71447ebd524,TitCoin,WBNB,200,10000,0xa7c0f6a90344114e6fba6952c3422d6badce2e4d,0xbb4cdb9cbd36b01bd1cbaebf2de08d9173bc095c,18,18,PancakeSwapV3
PancakeSwapV3,0x4dda1bcfd51385cff5309e7e855f28abecf5f30f,KK,WBNB,200,10000,0x2795ba6c32f2ad012fc102ea71de3febd766d169,0xbb4cdb9cbd36b01bd1cbaebf2de08d9173bc095c,18,18,PancakeSwapV3
PancakeSwapV3,0xa7b094eed0ed9a5f8455eb2e2a0563928987eda3,CAF,WBNB,200,10000,0x0bcbcd3985ca1141d6dd8aa7e9b4144974bbe21a,0xbb4cdb9cbd36b01bd1cbaebf2de08d9173bc095c,18,18,PancakeSwapV3
PancakeSwapV3,0xf65c4957ce3b00e1a20f8ca9587d9e0d7b15cc0d,YSBNB,WBNB,200,10000,0x8767335e0e22f6c8b541ca0b8221f3bac1f1f125,0xbb4cdb9cbd36b01bd1cbaebf2de08d9173bc095c,18,18,PancakeSwapV3
PancakeSwapV3,0x369c98c0ce1539b536eaa511f5db52d53f8a58cf,BUDDY,WBNB,200,10000,0x339b3cc1be89d1816fbd57f6b8ee15a893844f66,0xbb4cdb9cbd36b01bd1cbaebf2de08d9173bc095c,18,18,PancakeSwapV3
PancakeSwapV3,0xf1aa5dddb7159a825aab0b3726e413b33e52649c,WBNB,BUDDY,200,10000,0xbb4cdb9cbd36b01bd1cbaebf2de08d9173bc095c,0xe95dc7321cf6bf9e00c50e8422ce5f67ed1bfc76,18,18,PancakeSwapV3
PancakeSwapV3,0x42a5ab5ebb98250fccd65009c4acf1910daf25d2,WBNB,Frogrok,200,10000,0xbb4cdb9cbd36b01bd1cbaebf2de08d9173bc095c,0xe17a14e69b6ac089792e3aa71ea52f5dcad7d3db,18,18,PancakeSwapV3
PancakeSwapV3,0x6d5fbe8073f0e9df94289cf11bd088b23c7d6903,Aska,WBNB,200,10000,0xb43df222899c7170391aecd1d7d7b81e500a7ca5,0xbb4cdb9cbd36b01bd1cbaebf2de08d9173bc095c,18,18,PancakeSwapV3
PancakeSwapV3,0x4b417969d0f9c2cfe8155e40b687b7e4f6ab8f11,WBNB,AVAX,200,10000,0xbb4cdb9cbd36b01bd1cbaebf2de08d9173bc095c,0xe91147fa4fd82d0f673cb0409eda84d280dfb6a6,18,18,PancakeSwapV3
PancakeSwapV3,0x3f55806e98c661d7aa8c8c767e0ab1f14e88cdd4,WBNB,memeblock,200,10000,0xbb4cdb9cbd36b01bd1cbaebf2de08d9173bc095c,0xf7c0e1cca7d728a74961168e73230318e63df339,18,18,PancakeSwapV3
PancakeSwapV3,0xd353f4b0d29948fd1948f58c75aca2437e1ac215,WBNB,kerm,200,10000,0xbb4cdb9cbd36b01bd1cbaebf2de08d9173bc095c,0xce6953b75316bee97992104c68f19c1b65ed392b,18,18,PancakeSwapV3
PancakeSwapV3,0x27aa19363e49191fbefac1458ef0efde972c354a,WBNB,ODB,200,10000,0xbb4cdb9cbd36b01bd1cbaebf2de08d9173bc095c,0xfdd8b4c1319fc3e89ac4a6c3a0aa77ebe48aaeb1,18,18,PancakeSwapV3
PancakeSwapV3,0x61760b4e1e33608d6540e04d391fba0a11d3e6d6,WBNB,XXLB,200,10000,0xbb4cdb9cbd36b01bd1cbaebf2de08d9173bc095c,0xe3880a72ee1253f938d9cd0a622910314c3e6fab,18,18,PancakeSwapV3
PancakeSwapV3,0x8173e4a49026a3e583bb480fe8765b27731ab16c,WBNB,FITRI,200,10000,0xbb4cdb9cbd36b01bd1cbaebf2de08d9173bc095c,0xcb4c47ca1551ac4e5528744df3c6d345b85f2f8d,18,18,PancakeSwapV3
PancakeSwapV3,0x101a38b9af527a86421bd8c9e7ce7d85f29fa7a1,LNA,WBNB,200,10000,0x4e4c449a6ec3a675c41e1a95781a0f012e123b9c,0xbb4cdb9cbd36b01bd1cbaebf2de08d9173bc095c,18,18,PancakeSwapV3
PancakeSwapV3,0xee70f92135dfc99de6cb240a4de855334fa1272d,EYE,WBNB,200,10000,0x0f2081adee075a14140f61f1a85da1db63452d49,0xbb4cdb9cbd36b01bd1cbaebf2de08d9173bc095c,18,18,PancakeSwapV3
PancakeSwapV3,0xf8de632608aa7c9c1966ef99755a507ed1de8f84,CELOM,WBNB,200,10000,0x6d62e2de054fa954d9385c0411e821223c553c40,0xbb4cdb9cbd36b01bd1cbaebf2de08d9173bc095c,18,18,PancakeSwapV3
PancakeSwapV3,0xd1717b8e34e3920a4693db890d7cb96ea7db5fa6,WBNB,USCR,200,10000,0xbb4cdb9cbd36b01bd1cbaebf2de08d9173bc095c,0xbe642e481f23b94524b2718c9204e1531dcd4f80,18,18,PancakeSwapV3
PancakeSwapV3,0x36e2a1e40a456b51edba1f6ca10eb568e9b8a3c9,WBNB,LEGO,200,10000,0xbb4cdb9cbd36b01bd1cbaebf2de08d9173bc095c,0xe6fac6a1e4fb09862e84eb83f12b6a52713f30cf,18,18,PancakeSwapV3
PancakeSwapV3,0x609a4978c584b3a8cb5dc9baad7431ecb88ff2a9,MOON,WBNB,200,10000,0x0f69f08ad55089d5a8b868efc453567ef0ea355c,0xbb4cdb9cbd36b01bd1cbaebf2de08d9173bc095c,18,18,PancakeSwapV3
PancakeSwapV3,0x4a8411f037870c27b9313cc2bf47150f0a60deab,WBNB,WIFEY,200,10000,0xbb4cdb9cbd36b01bd1cbaebf2de08d9173bc095c,0xf73aa108b70abddcdf71144a2392049e1410ee28,18,18,PancakeSwapV3
PancakeSwapV3,0xc6f72d466cde9296cccd9615ae1af4f1e6180c46,BUG,WBNB,200,10000,0x32c7f6a92d2a93999766e92eaf32282eeef61cdb,0xbb4cdb9cbd36b01bd1cbaebf2de08d9173bc095c,18,18,PancakeSwapV3
PancakeSwapV3,0xa3e27fe8ded0901b38bdca0e6248e66af372c17a,HACMA,WBNB,200,10000,0xad4f6a16ed1ca8470f18b37168fb49ed0bdec408,0xbb4cdb9cbd36b01bd1cbaebf2de08d9173bc095c,18,18,PancakeSwapV3
PancakeSwapV3,0x513f8bc9e5fa78b930f6f0dd9584b13d4ae6b61c,WBNB,BaseFurbies,200,10000,0xbb4cdb9cbd36b01bd1cbaebf2de08d9173bc095c,0xcf04c21a9b8c5121d4870e0454e1158abcad8d2b,18,18,PancakeSwapV3
PancakeSwapV3,0xf8954b9976a088591c1975c0f3edd65cd033a77f,Diana,WBNB,200,10000,0x78c96668210e325b5522118f5e0a28c2b5bfe930,0xbb4cdb9cbd36b01bd1cbaebf2de08d9173bc095c,18,18,PancakeSwapV3
PancakeSwapV3,0xa9ad6604c9a33b5686efbfaf34179883c5ae1e55,PERPLEX,WBNB,200,10000,0xbaeeacb552e01404d20a012a6e2f9b45a2b79ba2,0xbb4cdb9cbd36b01bd1cbaebf2de08d9173bc095c,18,18,PancakeSwapV3
PancakeSwapV3,0x8992288f3bd7e9fd71e19d754d991ff2a547f07e,PREPLEX,WBNB,200,10000,0x022fcf82cf0b19a133745b323f462ff03291a3df,0xbb4cdb9cbd36b01bd1cbaebf2de08d9173bc095c,18,18,PancakeSwapV3
PancakeSwapV3,0x7c4a8ceebc255770c2a8fc043fb0dbc6d320df23,DOG,WBNB,200,10000,0x3acc4628239937e904c9d792eec95ca8562b83ac,0xbb4cdb9cbd36b01bd1cbaebf2de08d9173bc095c,18,18,PancakeSwapV3
PancakeSwapV3,0x8aae1cc8ae137ca8cfce4208093a960c00278229,WEEKEND,WBNB,200,10000,0x163c45f868dcdfb2e0f4009fa147c9b4af97452f,0xbb4cdb9cbd36b01bd1cbaebf2de08d9173bc095c,18,18,PancakeSwapV3
PancakeSwapV3,0x5f432e709bdef94fac093ff2e220371de0bb79ad,ACB10,WBNB,200,10000,0x27c2589777d822df41b80a017991acf9ad728a80,0xbb4cdb9cbd36b01bd1cbaebf2de08d9173bc095c,18,18,PancakeSwapV3
PancakeSwapV3,0xdc62d5b9c3aa5e424ba1220e18f7e1c60c7bcd9b,WBNB,POW,200,10000,0xbb4cdb9cbd36b01bd1cbaebf2de08d9173bc095c,0xd5458cb151be3455d2605ff95c20d8e0a6b848d5,18,18,PancakeSwapV3
PancakeSwapV3,0x5132d22812e762952d43aede7ba704c80fddcf7a,DRT,WBNB,200,10000,0x924947a4c07d739b54885f863916de0dda0ce0e8,0xbb4cdb9cbd36b01bd1cbaebf2de08d9173bc095c,18,18,PancakeSwapV3
PancakeSwapV3,0x0563f170a5ca869010d7a4b41f11ffa726dc98ee,WBNB,YIHE,200,10000,0xbb4cdb9cbd36b01bd1cbaebf2de08d9173bc095c,0xf49637aa5e9e9cedd09bf9067b88f7e3b1908beb,18,18,PancakeSwapV3
PancakeSwapV3,0x6ab6f7c08ad51e365158d9d89c43dfb5efd94719,WBNB,$WOOF,200,10000,0xbb4cdb9cbd36b01bd1cbaebf2de08d9173bc095c,0xe90cc6994c106884452b6fbedce3e7a77a4a671f,18,18,PancakeSwapV3
PancakeSwapV3,0x96393ca8b2537a9e276eab7f16a7785a2b2be40d,Rocket,WBNB,200,10000,0x416ef864e825ddbc2fc56e11a7bbf6c330da6521,0xbb4cdb9cbd36b01bd1cbaebf2de08d9173bc095c,18,18,PancakeSwapV3
PancakeSwapV3,0x50ef3e1914d9db7d5a162054c0cf3482fd4097f5,ada,WBNB,200,10000,0x42fe7eb897c3f26a50f7861727d777ec1c434870,0xbb4cdb9cbd36b01bd1cbaebf2de08d9173bc095c,18,18,PancakeSwapV3
PancakeSwapV3,0xfeefcbed46285ac96b7e1b00286e78d7ef85b119,BBA,WBNB,200,10000,0x0d587b8d13c295715e04f076dd66a9d974313710,0xbb4cdb9cbd36b01bd1cbaebf2de08d9173bc095c,18,18,PancakeSwapV3
PancakeSwapV3,0xd2c82677ff121ebef6c3da42f2f025fa65f9082e,sbsentiai,WBNB,200,10000,0x5e5cb640ee5cf7245229dd86d76cea1bed1dd6d3,0xbb4cdb9cbd36b01bd1cbaebf2de08d9173bc095c,18,18,PancakeSwapV3
PancakeSwapV3,0x1fdfadf67d78ce857dbc23d9a2c8f5d7846fff08,CZDOG,WBNB,200,10000,0x975e8dde6c3d977c60317a86294b5cad9f7de87a,0xbb4cdb9cbd36b01bd1cbaebf2de08d9173bc095c,18,18,PancakeSwapV3
PancakeSwapV3,0x7dc0a01ed79db50826d15211dd4a0b2d3a206546,WBNB,FROG,200,10000,0xbb4cdb9cbd36b01bd1cbaebf2de08d9173bc095c,0xde9f85ab09da41add97ab6e3b98d43fffa8dbedc,18,18,PancakeSwapV3
PancakeSwapV3,0xbb0f36e6ce65e1f3e193149d5b431703edc83ead,WBNB,BARK,200,10000,0xbb4cdb9cbd36b01bd1cbaebf2de08d9173bc095c,0xcfccbbad78de75f2b808ed12ccc49b8fe770107c,18,18,PancakeSwapV3
PancakeSwapV3,0xa522abac4081a0a3db53f09858249712289ffc3c,ZUNG,WBNB,200,10000,0x4caaece604b6d7d69968506ddcb62e6f315ac03d,0xbb4cdb9cbd36b01bd1cbaebf2de08d9173bc095c,18,18,PancakeSwapV3
PancakeSwapV3,0x438e910db893b2ab3281e6ba1f87fb6208707b3a,ABC,WBNB,200,10000,0x15e911e3313fc8fc09c0ebdeeee67b0ac90bf1f6,0xbb4cdb9cbd36b01bd1cbaebf2de08d9173bc095c,18,18,PancakeSwapV3
PancakeSwapV3,0xa13838b8c733eb682273d4f635acb2046c88ce28,MINT,WBNB,200,10000,0x69ca4426ca721d6e09a771e6f73e082128cb3126,0xbb4cdb9cbd36b01bd1cbaebf2de08d9173bc095c,18,18,PancakeSwapV3
PancakeSwapV3,0x5d2cf303ee0b3f69d3d448c658f2d1a798b47346,MINT,WBNB,200,10000,0x4f1a62a2a2b7e862f86822bf7f6cde058eb4f6aa,0xbb4cdb9cbd36b01bd1cbaebf2de08d9173bc095c,18,18,PancakeSwapV3
PancakeSwapV3,0x9b7cef9c70b46b025d87e747a50e39fc04439af7,LQD,WBNB,200,10000,0xa07f2f577a263ac0d14ae15771f1ffec8e138a78,0xbb4cdb9cbd36b01bd1cbaebf2de08d9173bc095c,18,18,PancakeSwapV3
PancakeSwapV3,0x01fa41dd39fa7bb31a15af4a56d391153a9ee99e,NotCZCoin,WBNB,200,10000,0x74c151cdf0bf062629854f8a6a5b447d3b7579fd,0xbb4cdb9cbd36b01bd1cbaebf2de08d9173bc095c,18,18,PancakeSwapV3
PancakeSwapV3,0x9062dd2cb574268ada81452379dad70f8755d28d,GROKLET,WBNB,200,10000,0x0bc2d143fadf1b28e22dd5b51ec882a4ef6adb2b,0xbb4cdb9cbd36b01bd1cbaebf2de08d9173bc095c,18,18,PancakeSwapV3
PancakeSwapV3,0xa7e5cfe2ac7a94725a8212d3051ddb0bae7f771d,WBNB,RYAN,200,10000,0xbb4cdb9cbd36b01bd1cbaebf2de08d9173bc095c,0xbfb36bad7842eff4548b8d51476215cfdfa16800,18,18,PancakeSwapV3
PancakeSwapV3,0x3f3ac1efd3ca21409a6e93e3a53558065d929a70,WBNB,PSYOP,200,10000,0xbb4cdb9cbd36b01bd1cbaebf2de08d9173bc095c,0xd87b3407c0fd9df333873a11e3a56cbe4ce764af,18,18,PancakeSwapV3
PancakeSwapV3,0x09e46dbd4afe9ad18b379307a5d3e823bd408180,bmuppets,WBNB,200,10000,0x93f818d4db769c40c26f7efe3fda47d9c10e0edc,0xbb4cdb9cbd36b01bd1cbaebf2de08d9173bc095c,18,18,PancakeSwapV3
PancakeSwapV3,0xba575ffa568d6b3f78e52fe6ed19184288178b3c,ABC,WBNB,200,10000,0x3ea629cce4c911311676dae2ca40ef87033977d8,0xbb4cdb9cbd36b01bd1cbaebf2de08d9173bc095c,18,18,PancakeSwapV3
PancakeSwapV3,0x42786b66a6660a5a6f381c727afd0f67e0264937,ABC,WBNB,200,10000,0x62d8312b7fe33e3205591b6497fae719c90d3f1e,0xbb4cdb9cbd36b01bd1cbaebf2de08d9173bc095c,18,18,PancakeSwapV3
PancakeSwapV3,0x6f26c213cf9b771d92f08ad34ad581104fbea01d,WBNB,CTT,200,10000,0xbb4cdb9cbd36b01bd1cbaebf2de08d9173bc095c,0xf1a0dd89eb5a4e8afbfb20b0204d925855169542,18,18,PancakeSwapV3
PancakeSwapV3,0xf279b741d98bc85100e80a36cf3c61aaf0aa0986,WBNB,GROK,200,10000,0xbb4cdb9cbd36b01bd1cbaebf2de08d9173bc095c,0xf602e143ea121a30558c6ae164792ff4b8bdb739,18,18,PancakeSwapV3
PancakeSwapV3,0xa5d365dc69c012e63d0b751212693129c4ba7cf3,Satoshi's basement,WBNB,200,10000,0x7dc33509a9d595f40397e6216fca1d48ac8e7e95,0xbb4cdb9cbd36b01bd1cbaebf2de08d9173bc095c,18,18,PancakeSwapV3
PancakeSwapV3,0xc272fa899931f25dd2f28ce82bebce4f0609e6b3,fruad,WBNB,200,10000,0xa3f4221542ad38cdf57da2f84dfbbce20f912099,0xbb4cdb9cbd36b01bd1cbaebf2de08d9173bc095c,18,18,PancakeSwapV3
PancakeSwapV3,0xcb3d840a34f7cedd2a43384d6573e55fb967e876,CSAVIOR,WBNB,200,10000,0x2754d8cc77ff97a89cb35088cbbf4c7d111cd9bd,0xbb4cdb9cbd36b01bd1cbaebf2de08d9173bc095c,18,18,PancakeSwapV3
PancakeSwapV3,0x346b526c0ce300ecf7a6b3ad56768328e48fa82e,TARIFF,WBNB,200,10000,0xba2182b5fea88ca447c78fc242837623c5744957,0xbb4cdb9cbd36b01bd1cbaebf2de08d9173bc095c,18,18,PancakeSwapV3
PancakeSwapV3,0xa8dcb3ac568eee06d0869518e775f910481cb9eb,$Tizi,WBNB,200,10000,0x6c2749d7959b291bdfb8d7cf59c9244c4a7b351f,0xbb4cdb9cbd36b01bd1cbaebf2de08d9173bc095c,18,18,PancakeSwapV3
PancakeSwapV3,0xd0fbf9593bcdf406fbf6dfeb4f534dca21de1ec8,PEEP,WBNB,200,10000,0x2c18d36afaf287f7eb272e414e2d90bcaef6cb48,0xbb4cdb9cbd36b01bd1cbaebf2de08d9173bc095c,18,18,PancakeSwapV3
PancakeSwapV3,0x80de440d643149ddd05ff4b278f6027ea42084b9,airebel,WBNB,200,10000,0x81fff5fbdda4ae2dc19d5ad56f8291806690bc03,0xbb4cdb9cbd36b01bd1cbaebf2de08d9173bc095c,18,18,PancakeSwapV3
PancakeSwapV3,0x809e7a553b8fcbea781d28959e9656bfec5601c3,OP,WBNB,200,10000,0x5acc0b6bee8dd9877cc3934d5072e0f4816a2d9f,0xbb4cdb9cbd36b01bd1cbaebf2de08d9173bc095c,18,18,PancakeSwapV3
PancakeSwapV3,0x084e4958a210ecdd4ae8549f0f1cdaecd658d6ce,WBNB,PETO,200,10000,0xbb4cdb9cbd36b01bd1cbaebf2de08d9173bc095c,0xd2b44b1880af08fab2fe14eb551d5f56dac8d636,18,18,PancakeSwapV3
PancakeSwapV3,0xbe7f55d2ec4b6c1514de89cd45cab31fddf27abb,RISE,WBNB,200,10000,0x09a51469056c7a3c44735f495433628bfffb0b6c,0xbb4cdb9cbd36b01bd1cbaebf2de08d9173bc095c,18,18,PancakeSwapV3
PancakeSwapV3,0x53e8b1730a178f8ae91f8ee6bd9abfc422a6952e,WAR,WBNB,200,10000,0x6f2398f89a8e79c39f3e7b98830623505fdf1a0f,0xbb4cdb9cbd36b01bd1cbaebf2de08d9173bc095c,18,18,PancakeSwapV3
PancakeSwapV3,0xcc2dff747a34faad99387cfe49455746d61bc44a,WBNB,F,200,10000,0xbb4cdb9cbd36b01bd1cbaebf2de08d9173bc095c,0xd07e4f3b50541d7a7b5e4c6ea04b91bb6da99128,18,18,PancakeSwapV3
PancakeSwapV3,0x8dbb036fa08545ec993b0dfc7c84a3a9cbaa089c,WBNB,NEXUS,200,10000,0xbb4cdb9cbd36b01bd1cbaebf2de08d9173bc095c,0xd3279fa61aad8749c062a5ed4e0a10f64e3e8471,18,18,PancakeSwapV3
PancakeSwapV3,0x2a564a202d74a04ee7c6bfdf6d33fdb0c10bcb20,SHORT,WBNB,200,10000,0x1e95b36b330074e0e4fc5a939f808783734c817f,0xbb4cdb9cbd36b01bd1cbaebf2de08d9173bc095c,18,18,PancakeSwapV3
PancakeSwapV3,0x7f453d3f70f56c1b0c4a64706ecae88d66e383b9,?,WBNB,200,10000,0x861be0374e0780e2f08cc9e9f8047bf6e19bbc12,0xbb4cdb9cbd36b01bd1cbaebf2de08d9173bc095c,18,18,PancakeSwapV3
PancakeSwapV3,0x07785ac2b064bebd7ab56aae471a446b6f0a0b45,BNH,WBNB,200,10000,0x1cbccc6cf7443984cf59f17b259faf3387bfd399,0xbb4cdb9cbd36b01bd1cbaebf2de08d9173bc095c,18,18,PancakeSwapV3
PancakeSwapV3,0x4001e34468a719cb81f04810fa29f63d8d7b15c8,WBNB,LUNAchain,200,10000,0xbb4cdb9cbd36b01bd1cbaebf2de08d9173bc095c,0xe7259400951a65e5dcb15665ef810aa3352cee9e,18,18,PancakeSwapV3
PancakeSwapV3,0x4fcf3dbce18eb0884637a91d7df8bb88d6ee5195,WBNB,LUNAIO,200,10000,0xbb4cdb9cbd36b01bd1cbaebf2de08d9173bc095c,0xd4d8248f8579a505c729a20e96838d440c1c465a,18,18,PancakeSwapV3
PancakeSwapV3,0x58c2535f7f6847aee1ac9f6e2476375a08f48164,POOGLE,WBNB,200,10000,0x440bfc75a4559f9ed67005f0cf790163e79e3c67,0xbb4cdb9cbd36b01bd1cbaebf2de08d9173bc095c,18,18,PancakeSwapV3
PancakeSwapV3,0x64fe3ccaf9ba6af8af7cd10b8e1ad3c8f6269f16,WBNB,Abc,200,10000,0xbb4cdb9cbd36b01bd1cbaebf2de08d9173bc095c,0xbf5cd9b0cca1571417230fd6018b80fbc7818cb1,18,18,PancakeSwapV3
PancakeSwapV3,0x2b44eade3b587a78f407092c24a489f57bec88af,WBNB,SMILE,200,10000,0xbb4cdb9cbd36b01bd1cbaebf2de08d9173bc095c,0xde17ba1d73e9e699339c45e5653276ef3018e96c,18,18,PancakeSwapV3
PancakeSwapV3,0x0fc1d622e8b4d2e570c5b2277554d6ed78085176,CZ,WBNB,200,10000,0x6a8958ade59d513c61cd63d4829230d747012c63,0xbb4cdb9cbd36b01bd1cbaebf2de08d9173bc095c,18,18,PancakeSwapV3
PancakeSwapV3,0xf36bc58cdace40737e4a8673bf4301ca5b84e75c,GMBAPE,WBNB,200,10000,0x211e6fdb5c01c6adaa571f5f955bf94a08ea6fe7,0xbb4cdb9cbd36b01bd1cbaebf2de08d9173bc095c,18,18,PancakeSwapV3
PancakeSwapV3,0x029b43aff9f53190ce3b8e82acaecfeb024c2e9b,Techin,WBNB,200,10000,0x3f50c9a5cc12552da473666912766be143ad90e1,0xbb4cdb9cbd36b01bd1cbaebf2de08d9173bc095c,18,18,PancakeSwapV3
PancakeSwapV3,0xc81693de74d444cc486c0fc93a996ea15383f85a,SpaceM,WBNB,200,10000,0x22952333a743a9c3ad2eff6252a1a57f00030978,0xbb4cdb9cbd36b01bd1cbaebf2de08d9173bc095c,18,18,PancakeSwapV3
PancakeSwapV3,0x26c87d77a8e8caedd56c86784aa02ac8058036a1,Bitcoins,WBNB,200,10000,0x4a428d042b0a242270fb5c4c635136fe19dfecf5,0xbb4cdb9cbd36b01bd1cbaebf2de08d9173bc095c,18,18,PancakeSwapV3
PancakeSwapV3,0x5474b58a4571e3574c76af366d1a69875a0aba8c,BUll,WBNB,200,10000,0x2faedf6c400bc8c751e81bb28bebcc853de32654,0xbb4cdb9cbd36b01bd1cbaebf2de08d9173bc095c,18,18,PancakeSwapV3
PancakeSwapV3,0x814299ebadcff2fa7fe04a1847786d05dd68f30a,WBNB,GURP,200,10000,0xbb4cdb9cbd36b01bd1cbaebf2de08d9173bc095c,0xd6176d023174d4b1fe63b3077bc477a5b5e6ac03,18,18,PancakeSwapV3
PancakeSwapV3,0xe9aabecc3e29de96d3405b0a3eedcc8da74101f8,WBNB,ELN,200,10000,0xbb4cdb9cbd36b01bd1cbaebf2de08d9173bc095c,0xfeaf094fd157f18097d3408d0033b37777d56f93,18,18,PancakeSwapV3
PancakeSwapV3,0xad28d6feca05520f107147963aefd954a18b3f3f,WBNB,NANAEL1,200,10000,0xbb4cdb9cbd36b01bd1cbaebf2de08d9173bc095c,0xcd6508b954d281e52586579cc796f987a48f526f,18,18,PancakeSwapV3
PancakeSwapV3,0xea9648a6325d858f64d003e3fd2114f08d1d2eaa,WBNB,Layer,200,10000,0xbb4cdb9cbd36b01bd1cbaebf2de08d9173bc095c,0xf30d3c312999bfc8f68c2b51cfe0b32184848654,18,18,PancakeSwapV3
PancakeSwapV3,0xdacf9ff21ddb025f1ec3f3ff6ff41bcb4f78aea3,NANALIZA,WBNB,200,10000,0x408e6339d9f940612e0cce574a5bb79509456bbf,0xbb4cdb9cbd36b01bd1cbaebf2de08d9173bc095c,18,18,PancakeSwapV3
PancakeSwapV3,0xaaddd90c038890fdc5d34d29cd7965f615569969,$CIF,WBNB,200,10000,0xa5f99067355ce42730b141b762eec56f3673350c,0xbb4cdb9cbd36b01bd1cbaebf2de08d9173bc095c,18,18,PancakeSwapV3
PancakeSwapV3,0x5e1d75027d2b5fe39a632e367266849a774e78de,$GAME,WBNB,200,10000,0x3028ebcd35579366b634ce91d8900de305d84e9e,0xbb4cdb9cbd36b01bd1cbaebf2de08d9173bc095c,18,18,PancakeSwapV3
PancakeSwapV3,0x0cba5009875a94c1edcd1c8ff7737a6f1e66ba46,PEAQ,WBNB,200,10000,0xb8da0be65f4dd8ac6fdcce0a86d616e9c702d412,0xbb4cdb9cbd36b01bd1cbaebf2de08d9173bc095c,18,18,PancakeSwapV3
PancakeSwapV3,0x51ebb711c0a66e6ded18b26706e717a72b909525,DarkWiz,WBNB,200,10000,0x3f0d5a4ca7e3ca0bde9d29946b94e08fddb27875,0xbb4cdb9cbd36b01bd1cbaebf2de08d9173bc095c,18,18,PancakeSwapV3
PancakeSwapV3,0x4bd76161305b3d4821f601c58b547767689a5af1,r/stocks,WBNB,200,10000,0x01453a187d760b7983a1d519747594c70a6bc4c6,0xbb4cdb9cbd36b01bd1cbaebf2de08d9173bc095c,18,18,PancakeSwapV3
PancakeSwapV3,0x708b8e51a80fb884e5698c87e7bfebf1740b6e2e,MECHA,WBNB,200,10000,0xb0d9f070b5b1e592b8192e128d31f5c85256a081,0xbb4cdb9cbd36b01bd1cbaebf2de08d9173bc095c,18,18,PancakeSwapV3
PancakeSwapV3,0x50cc671c9a1fe1b43da4311af8444315d61ad676,AEGIS,WBNB,200,10000,0x09727db7eac95615b0faf2fe3a09a870d45e218b,0xbb4cdb9cbd36b01bd1cbaebf2de08d9173bc095c,18,18,PancakeSwapV3
PancakeSwapV3,0xad4c8ac210d458c618ceebe2108ab26f739e1198,WBNB,maestro,200,10000,0xbb4cdb9cbd36b01bd1cbaebf2de08d9173bc095c,0xebe4148587a0d4059f0ef22db41c221813ef1279,18,18,PancakeSwapV3
PancakeSwapV3,0x9d1324a41830b0e5d21624526331e9f64d2b3490,000,WBNB,200,10000,0x71634434d81ba2fff29fbdc8f1299f54c4b36994,0xbb4cdb9cbd36b01bd1cbaebf2de08d9173bc095c,18,18,PancakeSwapV3
PancakeSwapV3,0x00d2e7be98d891e787289f822e22aa3750459410,WBNB,PT,200,10000,0xbb4cdb9cbd36b01bd1cbaebf2de08d9173bc095c,0xcffe423b5d7d7619e4ffc5e9b66f19ce39302890,18,18,PancakeSwapV3
PancakeSwapV3,0x6ca0e2bb17af62a4199a639a38491af1a374e41e,WBNB,THANXELON,200,10000,0xbb4cdb9cbd36b01bd1cbaebf2de08d9173bc095c,0xda712b0630299b57529454c01cea401ccfd24862,18,18,PancakeSwapV3
PancakeSwapV3,0x413aadab64bde32c035f9e257ef617f96be2abf5,JUM'AT,WBNB,200,10000,0x3de29d2f7193371f9ce3750ce73895c4ccf260ec,0xbb4cdb9cbd36b01bd1cbaebf2de08d9173bc095c,18,18,PancakeSwapV3
PancakeSwapV3,0x6fefcd7f6da26e477de6ae9acf897347be2a4344,BLS,WBNB,200,10000,0x4d06543108e7480dafabb33964837d2ed8a25e2e,0xbb4cdb9cbd36b01bd1cbaebf2de08d9173bc095c,18,18,PancakeSwapV3
PancakeSwapV3,0x2fc33b4f5fee8582fb7e21869eef95f3597cd4dc,PUNNY,WBNB,200,10000,0xa046a7a317a48ee0dfb59dd735b41dcb859d1c5e,0xbb4cdb9cbd36b01bd1cbaebf2de08d9173bc095c,18,18,PancakeSwapV3
PancakeSwapV3,0xfd839ba3db6a931d29986335ef0e09ec24e1d7c3,WBE,WBNB,200,10000,0x936af81da7cf2de5764df801b51eb759d982bd6f,0xbb4cdb9cbd36b01bd1cbaebf2de08d9173bc095c,18,18,PancakeSwapV3
PancakeSwapV3,0x802ca8faab6eb2915254c8b9421e24001058c361,BENJI,WBNB,200,10000,0x3e4dfb5d7dc61415c65f95432c1b2591674124e3,0xbb4cdb9cbd36b01bd1cbaebf2de08d9173bc095c,18,18,PancakeSwapV3
PancakeSwapV3,0x8df615ecd87b80adb45f10e381fc633eaa00d99e,BENJI,WBNB,200,10000,0x584cde5be0173be2bcb1b6b5dd6dca63c85623b9,0xbb4cdb9cbd36b01bd1cbaebf2de08d9173bc095c,18,18,PancakeSwapV3
PancakeSwapV3,0x7d4465236ec1c72fe23d74c1c0214476c95a4f3c,WBNB,GNAD,200,10000,0xbb4cdb9cbd36b01bd1cbaebf2de08d9173bc095c,0xeb071760fae00bd28fd372756207ddfbc9c03bba,18,18,PancakeSwapV3
PancakeSwapV3,0x94763908b615c1abd3ec438c88c42c061e787972,ABC,WBNB,200,10000,0x1ece605ba2b40e96b3413ba0cb23bcd80e37e575,0xbb4cdb9cbd36b01bd1cbaebf2de08d9173bc095c,18,18,PancakeSwapV3
PancakeSwapV3,0xc6735afa40f639c1c9bb89230cf99ed9b4491ca2,MDO,WBNB,200,10000,0x008d60ce34bd58a1e3cede83196857dfddd88b09,0xbb4cdb9cbd36b01bd1cbaebf2de08d9173bc095c,18,18,PancakeSwapV3
PancakeSwapV3,0x202a63d43630825e1b745b2f9ecea29008880214,DEGENDUCK,WBNB,200,10000,0x65ed1282e32f8592de48d95082899351278a52a2,0xbb4cdb9cbd36b01bd1cbaebf2de08d9173bc095c,18,18,PancakeSwapV3
PancakeSwapV3,0x9ca4f41f9b62e3e22a9de6ad361a673876e07925,KOB,WBNB,200,10000,0xa306663862c1755f35b240d8dbc854b5b639cb3f,0xbb4cdb9cbd36b01bd1cbaebf2de08d9173bc095c,18,18,PancakeSwapV3
PancakeSwapV3,0xf656f24f36ae30a55f0096b314b81ed9cc1fede3,WBNB,DEXFANS,200,10000,0xbb4cdb9cbd36b01bd1cbaebf2de08d9173bc095c,0xd30a5013c4eb1523e071e9a2565beff2495c4bbc,18,18,PancakeSwapV3
PancakeSwapV3,0xd251f02ca74d8c69494375b560a2b0ebd0ce45af,lojban,WBNB,200,10000,0x264b6e9905b11d19e7b76b216c7cc15babfd4ae3,0xbb4cdb9cbd36b01bd1cbaebf2de08d9173bc095c,18,18,PancakeSwapV3
PancakeSwapV3,0x04a255129a46d8c7c67e2e83b10b4261398c3a2f,bnbetf,WBNB,200,10000,0x04092f3ee90a657793473c01c13c0c776bd76fd8,0xbb4cdb9cbd36b01bd1cbaebf2de08d9173bc095c,18,18,PancakeSwapV3
PancakeSwapV3,0x4116f15b562d810781ea25bde03f0fe2f1a55f84,VANECK,WBNB,200,10000,0x998543c6b2aaeba1ab3a4337249fa13cf45220a0,0xbb4cdb9cbd36b01bd1cbaebf2de08d9173bc095c,18,18,PancakeSwapV3
PancakeSwapV3,0x6b8a78be1e637afa5987ca36bc3a4b22069d1631,ABC,WBNB,200,10000,0x5b662554ad0bb33b7136c0bde9a0edec9c7d3772,0xbb4cdb9cbd36b01bd1cbaebf2de08d9173bc095c,18,18,PancakeSwapV3
PancakeSwapV3,0x5ce182132acc8a8e2683dba28658cb3d3b97727a,CAN,WBNB,200,10000,0x32490df47c4bc6535a11fb84bf70fbfcdb7dfc59,0xbb4cdb9cbd36b01bd1cbaebf2de08d9173bc095c,18,18,PancakeSwapV3
PancakeSwapV3,0x0fefe359f34bd0397e11d47af58d8310002c6186,BDREAMS,WBNB,200,10000,0x0a745cf181c7898d8477361aced294a695098792,0xbb4cdb9cbd36b01bd1cbaebf2de08d9173bc095c,18,18,PancakeSwapV3
PancakeSwapV3,0xa4cfcf8b9a0ea63e8b4b38ebf8ed4718aee2c473,health,WBNB,200,10000,0x6ea0b3ce185be1cce38ff8c501ef74f181e5e81e,0xbb4cdb9cbd36b01bd1cbaebf2de08d9173bc095c,18,18,PancakeSwapV3
PancakeSwapV3,0x87f09f050a5c522ae12270a8f96b5a85229f6b09,WBNB,TARIFFS,200,10000,0xbb4cdb9cbd36b01bd1cbaebf2de08d9173bc095c,0xc0666b475887f96ea81b6ee9f9a77351ccef56cd,18,18,PancakeSwapV3
PancakeSwapV3,0xf29b5642918ecd9d882ca145acf5612d44326edb,WBNB,DOGGFIGURE,200,10000,0xbb4cdb9cbd36b01bd1cbaebf2de08d9173bc095c,0xd0d24f131e4fbddf766b0c06a0ddb8dca0b65957,18,18,PancakeSwapV3
PancakeSwapV3,0xd2011a9a0a59da0d5ad4542fc997965134779ca3,BASE,WBNB,200,10000,0xac2e1aa4529336f68ee4faa41f0eaedf472dfc76,0xbb4cdb9cbd36b01bd1cbaebf2de08d9173bc095c,18,18,PancakeSwapV3
PancakeSwapV3,0xbd3f0b71273ddc94db982423c4cbe488853e2fd4,groovy,WBNB,200,10000,0x2ad6284c587c453c0806a6ef4d413fedd82c509e,0xbb4cdb9cbd36b01bd1cbaebf2de08d9173bc095c,18,18,PancakeSwapV3
PancakeSwapV3,0x773d731303418e18720f71067d1c2831001c9b20,TMZ,WBNB,200,10000,0x25e23fae550a6a35dca34f05a5aa92693046cdf7,0xbb4cdb9cbd36b01bd1cbaebf2de08d9173bc095c,18,18,PancakeSwapV3
PancakeSwapV3,0x4965e90749ac0ed9309e30fe62f7cc1b65b4ba60,GROKLET,WBNB,200,10000,0x50188b7cfe77650dc92741d90cd6812edbe78eba,0xbb4cdb9cbd36b01bd1cbaebf2de08d9173bc095c,18,18,PancakeSwapV3
PancakeSwapV3,0x004c851cb40b672a34e9bd5675aaa53a7a6a1dfd,PISS,WBNB,200,10000,0x92009ef3a4992db2f88a967838e3fd99304758cc,0xbb4cdb9cbd36b01bd1cbaebf2de08d9173bc095c,18,18,PancakeSwapV3
PancakeSwapV3,0xc3437a92da04d6c52395645334e5f3014930e2a5,LENS,WBNB,200,10000,0xabeb7499585f31280ecf6d8c7c437a80304a7c71,0xbb4cdb9cbd36b01bd1cbaebf2de08d9173bc095c,18,18,PancakeSwapV3
PancakeSwapV3,0x8dfd73340b7fa3c8c3c92dedfb0192e52a04ab68,Schumer,WBNB,200,10000,0x28cfb931ae8f056f2e3cfbfa060231062bd5b66f,0xbb4cdb9cbd36b01bd1cbaebf2de08d9173bc095c,18,18,PancakeSwapV3
PancakeSwapV3,0x439e856f14267bf044e2a110629397f009ff4595,PETER,WBNB,200,10000,0x45a1fc49a324116e8ca8ea32e3429af05021b77a,0xbb4cdb9cbd36b01bd1cbaebf2de08d9173bc095c,18,18,PancakeSwapV3
PancakeSwapV3,0x8cbb6d0e1b910a241f43152c962e9f7986b55a8f,$EDGE,WBNB,200,10000,0x54b4586da2d15f8bd2ca6cb91c0bb1f708777dac,0xbb4cdb9cbd36b01bd1cbaebf2de08d9173bc095c,18,18,PancakeSwapV3
PancakeSwapV3,0x3a0daa431b32bc4fccbbfbfb4eb6f2702a9776f9,WODTRE,WBNB,200,10000,0x2dda72896d1267527bf84617047cd31b701cc068,0xbb4cdb9cbd36b01bd1cbaebf2de08d9173bc095c,18,18,PancakeSwapV3
PancakeSwapV3,0x46f4c6ff5a23b77eda86aced35e136ff8591ca31,LCN,WBNB,200,10000,0x1eb80f6e1214a9ef329c04ebc524facfe3854538,0xbb4cdb9cbd36b01bd1cbaebf2de08d9173bc095c,18,18,PancakeSwapV3
PancakeSwapV3,0x38afbee3b7ea2f53c95b78f819500bc86b85cc43,WBNB,NKT,200,10000,0xbb4cdb9cbd36b01bd1cbaebf2de08d9173bc095c,0xf1371cddf11619e9a3caf925da9d4a1409505d54,18,18,PancakeSwapV3
PancakeSwapV3,0xcae1a7e692de5820e5d9bb6ef1cd730b582dabb2,SENTI,WBNB,200,10000,0x6dcb092e54a33260ae634f07625ce5f278d63ca7,0xbb4cdb9cbd36b01bd1cbaebf2de08d9173bc095c,18,18,PancakeSwapV3
PancakeSwapV3,0x6e36e1622631d3750b6a12e360460ab1f8f14c9c,WBNB,LNT,200,10000,0xbb4cdb9cbd36b01bd1cbaebf2de08d9173bc095c,0xfc7eef99300c3a7da849f58cc82832321709bd6c,18,18,PancakeSwapV3
PancakeSwapV3,0xbc8ab9999446238a099a07b4a9198b6d1068d81a,CBOT,WBNB,200,10000,0x5e6ac70551a31bb7589e08b6da5340a8f83ec330,0xbb4cdb9cbd36b01bd1cbaebf2de08d9173bc095c,18,18,PancakeSwapV3
PancakeSwapV3,0x2de35255d1f38d19cf12febb31b2173bd286954c,WBNB,WHINE,200,10000,0xbb4cdb9cbd36b01bd1cbaebf2de08d9173bc095c,0xedbd1178209bcabb00631c53d6800491faef1fd6,18,18,PancakeSwapV3
PancakeSwapV3,0xda9e7835149a444b985eab9149fe130aab3b1f4b,Bankrbot,WBNB,200,10000,0xaef49253f30aad37eaae6a048eea8c6370507421,0xbb4cdb9cbd36b01bd1cbaebf2de08d9173bc095c,18,18,PancakeSwapV3
PancakeSwapV3,0x757599e829cdea05721cb6461d17f767a3cc8c56,WBNB,PIPER,200,10000,0xbb4cdb9cbd36b01bd1cbaebf2de08d9173bc095c,0xf32b071259a7ff169cbb4ce49bde325dec709393,18,18,PancakeSwapV3
PancakeSwapV3,0x0ce8fe4aa1568323d8e55cd727e0dab3188900bd,ica,WBNB,200,10000,0x812037ce75e2b3984cb11bbed6c16b0e7cb94690,0xbb4cdb9cbd36b01bd1cbaebf2de08d9173bc095c,18,18,PancakeSwapV3
PancakeSwapV3,0x9d5c68834961bdec3cd55826f62a517a3bd89446,EATRICH,WBNB,200,10000,0x4065d13c0513b134dc2a414ef60130b49a4eaf96,0xbb4cdb9cbd36b01bd1cbaebf2de08d9173bc095c,18,18,PancakeSwapV3
PancakeSwapV3,0x5a035a12e9879c2c11006ffb6896b7b9a8e1b34f,WBNB,NEXUS,200,10000,0xbb4cdb9cbd36b01bd1cbaebf2de08d9173bc095c,0xd33f3721ca849499d2ad18d1c5ddba7f275ebd83,18,18,PancakeSwapV3
PancakeSwapV3,0xfd2ac1cdb0378478708a018e2ea5b3d1e2b61c59,WBNB,DogEmojiBSC,200,10000,0xbb4cdb9cbd36b01bd1cbaebf2de08d9173bc095c,0xf10421c7e49f7acd407da75ce05696e32a434c42,18,18,PancakeSwapV3
PancakeSwapV3,0xb771929ffdd045554f19a835269e8526a9b3e692,maikaita,WBNB,200,10000,0xb498d7fee749c750d3edf469c8b86f1989e8e797,0xbb4cdb9cbd36b01bd1cbaebf2de08d9173bc095c,18,18,PancakeSwapV3
PancakeSwapV3,0x2c2c1dc5a62044a7808e23b5df84228746cc7499,rhythm,WBNB,200,10000,0x501d61e013ccab6d3688eac0483d6828bd5b247f,0xbb4cdb9cbd36b01bd1cbaebf2de08d9173bc095c,18,18,PancakeSwapV3
PancakeSwapV3,0x562c8e80c8c0a2ca42dac278520c72b8cb05af18,CATGUYS,WBNB,200,10000,0x6b65265261bade57b7d1e2621834911ecc3bc93d,0xbb4cdb9cbd36b01bd1cbaebf2de08d9173bc095c,18,18,PancakeSwapV3
PancakeSwapV3,0x00f76abc168c522338bb64e49133cc0dcb26b45d,XSM,WBNB,200,10000,0x228fd5c651833bbba0255c341a49894d399c8349,0xbb4cdb9cbd36b01bd1cbaebf2de08d9173bc095c,18,18,PancakeSwapV3
PancakeSwapV3,0xd164e04096d1ca4b2786e3dbd6a8e90e5697731c,BSEASONU,WBNB,200,10000,0x781a93fea2b083955d7d40d33402aa0295f52a12,0xbb4cdb9cbd36b01bd1cbaebf2de08d9173bc095c,18,18,PancakeSwapV3
PancakeSwapV3,0xe3079d0438086a5bc02ae245c3de2a589e57d401,ROCKET_Ai,WBNB,200,10000,0x47c3c285a6ba4881d8f52cfbde16b141c1caa200,0xbb4cdb9cbd36b01bd1cbaebf2de08d9173bc095c,18,18,PancakeSwapV3
PancakeSwapV3,0x4c3206b39baf1b0461959e109d0e3db4e4fadf54,reciprocal,WBNB,200,10000,0xaab6ea3edb7a34f2c0de89f13065f0e9db170dd4,0xbb4cdb9cbd36b01bd1cbaebf2de08d9173bc095c,18,18,PancakeSwapV3
PancakeSwapV3,0x46a2f9738d69a6a5eccf7146280baaa53cc4864b,CDOGE,WBNB,200,10000,0x52b1585ef6780787e9ab0106c76c38395eadb19a,0xbb4cdb9cbd36b01bd1cbaebf2de08d9173bc095c,18,18,PancakeSwapV3
PancakeSwapV3,0x9f171699ca4270a6a2e8df08b025be995de1a136,y22z,WBNB,200,10000,0x56e78d8c706c53353e25c26c07e210122e7b7e70,0xbb4cdb9cbd36b01bd1cbaebf2de08d9173bc095c,18,18,PancakeSwapV3
PancakeSwapV3,0x252aebfb009ffc39ff98ebbac83c0b38ad478996,WBNB,babul_xd,200,10000,0xbb4cdb9cbd36b01bd1cbaebf2de08d9173bc095c,0xeedd7b9e6177983d6ad20bcedfba294b266586d8,18,18,PancakeSwapV3
PancakeSwapV3,0x5efadeca1c3eb11e7ec04ad980da64447152b1f4,TIT,WBNB,200,10000,0x615c344fd2837c3a0ddea4d14f873fe31105aa0c,0xbb4cdb9cbd36b01bd1cbaebf2de08d9173bc095c,18,18,PancakeSwapV3
PancakeSwapV3,0x022f6ce5b542ac0c2bb8f56a837d08cc839416b4,DOLL,WBNB,200,10000,0x0514466ab5606b2c58a7fc19d37a52dbddf25108,0xbb4cdb9cbd36b01bd1cbaebf2de08d9173bc095c,18,18,PancakeSwapV3
PancakeSwapV3,0x7a125466e957ee6a1617f10d8c64b0a2ba1d329a,WBNB,PSILOBOT,200,10000,0xbb4cdb9cbd36b01bd1cbaebf2de08d9173bc095c,0xd338550e4820b4ea16adc58cb715c0268840e911,18,18,PancakeSwapV3
PancakeSwapV3,0x67b37f63e4afd39aab485cd0b8000bf56d7ad208,WBNB,GUESSIT,200,10000,0xbb4cdb9cbd36b01bd1cbaebf2de08d9173bc095c,0xe4a28313162e2d5b7c7041b3a55e40aaf85a9070,18,18,PancakeSwapV3
PancakeSwapV3,0xab10b5819eef214bd8b9c05529939e59a4c13963,Liza 2.0,WBNB,200,10000,0xbb21514b928d9977dc641390ca534415e995a8d7,0xbb4cdb9cbd36b01bd1cbaebf2de08d9173bc095c,18,18,PancakeSwapV3
PancakeSwapV3,0x9429a691f9985fe6b86a5723dbf969de8c199e49,WBNB,GB,200,10000,0xbb4cdb9cbd36b01bd1cbaebf2de08d9173bc095c,0xee65cd750b500a327551336c5e0113de50e70c6c,18,18,PancakeSwapV3
PancakeSwapV3,0x45a5bb66f4d3a4cf28d709a4217648c709b2f2c3,WBNB,CH,200,10000,0xbb4cdb9cbd36b01bd1cbaebf2de08d9173bc095c,0xf51d86735136d7b1893809c6ee3883541515bc2e,18,18,PancakeSwapV3
PancakeSwapV3,0xaf48115d25596357dab6d442911baf5c28de5521,Apollo,WBNB,200,10000,0x47176ae8dfdf4cd994fbc1915b5c13db77a0fd14,0xbb4cdb9cbd36b01bd1cbaebf2de08d9173bc095c,18,18,PancakeSwapV3
PancakeSwapV3,0x2f74a14a32bce4ce606cb1e49ab88615eacd5c8c,WBNB,$PCS,200,10000,0xbb4cdb9cbd36b01bd1cbaebf2de08d9173bc095c,0xf3f84b6d5c8ef3797648120c035cc72e8cf72435,18,18,PancakeSwapV3
PancakeSwapV3,0x7c115b4d56398a24728c03c756ae38541fb6a72b,MUBARAK,WBNB,200,10000,0x680dde09fd1e1a8acac339a23367210836644594,0xbb4cdb9cbd36b01bd1cbaebf2de08d9173bc095c,18,18,PancakeSwapV3
PancakeSwapV3,0x83148a210e908892a7994ad18a00012b9d6143c3,WBNB,GDM,200,10000,0xbb4cdb9cbd36b01bd1cbaebf2de08d9173bc095c,0xdfa15dd65e958403bbc678b9645528e9508925fb,18,18,PancakeSwapV3
PancakeSwapV3,0x3a4686a116a0f4fa5b4aca274a74c00e28c5ebee,REV,WBNB,200,10000,0x0d7bac753bf20123777ceb06f336e72064a5b9cf,0xbb4cdb9cbd36b01bd1cbaebf2de08d9173bc095c,18,18,PancakeSwapV3
PancakeSwapV3,0x213af7053e835a05b4d3cb7e3f65af179e32459e,WBNB,MBase,200,10000,0xbb4cdb9cbd36b01bd1cbaebf2de08d9173bc095c,0xdfc07a3e8bdccc6fe226b961da398db584fe9a7a,18,18,PancakeSwapV3
PancakeSwapV3,0xa3faf1b1b73476ae2051f91e95310e85f8dcb7a6,MAD,WBNB,200,10000,0x0fafe650f064879d6dd1932f7ff0133827ebfb5b,0xbb4cdb9cbd36b01bd1cbaebf2de08d9173bc095c,18,18,PancakeSwapV3
PancakeSwapV3,0x9f9cd394a72c3f83ab2eb096bad3176d6af8f13a,MADP,WBNB,200,10000,0x78ca0fce034cf584e77ee5a5fed1d264f9a1e627,0xbb4cdb9cbd36b01bd1cbaebf2de08d9173bc095c,18,18,PancakeSwapV3
PancakeSwapV3,0x1247fd3a79c9650131a90ceec7731ff8d56c5d82,WHALE,WBNB,200,10000,0x3d4f7c12abc17628fd5729bee48cf1c332f1d4d5,0xbb4cdb9cbd36b01bd1cbaebf2de08d9173bc095c,18,18,PancakeSwapV3
PancakeSwapV3,0x60addea3c807eb2932527bcbfb64e81bcae2bb24,BURGK,WBNB,200,10000,0x2a9ec64043510470243f88eba3aa64530ae8264c,0xbb4cdb9cbd36b01bd1cbaebf2de08d9173bc095c,18,18,PancakeSwapV3
PancakeSwapV3,0xfab1c582b3c4c5c039e4b5ebb2e3afc649ddfc3c,BUP,WBNB,200,10000,0x93bf6564f78c4f39746c0f9c4d42c7f6374dbedb,0xbb4cdb9cbd36b01bd1cbaebf2de08d9173bc095c,18,18,PancakeSwapV3
PancakeSwapV3,0x989388376c9644442f4419a7d6ab729f829cde92,WBNB,CMC,200,10000,0xbb4cdb9cbd36b01bd1cbaebf2de08d9173bc095c,0xc1237fa68e0c7b3daaad9a45717eeb65fd2917cf,18,18,PancakeSwapV3
PancakeSwapV3,0xe4a7822f172ccfeb25d0881935e9f1784ed50a2b,HOUSE,WBNB,200,10000,0x3efe8b551649bfc0757ce75fe5f6476cd987ea11,0xbb4cdb9cbd36b01bd1cbaebf2de08d9173bc095c,18,18,PancakeSwapV3
PancakeSwapV3,0x43b27b61b1346f22c819fdfa6b73867622a007dc,CZ FIGURE,WBNB,200,10000,0x6feb205ac0069740f342cb83ed746ab9a6673bdc,0xbb4cdb9cbd36b01bd1cbaebf2de08d9173bc095c,18,18,PancakeSwapV3
PancakeSwapV3,0xfd5f2ea458051a5b342ddfa651e61437eedde225,TIRED,WBNB,200,10000,0x812efe9640f6497135933f00a51dfd88d4599cbb,0xbb4cdb9cbd36b01bd1cbaebf2de08d9173bc095c,18,18,PancakeSwapV3
PancakeSwapV3,0x30ec7afc04b6f94a81ca0d66df5e6b783397d499,TZT,WBNB,200,10000,0x2b21890997bd6d7f39adbd85a056853b01bf1e13,0xbb4cdb9cbd36b01bd1cbaebf2de08d9173bc095c,18,18,PancakeSwapV3
PancakeSwapV3,0x77f8b4d85381a7511a7f75a80c6a6efab7a52b2b,FAFU,WBNB,200,10000,0x3c097a744eaceef7441a9d1f08b29c0e19ca6151,0xbb4cdb9cbd36b01bd1cbaebf2de08d9173bc095c,18,18,PancakeSwapV3
PancakeSwapV3,0x2eb31c1d8374f5ea86c7a829dda7d9278901e846,WBNB,PRINTBASED,200,10000,0xbb4cdb9cbd36b01bd1cbaebf2de08d9173bc095c,0xc51c82e2c65f225dd8348a6d56e92c92c383446d,18,18,PancakeSwapV3
PancakeSwapV3,0x3c309a0d4a569629935d041f443c04aa603d8633,WBNB,SiA,200,10000,0xbb4cdb9cbd36b01bd1cbaebf2de08d9173bc095c,0xc958e64a80b64e8f665f96572ab89adab92a19d8,18,18,PancakeSwapV3
PancakeSwapV3,0x1ce45b47d6bae921c1c8b658fe3cf82ebc284524,ANIMEGROK,WBNB,200,10000,0x31d21898529051daaf1346dbc96378edf0772d3a,0xbb4cdb9cbd36b01bd1cbaebf2de08d9173bc095c,18,18,PancakeSwapV3
PancakeSwapV3,0x8934ac738c5b6789f3802ef77e1cfa1be0e00ca0,RAY,WBNB,200,10000,0x7210d12d648a88ab6f68e22c0c101bbc73e78643,0xbb4cdb9cbd36b01bd1cbaebf2de08d9173bc095c,18,18,PancakeSwapV3
PancakeSwapV3,0x26c13051bc610583d4fb4a192da7bcf226b1c081,animegrok,WBNB,200,10000,0x2c3a306878345484dd3f6f7868698626bd6d59c6,0xbb4cdb9cbd36b01bd1cbaebf2de08d9173bc095c,18,18,PancakeSwapV3
PancakeSwapV3,0x289efa91b9e3ab369d968640365c0cc7015efd71,WBNB,MCT,200,10000,0xbb4cdb9cbd36b01bd1cbaebf2de08d9173bc095c,0xd32f0835c99414b0d9b8971361eeca4db8e80188,18,18,PancakeSwapV3
PancakeSwapV3,0xde29098a8ab3401955f1376bf439399a65147e65,PROPHET,WBNB,200,10000,0x47c20fbcd90e19747dbfc5051720445decbfd24d,0xbb4cdb9cbd36b01bd1cbaebf2de08d9173bc095c,18,18,PancakeSwapV3
PancakeSwapV3,0x341e04aa72f8b882465dfad5b58abd4a4df38118,EGGS,WBNB,200,10000,0x5a174864764383dbbb2214a6c10ab7afa94fa76b,0xbb4cdb9cbd36b01bd1cbaebf2de08d9173bc095c,18,18,PancakeSwapV3
PancakeSwapV3,0x91a10f2ea2e6365cf257ad79ffcf0a8472700a9f,Hatchpump,WBNB,200,10000,0x960a7d384d7fbea7c45404e6e6588e6cf40d8ad8,0xbb4cdb9cbd36b01bd1cbaebf2de08d9173bc095c,18,18,PancakeSwapV3
PancakeSwapV3,0x78b8ef0bfc15f44266c25d8122a598b6c28d55cd,David,WBNB,200,10000,0x06cd7e2b9fe88e26cf677d55fe2a36807e460aee,0xbb4cdb9cbd36b01bd1cbaebf2de08d9173bc095c,18,18,PancakeSwapV3
PancakeSwapV3,0xba91e5a2b02085fa1e949cf1c2c2cfa95153506a,LIBERA,WBNB,200,10000,0x058a186301f721e5e2ea689fcb79019827b2b9a4,0xbb4cdb9cbd36b01bd1cbaebf2de08d9173bc095c,18,18,PancakeSwapV3
PancakeSwapV3,0x03143057e37e60a2ffe1be7f879938a1acbd0a13,A4P,WBNB,200,10000,0xb0b48eaa4d36c4efb30f8edbbe3db1f507c64b7e,0xbb4cdb9cbd36b01bd1cbaebf2de08d9173bc095c,18,18,PancakeSwapV3
PancakeSwapV3,0x7cc17b8d0905ad79fea7c3cc78508c303eb9737c,DUMP,WBNB,200,10000,0x2029779f35af31a1b60e78b28c4ea5f91330b2bd,0xbb4cdb9cbd36b01bd1cbaebf2de08d9173bc095c,18,18,PancakeSwapV3
PancakeSwapV3,0xb578a414cc39edf8fb5f46e8d3c5aea31838aea5,Cow,WBNB,200,10000,0x7a87f6293a9502ceddb015b2abfd06b553b08bca,0xbb4cdb9cbd36b01bd1cbaebf2de08d9173bc095c,18,18,PancakeSwapV3
PancakeSwapV3,0x9a2d130057898eaed60ff7e8108a6d02b0e6211b,MEMEX,WBNB,200,10000,0x69dca2052832d1c50ffbb7650ac3ebefce7cb1a9,0xbb4cdb9cbd36b01bd1cbaebf2de08d9173bc095c,18,18,PancakeSwapV3
PancakeSwapV3,0x9f7da4ca44be0a82ec850fb02e00412b44b7f8c2,EXTINCT,WBNB,200,10000,0x1290ce6c5251a546d4972a0d960efbe0122a7227,0xbb4cdb9cbd36b01bd1cbaebf2de08d9173bc095c,18,18,PancakeSwapV3
PancakeSwapV3,0x74752a694d599b6d94e1822a10f61048c19411b2,RAI,WBNB,200,10000,0x11a396ac0ccef47f10d498433b3f2627531f3368,0xbb4cdb9cbd36b01bd1cbaebf2de08d9173bc095c,18,18,PancakeSwapV3
PancakeSwapV3,0x1bbabbe1f0a87ac7c494bbe297baa68a89927553,STRONG,WBNB,200,10000,0x1fdc7ca0d2a7741fd69c90a4e42d016bac29d29d,0xbb4cdb9cbd36b01bd1cbaebf2de08d9173bc095c,18,18,PancakeSwapV3
PancakeSwapV3,0x0740ab5a1e32919c147592c15e36ef4fe08f97ba,WBNB,Catgirl,200,10000,0xbb4cdb9cbd36b01bd1cbaebf2de08d9173bc095c,0xc4ae0a5bf104e634ae087a11eedd0f13b9a011f9,18,18,PancakeSwapV3
PancakeSwapV3,0x5a8257fb46568acc31e919ba1b7dae3c7d58ef55,KINTO,WBNB,200,10000,0x9f45c6859f41325bb72ab7b7c0a15b6d0dcffe0b,0xbb4cdb9cbd36b01bd1cbaebf2de08d9173bc095c,18,18,PancakeSwapV3
PancakeSwapV3,0x6291ef724524444a194e33aa6b8f3b3eb5dd1d23,NWD,WBNB,200,10000,0x0d0fc922cc93b0651939efc6ec4f439d7fb6bfd0,0xbb4cdb9cbd36b01bd1cbaebf2de08d9173bc095c,18,18,PancakeSwapV3
PancakeSwapV3,0xa388b95844c0f01c778813af3ba71e1d3bdb8447,WBNB,DOG,200,10000,0xbb4cdb9cbd36b01bd1cbaebf2de08d9173bc095c,0xd5c253e22a9ca51c2b770e739106c9fb4244dfb4,18,18,PancakeSwapV3
PancakeSwapV3,0x8c9fe7434b0aef11747a397c94fc6527cfe54ea6,WBNB,GROWTH,200,10000,0xbb4cdb9cbd36b01bd1cbaebf2de08d9173bc095c,0xee92fe4dbbea2eeaaa860cb8191a8584d8fd6b5f,18,18,PancakeSwapV3
PancakeSwapV3,0x8e3ee67fcac4016aefe381f67ca5607790772c4b,WBNB,EYE,200,10000,0xbb4cdb9cbd36b01bd1cbaebf2de08d9173bc095c,0xf547fc3e636126d02d1b90dd67321fc3e3ea4969,18,18,PancakeSwapV3
PancakeSwapV3,0xed23c36c7f67602f7bf33985ebeda6047f3dd684,brew,WBNB,200,10000,0x468ce0ba4436ed0619174b44efd946d42a03de65,0xbb4cdb9cbd36b01bd1cbaebf2de08d9173bc095c,18,18,PancakeSwapV3
PancakeSwapV3,0x9482b9ffb696c2cdec992d93bf274fa8c1b5d71b,WBNB,Temistocle,200,10000,0xbb4cdb9cbd36b01bd1cbaebf2de08d9173bc095c,0xd6906ad36e5d8ff13e1ebc008b323013dbc46017,18,18,PancakeSwapV3
PancakeSwapV3,0x7f6a13d0e229aac6b1077b31ffdfbf6606c747ea,WBNB,HH,200,10000,0xbb4cdb9cbd36b01bd1cbaebf2de08d9173bc095c,0xea7b05b0b0bf96c00338ffab021bc13c4be9cfd3,18,18,PancakeSwapV3
PancakeSwapV3,0xc1be5cebf26c7ff86bebc4d869fb154008435b0a,WBNB,KHABY,200,10000,0xbb4cdb9cbd36b01bd1cbaebf2de08d9173bc095c,0xca47569893715ea3bb6aa76022309ee3ef78b3f2,18,18,PancakeSwapV3
PancakeSwapV3,0xfa3e2e1247faa1be7cf425fb8956249c17812820,$K,WBNB,200,10000,0x007a3180070f7537255d237f548c635d62949de5,0xbb4cdb9cbd36b01bd1cbaebf2de08d9173bc095c,18,18,PancakeSwapV3
PancakeSwapV3,0xe3f8a6b47a840e849febf59a3a31cd8fc1797562,Deep,WBNB,200,10000,0x3ecb1cc96f355147f2bc5788ef67d4dc1a791a51,0xbb4cdb9cbd36b01bd1cbaebf2de08d9173bc095c,18,18,PancakeSwapV3
PancakeSwapV3,0x35def50e33cc2e868ca78626effd69a3987d4198,BINA,WBNB,200,10000,0x8dbde6982447920bf1c20bfa98753393913e2835,0xbb4cdb9cbd36b01bd1cbaebf2de08d9173bc095c,18,18,PancakeSwapV3
PancakeSwapV3,0x6b51d8980b192059f3c3c905baf2404673420be2,test5,WBNB,200,10000,0x82d5fee7a998c74dd7f61bb07bd61116cbb3d6ad,0xbb4cdb9cbd36b01bd1cbaebf2de08d9173bc095c,18,18,PancakeSwapV3
PancakeSwapV3,0x7262d8c5b5cff42c4d71f714009a7cd087558262,test1,WBNB,200,10000,0x1e46fc7cee5422ff5e3e617860927eaef10aa4bf,0xbb4cdb9cbd36b01bd1cbaebf2de08d9173bc095c,18,18,PancakeSwapV3
PancakeSwapV3,0xe3aa8010ab91333ca931058010286a43d5db5121,test1,WBNB,200,10000,0x0fe99929244e437456f665d8031a11baaa829281,0xbb4cdb9cbd36b01bd1cbaebf2de08d9173bc095c,18,18,PancakeSwapV3
PancakeSwapV3,0x36a4ef45034c40df4b6f7d47d71169380680eac1,WBNB,test1,200,10000,0xbb4cdb9cbd36b01bd1cbaebf2de08d9173bc095c,0xdac5404a70a03fdeac8d8a49e100d8d1578c9756,18,18,PancakeSwapV3
PancakeSwapV3,0xc4c19013bfd0f1b93fe7e5eac7332abf56c35447,test1,WBNB,200,10000,0x5b953f4ea9d7018501ec792eddb3e64eed256e81,0xbb4cdb9cbd36b01bd1cbaebf2de08d9173bc095c,18,18,PancakeSwapV3
PancakeSwapV3,0xcd66a959f299ad49d4003e51a13ff5a69e37ab1e,WBNB,test12,200,10000,0xbb4cdb9cbd36b01bd1cbaebf2de08d9173bc095c,0xd498af23a8939e91203be92e39192862bd7cd2c3,18,18,PancakeSwapV3
PancakeSwapV3,0x10bcef067c599ab443d591f4acfe3308bc1c0b19,123R,WBNB,200,10000,0x7028ce87f491ac1e0d017ea775aa12c62f648432,0xbb4cdb9cbd36b01bd1cbaebf2de08d9173bc095c,18,18,PancakeSwapV3
PancakeSwapV3,0x6c429213d34fe3b3e7f8b5dcc544073b448f7db2,CP,WBNB,200,10000,0x362aaeaa3b06522ef227babee1a67eeee675b9dd,0xbb4cdb9cbd36b01bd1cbaebf2de08d9173bc095c,18,18,PancakeSwapV3
PancakeSwapV3,0x6761b5a21fbf8d93be74baba23bd8c06e9154e8b,SWAV,WBNB,200,10000,0x4b2b73bb378063bbc2652b754fadf9ae91f7df65,0xbb4cdb9cbd36b01bd1cbaebf2de08d9173bc095c,18,18,PancakeSwapV3
PancakeSwapV3,0x644bee599f954dcb9e9659d286d092f6bf07e2c4,WBNB,hh2,200,10000,0xbb4cdb9cbd36b01bd1cbaebf2de08d9173bc095c,0xf67506b1f968d38cbe18801d0ef30ee7a97ae0f7,18,18,PancakeSwapV3
PancakeSwapV3,0x17081a6601a547cef4d2604922fd570cd6231640,test,WBNB,200,10000,0x010e2131d81dbd6a1b4444e10b05bfa31e73f3f3,0xbb4cdb9cbd36b01bd1cbaebf2de08d9173bc095c,18,18,PancakeSwapV3
PancakeSwapV3,0x7adcdbb465721dc24dd3aef9d3e0e403687462d1,testtu,WBNB,200,10000,0x28fdb72858f8ebf71c52f68fb3860c9bfbade7ad,0xbb4cdb9cbd36b01bd1cbaebf2de08d9173bc095c,18,18,PancakeSwapV3
PancakeSwapV3,0x76f1f7e71a146910439c5f55c8807e51bf9b45bd,HH1,WBNB,200,10000,0x2f5363e1caf049cd3c29af4cb2e6f2dfeba71d8f,0xbb4cdb9cbd36b01bd1cbaebf2de08d9173bc095c,18,18,PancakeSwapV3
PancakeSwapV3,0xbe5cbf2d63986275aac3c5c73edbbcc818b720c7,WBNB,SOLmirages,200,10000,0xbb4cdb9cbd36b01bd1cbaebf2de08d9173bc095c,0xfa6b43946a22ec761a99aab112126029c8198c7b,18,18,PancakeSwapV3
PancakeSwapV3,0xda796bff205b784fe82a911e2815688191457786,TUR,WBNB,200,10000,0x4fe5ad5bf21e715892b405b5763225ac183f68a8,0xbb4cdb9cbd36b01bd1cbaebf2de08d9173bc095c,18,18,PancakeSwapV3
PancakeSwapV3,0xb856eebca4c6cdc73eeb74e28f184e041b6e8aa3,WBNB,DOC,200,10000,0xbb4cdb9cbd36b01bd1cbaebf2de08d9173bc095c,0xcfe019ce7c12550fc82dab1e819c97e0ee2fe776,18,18,PancakeSwapV3
PancakeSwapV3,0x0e59923c233f0470a07770cdd4ad86bda7af9f6f,GrimBooty,WBNB,200,10000,0xb8fec29b928d2685dde08537709963de4f5a5737,0xbb4cdb9cbd36b01bd1cbaebf2de08d9173bc095c,18,18,PancakeSwapV3
PancakeSwapV3,0x66629594940e17f6dfa5d42b6bf686bdb04e5717,RICH,WBNB,200,10000,0x4d8de0e6cf34eb61358b077fb0f929c5f2bb1cf3,0xbb4cdb9cbd36b01bd1cbaebf2de08d9173bc095c,18,18,PancakeSwapV3
PancakeSwapV3,0xe47b59344aa90fb9ed731762a767a415560e0cb5,4K,WBNB,200,10000,0x5a13175f483431035ceb155cf05ac17fe19ad3b0,0xbb4cdb9cbd36b01bd1cbaebf2de08d9173bc095c,18,18,PancakeSwapV3
PancakeSwapV3,0x7ce6621d7b3b2c2bd77f817f2fee1d78db7d6427,NDR,WBNB,200,10000,0x08eba50f9e5c331eb5a36531d675debc7486f44a,0xbb4cdb9cbd36b01bd1cbaebf2de08d9173bc095c,18,18,PancakeSwapV3
PancakeSwapV3,0x59cbf843b608dd97c69c88781ac06a39c8f8e415,ThanksForPlaying,WBNB,200,10000,0x98fa2b772ba88f61100850dc14e408bd0b901517,0xbb4cdb9cbd36b01bd1cbaebf2de08d9173bc095c,18,18,PancakeSwapV3
PancakeSwapV3,0xe2c8f306850c21f6d3f83ff380bdfaab3754675f,test4,WBNB,200,10000,0x3fb792d54e55dc0299eab7bbb41ccd5c3fc041db,0xbb4cdb9cbd36b01bd1cbaebf2de08d9173bc095c,18,18,PancakeSwapV3
PancakeSwapV3,0xfacbd43f99b77eb06ec9e09dfbdbdbf6d4c2c2d8,POLLY,WBNB,200,10000,0x730676e6f0071b632e9c8562a8bd57fff59433f3,0xbb4cdb9cbd36b01bd1cbaebf2de08d9173bc095c,18,18,PancakeSwapV3
PancakeSwapV3,0xc78daa31c3f147cb4db2aa2d05c0c851409ead10,GOAT,WBNB,200,10000,0x0a2f036bd8a426c6db3c1596e2bdca6ade62c7fd,0xbb4cdb9cbd36b01bd1cbaebf2de08d9173bc095c,18,18,PancakeSwapV3
PancakeSwapV3,0xb1a394f76f28c10844b50670ce02f2aa7de451ea,sgk,WBNB,200,10000,0x7d75d2f55949294d9f08708088d2ae82de984e7c,0xbb4cdb9cbd36b01bd1cbaebf2de08d9173bc095c,18,18,PancakeSwapV3
PancakeSwapV3,0x191d02bc21d4da1d7af374e462ab0e49fe8fb789,TRUEX,WBNB,200,10000,0xa4647aa0a46e2a0b298b8ed55b6e365971b800b9,0xbb4cdb9cbd36b01bd1cbaebf2de08d9173bc095c,18,18,PancakeSwapV3
PancakeSwapV3,0xfff02a7347e601f9f0c06cd86a1b2d4ad8a12584,$LOLIPOP,WBNB,200,10000,0x265eedcbb9fff9d7a897059658b0fd9599fdd721,0xbb4cdb9cbd36b01bd1cbaebf2de08d9173bc095c,18,18,PancakeSwapV3
PancakeSwapV3,0x047abd89a8ad8eba715b57a423aad8c6157962d2,WBNB,WFM,200,10000,0xbb4cdb9cbd36b01bd1cbaebf2de08d9173bc095c,0xe603ec03780f7e4eb5f49b6de05474a015c899c6,18,18,PancakeSwapV3
PancakeSwapV3,0x076e8670708997bd9bb4ca07f0c42cbdf7cd89a4,NFS,WBNB,200,10000,0x93496b186eda27cbe363a98d83ce2ca96f2b4d0c,0xbb4cdb9cbd36b01bd1cbaebf2de08d9173bc095c,18,18,PancakeSwapV3
PancakeSwapV3,0x685fb10f080252f87f57505381aaff8f6cf01258,ICA,WBNB,200,10000,0x9ea69063de4c06feef998f33eb6573b49fb15fdf,0xbb4cdb9cbd36b01bd1cbaebf2de08d9173bc095c,18,18,PancakeSwapV3
PancakeSwapV3,0x58a588eb6acffd5be6762b7cea7a3b85abff89da,3.1,WBNB,200,10000,0x3c2190b3f3c56313389eb89ce731a9c0bd53bedd,0xbb4cdb9cbd36b01bd1cbaebf2de08d9173bc095c,18,18,PancakeSwapV3
PancakeSwapV3,0x464feeb9d6b0883c85461bcef4e28e6ddc5639fb,CLIZMOON,WBNB,200,10000,0x034b69694c281a2b032ceed85ad1aac84ce80fe0,0xbb4cdb9cbd36b01bd1cbaebf2de08d9173bc095c,18,18,PancakeSwapV3
PancakeSwapV3,0xb141059829151e3657fbc37cc08cbd13323bb2d8,WBNB,MrWealthCoin,200,10000,0xbb4cdb9cbd36b01bd1cbaebf2de08d9173bc095c,0xff3836c1d0a93f9a613991e3c57aa3209f2b1dca,18,18,PancakeSwapV3
PancakeSwapV3,0xe2a8acdd48f87a17fbb594d7de8e7ec705cdb62d,cor,WBNB,200,10000,0x5286d59fbbd39318e29ea1d2337d46d0595a9a65,0xbb4cdb9cbd36b01bd1cbaebf2de08d9173bc095c,18,18,PancakeSwapV3
PancakeSwapV3,0xd4e3297ee89ab11810f8bdc137fecad944058cd4,TFNC,WBNB,200,10000,0xa072315555398eb42a08ffcd3f2c1d6793bd66a2,0xbb4cdb9cbd36b01bd1cbaebf2de08d9173bc095c,18,18,PancakeSwapV3
PancakeSwapV3,0xca8a05512feb17ee60fa28dfe78dd8fafffeddde,MAGA,WBNB,200,10000,0xa48ab9e1ccbb301277ed4e7cba1e95f32dcfc335,0xbb4cdb9cbd36b01bd1cbaebf2de08d9173bc095c,18,18,PancakeSwapV3
PancakeSwapV3,0x4a8e75f018ac07688d447974133ce3ec5dc42549,Zenith,WBNB,200,10000,0x8a6dd87fd6f30f9804eb705ceb6e1263b852141d,0xbb4cdb9cbd36b01bd1cbaebf2de08d9173bc095c,18,18,PancakeSwapV3
PancakeSwapV3,0x6472ba25c52c385fd97f2cd5b092b56e6449ecbf,MechagodzillaV2,WBNB,200,10000,0x0138dfb6419a694aa6d9c9e4b0b8fd7d12255002,0xbb4cdb9cbd36b01bd1cbaebf2de08d9173bc095c,18,18,PancakeSwapV3
PancakeSwapV3,0xc3fd7feb6305d7af7483d27774af295eca1c4d1c,$CZRUNZ,WBNB,200,10000,0x99479e6858050c5d816a21fdaf8f2f7333b29eb8,0xbb4cdb9cbd36b01bd1cbaebf2de08d9173bc095c,18,18,PancakeSwapV3
PancakeSwapV3,0x2fdd8338924255a1a9471e50526f73cc3043d5fb,BILLE,WBNB,200,10000,0x0f793cc1179c83ce0f79cc23f65323021bdc2e61,0xbb4cdb9cbd36b01bd1cbaebf2de08d9173bc095c,18,18,PancakeSwapV3
PancakeSwapV3,0x08e47ffe358be8a6c537497ed6f2b0a1e1885bc8,NIPCOIN,WBNB,200,10000,0x5e81e53363705aaabeb024dd363cd4e3eeb90c66,0xbb4cdb9cbd36b01bd1cbaebf2de08d9173bc095c,18,18,PancakeSwapV3
PancakeSwapV3,0x6f9f9cfebaf91cfd9ee86c4e42ed5c326893df1c,WBNB,BITLOGO,200,10000,0xbb4cdb9cbd36b01bd1cbaebf2de08d9173bc095c,0xce47c82c352925544ebc95e794d22fab2cc0b193,18,18,PancakeSwapV3
PancakeSwapV3,0xe5a3f47edaa7dd7822bad72f4c973d2700c0cecc,APRILFOOLS,WBNB,200,10000,0x3233ef2f4a44af37a0df7cfa90a20f55d51eb78d,0xbb4cdb9cbd36b01bd1cbaebf2de08d9173bc095c,18,18,PancakeSwapV3
PancakeSwapV3,0x8d3ff5b7b79bc8f2cf9f944db0e6b5a3d743d71a,$flentAi,WBNB,200,10000,0x11f43e810943351552eb76ee7674d0a674e066c2,0xbb4cdb9cbd36b01bd1cbaebf2de08d9173bc095c,18,18,PancakeSwapV3
PancakeSwapV3,0x40c857a97efe6f38c52eafc7b608d8bb3314b1e5,WBNB,AKE,200,10000,0xbb4cdb9cbd36b01bd1cbaebf2de08d9173bc095c,0xd8c7e35e8a5411d369c5caaf676edf1df873a2ba,18,18,PancakeSwapV3
PancakeSwapV3,0x0daad8965fac729e161d75b6f9155474bfab7e46,SUMMIT,WBNB,200,10000,0x030dcf9af496819cb6df0b6b957fe2f9c1966b42,0xbb4cdb9cbd36b01bd1cbaebf2de08d9173bc095c,18,18,PancakeSwapV3
PancakeSwapV3,0xd5481346cd6d779456b4f95b328084512f310334,WBNB,PEPETO,200,10000,0xbb4cdb9cbd36b01bd1cbaebf2de08d9173bc095c,0xca2165d315006f61340146a62fd875160782e0f0,18,18,PancakeSwapV3
PancakeSwapV3,0x1799a5b84f844302a6f8ad0d6d81040f6dec06a6,WBNB,Tariff,200,10000,0xbb4cdb9cbd36b01bd1cbaebf2de08d9173bc095c,0xef75a3cf4bafe06d8b65b3f46cdc307414c9f9c0,18,18,PancakeSwapV3
PancakeSwapV3,0x681ec9b80a21dbef4ef6caac8a926ebaadad9d6a,HoN,WBNB,200,10000,0x06b1f0b00222b397b1c6e1cdbb2810db9d69aff8,0xbb4cdb9cbd36b01bd1cbaebf2de08d9173bc095c,18,18,PancakeSwapV3
PancakeSwapV3,0x7d4e958de652173bcfea9a5204c804e87eaa7a72,WBNB,LOSER,200,10000,0xbb4cdb9cbd36b01bd1cbaebf2de08d9173bc095c,0xd20a1dff504ab41227563ab46984285db39601d0,18,18,PancakeSwapV3
PancakeSwapV3,0xcf8865dcf7b9cbf980e34a7582244b2d44df424f,$MOG/ACC,WBNB,200,10000,0x17bec8f990f66ec6ec945eb4a817e8cef6a6522e,0xbb4cdb9cbd36b01bd1cbaebf2de08d9173bc095c,18,18,PancakeSwapV3
PancakeSwapV3,0xd19566d54dac81816a1e8f3413694210f3cefe7c,WBNB,DEAL,200,10000,0xbb4cdb9cbd36b01bd1cbaebf2de08d9173bc095c,0xbfbedf469a0a706c6380f5ad64a28374bed64a60,18,18,PancakeSwapV3
PancakeSwapV3,0x1bdcdeaa8db82fa13bb973d148e99f5dd638ec04,JIGGI,WBNB,200,10000,0x76b7f38bd0d2336463b3cdcf0a6d1bd106641479,0xbb4cdb9cbd36b01bd1cbaebf2de08d9173bc095c,18,18,PancakeSwapV3
PancakeSwapV3,0xdeaece203cb5f046d9d95f99e96e5883d5c71232,WBNB,MILAI,200,10000,0xbb4cdb9cbd36b01bd1cbaebf2de08d9173bc095c,0xcfc5bd39c79f81cd01c35b11a65effdc6d75e6ac,18,18,PancakeSwapV3
PancakeSwapV3,0x93e6c5fedc68f24bdcfd7ffd6aeceb32cc15f3a6,INK,WBNB,200,10000,0x3212d87b4453d5994ad22c14f3f67bbe341b8d94,0xbb4cdb9cbd36b01bd1cbaebf2de08d9173bc095c,18,18,PancakeSwapV3
PancakeSwapV3,0x6c4b9fb98583d6acb1ad96d39ca9a58e58d6b85a,AEROBASE,WBNB,200,10000,0x0eeaea397abed5a77afe301f90484fe46c16f2b6,0xbb4cdb9cbd36b01bd1cbaebf2de08d9173bc095c,18,18,PancakeSwapV3
PancakeSwapV3,0x9ef3ec36a8e15b749fef366cc69eff51469a5516,MemeInu,WBNB,200,10000,0x4d673feb01d63711f87e243447a3cef1c9f06ce1,0xbb4cdb9cbd36b01bd1cbaebf2de08d9173bc095c,18,18,PancakeSwapV3
PancakeSwapV3,0x3b47d35bcf18ba7162b7cda99ba6ba83e15e6434,BODY,WBNB,200,10000,0x7bee1eeeeb8e236a1bc6de0a2d647fc304da4bbc,0xbb4cdb9cbd36b01bd1cbaebf2de08d9173bc095c,18,18,PancakeSwapV3
PancakeSwapV3,0xc796391f7d5d38390ab4ac38a01fc8435f59fd28,CONGBRUT,WBNB,200,10000,0xaa0d3474a74e2827d845a252b7fc4b13c5644af0,0xbb4cdb9cbd36b01bd1cbaebf2de08d9173bc095c,18,18,PancakeSwapV3
PancakeSwapV3,0xc761c01d0c4c957234d9610b22964277b3c51491,PONZI,WBNB,200,10000,0x0031ea13dd0846d8ed4d4e5ec7c35f0c7e70058f,0xbb4cdb9cbd36b01bd1cbaebf2de08d9173bc095c,18,18,PancakeSwapV3
PancakeSwapV3,0x3ce2bae5ddb3b9e301db48f83b630b752512b43e,BASE,WBNB,200,10000,0x9d80264691d4ca5ad37c3287c7ad6ad1ddbc2e16,0xbb4cdb9cbd36b01bd1cbaebf2de08d9173bc095c,18,18,PancakeSwapV3
PancakeSwapV3,0xd3de3655508404259b7a45167e32866bfa0caf6c,FOM,WBNB,200,10000,0x39328aa40f8669c73482726975798877d90cee3b,0xbb4cdb9cbd36b01bd1cbaebf2de08d9173bc095c,18,18,PancakeSwapV3
PancakeSwapV3,0x8d6f74b427a8f36cf6c4d91aae3713de69ffd15d,BQ,WBNB,200,10000,0x42ac3956a58fd8509367b23f354e2290cfceef3f,0xbb4cdb9cbd36b01bd1cbaebf2de08d9173bc095c,18,18,PancakeSwapV3
PancakeSwapV3,0x8d8d7b8c3f98fea471b5ae667afd40bb6fe71227,MOON,WBNB,200,10000,0xa65538b9aa6c5cc860da64f6e4ba07a318b3e27b,0xbb4cdb9cbd36b01bd1cbaebf2de08d9173bc095c,18,18,PancakeSwapV3
PancakeSwapV3,0xebe2f8d782598e26fd6fc1efb223bbec94f264bf,SIGH,WBNB,200,10000,0x4bf08821e1f51121e79f143984bcf95bdf06eeef,0xbb4cdb9cbd36b01bd1cbaebf2de08d9173bc095c,18,18,PancakeSwapV3
PancakeSwapV3,0xfcc48ae06de1f5906c4ad5a24121e75f7ed6b20f,SIGH,WBNB,200,10000,0x20541e318aac8d6e92f149c9767f6a5f18628d92,0xbb4cdb9cbd36b01bd1cbaebf2de08d9173bc095c,18,18,PancakeSwapV3
PancakeSwapV3,0x1c2c5f0b08e103c34d1cf56473e34f1a468aa88b,BENJI,WBNB,200,10000,0x58ead12a4bfc35fb58267029db2326ead630e82b,0xbb4cdb9cbd36b01bd1cbaebf2de08d9173bc095c,18,18,PancakeSwapV3
PancakeSwapV3,0x2a54c8ddc905c067a95def16d63fc6ac418be61b,SIGH,WBNB,200,10000,0x417ba37a597070f05cec29796c306ea9a9a9ff90,0xbb4cdb9cbd36b01bd1cbaebf2de08d9173bc095c,18,18,PancakeSwapV3
PancakeSwapV3,0x07d420e0df31a5bdf670cc3da277f7ccf165623c,Sog,WBNB,200,10000,0x0e9164b178cdc8d820c69721588ed20e4df67b81,0xbb4cdb9cbd36b01bd1cbaebf2de08d9173bc095c,18,18,PancakeSwapV3
PancakeSwapV3,0x0dd793ce99a1e1357e1f53f423fe91c00f174298,PB,WBNB,200,10000,0xb7298a6fd6d384a32ad730c9df5373ef2fde7d03,0xbb4cdb9cbd36b01bd1cbaebf2de08d9173bc095c,18,18,PancakeSwapV3
PancakeSwapV3,0xee6885eb58a82aa71ae0282a9d9299e521b1be47,MEMEC,WBNB,200,10000,0x69bd0084d7f7b85a65b81515b5879802c470d718,0xbb4cdb9cbd36b01bd1cbaebf2de08d9173bc095c,18,18,PancakeSwapV3
PancakeSwapV3,0x4c3ebf193f1d7393739ff2fac0bf9a4bd035916a,KHONGGUAN,WBNB,200,10000,0x8ed96dc4d2343d610b9772018fd3662b3771cf2e,0xbb4cdb9cbd36b01bd1cbaebf2de08d9173bc095c,18,18,PancakeSwapV3
PancakeSwapV3,0x1721105ca215f665f05dab00499c6182a5876058,ARI,WBNB,200,10000,0x64f4588ddf5ac55994ba4bfc7b3d8abdb9598936,0xbb4cdb9cbd36b01bd1cbaebf2de08d9173bc095c,18,18,PancakeSwapV3
PancakeSwapV3,0xe6a0e2064502a51a211e7af127b32e6c6e157320,MAMMOTH,WBNB,200,10000,0xaf99d7cca4cd9508ab22eeefb6303e614e8288f3,0xbb4cdb9cbd36b01bd1cbaebf2de08d9173bc095c,18,18,PancakeSwapV3
PancakeSwapV3,0x5e6426ef0028c7ad15e0b7528970888ef8ab57c0,Fwo,WBNB,200,10000,0x32f5074461859ed8cc7d459ebb35743cbe476a3a,0xbb4cdb9cbd36b01bd1cbaebf2de08d9173bc095c,18,18,PancakeSwapV3
PancakeSwapV3,0xee5a24b8edd734f291676fb19e4ab75c5902dad3,meme,WBNB,200,10000,0x41a9faeaa2ce987a117cdeab3c9d96403840537b,0xbb4cdb9cbd36b01bd1cbaebf2de08d9173bc095c,18,18,PancakeSwapV3
PancakeSwapV3,0x39108c87d1ca9e7bbb400c4c65a4517f0a635b77,XCHAT,WBNB,200,10000,0x1e9c4e6d9f0f1dc352aecd11fd669dc92d436cfd,0xbb4cdb9cbd36b01bd1cbaebf2de08d9173bc095c,18,18,PancakeSwapV3
PancakeSwapV3,0x9db8a9b5fb908289c33e99425f1d8426ab23ad75,ACB5,WBNB,200,10000,0x7520871c65546fc6f90d2beb4614034898600486,0xbb4cdb9cbd36b01bd1cbaebf2de08d9173bc095c,18,18,PancakeSwapV3
PancakeSwapV3,0xde0afb8c3a0cb159ce48ffc9e60a0e2dc0886ab0,DOGSHORT,WBNB,200,10000,0x16d387089d7c6c7e71e1a2bdd8f3431503d46092,0xbb4cdb9cbd36b01bd1cbaebf2de08d9173bc095c,18,18,PancakeSwapV3
PancakeSwapV3,0xa888114569c964641bee2bcb416b04dbd235e247,ROELON,WBNB,200,10000,0x1c06647fee66fde16d780f7c78260acd11c259c9,0xbb4cdb9cbd36b01bd1cbaebf2de08d9173bc095c,18,18,PancakeSwapV3
PancakeSwapV3,0x9bed18cff1d58412616e747bc15545eab469aee6,CANETOAD,WBNB,200,10000,0xa985a22ce96ae2b6375f6cd57f324fa7cf153712,0xbb4cdb9cbd36b01bd1cbaebf2de08d9173bc095c,18,18,PancakeSwapV3
PancakeSwapV3,0xad4a86318323d9b93c0bcb5b616581db5a4b1b20,QTSL,WBNB,200,10000,0x29309a0a39bfefe3df46e4267b5901584a05892b,0xbb4cdb9cbd36b01bd1cbaebf2de08d9173bc095c,18,18,PancakeSwapV3
PancakeSwapV3,0x8b37290d1cd0aa7d12a9626e8e9cf1a0c53d0fb7,EID,WBNB,200,10000,0x138ca8b1803e0d0452f9b2becb238f18588ebfab,0xbb4cdb9cbd36b01bd1cbaebf2de08d9173bc095c,18,18,PancakeSwapV3
PancakeSwapV3,0xb6c764efb244d08f7edd802452dc12980067e7c6,PXH,WBNB,200,10000,0xaa5e5c73a1de857d7a0b42f7767aede9e1921698,0xbb4cdb9cbd36b01bd1cbaebf2de08d9173bc095c,18,18,PancakeSwapV3
PancakeSwapV3,0xa3af5591024c1f11ddef310b5ab396961ff79207,GROKLET,WBNB,200,10000,0x31a0cf16f014a326b5441c34a60eb3fcb546c3e1,0xbb4cdb9cbd36b01bd1cbaebf2de08d9173bc095c,18,18,PancakeSwapV3
PancakeSwapV3,0x0eb22d525e8fbabaa826659d126796b0dbf52aad,opBNB,WBNB,200,10000,0x746e7d07cbcf1c11e91c15c7ed4a841fbeedc1e7,0xbb4cdb9cbd36b01bd1cbaebf2de08d9173bc095c,18,18,PancakeSwapV3
PancakeSwapV3,0xe3119c1d5e9b3049634b8a0ff6c38249b38b99ab,CINCO,WBNB,200,10000,0x15b94049ec84921d4ee828a989753229d685148f,0xbb4cdb9cbd36b01bd1cbaebf2de08d9173bc095c,18,18,PancakeSwapV3
PancakeSwapV3,0xb5f1f3f97bb5d9b8ecea499910daca170490581f,KANZA,WBNB,200,10000,0xbac12fa79679a928c85a2e57d572304b1b495d00,0xbb4cdb9cbd36b01bd1cbaebf2de08d9173bc095c,18,18,PancakeSwapV3
PancakeSwapV3,0x45014935d3180037c33594c790991bcdb52fa05b,VGROK,WBNB,200,10000,0x9522e033fafdb0ffc218e40d40639abed77c76ab,0xbb4cdb9cbd36b01bd1cbaebf2de08d9173bc095c,18,18,PancakeSwapV3
PancakeSwapV3,0x115d11562003618730d6bb69ae7e3dc1160337af,Blueberry,WBNB,200,10000,0x7761bd4113c5c73d7248506ec1a3a4e39b845e47,0xbb4cdb9cbd36b01bd1cbaebf2de08d9173bc095c,18,18,PancakeSwapV3
PancakeSwapV3,0x974b04d8d1977407a2ef5c9096914ce11ba7e58f,OMRA,WBNB,200,10000,0x0862e7a1be21c6ddd3a5c64d79cf661167613553,0xbb4cdb9cbd36b01bd1cbaebf2de08d9173bc095c,18,18,PancakeSwapV3
PancakeSwapV3,0xa9991a8933e86e90c6ba39fec8529d71b36d3f16,HAP,WBNB,200,10000,0x9abf29da9fbe74f176c8f13b0193d3cec69fa4ba,0xbb4cdb9cbd36b01bd1cbaebf2de08d9173bc095c,18,18,PancakeSwapV3
PancakeSwapV3,0x7749e779cb9849d1f5d15b80d28e7426936c3a22,HAP,WBNB,200,10000,0x835270796c339d5a793739291c1e0750c21d558b,0xbb4cdb9cbd36b01bd1cbaebf2de08d9173bc095c,18,18,PancakeSwapV3
PancakeSwapV3,0x772c7277ee7a9d8a9a982cb1bab3ef0af021f2d8,JOE,WBNB,200,10000,0x94576ea6c99beea0b3920f74af38aeecc0386cd2,0xbb4cdb9cbd36b01bd1cbaebf2de08d9173bc095c,18,18,PancakeSwapV3
PancakeSwapV3,0x4c4fa6c486023668e6c7b1a5791ae6f212ee0986,GND,WBNB,200,10000,0x7d93cd960003c412d06c87b3cbb9e6e683a8a281,0xbb4cdb9cbd36b01bd1cbaebf2de08d9173bc095c,18,18,PancakeSwapV3
PancakeSwapV3,0xd32df3ee5b38650c151e4734659889b0faec11de,WAGMD,WBNB,200,10000,0x78d9157d0239b8fc02c8708c5b1e13e480dff251,0xbb4cdb9cbd36b01bd1cbaebf2de08d9173bc095c,18,18,PancakeSwapV3
PancakeSwapV3,0xcc95689b3b5084a8e049c1f8748005f1c9429f7e,FROG,WBNB,200,10000,0xba3b43ffdecbba9de5e0aa70a0499c5437a316d5,0xbb4cdb9cbd36b01bd1cbaebf2de08d9173bc095c,18,18,PancakeSwapV3
PancakeSwapV3,0x66b1d0c21e4a837309cfe57e0d745b17cdc1ab73,GOLD,WBNB,200,10000,0x601978df76619938a7c7a612ea7e3ad723a02292,0xbb4cdb9cbd36b01bd1cbaebf2de08d9173bc095c,18,18,PancakeSwapV3
PancakeSwapV3,0x26892ee7514c37c92eff64c3ac0561540f2915ed,BLACK,WBNB,200,10000,0x32fa3d26a766623443c0a65c7692dccbf3eebf8d,0xbb4cdb9cbd36b01bd1cbaebf2de08d9173bc095c,18,18,PancakeSwapV3
PancakeSwapV3,0x592587e959adcdf5afb2ff7c1c9d0accd86328eb,GOLD,WBNB,200,10000,0x27cbd42ab90b46a25cd1f3d0f6f0f11391c2804e,0xbb4cdb9cbd36b01bd1cbaebf2de08d9173bc095c,18,18,PancakeSwapV3
PancakeSwapV3,0xc97ab231fa84021825fe5cecc989287962899af5,BLAMA,WBNB,200,10000,0x7ee07871bd3afecf1d6351132029fe7f4a7ddf95,0xbb4cdb9cbd36b01bd1cbaebf2de08d9173bc095c,18,18,PancakeSwapV3
PancakeSwapV3,0x073b3533046206bdedfc8ddad666e8904d040c8a,SHADOW,WBNB,200,10000,0x0dfefedff11cf35db1b4b815d86249b44983a526,0xbb4cdb9cbd36b01bd1cbaebf2de08d9173bc095c,18,18,PancakeSwapV3
PancakeSwapV3,0xcd05b1fd8825b2fef17b9efeeaddada343670056,Marketbot,WBNB,200,10000,0x4f3b0bf6c33bb9b0e80539270c6048f11aca5aaf,0xbb4cdb9cbd36b01bd1cbaebf2de08d9173bc095c,18,18,PancakeSwapV3
PancakeSwapV3,0xafb1ec53b50dc0325b14cfe9ed6b82acf6e9dd6d,RAMEN,WBNB,200,10000,0x536445b72af2f410c79ef65890349ed75ab87670,0xbb4cdb9cbd36b01bd1cbaebf2de08d9173bc095c,18,18,PancakeSwapV3
PancakeSwapV3,0x75f13210051f5067e047d6d488152daa48776a48,MSCATTY,WBNB,200,10000,0x25b1aa47d111c08397e083679af564328c380db8,0xbb4cdb9cbd36b01bd1cbaebf2de08d9173bc095c,18,18,PancakeSwapV3
PancakeSwapV3,0x2b18ab5482e92a06c94748a5416791ce46371e72,CLUCK,WBNB,200,10000,0x5da38d8dd76eade190da40cc0d1cb6578226ef2b,0xbb4cdb9cbd36b01bd1cbaebf2de08d9173bc095c,18,18,PancakeSwapV3
PancakeSwapV3,0x1d1fde02f2630e8c039bd9be8ee2a1b48bdc2db9,BTCKILLER,WBNB,200,10000,0x734af38be911d0bbcd8317bbebbafdce31e174a8,0xbb4cdb9cbd36b01bd1cbaebf2de08d9173bc095c,18,18,PancakeSwapV3
PancakeSwapV3,0x40ae53936a2c67107c74f87c0df154174e91160a,Giraffe,WBNB,200,10000,0x130bf14a50837b00973de4bfaeaf49589c9453d2,0xbb4cdb9cbd36b01bd1cbaebf2de08d9173bc095c,18,18,PancakeSwapV3
PancakeSwapV3,0x9d7618406b82a294417b9120e9a256178bae481f,PM,WBNB,200,10000,0x685bd67cc4e1ee9167e225557ff0ac601514f4fb,0xbb4cdb9cbd36b01bd1cbaebf2de08d9173bc095c,18,18,PancakeSwapV3
PancakeSwapV3,0xce5de17318b8d51a79158b46c27892b04a40a0d6,MemeCity,WBNB,200,10000,0x3c92039fb0ec27d1f921cf66cee70ce82c27c1b0,0xbb4cdb9cbd36b01bd1cbaebf2de08d9173bc095c,18,18,PancakeSwapV3
PancakeSwapV3,0xe2439e234cf1c54b416ed275027e946038ff3188,LKGN,WBNB,200,10000,0x683a1095abb54a576d5f33c89f6eef0dd29f47a0,0xbb4cdb9cbd36b01bd1cbaebf2de08d9173bc095c,18,18,PancakeSwapV3
PancakeSwapV3,0xc74df9c33cebde8bf3d544873f0d161a0360aaa3,GN,WBNB,200,10000,0x6849a0fa29971155bbb68b7b24696a1edf0374f2,0xbb4cdb9cbd36b01bd1cbaebf2de08d9173bc095c,18,18,PancakeSwapV3
PancakeSwapV3,0x9ee253cb21fa4805d07d508b6a1ac5f503ce9c4d,EBA,WBNB,200,10000,0x502f71ba4be73207b85345855ee1f11ad42e3f20,0xbb4cdb9cbd36b01bd1cbaebf2de08d9173bc095c,18,18,PancakeSwapV3
PancakeSwapV3,0x3c76930732a33486fdad7bedef59868283ff6875,G,WBNB,200,10000,0x9d8f8ab398d1a97e7e7129d530ae7643ca050b1d,0xbb4cdb9cbd36b01bd1cbaebf2de08d9173bc095c,18,18,PancakeSwapV3
PancakeSwapV3,0x6c72a4bb65b1c8aab850b8599ec0b3acb74f718a,M,WBNB,200,10000,0x592e6289fcda8a4229f670ce365a9d33f8908cea,0xbb4cdb9cbd36b01bd1cbaebf2de08d9173bc095c,18,18,PancakeSwapV3
PancakeSwapV3,0xb17783de0d30a6724306082687e79786d2c0e805,MEMEWIF,WBNB,200,10000,0x52b6e81c109f0d94e9d5d6e85db903e02b5c3be3,0xbb4cdb9cbd36b01bd1cbaebf2de08d9173bc095c,18,18,PancakeSwapV3
PancakeSwapV3,0x20e3c8dc421877e1379d2e4445f2f5f6ecc0e02d,IOTAMOVE,WBNB,200,10000,0x5bd4463d5876d5460386946775281a36c664ecb1,0xbb4cdb9cbd36b01bd1cbaebf2de08d9173bc095c,18,18,PancakeSwapV3
PancakeSwapV3,0x5e9ffb26fa6a8335422b22318065ca9867003527,EGIFY,WBNB,200,10000,0x5af02c9bb228df89900420b34d30bf8e06f04e40,0xbb4cdb9cbd36b01bd1cbaebf2de08d9173bc095c,18,18,PancakeSwapV3
PancakeSwapV3,0x1bf2b2edb547b2fe98814f5f0578983fa0e66cb5,SeaScape,WBNB,200,10000,0x96ef498e5ef3543ef3dd66979148e881433b3301,0xbb4cdb9cbd36b01bd1cbaebf2de08d9173bc095c,18,18,PancakeSwapV3
PancakeSwapV3,0x0b340bf12b1ffbec7d54c23d1c64c3a744830e2d,SeaScape,WBNB,200,10000,0xa7dd27a9f0b26d18b9430b500b72c7c4c72ff9d0,0xbb4cdb9cbd36b01bd1cbaebf2de08d9173bc095c,18,18,PancakeSwapV3
PancakeSwapV3,0xff5a65cad65464ee8be66023f157978870c980ab,$Rainbow,WBNB,200,10000,0xa13c99e7c6487fa4a1b9f9b9cd521c92f19e0c9d,0xbb4cdb9cbd36b01bd1cbaebf2de08d9173bc095c,18,18,PancakeSwapV3
PancakeSwapV3,0x9f8c561dec76423caac5f0475c4ffae41a49262d,BUYTHIS,WBNB,200,10000,0xa1160aa5b4631d838ad9111e02b2ea872518837c,0xbb4cdb9cbd36b01bd1cbaebf2de08d9173bc095c,18,18,PancakeSwapV3
PancakeSwapV3,0x69bc91ac48485f04e25d2db0e51b0b6f0d616231,Homelles,WBNB,200,10000,0x201fcdf63a8e92f7504992c3c9e43c3532ad4435,0xbb4cdb9cbd36b01bd1cbaebf2de08d9173bc095c,18,18,PancakeSwapV3
PancakeSwapV3,0xd73ef7a8ba622455769c79d2ada479366198ea72,DRAGO,WBNB,200,10000,0x51e853ff696ff05439ac377b1a87b70415204c91,0xbb4cdb9cbd36b01bd1cbaebf2de08d9173bc095c,18,18,PancakeSwapV3
PancakeSwapV3,0x7db1f32c4893872207cf87a4812c4d56aee34edc,TOBLE,WBNB,200,10000,0xaed30d9de2bcff61bd844f16ab5e7d64ff1de50a,0xbb4cdb9cbd36b01bd1cbaebf2de08d9173bc095c,18,18,PancakeSwapV3
PancakeSwapV3,0x2ebe5deaf375184dd3d5c272dd75d611e074f33e,POLLAR,WBNB,200,10000,0xad93c88087fdc0c61ad76a3008bcc66df5a67da8,0xbb4cdb9cbd36b01bd1cbaebf2de08d9173bc095c,18,18,PancakeSwapV3
PancakeSwapV3,0xe50e491684f2cc4814b01e8a7298b2dc46ecc0fd,RUBRAIN,WBNB,200,10000,0xa179c58fd869a290053657f1e030b3e57299ec7a,0xbb4cdb9cbd36b01bd1cbaebf2de08d9173bc095c,18,18,PancakeSwapV3
PancakeSwapV3,0x14868a4ee95570b553d48c9c8baeb4bb6d189885,BOT,WBNB,200,10000,0x103952bad686d0af83e8d13bf2613ee4c85e8b1b,0xbb4cdb9cbd36b01bd1cbaebf2de08d9173bc095c,18,18,PancakeSwapV3
PancakeSwapV3,0x39a1a7591c070ca06691314520490384a0d0e566,QUANT,WBNB,200,10000,0x7e2f8520f9deee594cffddd823eef0624480ab71,0xbb4cdb9cbd36b01bd1cbaebf2de08d9173bc095c,18,18,PancakeSwapV3
PancakeSwapV3,0x9deb42c8f5b2b8c3408e4691aa605a0e36c43a9f,CATCO,WBNB,200,10000,0xa2773c01e6db96fb2054923075f2a0110ec2b11b,0xbb4cdb9cbd36b01bd1cbaebf2de08d9173bc095c,18,18,PancakeSwapV3
PancakeSwapV3,0x84a5d8a4b9afc8aa0621255af35daa0b6eb4cfd8,ZR,WBNB,200,10000,0x8330beb5732129d3004895a24d915e84e389a339,0xbb4cdb9cbd36b01bd1cbaebf2de08d9173bc095c,18,18,PancakeSwapV3
PancakeSwapV3,0xe3c802c8af60e02c571dd4e99e961707b3329446,AXA,WBNB,200,10000,0xb753e328fd6044af22560becac3dcc28ac004e1b,0xbb4cdb9cbd36b01bd1cbaebf2de08d9173bc095c,18,18,PancakeSwapV3
PancakeSwapV3,0xf268125d3ff539a8a88eb3f4138a075897ba4c20,SKY,WBNB,200,10000,0x7b2eb9881c3b48fee115fc3fb4791332f8b038c3,0xbb4cdb9cbd36b01bd1cbaebf2de08d9173bc095c,18,18,PancakeSwapV3
PancakeSwapV3,0xfbfbefc82757beb699db6317bae0b79a97508cf0,GRK,WBNB,200,10000,0xaad9687b48f14c0a203f72f824d33456b27ea2d2,0xbb4cdb9cbd36b01bd1cbaebf2de08d9173bc095c,18,18,PancakeSwapV3
PancakeSwapV3,0xa879d0ea0f2eced9104c5d475c287c9a2afbfe6c,$BASEISGOOD,WBNB,200,10000,0x3f0e4a2f6b670fb2ff92fd739eec3914d7de8dd4,0xbb4cdb9cbd36b01bd1cbaebf2de08d9173bc095c,18,18,PancakeSwapV3
PancakeSwapV3,0xf817ab01df6ae80c7af842827a92f3ee8a7d79c8,silence,WBNB,200,10000,0x61c2470ab636ac58470c9fcdbf1dea6120fadfcb,0xbb4cdb9cbd36b01bd1cbaebf2de08d9173bc095c,18,18,PancakeSwapV3
PancakeSwapV3,0x0385d5f9ea254af75eb6c744b94f9e3d12f3586b,CA,WBNB,200,10000,0x780cd495c431337a62543f6a214e349fa5dc88f4,0xbb4cdb9cbd36b01bd1cbaebf2de08d9173bc095c,18,18,PancakeSwapV3
PancakeSwapV3,0x696661a1a421a512544ce15a6051f135fd72576f,UFC,WBNB,200,10000,0x79767d67893a48b31ad99d7bdbcf4dd7fd8dc592,0xbb4cdb9cbd36b01bd1cbaebf2de08d9173bc095c,18,18,PancakeSwapV3
PancakeSwapV3,0x8c7dc9bc84f25b2c01db2e16b2bb97831e6b3490,WOLLY,WBNB,200,10000,0x192264aaf0d9cc8aeb92f2d7b2f1a9b9208354d8,0xbb4cdb9cbd36b01bd1cbaebf2de08d9173bc095c,18,18,PancakeSwapV3
PancakeSwapV3,0x7315a9940fd017970ccede39dc8f49ada1b7cc5b,AAA,WBNB,200,10000,0x5fdfed9f0a01bb30c01dc93c9fd00e17ea6e96c2,0xbb4cdb9cbd36b01bd1cbaebf2de08d9173bc095c,18,18,PancakeSwapV3
PancakeSwapV3,0x3de992f32f59d62b1889269c383d65e7fb9d29e5,ORBICO,WBNB,200,10000,0x697ff3736ce2effac64c7664c003c4678ad13172,0xbb4cdb9cbd36b01bd1cbaebf2de08d9173bc095c,18,18,PancakeSwapV3
PancakeSwapV3,0xa60d0b8c3cc470d7bc030c2d042281a2ed098926,CyberMars,WBNB,200,10000,0x62914eea1dd351fbc388a81ad210c53c816794df,0xbb4cdb9cbd36b01bd1cbaebf2de08d9173bc095c,18,18,PancakeSwapV3
PancakeSwapV3,0x590f77c4732bd485df8896f7b83ef817f78b07ef,LOCK,WBNB,200,10000,0x99a0d469040003338b41469bec6416f70d2f283b,0xbb4cdb9cbd36b01bd1cbaebf2de08d9173bc095c,18,18,PancakeSwapV3
PancakeSwapV3,0x65bc0694dac3bbc2ce67f7e5d0c66b7b0e292cb9,TITS,WBNB,200,10000,0x598d86099e0bda854f247d60cc9af91e705cb035,0xbb4cdb9cbd36b01bd1cbaebf2de08d9173bc095c,18,18,PancakeSwapV3
PancakeSwapV3,0xa3c9ff4a3c92be2d6d7aa6c7e81762fa3aa6c8c9,WIN,WBNB,200,10000,0x6927ebabcefaff4505f424c76a26c7ff67d94267,0xbb4cdb9cbd36b01bd1cbaebf2de08d9173bc095c,18,18,PancakeSwapV3
PancakeSwapV3,0x490a8204ef99f845c278cf4abec4c3e2a0a95be3,HEALTH,WBNB,200,10000,0x67a02b10178cf26754c7810db5deb0fffbdd288d,0xbb4cdb9cbd36b01bd1cbaebf2de08d9173bc095c,18,18,PancakeSwapV3
PancakeSwapV3,0xd9ad2232f55a0f23dee7da26d2452882851d8593,POPEPE,WBNB,200,10000,0x94b82f7eb1b8348b39dc252be61412c7e1820e6f,0xbb4cdb9cbd36b01bd1cbaebf2de08d9173bc095c,18,18,PancakeSwapV3
PancakeSwapV3,0x75838bf44385057ce84d39948826d028a8f6005a,TELLOO,WBNB,200,10000,0x490413f52bde6849d0cbbeb54b77f10f3044c4bc,0xbb4cdb9cbd36b01bd1cbaebf2de08d9173bc095c,18,18,PancakeSwapV3
PancakeSwapV3,0xbeb8bc044e76abbda8ed7c03e157817b36a5d0b9,Trumpnator,WBNB,200,10000,0x4db9915a712ce2d560a6a639bd947fa39082dea5,0xbb4cdb9cbd36b01bd1cbaebf2de08d9173bc095c,18,18,PancakeSwapV3
PancakeSwapV3,0x4aa80070b37c81a1bb310ff11228f43d1d5e7673,OM,WBNB,200,10000,0x15c82aac1d397607438956fb16ee4d2a3bf697fd,0xbb4cdb9cbd36b01bd1cbaebf2de08d9173bc095c,18,18,PancakeSwapV3
PancakeSwapV3,0x2c30a18f6bc6565a26cc6a60649dcabeb37dfce9,Eliz,WBNB,200,10000,0x8e4a63bf51eb2969df5bac0b7449c7261479a3e0,0xbb4cdb9cbd36b01bd1cbaebf2de08d9173bc095c,18,18,PancakeSwapV3
PancakeSwapV3,0x16fe93d0ab8a8d04613c303d722a11b1bff7dcb2,BNBETF,WBNB,200,10000,0x92721be902fe49427d82b15e20b565a1dd7bb0d5,0xbb4cdb9cbd36b01bd1cbaebf2de08d9173bc095c,18,18,PancakeSwapV3
PancakeSwapV3,0xf1a3221de80b8a655f0d8446fa82f0bbc375943f,Blady,WBNB,200,10000,0x98663f1e40a1d2fffd0412d6788a617fa6aeddeb,0xbb4cdb9cbd36b01bd1cbaebf2de08d9173bc095c,18,18,PancakeSwapV3
PancakeSwapV3,0x0b2abc11b2bad0199cf5bcd7691bf16956433a21,Archangel-12,WBNB,200,10000,0xaa638f877bcd6776522aa2d54f080e83c0da9775,0xbb4cdb9cbd36b01bd1cbaebf2de08d9173bc095c,18,18,PancakeSwapV3
PancakeSwapV3,0x5097b418b5aa9c2a4066298269660d9ac91a6e02,BURGER,WBNB,200,10000,0x571bf8d5588dce41ea069f5c1142ab80288317f5,0xbb4cdb9cbd36b01bd1cbaebf2de08d9173bc095c,18,18,PancakeSwapV3
PancakeSwapV3,0x165d99968532c88db7e3f8d2fb524701c9623a8c,SANDSTROM,WBNB,200,10000,0xa25ca72bd535ce00d28387530ec576a2c47bf46f,0xbb4cdb9cbd36b01bd1cbaebf2de08d9173bc095c,18,18,PancakeSwapV3
PancakeSwapV3,0xe14c0ba563048ffd0fe470094f98f9b5c3222c4d,BENJI,WBNB,200,10000,0xb64118d57c9a04ddb223f551c3fab3fe8f4bb6f8,0xbb4cdb9cbd36b01bd1cbaebf2de08d9173bc095c,18,18,PancakeSwapV3
PancakeSwapV3,0xf407cd5a39bc723080fbe3e9c08c293822c14132,BENJI,WBNB,200,10000,0x39fad45db985925466dd6cc987c770000e6b8fde,0xbb4cdb9cbd36b01bd1cbaebf2de08d9173bc095c,18,18,PancakeSwapV3
PancakeSwapV3,0x43e0ee105f176e3680afa1b1f479c235b279b946,TEDDYSTAR,WBNB,200,10000,0x816f60260586e56e435acb42b715eebb334870ef,0xbb4cdb9cbd36b01bd1cbaebf2de08d9173bc095c,18,18,PancakeSwapV3
PancakeSwapV3,0x57f3222c403655ece2ebd1301341d69681b1d842,COZLECO,WBNB,200,10000,0x4b592a00d2fe47534535a2e40dac0de8145900a1,0xbb4cdb9cbd36b01bd1cbaebf2de08d9173bc095c,18,18,PancakeSwapV3
PancakeSwapV3,0xe31f9d04e74e4289444d42e35e8cb919b5f508c7,QUANT,WBNB,200,10000,0xa5f10d005a6549bec75102c0f3adf71867cec6b0,0xbb4cdb9cbd36b01bd1cbaebf2de08d9173bc095c,18,18,PancakeSwapV3
PancakeSwapV3,0x32963ed482440d33782d53c97032afa768bcbbe1,MOON,WBNB,200,10000,0x6cf8f29230d341a580aed3a7c381ef8217b2132c,0xbb4cdb9cbd36b01bd1cbaebf2de08d9173bc095c,18,18,PancakeSwapV3
PancakeSwapV3,0xa631bc5e27196f2e8b2b51cbf62111418515afd1,GAPE,WBNB,200,10000,0x97767d3a883192e1a6f546f052cb75c745ca0104,0xbb4cdb9cbd36b01bd1cbaebf2de08d9173bc095c,18,18,PancakeSwapV3
PancakeSwapV3,0x67131c218e5690f0540c17b6d44eb20bb60e3012,VERIF,WBNB,200,10000,0x95dfb7931d206e4ac7c52b12eb34825710b4921e,0xbb4cdb9cbd36b01bd1cbaebf2de08d9173bc095c,18,18,PancakeSwapV3
PancakeSwapV3,0xb188c78dfb78024849539cb7678acad48232263b,KINGUIN,WBNB,200,10000,0x601e832cbfef420863b1a64085d31c68f997b42c,0xbb4cdb9cbd36b01bd1cbaebf2de08d9173bc095c,18,18,PancakeSwapV3
PancakeSwapV3,0x40e9349a96f1377dfb91b3bcaea6faa7682edc8a,TRIX,WBNB,200,10000,0x9a709f228d8ef829478aebe079048b5a85990c22,0xbb4cdb9cbd36b01bd1cbaebf2de08d9173bc095c,18,18,PancakeSwapV3
PancakeSwapV3,0xf555361a93c93b2b1c7e2e5cf3a8fdf98228c698,TOKEN,WBNB,200,10000,0xac60c66cfa7de1296f6f68ee138bd2192874cf47,0xbb4cdb9cbd36b01bd1cbaebf2de08d9173bc095c,18,18,PancakeSwapV3
PancakeSwapV3,0xdef0d0886eb0463ac408e7419c3fd9567a192388,LszJ,WBNB,200,10000,0x200ca27e05d71d6c0e9a3a1e2f20ca4b9ecb7dcd,0xbb4cdb9cbd36b01bd1cbaebf2de08d9173bc095c,18,18,PancakeSwapV3
PancakeSwapV3,0xdb0824a6964e2b5624b224b5288c2b61baa16d06,SAM,WBNB,200,10000,0x49c9c18acbd51664f9a91050c42bc782a4cafc3a,0xbb4cdb9cbd36b01bd1cbaebf2de08d9173bc095c,18,18,PancakeSwapV3
PancakeSwapV3,0xf4334d859c0d28c1417b7460508c9052998fff5e,KSH,WBNB,200,10000,0x95ffab105e7dcc013975daaf802171500de17a3e,0xbb4cdb9cbd36b01bd1cbaebf2de08d9173bc095c,18,18,PancakeSwapV3
PancakeSwapV3,0xd7fa19362be22884fa867c7bc5d60c897d71e882,Load,WBNB,200,10000,0x9d017fdb426fdc55bb2ae7e9d13311601b58bfa3,0xbb4cdb9cbd36b01bd1cbaebf2de08d9173bc095c,18,18,PancakeSwapV3
PancakeSwapV3,0x300ce20f3c9541247a52950533c262ab504c1b68,Syll,WBNB,200,10000,0xb34c5285813313621bdcd4643b76d9fc69d68421,0xbb4cdb9cbd36b01bd1cbaebf2de08d9173bc095c,18,18,PancakeSwapV3
PancakeSwapV3,0x5285fcaaa74f94d62ad0e830f3fee008512e4b06,2B,WBNB,200,10000,0x10b9dc1606d3e4b2fc322fd01b728b98aa6296cf,0xbb4cdb9cbd36b01bd1cbaebf2de08d9173bc095c,18,18,PancakeSwapV3
PancakeSwapV3,0xa3d2c181311fe972a43f9a42993dfb3cc08441d9,low iq,WBNB,200,10000,0x8704d413448bcced68154597395699cabd0c41b7,0xbb4cdb9cbd36b01bd1cbaebf2de08d9173bc095c,18,18,PancakeSwapV3
PancakeSwapV3,0xf184cb0344dc0ab95244e22f47674aaf862762e0,ZORA,WBNB,200,10000,0x0987ce4d1da844294f7522412010a97225ec0ec5,0xbb4cdb9cbd36b01bd1cbaebf2de08d9173bc095c,18,18,PancakeSwapV3
PancakeSwapV3,0x276f24b7c9e6c8f97668198438bc26989d6e3c4f,BODY,WBNB,200,10000,0x3d4388a78e506ee22582b0911047b75963faa610,0xbb4cdb9cbd36b01bd1cbaebf2de08d9173bc095c,18,18,PancakeSwapV3
PancakeSwapV3,0xfc213f90abb9d949403f7ccdeca634b816a4e3d4,G,WBNB,200,10000,0x1039307d85eb3214390061350cc36f091638648a,0xbb4cdb9cbd36b01bd1cbaebf2de08d9173bc095c,18,18,PancakeSwapV3
PancakeSwapV3,0x72e9ec0d1c0ede07c114f25e411b68de1150b199,EVA,WBNB,200,10000,0x1c2305273bc5d1362f08846cf527e590cc2132e4,0xbb4cdb9cbd36b01bd1cbaebf2de08d9173bc095c,18,18,PancakeSwapV3
PancakeSwapV3,0xf412db4e82b59e3a94107915e48250ba946250d9,RUG,WBNB,200,10000,0x1602ccac05340ae4751a1eb77b02e58604724061,0xbb4cdb9cbd36b01bd1cbaebf2de08d9173bc095c,18,18,PancakeSwapV3
PancakeSwapV3,0x6167ca2d6edbeca4a1981ab83b1b0ad92afd0a56,Auraly2022,WBNB,200,10000,0x287c8c95b6a23f94dd8b14a21e2046856904da33,0xbb4cdb9cbd36b01bd1cbaebf2de08d9173bc095c,18,18,PancakeSwapV3
PancakeSwapV3,0xe407a8072049d73a1a8762dd57ab4d6288c56744,ERMAHGERD!,WBNB,200,10000,0x2a82ea51b6d59af5c3a17e8b1d373a2c95198812,0xbb4cdb9cbd36b01bd1cbaebf2de08d9173bc095c,18,18,PancakeSwapV3
PancakeSwapV3,0x5d070999355a5636d2c58de760be6d8aae90cd69,ESSE,WBNB,200,10000,0xb05516aa8b31b038e88d05a7684bd243735b68e4,0xbb4cdb9cbd36b01bd1cbaebf2de08d9173bc095c,18,18,PancakeSwapV3
PancakeSwapV3,0x9b0734cf1f7ace68a9c7cd2f964cd76d8160758e,CMC,WBNB,200,10000,0x58fe73ed2ea3f3fc0e811c3fae7cb337f804c5f4,0xbb4cdb9cbd36b01bd1cbaebf2de08d9173bc095c,18,18,PancakeSwapV3
PancakeSwapV3,0xa74bcb5a110fd2b524042b7582c3f7f8dc8a1c9e,Blue,WBNB,200,10000,0x71f1e9628d6e62b88e1668ec569a84a82748eb90,0xbb4cdb9cbd36b01bd1cbaebf2de08d9173bc095c,18,18,PancakeSwapV3
PancakeSwapV3,0x91ca0950007e2996770f2b69b0d26660a0bbbcca,$MEMEWAR,WBNB,200,10000,0xae4a330b320661b26904380c66f9ebf8c39f47ca,0xbb4cdb9cbd36b01bd1cbaebf2de08d9173bc095c,18,18,PancakeSwapV3
PancakeSwapV3,0x815b6dd879e27b7ab499658a9b133f49176bacd1,45283,WBNB,200,10000,0x0d669bc75ec5c0cb7bb1dbffc19c65f3f66d9af7,0xbb4cdb9cbd36b01bd1cbaebf2de08d9173bc095c,18,18,PancakeSwapV3
PancakeSwapV3,0x391cc2a9d25249832406af9a78e86e70c0eac4a9,SEND,WBNB,200,10000,0x9d1909217f824fe1ba2c2b508966e44c4b87a663,0xbb4cdb9cbd36b01bd1cbaebf2de08d9173bc095c,18,18,PancakeSwapV3
PancakeSwapV3,0x34bc4fecd525558bd7465ceef4a5e2cceb2a450d,KENYAT,WBNB,200,10000,0x4264fdfaa08cd432b67c2fce83b0e1c7450c0bf6,0xbb4cdb9cbd36b01bd1cbaebf2de08d9173bc095c,18,18,PancakeSwapV3
PancakeSwapV3,0xfd514f6bcb229eb07216f2fc360d63e47de4cd8c,DICK,WBNB,200,10000,0x69785c25754ce89ab77dd778eeabcb9089892694,0xbb4cdb9cbd36b01bd1cbaebf2de08d9173bc095c,18,18,PancakeSwapV3
PancakeSwapV3,0xc1a116b7422130a4b6fb8c06f260bdd9d94a8a7e,RADO,WBNB,200,10000,0x3a761e07c2b64cf933dd9c72820b6e8924937f6a,0xbb4cdb9cbd36b01bd1cbaebf2de08d9173bc095c,18,18,PancakeSwapV3
PancakeSwapV3,0x19d6f841aeabd176741b6ff7a31c758f208149de,NARUTO,WBNB,200,10000,0x97be80a957d1bb4a5de06cf2fa438688efbfe3a1,0xbb4cdb9cbd36b01bd1cbaebf2de08d9173bc095c,18,18,PancakeSwapV3
PancakeSwapV3,0x6e63aeff7bd5f0a71e5b99e8e7fe2d7877750aeb,DOSA,WBNB,200,10000,0x3b2bc9993c4c6126fa8aba028509586e60cd3308,0xbb4cdb9cbd36b01bd1cbaebf2de08d9173bc095c,18,18,PancakeSwapV3
PancakeSwapV3,0xe36ee5ade42165096a87d45acd1a47e9088b59dc,ASS,WBNB,200,10000,0x73e3b0d6c247a683ff8c783cef867a3477b39eda,0xbb4cdb9cbd36b01bd1cbaebf2de08d9173bc095c,18,18,PancakeSwapV3
PancakeSwapV3,0x6cfc9705ce9a3c961894dd79cbf4b10aee69148b,CC,WBNB,200,10000,0x3785179f6e4c94870cebb4686bd3f467aeecec3f,0xbb4cdb9cbd36b01bd1cbaebf2de08d9173bc095c,18,18,PancakeSwapV3
PancakeSwapV3,0xcf2122f3bde990d6d3f5429eb505288a77096378,pepetxt,WBNB,200,10000,0x4e27fe7ded32fe9cfe52ed200971b18fe473a02e,0xbb4cdb9cbd36b01bd1cbaebf2de08d9173bc095c,18,18,PancakeSwapV3
PancakeSwapV3,0x14c553f468c3c59d498abf162de5be6d51c7fb59,AZIZIM,WBNB,200,10000,0x6698cf6acfb47d7e5e46b6dcd0fd5b24f695d815,0xbb4cdb9cbd36b01bd1cbaebf2de08d9173bc095c,18,18,PancakeSwapV3
PancakeSwapV3,0x12567e1ef0a809de4aa535d6fd994ac83374539f,RXB,WBNB,200,10000,0x98d5541f4912adbbcec1a6bb5d4831ac10c06c97,0xbb4cdb9cbd36b01bd1cbaebf2de08d9173bc095c,18,18,PancakeSwapV3
PancakeSwapV3,0x5d792bebc8ca6aab76a5c66dfd31f22d5cee0f19,BONE,WBNB,200,10000,0x16921b7cb4adaaa01fa216d387c74a5c3adafbdc,0xbb4cdb9cbd36b01bd1cbaebf2de08d9173bc095c,18,18,PancakeSwapV3
PancakeSwapV3,0x343889cb5d0dc37b78bd6fc2dae9acad92026d35,Binance is for everyone,WBNB,200,10000,0x6d5f56dc00c6e73ad4f3f94436ee2df24d16956f,0xbb4cdb9cbd36b01bd1cbaebf2de08d9173bc095c,18,18,PancakeSwapV3
PancakeSwapV3,0x7e1d602910e431ea88f76e95c3e2dfd63625d631,SPDCT,WBNB,200,10000,0x9d09554f093f66c435c14e91da7e0a2010071001,0xbb4cdb9cbd36b01bd1cbaebf2de08d9173bc095c,18,18,PancakeSwapV3
PancakeSwapV3,0x7589d9cf509daf10b6a09353c1aaf24c01b6422f,TAI,WBNB,200,10000,0x2216b5ef3e3baec1539d71f255f8822bf7ca594e,0xbb4cdb9cbd36b01bd1cbaebf2de08d9173bc095c,18,18,PancakeSwapV3
PancakeSwapV3,0xa2618850161927ea0429d34fbfa9b8ea70ffdcea,Cliva ai,WBNB,200,10000,0xb5b16c23eef3ddbe413729d39ad9336c917e6831,0xbb4cdb9cbd36b01bd1cbaebf2de08d9173bc095c,18,18,PancakeSwapV3
PancakeSwapV3,0x8200856fa4c8bdf0e1e63a46a390c0c8ef5fcc40,AST,WBNB,200,10000,0x906d97907612fdaef759cd420d025127fa15870e,0xbb4cdb9cbd36b01bd1cbaebf2de08d9173bc095c,18,18,PancakeSwapV3
PancakeSwapV3,0x674c890a00db944a93a78d948782095442e186fb,ABC,WBNB,200,10000,0x07754836a44442fda6d4b495740d4d9446f37b9c,0xbb4cdb9cbd36b01bd1cbaebf2de08d9173bc095c,18,18,PancakeSwapV3
PancakeSwapV3,0x67ca30f7dfb94b39c16a792f3d855f9978c59950,ELIG,WBNB,200,10000,0x5472fdbbd388e85e4e332ee4d30b4a196ab231b3,0xbb4cdb9cbd36b01bd1cbaebf2de08d9173bc095c,18,18,PancakeSwapV3
PancakeSwapV3,0x3311acc9c1fd4ab9baceef719d279668f0be5b69,DZR,WBNB,200,10000,0x7066ad78b2b11896cae02e10bfa581bb81193f4d,0xbb4cdb9cbd36b01bd1cbaebf2de08d9173bc095c,18,18,PancakeSwapV3
PancakeSwapV3,0xe281774977b10378f342e3befbd33a4e7246b234,CS,WBNB,200,10000,0x184654058e322683e9c844bc4047f82e1dc0eed7,0xbb4cdb9cbd36b01bd1cbaebf2de08d9173bc095c,18,18,PancakeSwapV3
PancakeSwapV3,0x349d9a3d722890e38ba253809a36367a26ce55c1,JHARESAA,WBNB,200,10000,0x0f1e21569824552d9299d4162a8da771ced2ef22,0xbb4cdb9cbd36b01bd1cbaebf2de08d9173bc095c,18,18,PancakeSwapV3
PancakeSwapV3,0xa34580e5982b3e7fe75d3b73217cf9a1b4e96c9e,KIIRO,WBNB,200,10000,0x3555105a2c235bfe4ccb79c0a45a0d74073f380a,0xbb4cdb9cbd36b01bd1cbaebf2de08d9173bc095c,18,18,PancakeSwapV3
PancakeSwapV3,0x8b06d6ee3f097fb34baeb9cf4f4b26cb6963b6fa,B,WBNB,200,10000,0x70732db11a52515fa7dbffeaf8ace784bd59c36d,0xbb4cdb9cbd36b01bd1cbaebf2de08d9173bc095c,18,18,PancakeSwapV3
PancakeSwapV3,0x07bec07195f6d35fbad1e9c7a2a696a7c51d5398,Doges,WBNB,200,10000,0x25ab8004ce70f0c35236906d74c03799931cd6fd,0xbb4cdb9cbd36b01bd1cbaebf2de08d9173bc095c,18,18,PancakeSwapV3
PancakeSwapV3,0xf44357438889e3e332e1ddde24e08f60b871154a,boost,WBNB,200,10000,0x97aa963215b22ced8f3dee0feee018c12e138489,0xbb4cdb9cbd36b01bd1cbaebf2de08d9173bc095c,18,18,PancakeSwapV3
PancakeSwapV3,0x7d6f3cf149237ccaee91bbe833f9e1cf194599ac,RAY,WBNB,200,10000,0x6bcdd7316cb968e6cd58f45f2c0fbdd7c34663b5,0xbb4cdb9cbd36b01bd1cbaebf2de08d9173bc095c,18,18,PancakeSwapV3
PancakeSwapV3,0x6f22e65946ce4f1ad3e1e9829696c3c538374d1c,titcoin,WBNB,200,10000,0x92b00e533759d5e39953194146194e7782517cf1,0xbb4cdb9cbd36b01bd1cbaebf2de08d9173bc095c,18,18,PancakeSwapV3
PancakeSwapV3,0xc6174a945a30851c8d82671ff8389eb2acc15519,DOGEUS,WBNB,200,10000,0x7ef3f9741906b7caa1df43200fbc4c5b911bc76d,0xbb4cdb9cbd36b01bd1cbaebf2de08d9173bc095c,18,18,PancakeSwapV3
PancakeSwapV3,0x92512de8d9c7a7a9fbbdf14fc59b9af7cb69d32b,$cristiano,WBNB,200,10000,0x9e180354f7207a6631aa0acd7a01715ad84759d6,0xbb4cdb9cbd36b01bd1cbaebf2de08d9173bc095c,18,18,PancakeSwapV3
PancakeSwapV3,0x875db65072ae4c4f56ebd5336d241464c84adf95,MCE,WBNB,200,10000,0x9a867844d5f2a85bf2dcbfbc728bc843345c7810,0xbb4cdb9cbd36b01bd1cbaebf2de08d9173bc095c,18,18,PancakeSwapV3
PancakeSwapV3,0xa312485d9dab2fc7138ea74a7df6596501a0b12a,BB,WBNB,200,10000,0x40dd3d53c38bf43dc867a6603270b17786796fa1,0xbb4cdb9cbd36b01bd1cbaebf2de08d9173bc095c,18,18,PancakeSwapV3
PancakeSwapV3,0x5a54c5c9724a8da1a4634036383e8883a66c7ef1,NON,WBNB,200,10000,0x6323d03acb45a27b449eb1358f23f1c34d046a37,0xbb4cdb9cbd36b01bd1cbaebf2de08d9173bc095c,18,18,PancakeSwapV3
PancakeSwapV3,0xe24fcd0ca9b65fdf936a8b081bb3883c5d489b78,ELISH,WBNB,200,10000,0x5fd7d07e8c8476c6217e5c8390d3c9556c193eeb,0xbb4cdb9cbd36b01bd1cbaebf2de08d9173bc095c,18,18,PancakeSwapV3
PancakeSwapV3,0x641c49ffb2c1bc56e7ae76829c66f0065253109e,PBLUE,WBNB,200,10000,0x67cc5c50332b9c30e68ed55f575af8742018c8a0,0xbb4cdb9cbd36b01bd1cbaebf2de08d9173bc095c,18,18,PancakeSwapV3
PancakeSwapV3,0xba89d97181769cb6a8178479b05df22a21ce63ab,SORTES,WBNB,200,10000,0x71a714b85d08b7c9ffef345c86cb9210fb9a6e02,0xbb4cdb9cbd36b01bd1cbaebf2de08d9173bc095c,18,18,PancakeSwapV3
PancakeSwapV3,0xb390885679e8be6d0b4af9248b28bc8e09f8c1be,MAMT,WBNB,200,10000,0xad27264626c72865e7737aa21239f4a0174b7c89,0xbb4cdb9cbd36b01bd1cbaebf2de08d9173bc095c,18,18,PancakeSwapV3
PancakeSwapV3,0x334e68c4c8a3f92b9c8a0fc02c5b30219ae44351,BOSS,WBNB,200,10000,0x7e755d6f0dc9f07cdd0fcd6cfb3ccc313158e62f,0xbb4cdb9cbd36b01bd1cbaebf2de08d9173bc095c,18,18,PancakeSwapV3
PancakeSwapV3,0x58c962da62c0f20a4bb60d4064e68b58c910ca1c,GAMER,WBNB,200,10000,0x074db1717cb7124f85989f1a9293c752ee7983c6,0xbb4cdb9cbd36b01bd1cbaebf2de08d9173bc095c,18,18,PancakeSwapV3
PancakeSwapV3,0x19e995c8646e0a81a4e5d002a0c7019d57a767d3,BIGEGG,WBNB,200,10000,0x3147b910d50e7b356fe6c4a266fd95b1cf564853,0xbb4cdb9cbd36b01bd1cbaebf2de08d9173bc095c,18,18,PancakeSwapV3
PancakeSwapV3,0xccb7ec425ce3877f2d299ed991fcad223a2105ea,MLCLIZ,WBNB,200,10000,0x2440ce9d79e6f1f7f7ba06849e1f5e4a0b826b96,0xbb4cdb9cbd36b01bd1cbaebf2de08d9173bc095c,18,18,PancakeSwapV3
PancakeSwapV3,0x454b969b97a1e4dbc317097b959a5abbcc402005,JACKING,WBNB,200,10000,0x37a881f5ab894941fb22bcd47d577f4b00338248,0xbb4cdb9cbd36b01bd1cbaebf2de08d9173bc095c,18,18,PancakeSwapV3
PancakeSwapV3,0x4e7f3081653550305a8cf63266fbe783ecc80cf0,?,WBNB,200,10000,0x4d75616194a36ecefc7673aed0758c066b1689c8,0xbb4cdb9cbd36b01bd1cbaebf2de08d9173bc095c,18,18,PancakeSwapV3
PancakeSwapV3,0x53692eb587659ee29b75b5423d312aecd0280743,?,WBNB,200,10000,0x2a1bae47b0edcf06b9d125a3698a3bba74473d9c,0xbb4cdb9cbd36b01bd1cbaebf2de08d9173bc095c,18,18,PancakeSwapV3
PancakeSwapV3,0xf8a0a6cc0f8756c38d9627706c58313f0fd2a236,$RugsFun,WBNB,200,10000,0x66db053ef2410ab854a3ec35058158203bf66a98,0xbb4cdb9cbd36b01bd1cbaebf2de08d9173bc095c,18,18,PancakeSwapV3
PancakeSwapV3,0x0a76cd421f352ac0e07470502cd229575b7cc6b0,YMRO,WBNB,200,10000,0x322c12bedaee4887cf2b094537cceb99fdfb23ff,0xbb4cdb9cbd36b01bd1cbaebf2de08d9173bc095c,18,18,PancakeSwapV3
PancakeSwapV3,0xddf4836e6c27254b285c70d3cd2d558cb972e1d5,Lyt,WBNB,200,10000,0x41723845c9f6288ef3dc2c54d00118561c71a297,0xbb4cdb9cbd36b01bd1cbaebf2de08d9173bc095c,18,18,PancakeSwapV3
PancakeSwapV3,0x03561659eb0ca7ac12d9637075d62d26e0fdd4a1,ABC,WBNB,200,10000,0x69d121405b89aad78841140b2cd41c928bc64a1a,0xbb4cdb9cbd36b01bd1cbaebf2de08d9173bc095c,18,18,PancakeSwapV3
PancakeSwapV3,0x048ec74be1a5b9f287541b7d3cb81cc849192e15,PRENGUIN,WBNB,200,10000,0x170a15dfd70fa920950bfd881e8b215ef0c03db8,0xbb4cdb9cbd36b01bd1cbaebf2de08d9173bc095c,18,18,PancakeSwapV3
PancakeSwapV3,0xf7dbd49013b91ca854545a6f90879055214bf647,wifi,WBNB,200,10000,0x496c15b860fef94d843286a07409ed2bd5591bc6,0xbb4cdb9cbd36b01bd1cbaebf2de08d9173bc095c,18,18,PancakeSwapV3
PancakeSwapV3,0x59fb3b0f6b981afd3a843f4c12da3b0dc774c85a,cat,WBNB,200,10000,0x6d48eb6476cc139b77090d81f6d1db3588e65dee,0xbb4cdb9cbd36b01bd1cbaebf2de08d9173bc095c,18,18,PancakeSwapV3
PancakeSwapV3,0x250d2e681c11c7aec760a5345227dbe5e621c8a5,cat,WBNB,200,10000,0x5fb7d3455d039e7f5df213f9513f83005e0f8881,0xbb4cdb9cbd36b01bd1cbaebf2de08d9173bc095c,18,18,PancakeSwapV3
PancakeSwapV3,0x070dbbc6de9d89ce37d4f8708c99bf2a66893f0e,BOOM,WBNB,200,10000,0x04ce321de4ae2669433635d295d868277b7b4be1,0xbb4cdb9cbd36b01bd1cbaebf2de08d9173bc095c,18,18,PancakeSwapV3
PancakeSwapV3,0x7d9285bf0b72c144bfec24b433fd5e963c1f4df6,EDGE,WBNB,200,10000,0x4f617fded82df395807412e1f442701394761395,0xbb4cdb9cbd36b01bd1cbaebf2de08d9173bc095c,18,18,PancakeSwapV3
PancakeSwapV3,0x8dc9786bb0142eaf4bda5afe5e0688e3d843d6d4,Figure,WBNB,200,10000,0xafbd892448f29bedab46327cc73013865687485c,0xbb4cdb9cbd36b01bd1cbaebf2de08d9173bc095c,18,18,PancakeSwapV3
PancakeSwapV3,0x86bfaf965c671802e16f741151bf86eda7f92c8f,drolist,WBNB,200,10000,0x42d56b1af663627e1abf64469bbcfa8a19642604,0xbb4cdb9cbd36b01bd1cbaebf2de08d9173bc095c,18,18,PancakeSwapV3
PancakeSwapV3,0xcca04af10f951b8dd4d4e8281376697830ac949a,ECHO,WBNB,200,10000,0x6dd0d1442b175fb736035d763688ef971f245dbc,0xbb4cdb9cbd36b01bd1cbaebf2de08d9173bc095c,18,18,PancakeSwapV3
PancakeSwapV3,0xd592e817730da49aa57f1f5a9b9ffecf122cb2f9,CR7,WBNB,200,10000,0x9a39555c89e1d1454830a7f1c1ad0227bab19af5,0xbb4cdb9cbd36b01bd1cbaebf2de08d9173bc095c,18,18,PancakeSwapV3
PancakeSwapV3,0x2684807d05d038815b38722affef592af38fa7c6,DICE,WBNB,200,10000,0x940c09810c39bfee8155f0d86c3e86792adc7bce,0xbb4cdb9cbd36b01bd1cbaebf2de08d9173bc095c,18,18,PancakeSwapV3
PancakeSwapV3,0x9f724f9fe8a650a1e24f6794e2b44a2e7499007b,BNB is a meme coin,WBNB,200,10000,0x08db12062fa50f1a67770f39586675a44469b57f,0xbb4cdb9cbd36b01bd1cbaebf2de08d9173bc095c,18,18,PancakeSwapV3
PancakeSwapV3,0xbde5a3b882a24d34aa0e35acfebfe4573ab08302,$SFUR,WBNB,200,10000,0x479bf0c3fa55c436080b5cb1d5f5808cc7037738,0xbb4cdb9cbd36b01bd1cbaebf2de08d9173bc095c,18,18,PancakeSwapV3
PancakeSwapV3,0x3caceee937815af127d0e0db81c5417b3dfea00e,WECRASHEDBASE,WBNB,200,10000,0x9dd91ab45ddced55eaa6fd30ef8c040425878060,0xbb4cdb9cbd36b01bd1cbaebf2de08d9173bc095c,18,18,PancakeSwapV3
PancakeSwapV3,0x70e4dc6f3458efaf025938d319f47e6109573522,BYTE,WBNB,200,10000,0x69d916251766783f8e820afa32cf63942fe99aa3,0xbb4cdb9cbd36b01bd1cbaebf2de08d9173bc095c,18,18,PancakeSwapV3
PancakeSwapV3,0xe6cdcfd02b2792aecfb53db66fa336083a81fb43,PIG,WBNB,200,10000,0xb1daa517434edf9d1a6d5163d649fde573a3de2c,0xbb4cdb9cbd36b01bd1cbaebf2de08d9173bc095c,18,18,PancakeSwapV3
PancakeSwapV3,0xe9a646afa29ae4ec178a9e3fbbf0e443a0931d2e,PIG,WBNB,200,10000,0xb03f3e551427f92f93f385abb5b0650f742a44ad,0xbb4cdb9cbd36b01bd1cbaebf2de08d9173bc095c,18,18,PancakeSwapV3
PancakeSwapV3,0xe3a224fcaed5ab21afb7f9bc820577b0237da41f,BABYJAK,WBNB,200,10000,0x60b581e3a06902883dad10a40aca64f3ab5845c8,0xbb4cdb9cbd36b01bd1cbaebf2de08d9173bc095c,18,18,PancakeSwapV3
PancakeSwapV3,0x8de8013ca4e0d1c2eb8184d7087392794b6091c4,PEEP,WBNB,200,10000,0x12f11015d4bc0bf035ad94c0e2209fd214fff470,0xbb4cdb9cbd36b01bd1cbaebf2de08d9173bc095c,18,18,PancakeSwapV3
PancakeSwapV3,0x4b2a58619574e07c61468e503c375944ff4c839a,PISS,WBNB,200,10000,0x4a9e0698179e089c37c144be0ba370a627d80ea9,0xbb4cdb9cbd36b01bd1cbaebf2de08d9173bc095c,18,18,PancakeSwapV3
PancakeSwapV3,0x026abfd6382851d18835f6e43b1c31bfffc480a0,APE,WBNB,200,10000,0x01c56910e432896458d5f20abf15626343d50f50,0xbb4cdb9cbd36b01bd1cbaebf2de08d9173bc095c,18,18,PancakeSwapV3
PancakeSwapV3,0xb7f3f7a184a35d29538dbe7ff30c5eecedfc64a5,SW,WBNB,200,10000,0x97db514e7b93ff80d814d0b0c0f65aae34f3f41c,0xbb4cdb9cbd36b01bd1cbaebf2de08d9173bc095c,18,18,PancakeSwapV3
PancakeSwapV3,0x5dbd45f81c44f17ac07d0a1eb147d6155e49df16,BANKR,WBNB,200,10000,0x6a2891c9d960e5e7d631691e9ed3863116deb446,0xbb4cdb9cbd36b01bd1cbaebf2de08d9173bc095c,18,18,PancakeSwapV3
PancakeSwapV3,0x2980a5e93d643ed483f502dc248da2762371782a,BANK,WBNB,200,10000,0x9ccb123f81d3ce92a33f6a8cfdfa9eca485eb316,0xbb4cdb9cbd36b01bd1cbaebf2de08d9173bc095c,18,18,PancakeSwapV3
PancakeSwapV3,0xdc90098d7eebb3b99ac60995e00b44ab386abbab,CWIF,WBNB,200,10000,0x9010cca793c073abc5a3eb6ae114f930950e13d7,0xbb4cdb9cbd36b01bd1cbaebf2de08d9173bc095c,18,18,PancakeSwapV3
PancakeSwapV3,0x3471ccf120ca65a95c156513e287c03917bb1d07,LIQTAX,WBNB,200,10000,0x254a2a1ea28a51cd68a6ff9dc19b43e30f7f8e88,0xbb4cdb9cbd36b01bd1cbaebf2de08d9173bc095c,18,18,PancakeSwapV3
PancakeSwapV3,0x428fcb73ae20250212c09114d4573e436e302c86,phantom,WBNB,200,10000,0xb8c405b0b675134320188d30766e4eb7bf9607b8,0xbb4cdb9cbd36b01bd1cbaebf2de08d9173bc095c,18,18,PancakeSwapV3
PancakeSwapV3,0x15bc602d5a887cb01dfe7ae49af39704040099d0,keng,WBNB,200,10000,0x40419b141c5ff5b7b96db014ffb1d65f1feb0cd4,0xbb4cdb9cbd36b01bd1cbaebf2de08d9173bc095c,18,18,PancakeSwapV3
PancakeSwapV3,0xfe3f47bea15049fdc84fd5605317ce8364b1a09e,CHILL KONG,WBNB,200,10000,0x98a55fc560775497c4e95e9bab1ab9f3f603a085,0xbb4cdb9cbd36b01bd1cbaebf2de08d9173bc095c,18,18,PancakeSwapV3
PancakeSwapV3,0x751a8b593369ab539e26c611896188e7f65d89ae,TPONG,WBNB,200,10000,0x1d147d708ba9bd387f23c1d57eb7b3bfe16115f4,0xbb4cdb9cbd36b01bd1cbaebf2de08d9173bc095c,18,18,PancakeSwapV3
PancakeSwapV3,0x7aad177d7eaf18ba96c427f5ebfc299701c5708c,BLAZEBULL,WBNB,200,10000,0x4b015ce99dbd34b40683d7954cee67af6dcee509,0xbb4cdb9cbd36b01bd1cbaebf2de08d9173bc095c,18,18,PancakeSwapV3
PancakeSwapV3,0xad1018600d653fb510c4a81d200d8acf96693a45,BULLTAX,WBNB,200,10000,0x124d0428041fb24f60fc777f3aa8055e4fd4b0a6,0xbb4cdb9cbd36b01bd1cbaebf2de08d9173bc095c,18,18,PancakeSwapV3
PancakeSwapV3,0xa56336e5c8b06e35b2d6f486c928c7f2a8e42b77,JAVIAG,WBNB,200,10000,0x5109f26111e61cd709c26615c57ddc234b4eb170,0xbb4cdb9cbd36b01bd1cbaebf2de08d9173bc095c,18,18,PancakeSwapV3
PancakeSwapV3,0xe173f25891e4ee1fd087217357977e873cb3f1a4,BB,WBNB,200,10000,0x983253602b0911e3ec3d472690b87356e20fd23a,0xbb4cdb9cbd36b01bd1cbaebf2de08d9173bc095c,18,18,PancakeSwapV3
PancakeSwapV3,0x6948fcae1afdf557310e4a8d056b3baa46295eb9,TOYSRUS,WBNB,200,10000,0x8534bd8044685d7df4fd855b416fc13273bf9a4a,0xbb4cdb9cbd36b01bd1cbaebf2de08d9173bc095c,18,18,PancakeSwapV3
PancakeSwapV3,0x23f3f53da9abfd58e7369a3fcb58a49fd19fad7d,CR7,WBNB,200,10000,0x3e91ca32b9ad42c21cd15cc1bc3bf676b2e7db60,0xbb4cdb9cbd36b01bd1cbaebf2de08d9173bc095c,18,18,PancakeSwapV3
PancakeSwapV3,0x093cbe256081873850f09ff16fd875e0cb95da3c,SWARM,WBNB,200,10000,0x5d81801989c47d8b364c1bfbdddb2765fc15ae84,0xbb4cdb9cbd36b01bd1cbaebf2de08d9173bc095c,18,18,PancakeSwapV3
PancakeSwapV3,0xfcd42c217c366e1a875ebbaad5f384603258aab3,GOA,WBNB,200,10000,0x81b28d1d1d50dae4a01bd23b1f8945d873c5a51c,0xbb4cdb9cbd36b01bd1cbaebf2de08d9173bc095c,18,18,PancakeSwapV3
PancakeSwapV3,0x1c34840659fac36bc5aa2adebcd0574b00a053cc,WOLFDEN,WBNB,200,10000,0xaaa1a30863e8cf035359cba38cf20af798d3a49b,0xbb4cdb9cbd36b01bd1cbaebf2de08d9173bc095c,18,18,PancakeSwapV3
PancakeSwapV3,0x76c0cb03e91ec27752e6a5db7e09dc943beaee0c,SUYOU,WBNB,200,10000,0x672bb3e8a41961a97bdc3a71b13fb685780fa56e,0xbb4cdb9cbd36b01bd1cbaebf2de08d9173bc095c,18,18,PancakeSwapV3
PancakeSwapV3,0xd05f0c051ce12d7e95ec0d8d0675d51787929337,SNOW BEAR,WBNB,200,10000,0x570599a22b11ed19ee0eb23ddae5087e5b0332f1,0xbb4cdb9cbd36b01bd1cbaebf2de08d9173bc095c,18,18,PancakeSwapV3
PancakeSwapV3,0xdd6740e2ae8590973e17f4fb44e12679e54967cd,Happy,WBNB,200,10000,0x074656b9b07780d3e6017aa310a6d2e233a189be,0xbb4cdb9cbd36b01bd1cbaebf2de08d9173bc095c,18,18,PancakeSwapV3
PancakeSwapV3,0x119a8a5fdaa7a749f4f7acff2ec2769aab2af6c1,INSOM,WBNB,200,10000,0x74664d6fe536d45fc8876b98dafc629f6432f444,0xbb4cdb9cbd36b01bd1cbaebf2de08d9173bc095c,18,18,PancakeSwapV3
PancakeSwapV3,0x50d68119e65c212681e92f8f72577591bb81e34a,sun,WBNB,200,10000,0x79eceb8cba1a16a0f10f4a05263ae05a595d8093,0xbb4cdb9cbd36b01bd1cbaebf2de08d9173bc095c,18,18,PancakeSwapV3
PancakeSwapV3,0x83ef07c8b6c424f8b203076ff55c0885190b38c6,sun,WBNB,200,10000,0x151db433c1e7f5324615cd3cfeca2381806869a4,0xbb4cdb9cbd36b01bd1cbaebf2de08d9173bc095c,18,18,PancakeSwapV3
PancakeSwapV3,0x31870e861b59949f9dc22144aa9399d08ebefdab,AETH,WBNB,200,10000,0x2513e21059735aeeb6f0cd429558743d78445ce2,0xbb4cdb9cbd36b01bd1cbaebf2de08d9173bc095c,18,18,PancakeSwapV3
PancakeSwapV3,0xc3f5a819bf57ab87f1a88ae472a287242ca97158,GoodMoring,WBNB,200,10000,0x7c13534d1ff7e4217dd111a94db9adbaf1877bdf,0xbb4cdb9cbd36b01bd1cbaebf2de08d9173bc095c,18,18,PancakeSwapV3
PancakeSwapV3,0xd55e41a133d662a577c5584ab86fd98a62e463b0,xai,WBNB,200,10000,0x88b303e8d88c834e4cf1ad18ec0314e878c9060e,0xbb4cdb9cbd36b01bd1cbaebf2de08d9173bc095c,18,18,PancakeSwapV3
PancakeSwapV3,0x4ab6247093e470df0d5545cb9b8d9af9263568ec,$CLB,WBNB,200,10000,0x381d26323956669d5fbf3ca24b9ff56e971c6041,0xbb4cdb9cbd36b01bd1cbaebf2de08d9173bc095c,18,18,PancakeSwapV3
PancakeSwapV3,0x24c921026986e04e24feab49545f22e1b6d97873,vinhn,WBNB,200,10000,0x220071d48315379a393644a14adaa5edc9f40477,0xbb4cdb9cbd36b01bd1cbaebf2de08d9173bc095c,18,18,PancakeSwapV3
PancakeSwapV3,0x85b71775d0c8d8c035510a0e11678c5c87e11a40,konfu,WBNB,200,10000,0x15087f03c4f188af02335f1d12e1807cabda1c6b,0xbb4cdb9cbd36b01bd1cbaebf2de08d9173bc095c,18,18,PancakeSwapV3
PancakeSwapV3,0xa8112b41b812ca16d6e4ebf1f7071375935b2544,BURUT,WBNB,200,10000,0x5eefb8092d3f9d6c026c57cbd185ed247fd108a4,0xbb4cdb9cbd36b01bd1cbaebf2de08d9173bc095c,18,18,PancakeSwapV3
PancakeSwapV3,0x9a6ee5b54f31d2ccbe8ed9a40917e06b9e3830a0,EID,WBNB,200,10000,0x82c84d869fe7d20b4003cbf550e8f0dacca88e08,0xbb4cdb9cbd36b01bd1cbaebf2de08d9173bc095c,18,18,PancakeSwapV3
PancakeSwapV3,0x763ad2699299e2da3b9831207b6ada026f53bd3b,maikaita,WBNB,200,10000,0x0a9d1cb7db9e90f0d0a30cc42b4fa4d731e3e241,0xbb4cdb9cbd36b01bd1cbaebf2de08d9173bc095c,18,18,PancakeSwapV3
PancakeSwapV3,0xd7cdfd2b8c161ec5ce13821bda5781ff2b1bf5ef,RMT,WBNB,200,10000,0x4255eb5730ea36a932d46abd40ab35209ec16622,0xbb4cdb9cbd36b01bd1cbaebf2de08d9173bc095c,18,18,PancakeSwapV3
PancakeSwapV3,0x888b32965cb8b192beb7b9ea2337f331998c99e3,WULLY,WBNB,200,10000,0x4564d5b70f8da8a60b22c06e5af67f4920161719,0xbb4cdb9cbd36b01bd1cbaebf2de08d9173bc095c,18,18,PancakeSwapV3
PancakeSwapV3,0x4faa2be10899e0e8aaf87442443a0c974f3f2d25,DiamondB,WBNB,200,10000,0x086dd8d2dedf717a4b8114fb3a8a5b8c80e45759,0xbb4cdb9cbd36b01bd1cbaebf2de08d9173bc095c,18,18,PancakeSwapV3
PancakeSwapV3,0xd40394cb9c088b7cf70ea0b8ef08404931fea26d,DB,WBNB,200,10000,0x9e368b97a39f21fa5e3ffef1fec6b94a70683c2e,0xbb4cdb9cbd36b01bd1cbaebf2de08d9173bc095c,18,18,PancakeSwapV3
PancakeSwapV3,0x1768ca5314d58aedfe41d70e5f8346c9c9557546,MOONR,WBNB,200,10000,0x78fa8603a62ea23fdfb33d44f5d8397a5ad177ee,0xbb4cdb9cbd36b01bd1cbaebf2de08d9173bc095c,18,18,PancakeSwapV3
PancakeSwapV3,0xbfe1e8a81949032b78346f1867e85bafa75cca11,DABEMA,WBNB,200,10000,0x321b3c178930738007f7d788f427a36d5ff12be1,0xbb4cdb9cbd36b01bd1cbaebf2de08d9173bc095c,18,18,PancakeSwapV3
PancakeSwapV3,0x77cce5d5963e4fa305a94c45867165dba233b1e4,CAT coin,WBNB,200,10000,0x5e032bf322f983d92c0a75028e439d66cbdc2f98,0xbb4cdb9cbd36b01bd1cbaebf2de08d9173bc095c,18,18,PancakeSwapV3
PancakeSwapV3,0x9b4267bc4f3d57c0c77c401eea57b0ed0986b891,chick,WBNB,200,10000,0x149917e906767b187bef833cc86346672e6217e5,0xbb4cdb9cbd36b01bd1cbaebf2de08d9173bc095c,18,18,PancakeSwapV3
PancakeSwapV3,0x0801388775426bcd6b4d427302c9e4f0116f3fee,WICK,WBNB,200,10000,0x2b1c2cdc07f1f8c942e046d2d244964459eef4e0,0xbb4cdb9cbd36b01bd1cbaebf2de08d9173bc095c,18,18,PancakeSwapV3
PancakeSwapV3,0x2095c328f178a01182d736290f21856589aedfee,XEAI,WBNB,200,10000,0x9436a5c32f04142f5864118f9995be4819ac4f2a,0xbb4cdb9cbd36b01bd1cbaebf2de08d9173bc095c,18,18,PancakeSwapV3
PancakeSwapV3,0xc1fd764629c2eef09f92706c8548815fca885df0,TWR,WBNB,200,10000,0x473d016ce7b6f5b2f1805ff58f10432493190d93,0xbb4cdb9cbd36b01bd1cbaebf2de08d9173bc095c,18,18,PancakeSwapV3
PancakeSwapV3,0xc31c648bbaacfb98f9357ebfa26a7cfb708e68a1,SMASH,WBNB,200,10000,0x300ba6f72d6de2b66d15da4615a11d2278cb0a56,0xbb4cdb9cbd36b01bd1cbaebf2de08d9173bc095c,18,18,PancakeSwapV3
PancakeSwapV3,0xf8d68e43a9c1eaf50ddb384d42a43f78a2df729c,Week,WBNB,200,10000,0x9a593893a87ddd105a82ea2029ecfa403ccb9e68,0xbb4cdb9cbd36b01bd1cbaebf2de08d9173bc095c,18,18,PancakeSwapV3
PancakeSwapV3,0x31a32295fb8d91d031fdaef57c21e9258acc5ecc,STEH,WBNB,200,10000,0x427d87b0e7bb373b4cd791285762bf57cd6a4904,0xbb4cdb9cbd36b01bd1cbaebf2de08d9173bc095c,18,18,PancakeSwapV3
PancakeSwapV3,0xe578bf4f79705b0dfd51294d6e2654b791ef456c,JUSTICE,WBNB,200,10000,0x26b6d5ebd4311c5a5072e26a867d217583563aff,0xbb4cdb9cbd36b01bd1cbaebf2de08d9173bc095c,18,18,PancakeSwapV3
PancakeSwapV3,0x1cd782a055ec2b3336f9c1e5648ca260c887f603,code,WBNB,200,10000,0xa13cf4c2473be1dcc73734b4852705f956e0281b,0xbb4cdb9cbd36b01bd1cbaebf2de08d9173bc095c,18,18,PancakeSwapV3
PancakeSwapV3,0x28a240cec4f4a5d809eb22211bb6c8757592b8e4,REPO,WBNB,200,10000,0x878a7b2057d09ce6227cee8e73b4ffcce7f7fa45,0xbb4cdb9cbd36b01bd1cbaebf2de08d9173bc095c,18,18,PancakeSwapV3
PancakeSwapV3,0x688893f92df4b540943ab4de71d53c2ce7deedef,MOON,WBNB,200,10000,0x5ea112d905cbecde7c82a0f9bec38aedfcfc34fc,0xbb4cdb9cbd36b01bd1cbaebf2de08d9173bc095c,18,18,PancakeSwapV3
PancakeSwapV3,0x106085f497162e57ecef2b792de66959ac86e7fa,BLL,WBNB,200,10000,0x163bcde4dca6d2749ebc29ed4b987ab502d2a7df,0xbb4cdb9cbd36b01bd1cbaebf2de08d9173bc095c,18,18,PancakeSwapV3
PancakeSwapV3,0x516200f1d5c8cef68b26f9ed14e5dc778ba26366,Donad,WBNB,200,10000,0x91b4f4ef584b472d1f583f0844801ef13b60c49f,0xbb4cdb9cbd36b01bd1cbaebf2de08d9173bc095c,18,18,PancakeSwapV3
PancakeSwapV3,0x26354aabfcebd5e0669a352c830bbc1baa4933a5,gr8,WBNB,200,10000,0x543f2103bca793cb9fdb7018fd546a8bd4630fe5,0xbb4cdb9cbd36b01bd1cbaebf2de08d9173bc095c,18,18,PancakeSwapV3
PancakeSwapV3,0x61f79852409e08e7ab61eeab4d0e6ff09cb49333,LJP,WBNB,200,10000,0x8a44b6e0a9dd5cf6fd656086b667cdf48e59ae52,0xbb4cdb9cbd36b01bd1cbaebf2de08d9173bc095c,18,18,PancakeSwapV3
PancakeSwapV3,0x3a806ede4cae7acde6f492612861c3a6ee874044,TAI,WBNB,200,10000,0x6cbbcd60cbd5e3cd5c2f693c0029e6173a50049f,0xbb4cdb9cbd36b01bd1cbaebf2de08d9173bc095c,18,18,PancakeSwapV3
PancakeSwapV3,0x90aac5446735600800a78d19d7bcdd3676dc7c0d,ABC,WBNB,200,10000,0x14738f85dea0d50c21dd15a5f8aa6c8cf421e286,0xbb4cdb9cbd36b01bd1cbaebf2de08d9173bc095c,18,18,PancakeSwapV3
PancakeSwapV3,0xd0cd47a71668090fa137641515f97ee74bfde92c,FLOW,WBNB,200,10000,0x2a3d72a2bf3ba6340714bca3421c700e0e6fb1aa,0xbb4cdb9cbd36b01bd1cbaebf2de08d9173bc095c,18,18,PancakeSwapV3
PancakeSwapV3,0x431bcc22d1ef2ab7a28f517fdc48ff8e9802f9ce,RBZ,WBNB,200,10000,0x5884894afbfbe5dc2174c63693471511af038304,0xbb4cdb9cbd36b01bd1cbaebf2de08d9173bc095c,18,18,PancakeSwapV3
PancakeSwapV3,0xe35c9aef2c2cbdd450bccaf1d67ed2f4bf75f3d8,KRI,WBNB,200,10000,0xb22e53a3234d7e741bc409373245208e73ce2622,0xbb4cdb9cbd36b01bd1cbaebf2de08d9173bc095c,18,18,PancakeSwapV3
PancakeSwapV3,0xb8b8c726e902185566a3afd756e848820fbf0168,BML,WBNB,200,10000,0xb31ef91abf1258a6f2b73de73f4841b70320ab80,0xbb4cdb9cbd36b01bd1cbaebf2de08d9173bc095c,18,18,PancakeSwapV3
PancakeSwapV3,0x30b6e74c0c59a6309a3f8c2a3bc4ca8bc618a44c,dtw,WBNB,200,10000,0x7754eb1b2916f53442fbb63b66711631aefb2ec6,0xbb4cdb9cbd36b01bd1cbaebf2de08d9173bc095c,18,18,PancakeSwapV3
PancakeSwapV3,0x3d20fe08e889191425938497f97cb71f6c01f8cc,MOFAS,WBNB,200,10000,0x473d2cae29e8c3811504f75e2fd48b687fe121c9,0xbb4cdb9cbd36b01bd1cbaebf2de08d9173bc095c,18,18,PancakeSwapV3
PancakeSwapV3,0x50689d494477e020a0fdafa4a0eb48cb765a18d7,ANGGAAI,WBNB,200,10000,0x78c47da74ba8ee83f4911270a2a0d717fe21efde,0xbb4cdb9cbd36b01bd1cbaebf2de08d9173bc095c,18,18,PancakeSwapV3
PancakeSwapV3,0xda51d88e22a68d3bccb0ce397984762acada3391,NDR,WBNB,200,10000,0x77ae7db10dc755aa8a40463e3126a4b90abae88c,0xbb4cdb9cbd36b01bd1cbaebf2de08d9173bc095c,18,18,PancakeSwapV3
PancakeSwapV3,0xae571e647c749f404c33e79884d9d26a9df01e71,kumaichi,WBNB,200,10000,0x5163c74d9f89de48f8d13c890427ca7360a799db,0xbb4cdb9cbd36b01bd1cbaebf2de08d9173bc095c,18,18,PancakeSwapV3
PancakeSwapV3,0x04329fadee977c944d0e3a69872605282cf4a84c,TRUMP,WBNB,200,10000,0x4e764757991f9d3bc542e35e8f5ebafb87aa3db8,0xbb4cdb9cbd36b01bd1cbaebf2de08d9173bc095c,18,18,PancakeSwapV3
PancakeSwapV3,0xa581988c6a7dc128e62c3ca349dc89a136c02588,MBGA,WBNB,200,10000,0x5f7febe653799e8660c397ec62e70656312784c1,0xbb4cdb9cbd36b01bd1cbaebf2de08d9173bc095c,18,18,PancakeSwapV3
PancakeSwapV3,0x16941007e7938cf928827b879427767655266a28,WOG,WBNB,200,10000,0x320b19ad78849185babe2b8d4d7960a887537e33,0xbb4cdb9cbd36b01bd1cbaebf2de08d9173bc095c,18,18,PancakeSwapV3
PancakeSwapV3,0x73027305aa6e84786398ed2754f1c6983adb40b4,Agnt,WBNB,200,10000,0x6d2e7adf23dda2781bc17ade55c47db4d4d4ce24,0xbb4cdb9cbd36b01bd1cbaebf2de08d9173bc095c,18,18,PancakeSwapV3
PancakeSwapV3,0x21274d86fedffcfb54ea87c51e6bf3c3744abf8f,NETANYAHU,WBNB,200,10000,0x941ad3e6763628a16b36e6dd60216a21f2f57b5a,0xbb4cdb9cbd36b01bd1cbaebf2de08d9173bc095c,18,18,PancakeSwapV3
PancakeSwapV3,0xa6616676e034eac884dbe6432b23a5786cd5f4b5,RADO,WBNB,200,10000,0x4423f885355096edcd1f1b68db8d8a988706bcb3,0xbb4cdb9cbd36b01bd1cbaebf2de08d9173bc095c,18,18,PancakeSwapV3
PancakeSwapV3,0x2ebb01414099fc932f33fa40938610fa234629dd,MUPPET,WBNB,200,10000,0x5397b5db733c48cdc4441aa6646dbf2b36a066b4,0xbb4cdb9cbd36b01bd1cbaebf2de08d9173bc095c,18,18,PancakeSwapV3
PancakeSwapV3,0x9f97ccf2e7078ed6c8fc876f277675034fefb82c,HORMBNK,WBNB,200,10000,0x32f813b68cce61537a081bdd04430f53efb3f675,0xbb4cdb9cbd36b01bd1cbaebf2de08d9173bc095c,18,18,PancakeSwapV3
PancakeSwapV3,0x033b2d659d395ef173a1a506aacca7dfe2dcba2c,BUILD,WBNB,200,10000,0x991b190863cc5a9361008d6530a7064d7f3b84ee,0xbb4cdb9cbd36b01bd1cbaebf2de08d9173bc095c,18,18,PancakeSwapV3
PancakeSwapV3,0x87d109f76dc7153f42a2972b54a542b27bf91617,RADDO,WBNB,200,10000,0x88d15dfa5da292a23d7398ee84938a8869d661b5,0xbb4cdb9cbd36b01bd1cbaebf2de08d9173bc095c,18,18,PancakeSwapV3
PancakeSwapV3,0x2afa84acb56be299241c9a97743fdddcb731a531,MONKEY,WBNB,200,10000,0x5c2241ea5eb4ca5880015a0cc631426e710edecd,0xbb4cdb9cbd36b01bd1cbaebf2de08d9173bc095c,18,18,PancakeSwapV3
PancakeSwapV3,0xb35864c81d73bae2e219bbf8af8898c390047d9f,SATOSHIFIGURE,WBNB,200,10000,0x352f502184af1bbb690be84fe6aab6d258d3ec3f,0xbb4cdb9cbd36b01bd1cbaebf2de08d9173bc095c,18,18,PancakeSwapV3
PancakeSwapV3,0x3e5ff91927c4e5bb6be2c262a6c6a3959fc71a75,POO,WBNB,200,10000,0x2c323c409590707b555530bd3becb1937e59a4ad,0xbb4cdb9cbd36b01bd1cbaebf2de08d9173bc095c,18,18,PancakeSwapV3
PancakeSwapV3,0xe247bd216f08d0b4bb46072292f1400595b52d82,$STINKDEX,WBNB,200,10000,0x13706ccf26fc57753570ba241982c08f462cc136,0xbb4cdb9cbd36b01bd1cbaebf2de08d9173bc095c,18,18,PancakeSwapV3
PancakeSwapV3,0x58f25544b5dd3e60c59cce083820cd4929e34359,$PASQUALE,WBNB,200,10000,0x0be2dfded11b7bcccb04618e4afc6cada81a9098,0xbb4cdb9cbd36b01bd1cbaebf2de08d9173bc095c,18,18,PancakeSwapV3
PancakeSwapV3,0xb92fa9ed32ae06123e8084b5e8b450e047fd22e2,sent,WBNB,200,10000,0x57c773097fa0e235d57a37249e247f30568c10ce,0xbb4cdb9cbd36b01bd1cbaebf2de08d9173bc095c,18,18,PancakeSwapV3
PancakeSwapV3,0x40c309071aef09476ad290d62bc68188bd330638,MOMO,WBNB,200,10000,0x7a4ca9d4de19d43d8eae8da7b492739177765ae0,0xbb4cdb9cbd36b01bd1cbaebf2de08d9173bc095c,18,18,PancakeSwapV3
PancakeSwapV3,0x396936ec092312263b3d20d80be90c0b141cf438,GROKY,WBNB,200,10000,0x81b0c2b1cbe942028192b56b303c21f9833e8841,0xbb4cdb9cbd36b01bd1cbaebf2de08d9173bc095c,18,18,PancakeSwapV3
PancakeSwapV3,0x3d031b21402a684b3f608c9e9f7fc4637d82961e,FLUSH,WBNB,200,10000,0x858d6bff090255c9cac8b9fabfea03e3ea3d8c94,0xbb4cdb9cbd36b01bd1cbaebf2de08d9173bc095c,18,18,PancakeSwapV3
PancakeSwapV3,0x8ccb064ba4927eff8550ec39ac67bc61345a37a5,EXT,WBNB,200,10000,0x9efbc301c9a0342eba1834e22976728940003cb3,0xbb4cdb9cbd36b01bd1cbaebf2de08d9173bc095c,18,18,PancakeSwapV3
PancakeSwapV3,0x80875f2ced5b4fd74a5a49deed507aaa83f57590,Bang,WBNB,200,10000,0xb2daf03b120ad6a45a04634f1fcfed5e7e9e1091,0xbb4cdb9cbd36b01bd1cbaebf2de08d9173bc095c,18,18,PancakeSwapV3
PancakeSwapV3,0x976efe48ace15cead960231af4df63f6baf71e3d,CME,WBNB,200,10000,0xb0e6002cfc9dcecf5ec1ca088e6683c15d62fe22,0xbb4cdb9cbd36b01bd1cbaebf2de08d9173bc095c,18,18,PancakeSwapV3
PancakeSwapV3,0x470b4b0c904a55a415da231defb01c27f2c972ed,TAXTRUMP,WBNB,200,10000,0x1bb791e5aeec6bc8a5e87a78400933c8425616d4,0xbb4cdb9cbd36b01bd1cbaebf2de08d9173bc095c,18,18,PancakeSwapV3
PancakeSwapV3,0x87b7c5fb60ab9d3d4eea6d744867834929b78be0,CZ PAKISTAN,WBNB,200,10000,0x14c419d23f32c17588a7e3e293e053ffa40b1b91,0xbb4cdb9cbd36b01bd1cbaebf2de08d9173bc095c,18,18,PancakeSwapV3
PancakeSwapV3,0xaca127998511d9ff8096ed6bacddad192dda3a9b,TEST,WBNB,200,10000,0xad2279ff5cdba5dfa0c0069d982b422dab72e8f9,0xbb4cdb9cbd36b01bd1cbaebf2de08d9173bc095c,18,18,PancakeSwapV3
PancakeSwapV3,0xb893116310a6c3489cece487f5e1919a0e7c7779,wyv,WBNB,200,10000,0x1653b80e9fb2209b9f484c24282b524593aedc9f,0xbb4cdb9cbd36b01bd1cbaebf2de08d9173bc095c,18,18,PancakeSwapV3
PancakeSwapV3,0x27d73924d37498ac89afb3ad2f7355a43094e388,broccoli,WBNB,200,10000,0x89fe2b6eb816bcd12580ec797ef684d169b2b495,0xbb4cdb9cbd36b01bd1cbaebf2de08d9173bc095c,18,18,PancakeSwapV3
PancakeSwapV3,0xba385f7350d91d78c8628bd7eaf04292eb06b37e,TEAM,WBNB,200,10000,0x5524cb38a132b7148f2e849eb8ef746eb403f4bc,0xbb4cdb9cbd36b01bd1cbaebf2de08d9173bc095c,18,18,PancakeSwapV3
PancakeSwapV3,0x40cfd541f73de19e28dee50d1e404c1257aca9ef,Tpunk,WBNB,200,10000,0x2c783617c320e3877db0cf956925b4e64846a86f,0xbb4cdb9cbd36b01bd1cbaebf2de08d9173bc095c,18,18,PancakeSwapV3
PancakeSwapV3,0xa96038d25ad2cb4e8c34a456a87ab9101d9bea4e,$999,WBNB,200,10000,0x6337c7e9022a05c2d442c58ddb0c3c559662bd0f,0xbb4cdb9cbd36b01bd1cbaebf2de08d9173bc095c,18,18,PancakeSwapV3
PancakeSwapV3,0xb9186bdbf42a8f0ecf3966ca097898609fee28ff,ZORYA,WBNB,200,10000,0x69c56652f2c2e1955fdb2f10c89f5786667d1ed7,0xbb4cdb9cbd36b01bd1cbaebf2de08d9173bc095c,18,18,PancakeSwapV3
PancakeSwapV3,0x9dcbcacf4506d8d028f99f4c5aa3b3796a4c8252,$TARRIF,WBNB,200,10000,0x17393deb6184f362d1b2c5587bbd4928b26f778c,0xbb4cdb9cbd36b01bd1cbaebf2de08d9173bc095c,18,18,PancakeSwapV3
PancakeSwapV3,0x5306f3de0d2ae0226cc1ef7611ddcba837bc8969,HUMANITY DAO,WBNB,200,10000,0x7807e29f0a89ff2d2349ef700e6f0160acdedbe1,0xbb4cdb9cbd36b01bd1cbaebf2de08d9173bc095c,18,18,PancakeSwapV3
PancakeSwapV3,0x5be3017229ea77d08dd43952393abc2f212f2b2f,AETH,WBNB,200,10000,0x26ffd35b92bd8d163187450871ea7553498636f4,0xbb4cdb9cbd36b01bd1cbaebf2de08d9173bc095c,18,18,PancakeSwapV3
PancakeSwapV3,0xfc476ad4c029f84752f8aca0d3dbde3a05a09ca2,BANG,WBNB,200,10000,0x8fe255014e239d86cc7145b557fff30b0431245b,0xbb4cdb9cbd36b01bd1cbaebf2de08d9173bc095c,18,18,PancakeSwapV3
PancakeSwapV3,0x0f2d2d08eb8927d49b224eb51eaee44335cd5eea,P,WBNB,200,10000,0xb17495dad97a60419a54d3e17b4909f06798da52,0xbb4cdb9cbd36b01bd1cbaebf2de08d9173bc095c,18,18,PancakeSwapV3
PancakeSwapV3,0x4457e94e63aaf7c302f57dc882d0d317cab59fdf,Taxpower,WBNB,200,10000,0x0f16131364ebc182da0f3b90eb9f12448284b5f9,0xbb4cdb9cbd36b01bd1cbaebf2de08d9173bc095c,18,18,PancakeSwapV3
PancakeSwapV3,0xd1bd155bb273d485b65c8307e471ff64d75231b3,$DAMNSTAXTAX,WBNB,200,10000,0x4332a545cfa10917fc855ae0d6be254c9f49c80d,0xbb4cdb9cbd36b01bd1cbaebf2de08d9173bc095c,18,18,PancakeSwapV3
PancakeSwapV3,0x959785536e7923c19468a5da9fba00cc62415640,SKY,WBNB,200,10000,0x8e586db13ca0fe07e3aa8bbc59c27d3094e97756,0xbb4cdb9cbd36b01bd1cbaebf2de08d9173bc095c,18,18,PancakeSwapV3
PancakeSwapV3,0xdd0749ac0bd69795fd3b33fc94fcaa1a36c80b63,OSL,WBNB,200,10000,0xaeca184d7fa7b5b5cc9eaa2ffae87d5539e05b8c,0xbb4cdb9cbd36b01bd1cbaebf2de08d9173bc095c,18,18,PancakeSwapV3
PancakeSwapV3,0xf6690b2e98e4682182efdad7c4ceb293de55ce5c,MIRAI,WBNB,200,10000,0x600f86df6e7e94e35fc231162111101233cfbac7,0xbb4cdb9cbd36b01bd1cbaebf2de08d9173bc095c,18,18,PancakeSwapV3
PancakeSwapV3,0x7bc4617fabf6f727f049473ee395f22663b9d8e2,KILL SCAMMERS,WBNB,200,10000,0x6d04ebd9ee8f16e3bd7bbf8f84b7b6f7ac07ba48,0xbb4cdb9cbd36b01bd1cbaebf2de08d9173bc095c,18,18,PancakeSwapV3
PancakeSwapV3,0x5f3889f6dab83761ddc3b2b7b53f2033c7bbfb44,TARIFFS,WBNB,200,10000,0xa2ebb73d4e11524e646c07fdf267d3aca593fed2,0xbb4cdb9cbd36b01bd1cbaebf2de08d9173bc095c,18,18,PancakeSwapV3
PancakeSwapV3,0x7566f83d530b25fb5e5fe14a3a1716e2a0529644,PIGMO,WBNB,200,10000,0x14072897b3949a38746606da474e34cbd0338104,0xbb4cdb9cbd36b01bd1cbaebf2de08d9173bc095c,18,18,PancakeSwapV3
PancakeSwapV3,0x5f9e432f2c4e996e1574f374d29260a21c04c3a8,COBRA,WBNB,200,10000,0x891110530d968365087166d487297b5ee4527af4,0xbb4cdb9cbd36b01bd1cbaebf2de08d9173bc095c,18,18,PancakeSwapV3
PancakeSwapV3,0xc422837276c67258e70fb606ca132ce603d28f39,ROOT,WBNB,200,10000,0x204d5c1f2f1f5b1dbe5d1a6e2b2a9986daa9bfc2,0xbb4cdb9cbd36b01bd1cbaebf2de08d9173bc095c,18,18,PancakeSwapV3
PancakeSwapV3,0x35888391794b334864e56ea40579534805ff0d7b,GUESSIT,WBNB,200,10000,0x411093c9c5d5ea42159e57dc2227254a56831739,0xbb4cdb9cbd36b01bd1cbaebf2de08d9173bc095c,18,18,PancakeSwapV3
PancakeSwapV3,0x0c082d3b3d7a9d8ea01b300191c8d282ee866eb4,KANG CABUL,WBNB,200,10000,0xb735e60e4c6493d5814d49c6390a774f1fc186d6,0xbb4cdb9cbd36b01bd1cbaebf2de08d9173bc095c,18,18,PancakeSwapV3
PancakeSwapV3,0x188a88fae077702b3f187c5110156a928a632a26,GB,WBNB,200,10000,0x5dc4d906de1ff135b9c503a297f33394182e4996,0xbb4cdb9cbd36b01bd1cbaebf2de08d9173bc095c,18,18,PancakeSwapV3
PancakeSwapV3,0x1dbc3350322188d216685e04f31fad6763fa36e5,PEDO,WBNB,200,10000,0xb2f986025c8154128c18bdb6f0e7a3eca75ed5aa,0xbb4cdb9cbd36b01bd1cbaebf2de08d9173bc095c,18,18,PancakeSwapV3
PancakeSwapV3,0x9bffb3757882b0ca268d506e9674b1409b1e4c7d,TRADE,WBNB,200,10000,0x80dac55cc2d0bfaad6baf160c50f0437926ea120,0xbb4cdb9cbd36b01bd1cbaebf2de08d9173bc095c,18,18,PancakeSwapV3
PancakeSwapV3,0x63073dcc20e9c6ee610670a6c7f828c5d6b8aec5,BILELISH,WBNB,200,10000,0xb8fa5c8fe6f4f2dd6984a93d1c7c115cbe0747b2,0xbb4cdb9cbd36b01bd1cbaebf2de08d9173bc095c,18,18,PancakeSwapV3
PancakeSwapV3,0x00298e4b196fd4f1ef7f14119fde2f6cd5283e98,BETTE,WBNB,200,10000,0x6d1b995c89333cacbc1835cdaf46fe5a605433d4,0xbb4cdb9cbd36b01bd1cbaebf2de08d9173bc095c,18,18,PancakeSwapV3
PancakeSwapV3,0xd355891e6b69a0480a00ebc8b3562ad54aa148b1,QUEEN,WBNB,200,10000,0xb3a1e050827b19b275b04f2b230451edb82ae762,0xbb4cdb9cbd36b01bd1cbaebf2de08d9173bc095c,18,18,PancakeSwapV3
PancakeSwapV3,0xd279626dfc4a188c38eaae27a76e3de942b139a0,STARLINK,WBNB,200,10000,0x8a43c15bb92eba360323f0809c1c84783f816164,0xbb4cdb9cbd36b01bd1cbaebf2de08d9173bc095c,18,18,PancakeSwapV3
PancakeSwapV3,0xd0aa14d91057b2503f65c88fd1419d0e56e88b1c,IEM,WBNB,200,10000,0x9900226e6ac5f12ee6593731942d90552b764e63,0xbb4cdb9cbd36b01bd1cbaebf2de08d9173bc095c,18,18,PancakeSwapV3
PancakeSwapV3,0xbc95a8a54c8eb32912ec4d622fbab7e33e4cb431,TRY,WBNB,200,10000,0x367f6d7c01ea963bf21a9ea46374a11709feaa73,0xbb4cdb9cbd36b01bd1cbaebf2de08d9173bc095c,18,18,PancakeSwapV3
PancakeSwapV3,0xea964a2c1fd5b3ffa89492ecd32468a4511b31f2,ChoChi,WBNB,200,10000,0x69595826451f9db9daa1bf57e4e1698be67a4404,0xbb4cdb9cbd36b01bd1cbaebf2de08d9173bc095c,18,18,PancakeSwapV3
PancakeSwapV3,0x69b44e21a52467bcafff19a200972d329a001b9f,DJTvsXIP,WBNB,200,10000,0x15820a407d12803c90c92d915706a56032b47bf4,0xbb4cdb9cbd36b01bd1cbaebf2de08d9173bc095c,18,18,PancakeSwapV3
PancakeSwapV3,0x6294e9a996bb7061b4074267ee1215c01695c508,TIME,WBNB,200,10000,0x4372afc32952e693a6c759b968abedd2043251cc,0xbb4cdb9cbd36b01bd1cbaebf2de08d9173bc095c,18,18,PancakeSwapV3
PancakeSwapV3,0xb0b821b846979a14e0df2614a8db895daf5085aa,OK,WBNB,200,10000,0xa7ae15680f8d44e46edb3994cd7abd4907d4aef9,0xbb4cdb9cbd36b01bd1cbaebf2de08d9173bc095c,18,18,PancakeSwapV3
PancakeSwapV3,0xc6d26e3d9375c0df202a14e1e851b87f4f41e513,TO,WBNB,200,10000,0x96a281f7c49dcf94407ed54a218c334540a280ab,0xbb4cdb9cbd36b01bd1cbaebf2de08d9173bc095c,18,18,PancakeSwapV3
PancakeSwapV3,0x5cbf3efca0a7b99a99d1c46db3cc6d8d7131480b,LTN,WBNB,200,10000,0x950bd9cb1bd5646364b8152a53f780a78d496b1c,0xbb4cdb9cbd36b01bd1cbaebf2de08d9173bc095c,18,18,PancakeSwapV3
PancakeSwapV3,0xf32a98478325d117846d39eb2505c7f3b9ac9799,XFROG,WBNB,200,10000,0x0265355730b11229b57702361ee395f0f5cb251d,0xbb4cdb9cbd36b01bd1cbaebf2de08d9173bc095c,18,18,PancakeSwapV3
PancakeSwapV3,0x878484b6c35b79ccdf0b16acf8fd3c451bc389b0,PTR,WBNB,200,10000,0x3e7b77c0808e006c24828bea8bee9a04bc680eb7,0xbb4cdb9cbd36b01bd1cbaebf2de08d9173bc095c,18,18,PancakeSwapV3
PancakeSwapV3,0x74919972001be451a714a2a4ea0b05349db6b2d0,VIRALFROG,WBNB,200,10000,0x9c0723ef25a041c438ba8578766a421536b49494,0xbb4cdb9cbd36b01bd1cbaebf2de08d9173bc095c,18,18,PancakeSwapV3
PancakeSwapV3,0xa71525b6a3d2888e789f6164b70271239a79b041,COCK,WBNB,200,10000,0x3cc48b578f449f7f3e0e46febb95945ed9c476ce,0xbb4cdb9cbd36b01bd1cbaebf2de08d9173bc095c,18,18,PancakeSwapV3
PancakeSwapV3,0x7b5d5a807ce66be6f04e41c0e06d374a1b496068,YSBNB,WBNB,200,10000,0x7b3e38ea531eb0f2e6df556228db8ca4167709c8,0xbb4cdb9cbd36b01bd1cbaebf2de08d9173bc095c,18,18,PancakeSwapV3
PancakeSwapV3,0x21d90a4bd9f84fc3297daf560634a99c13c03053,STUPIDAI,WBNB,200,10000,0xa27f6d62d34e1cf3818194aa601e3c37b929fa8a,0xbb4cdb9cbd36b01bd1cbaebf2de08d9173bc095c,18,18,PancakeSwapV3
PancakeSwapV3,0xf4f49104d671705aa95cca9a83723d53b6aa04e4,YSBNB,WBNB,200,10000,0x13a270f85135ebaa6f70e91643f019a41d6ac304,0xbb4cdb9cbd36b01bd1cbaebf2de08d9173bc095c,18,18,PancakeSwapV3
PancakeSwapV3,0x4e0a3bf00765eafc49470fd9aeb801613e5fe0b4,Test,WBNB,200,10000,0x1f915fc0b3346f0747d879805ab0a301f440bed7,0xbb4cdb9cbd36b01bd1cbaebf2de08d9173bc095c,18,18,PancakeSwapV3
PancakeSwapV3,0xb1f40338cd47949920e9fe42057c90335b484e0e,COUNTRY,WBNB,200,10000,0x8e185c49f983b7843d5d16dfec88f714aba91c6e,0xbb4cdb9cbd36b01bd1cbaebf2de08d9173bc095c,18,18,PancakeSwapV3
PancakeSwapV3,0x70318bab161f5b087499ffcf45928b23b5bde8c4,Honkai,WBNB,200,10000,0x90df59c9b3787c64a930a7baf5845f1c75ea10af,0xbb4cdb9cbd36b01bd1cbaebf2de08d9173bc095c,18,18,PancakeSwapV3
PancakeSwapV3,0xf723c961d637791522c62e36bb2bc6ed5ff4f4f6,Jockey,WBNB,200,10000,0x3108394574e49185d5083dcebcd8fb90b080ddb5,0xbb4cdb9cbd36b01bd1cbaebf2de08d9173bc095c,18,18,PancakeSwapV3
PancakeSwapV3,0xb4c02f303073e2799440d0261390d12a2ce406ed,Pipla,WBNB,200,10000,0x61a462f33c60dbbcde9886de7f7ff000737c1153,0xbb4cdb9cbd36b01bd1cbaebf2de08d9173bc095c,18,18,PancakeSwapV3
PancakeSwapV3,0x30a9caeb4ffdde4c564e4d663a6bf4e390297fec,Denisovans,WBNB,200,10000,0xab3d422e831b7cb5c00234d7df0d23677c7f13eb,0xbb4cdb9cbd36b01bd1cbaebf2de08d9173bc095c,18,18,PancakeSwapV3
PancakeSwapV3,0x76ae927a58f540295db879e2c2591dde77100f8c,Cry,WBNB,200,10000,0x759d3b6a64c5a53b87df22f1fd2def67516c76a5,0xbb4cdb9cbd36b01bd1cbaebf2de08d9173bc095c,18,18,PancakeSwapV3
PancakeSwapV3,0xc3c673f872fe13840e9ac58cdb87e41a555627f3,YB,WBNB,200,10000,0x747af270a76ef74c217ffc5b57898bc109c58217,0xbb4cdb9cbd36b01bd1cbaebf2de08d9173bc095c,18,18,PancakeSwapV3
PancakeSwapV3,0xbcff4f539c53630a2e4cc82c1eafddcc072541be,$GAYTRGY,WBNB,200,10000,0xba4028d7085fa18da59493464e3ebb605f53204b,0xbb4cdb9cbd36b01bd1cbaebf2de08d9173bc095c,18,18,PancakeSwapV3
PancakeSwapV3,0x912249cbf3248885a702d4bc20c432aaef156c4e,ANOTHER,WBNB,200,10000,0x442432b01c85e74a27047e2c2aea09c49379aea6,0xbb4cdb9cbd36b01bd1cbaebf2de08d9173bc095c,18,18,PancakeSwapV3
PancakeSwapV3,0x31f919e6f4216a5eda12668e17cc81c5024a49b4,BULLMORNING,WBNB,200,10000,0xa17ea7298a758ef084fe33db381a5372f3ef0423,0xbb4cdb9cbd36b01bd1cbaebf2de08d9173bc095c,18,18,PancakeSwapV3
PancakeSwapV3,0xb8960001577af8b0e4ddae7d5afd4f86b32093ac,four,WBNB,200,10000,0xa62f68d67683297264a985b92979a65b4840cffd,0xbb4cdb9cbd36b01bd1cbaebf2de08d9173bc095c,18,18,PancakeSwapV3
PancakeSwapV3,0x159f53fb788d17d7262f60feb292258b74bde622,Hot coins,WBNB,200,10000,0xb5670e1b4cb8edfd1c1f33a64b146f2bb9b20cee,0xbb4cdb9cbd36b01bd1cbaebf2de08d9173bc095c,18,18,PancakeSwapV3
PancakeSwapV3,0xc5e7141a0d912adc5b3d0dfa3f66e2d7eccfa214,SHANGHAI,WBNB,200,10000,0xadd31b40695e51a0ce17c67aae6cb94bd90fd6be,0xbb4cdb9cbd36b01bd1cbaebf2de08d9173bc095c,18,18,PancakeSwapV3
PancakeSwapV3,0x647337c4c4cc15fdc7ce6ab4c2df7b12cd449c89,ABC,WBNB,200,10000,0x3b1ae5b1508554d408ef648e392e84f36433087c,0xbb4cdb9cbd36b01bd1cbaebf2de08d9173bc095c,18,18,PancakeSwapV3
PancakeSwapV3,0x39e4e726bafa89f56997fbd19a84e4e5e5d213e1,PTS,WBNB,200,10000,0x04f0e728a57f785bbf439320bd8cc3732673c321,0xbb4cdb9cbd36b01bd1cbaebf2de08d9173bc095c,18,18,PancakeSwapV3
PancakeSwapV3,0xbac68c2abf8af81c7b0a30f2aca4c45f5f39f339,foodie,WBNB,200,10000,0x35fc165540e4247811bdeb425fd4f706a005862b,0xbb4cdb9cbd36b01bd1cbaebf2de08d9173bc095c,18,18,PancakeSwapV3
PancakeSwapV3,0xd6362b94d03516dd2bc2b3f46d652573ff1ec9ec,ABCD,WBNB,200,10000,0x57bcbad914c310013baaaed03577192e161cd38b,0xbb4cdb9cbd36b01bd1cbaebf2de08d9173bc095c,18,18,PancakeSwapV3
PancakeSwapV3,0x8cea4c62d7d8a0179dd105af7cc5ed005401ce90,BYTE,WBNB,200,10000,0x957b676ce02883b89d5ec2e1e8fd95aec04d303c,0xbb4cdb9cbd36b01bd1cbaebf2de08d9173bc095c,18,18,PancakeSwapV3
PancakeSwapV3,0x0982de187c3c65120deee53b151114e1355701d6,Ticker,WBNB,200,10000,0x3c0130afd02943e6aeced75ebcbf92297a0b1227,0xbb4cdb9cbd36b01bd1cbaebf2de08d9173bc095c,18,18,PancakeSwapV3
PancakeSwapV3,0xc23586ecee256439abf6868f7bbb1d3936070a3b,VOOC,WBNB,200,10000,0x65f0de3a072f05514f2e6038c0a82cfe02459b89,0xbb4cdb9cbd36b01bd1cbaebf2de08d9173bc095c,18,18,PancakeSwapV3
PancakeSwapV3,0x699e389ab33c69d9a67f3e4bef6c2fc3fec642e3,VOOC,WBNB,200,10000,0x716393dba6d903ae570f5d07e543a3fbc836e473,0xbb4cdb9cbd36b01bd1cbaebf2de08d9173bc095c,18,18,PancakeSwapV3
PancakeSwapV3,0x58baf5f3a84381694837602c591ea183d34a0bd8,OPTIMA,WBNB,200,10000,0x1159f372fe32b6ec5a6c3e4a2264e8c6c42039d1,0xbb4cdb9cbd36b01bd1cbaebf2de08d9173bc095c,18,18,PancakeSwapV3
PancakeSwapV3,0xa8affc40c6503441068420c477e4a4536e575c35,FUZZY GOLD,WBNB,200,10000,0x6a2f1e2ae11e523b3d3aa28fa872947e600975f0,0xbb4cdb9cbd36b01bd1cbaebf2de08d9173bc095c,18,18,PancakeSwapV3
PancakeSwapV3,0x03b5b76890627a627d7a2b90c0ea112e7b1d5856,FKLK,WBNB,200,10000,0xb2ac995c5ea54080288c6670483abffa1b38ee85,0xbb4cdb9cbd36b01bd1cbaebf2de08d9173bc095c,18,18,PancakeSwapV3
PancakeSwapV3,0xd000c113ef47f809d8cb36f52d17c14d65407e6e,C3,WBNB,200,10000,0x419dbac376d5cb85b0880947e7fd417013fcfa8f,0xbb4cdb9cbd36b01bd1cbaebf2de08d9173bc095c,18,18,PancakeSwapV3
PancakeSwapV3,0x73c9e49e87d3bcc68057f0b2e001a5c49d3317c4,$Rocket,WBNB,200,10000,0x7c652aa481bccd2aa563ad7312d368ebf5dbfbf9,0xbb4cdb9cbd36b01bd1cbaebf2de08d9173bc095c,18,18,PancakeSwapV3
PancakeSwapV3,0xac5834d2c4e2f6836072e82f22f2ad2af873e1f4,$BSDROK,WBNB,200,10000,0x9699d5e40146a4e35667907ac78839bd3ab3bec6,0xbb4cdb9cbd36b01bd1cbaebf2de08d9173bc095c,18,18,PancakeSwapV3
PancakeSwapV3,0x1ab5a95eb6846a0336809daaaf27f2cbae05096f,IVAR,WBNB,200,10000,0x1b8d150cce3965d9f8504653b00a93a7d3902237,0xbb4cdb9cbd36b01bd1cbaebf2de08d9173bc095c,18,18,PancakeSwapV3
PancakeSwapV3,0x9795181b91b49ee0e3e8e04affc6150c67aa5a85,TAX,WBNB,200,10000,0x406d17c96b7bedebdf8bffaec9c84ad9ddb895cc,0xbb4cdb9cbd36b01bd1cbaebf2de08d9173bc095c,18,18,PancakeSwapV3
PancakeSwapV3,0x518e7584873681f45662ce81e948a41abe7e5174,LGROK,WBNB,200,10000,0x13810548979b708fd1fade35a10420636377f4a0,0xbb4cdb9cbd36b01bd1cbaebf2de08d9173bc095c,18,18,PancakeSwapV3
PancakeSwapV3,0xc043dafe34cd9d5123ddd5820c6d75088b44660f,DDT,WBNB,200,10000,0x61a4b74e108e44174346b218c1593d74314bf6bb,0xbb4cdb9cbd36b01bd1cbaebf2de08d9173bc095c,18,18,PancakeSwapV3
PancakeSwapV3,0x9d7ba82b17b6132184d600ad766c0810ab425c34,MOP,WBNB,200,10000,0x433dea7ce280a41dbf7a00d0840fc5615da3c89d,0xbb4cdb9cbd36b01bd1cbaebf2de08d9173bc095c,18,18,PancakeSwapV3
PancakeSwapV3,0x83cbfd7be39ef006ad69302f74dd46b9ad0f9c82,CLY,WBNB,200,10000,0x2b89786d07470988fa60450b1ee1ecf0ae6c9c8f,0xbb4cdb9cbd36b01bd1cbaebf2de08d9173bc095c,18,18,PancakeSwapV3
PancakeSwapV3,0x3599924310aa67e3cac15d9005a9ee3d9ca9c25b,MOP,WBNB,200,10000,0x5591048ec0b3a7ba68992672c039d8c5b45d86a9,0xbb4cdb9cbd36b01bd1cbaebf2de08d9173bc095c,18,18,PancakeSwapV3
PancakeSwapV3,0xad6da173fdd30a012b9d273b972931c2c4bb2a9e,TARIO,WBNB,200,10000,0x13da9011465d3f154d03e50428958d07fd0dd13d,0xbb4cdb9cbd36b01bd1cbaebf2de08d9173bc095c,18,18,PancakeSwapV3
PancakeSwapV3,0xce7444df86ea4096746388200880beca0cf17af4,INTORI,WBNB,200,10000,0x04d4ff07665242fb38d29570e6afb4f3a62916e4,0xbb4cdb9cbd36b01bd1cbaebf2de08d9173bc095c,18,18,PancakeSwapV3
PancakeSwapV3,0x95962e257db2ced31d13afe5d245991efcb2f781,ANN,WBNB,200,10000,0xb16af543a020e9c0e8a0fe5faff656bdfcaf1c21,0xbb4cdb9cbd36b01bd1cbaebf2de08d9173bc095c,18,18,PancakeSwapV3
PancakeSwapV3,0x8621b47cdd5915345da2f69ecb267ac8f0af1184,HYENNA,WBNB,200,10000,0x027504bd79ac19c454a172d51b8e1cc0754d3288,0xbb4cdb9cbd36b01bd1cbaebf2de08d9173bc095c,18,18,PancakeSwapV3
PancakeSwapV3,0x88dde11f1465e6da6179557fe3170ff625749a2e,CTON,WBNB,200,10000,0x868315d9be0d89cd554e994b89567beef7f22e93,0xbb4cdb9cbd36b01bd1cbaebf2de08d9173bc095c,18,18,PancakeSwapV3
PancakeSwapV3,0x697450aae2e90dd7857bd35212b4f46ba394fa6d,BOV,WBNB,200,10000,0x837f7ae96103d1736ecdcd0754a211372f80a5ad,0xbb4cdb9cbd36b01bd1cbaebf2de08d9173bc095c,18,18,PancakeSwapV3
PancakeSwapV3,0x4194884f9f1d979b4ab6de1fd190098a721c98c2,TTOR,WBNB,200,10000,0x67d369d575c9506bfe206f08947ed89fe2092e57,0xbb4cdb9cbd36b01bd1cbaebf2de08d9173bc095c,18,18,PancakeSwapV3
PancakeSwapV3,0x8db7e028db4e09a86d1ad835aadd6983f779945a,LOTR,WBNB,200,10000,0x8e681990a629077231786bfdeec7876497fe54b3,0xbb4cdb9cbd36b01bd1cbaebf2de08d9173bc095c,18,18,PancakeSwapV3
PancakeSwapV3,0x7f85d3e310732621e637a0b18a64873214d1c086,pumpAI,WBNB,200,10000,0x0fb95d6a12fca4d5619e19a9590c502892f948b6,0xbb4cdb9cbd36b01bd1cbaebf2de08d9173bc095c,18,18,PancakeSwapV3
PancakeSwapV3,0x1010a23ff50e510fb9c7ea08942cb1950389a877,Meastro,WBNB,200,10000,0x1c99511fb378b253ea5a6a77ac62ab1a456844ec,0xbb4cdb9cbd36b01bd1cbaebf2de08d9173bc095c,18,18,PancakeSwapV3
PancakeSwapV3,0x8a9b595f8170506de81221d37e4de37cede60992,TANO,WBNB,200,10000,0x0173c1bda8592117626bd9b68420b9fc8b2c3671,0xbb4cdb9cbd36b01bd1cbaebf2de08d9173bc095c,18,18,PancakeSwapV3
PancakeSwapV3,0x18daec7019a1bde2cab9cc2df03bb8a0f88c2ea8,HINATA,WBNB,200,10000,0xac552a1ecaded4c589edbb1a51dd5773493a7d18,0xbb4cdb9cbd36b01bd1cbaebf2de08d9173bc095c,18,18,PancakeSwapV3
PancakeSwapV3,0xd76c142b16c839773fd7ccded332c3503967933b,BOB,WBNB,200,10000,0x38aab7505b3d5daf584b0c433e16f1300bcf7811,0xbb4cdb9cbd36b01bd1cbaebf2de08d9173bc095c,18,18,PancakeSwapV3
PancakeSwapV3,0xbd484d25a2286880d6f172381e81c7fa40e9247a,REACHME,WBNB,200,10000,0xa17e66283a8e825263f7e1f7b124aef15ccaf1bc,0xbb4cdb9cbd36b01bd1cbaebf2de08d9173bc095c,18,18,PancakeSwapV3
PancakeSwapV3,0x21a223d0c60bedb44d9d655e879a158834d7db0c,MRNA,WBNB,200,10000,0x6b142c51ef04c115aa1c69e6cb396deff45c8d9e,0xbb4cdb9cbd36b01bd1cbaebf2de08d9173bc095c,18,18,PancakeSwapV3
PancakeSwapV3,0xb2160918a1d92de74fac8aae8264046de6ab01ae,NMAX,WBNB,200,10000,0xa975be91e670744d488f0c1824ad67968bd3140c,0xbb4cdb9cbd36b01bd1cbaebf2de08d9173bc095c,18,18,PancakeSwapV3
PancakeSwapV3,0x858aa3b4c11ac8e1fc6e86da3bd937b34f77a3b8,cton,WBNB,200,10000,0x99e100e75be3f123beade44a03cd9bb2ec8ccaf4,0xbb4cdb9cbd36b01bd1cbaebf2de08d9173bc095c,18,18,PancakeSwapV3
PancakeSwapV3,0xd771528d393774b25773fbb952d0a3d7f55a0fa6,$BEAN,WBNB,200,10000,0x38b989eb2d515523e7667c70e2140e3a625635a7,0xbb4cdb9cbd36b01bd1cbaebf2de08d9173bc095c,18,18,PancakeSwapV3
PancakeSwapV3,0x9c5e3011afbf582c6ef1f053a6adc589c60a7bf7,BEAN,WBNB,200,10000,0x2b6f9c5d0cdd57e404179d78197c4ac97fe8c47e,0xbb4cdb9cbd36b01bd1cbaebf2de08d9173bc095c,18,18,PancakeSwapV3
PancakeSwapV3,0x9fcea1edd2cfa0429ae590a03ed5879ca8928016,Bull25,WBNB,200,10000,0x36d7386923a343e7466c2670b4baf2166c1d0c63,0xbb4cdb9cbd36b01bd1cbaebf2de08d9173bc095c,18,18,PancakeSwapV3
PancakeSwapV3,0x4f5662339ed3f65efdfd14e4a0d05833735d7014,OPM,WBNB,200,10000,0x04f4afa79de37eebaafa05ae4959a69582c0520c,0xbb4cdb9cbd36b01bd1cbaebf2de08d9173bc095c,18,18,PancakeSwapV3
PancakeSwapV3,0x12f838b2419d64766e84690d7c8714f990b416c7,tizi,WBNB,200,10000,0x8640b7dfec56564a09b385b23f2af094c78828f4,0xbb4cdb9cbd36b01bd1cbaebf2de08d9173bc095c,18,18,PancakeSwapV3
PancakeSwapV3,0xbb0545cf32560cc831493b569e8304e9d85e87d7,bananaape,WBNB,200,10000,0x27547440890aef711c6a6da2a3e451361ed1c31a,0xbb4cdb9cbd36b01bd1cbaebf2de08d9173bc095c,18,18,PancakeSwapV3
PancakeSwapV3,0xcb2c7dc0bbedba1d3a6e731c4d3338803a111e11,$CEZE,WBNB,200,10000,0x221484d576f02011eedc2a148443dd6f9ef716eb,0xbb4cdb9cbd36b01bd1cbaebf2de08d9173bc095c,18,18,PancakeSwapV3
PancakeSwapV3,0x5c72c71cc24f9d2821cd0e9c8cc32a9b958c5e30,BORDER,WBNB,200,10000,0x36a163958a6a8ffe8c14d7ff6354a2f3fed15578,0xbb4cdb9cbd36b01bd1cbaebf2de08d9173bc095c,18,18,PancakeSwapV3
PancakeSwapV3,0x32dfa01452a4361fac5a429113c5eb4bce12a4cd,lol,WBNB,200,10000,0x3eae613e3d5f8053ddbf8159fee70aa18f39c20b,0xbb4cdb9cbd36b01bd1cbaebf2de08d9173bc095c,18,18,PancakeSwapV3
PancakeSwapV3,0x173156dccc0de1d6145b6288329cad65ee89814b,GCOT,WBNB,200,10000,0x7e9afdde0310d9bb4d4db233bbc919a77c47c589,0xbb4cdb9cbd36b01bd1cbaebf2de08d9173bc095c,18,18,PancakeSwapV3
PancakeSwapV3,0x397df4cefb5b5df3ff5d35d933437b0b0915ef74,MGN,WBNB,200,10000,0x787612e264ee199be1aba210cb46b790b0e1535e,0xbb4cdb9cbd36b01bd1cbaebf2de08d9173bc095c,18,18,PancakeSwapV3
PancakeSwapV3,0x601e008939576bfcaea0981e92d6eecabc031a46,BF,WBNB,200,10000,0x9870b732c7a3db929658e9b79d2d0540775e2af5,0xbb4cdb9cbd36b01bd1cbaebf2de08d9173bc095c,18,18,PancakeSwapV3
PancakeSwapV3,0xf8b92f4e467a08f43bca9b5237e6252951a586ec,RPS,WBNB,200,10000,0x520b1d50dd5b4f3ea3164cbc82ce4f77b01e58aa,0xbb4cdb9cbd36b01bd1cbaebf2de08d9173bc095c,18,18,PancakeSwapV3
PancakeSwapV3,0xab65e9c7e67fb4743cee9351e270876e86e26d32,RDSTR,WBNB,200,10000,0x8850fb2f8b5bab5f3798120141fccba99587826d,0xbb4cdb9cbd36b01bd1cbaebf2de08d9173bc095c,18,18,PancakeSwapV3
PancakeSwapV3,0x12b3e990fa03ab0ca1e3ca2281d45ceff2ff9f99,RCAT,WBNB,200,10000,0x9752291598a642baf7d93015cca4bcf2944d2ef0,0xbb4cdb9cbd36b01bd1cbaebf2de08d9173bc095c,18,18,PancakeSwapV3
PancakeSwapV3,0x8c81e0479b63125a9c8cce49bf519e591e5d95c8,ATT,WBNB,200,10000,0xb891d88a37ef3eec971ce6398efd1011a2feeb74,0xbb4cdb9cbd36b01bd1cbaebf2de08d9173bc095c,18,18,PancakeSwapV3
PancakeSwapV3,0x940b9a9e8539c22a2f1a4430ba21cd45e761fe26,mubarich,WBNB,200,10000,0x76a4f4ac31ad0eceeb55732b5ad30db679a89f9b,0xbb4cdb9cbd36b01bd1cbaebf2de08d9173bc095c,18,18,PancakeSwapV3
PancakeSwapV3,0x630818a6ba2ceac13004d218279e9422b24779d6,MPENGU,WBNB,200,10000,0x31135a1d5358752863c3f9d6417b763055909207,0xbb4cdb9cbd36b01bd1cbaebf2de08d9173bc095c,18,18,PancakeSwapV3
PancakeSwapV3,0xb9b3cf8e204e5653add02b2572437c35b1e7836e,TERMSTAT,WBNB,200,10000,0xa65d29e4a017f8f84f9ea5c89c54a315b4dfbc8a,0xbb4cdb9cbd36b01bd1cbaebf2de08d9173bc095c,18,18,PancakeSwapV3
PancakeSwapV3,0xef783bc38ff073be2c7dbf62df25cb4c2120b32b,TARIFFS,WBNB,200,10000,0x0d40a3897bab6d8594d3b706891d24d9b72b2425,0xbb4cdb9cbd36b01bd1cbaebf2de08d9173bc095c,18,18,PancakeSwapV3
PancakeSwapV3,0x446cc1b8b7f871f0c7cbf47107d9c812c49effec,SWAV,WBNB,200,10000,0x046334dce727a2a011f9aa8361e89dcf64b724a2,0xbb4cdb9cbd36b01bd1cbaebf2de08d9173bc095c,18,18,PancakeSwapV3
PancakeSwapV3,0x85ae4452918536f2394cd1704eca16d4eddd5d35,TrumpMoon,WBNB,200,10000,0x03b5bb60b6da56af8156a6bf089e83bcc543071c,0xbb4cdb9cbd36b01bd1cbaebf2de08d9173bc095c,18,18,PancakeSwapV3
PancakeSwapV3,0x860f8f39e322b00b7f9f154e8ae17a906625fe30,Trump47,WBNB,200,10000,0x8f83158e1c9cb57376d6362a313c751c452f5d3d,0xbb4cdb9cbd36b01bd1cbaebf2de08d9173bc095c,18,18,PancakeSwapV3
PancakeSwapV3,0x751f2c40531f4eee6704c2762395aa0983657c75,SMILE,WBNB,200,10000,0x085cddd13afb19173f3793f54e5897fca15527d0,0xbb4cdb9cbd36b01bd1cbaebf2de08d9173bc095c,18,18,PancakeSwapV3
PancakeSwapV3,0x82195871c7299405784a8d9384c4f2c8c8a4a880,SMILE,WBNB,200,10000,0x8d8e67a3dd1e9a7744dd8795e49c7b697cb0136a,0xbb4cdb9cbd36b01bd1cbaebf2de08d9173bc095c,18,18,PancakeSwapV3
PancakeSwapV3,0xdb2c0af04e5fea02d13ace6f592c4bceb8f9978a,SMILE,WBNB,200,10000,0x667f233f809ff45c2f640356fe9ff4c187476d8e,0xbb4cdb9cbd36b01bd1cbaebf2de08d9173bc095c,18,18,PancakeSwapV3
PancakeSwapV3,0xd89e9ae04d395ceb9edcf133e0fada4a61d41ece,MUPPET,WBNB,200,10000,0x85052ca35d6bc16b2f565446d26f0c868c6d7468,0xbb4cdb9cbd36b01bd1cbaebf2de08d9173bc095c,18,18,PancakeSwapV3
PancakeSwapV3,0x20fb1bf532a40371524882678fdd04edba74c884,CAT,WBNB,200,10000,0x12722a3a81d52224b18fed4ae750667fb4d97306,0xbb4cdb9cbd36b01bd1cbaebf2de08d9173bc095c,18,18,PancakeSwapV3
PancakeSwapV3,0xcebbaf5e860654c35748e072358e00d1e4e8d3d2,$DID,WBNB,200,10000,0x9107cbe6a000676977f233eee18407f271b48d06,0xbb4cdb9cbd36b01bd1cbaebf2de08d9173bc095c,18,18,PancakeSwapV3
PancakeSwapV3,0x0d026a19640855faac000879934940887680738b,405,WBNB,200,10000,0x14195470e1df81783e916525ea5cbaf6960e4b9d,0xbb4cdb9cbd36b01bd1cbaebf2de08d9173bc095c,18,18,PancakeSwapV3
PancakeSwapV3,0xa1591ebe97c436581935dd54fde0df9ee9645a04,GGAMEL,WBNB,200,10000,0x5fbc63ca40a675f1314be58f9b9a5fa989c124cf,0xbb4cdb9cbd36b01bd1cbaebf2de08d9173bc095c,18,18,PancakeSwapV3
PancakeSwapV3,0x6f23c05a1fc78997ff01dc2be2fbd99e62ac4fe5,MOG,WBNB,200,10000,0x548d05f57d43a2986fc53d458c9936e39f185011,0xbb4cdb9cbd36b01bd1cbaebf2de08d9173bc095c,18,18,PancakeSwapV3
PancakeSwapV3,0x15a3b263eae7286918f2899bb279a32ba5355d27,NANAV3,WBNB,200,10000,0x35645d1916529d86dd0f512088a182baa12dc43d,0xbb4cdb9cbd36b01bd1cbaebf2de08d9173bc095c,18,18,PancakeSwapV3
PancakeSwapV3,0xdccfa2bd5f14312cdb4c6aaf03edd4fa85b364fd,SIGM,WBNB,200,10000,0xb5b1825012bd9f7c967bfad43a6782ed87a2b89c,0xbb4cdb9cbd36b01bd1cbaebf2de08d9173bc095c,18,18,PancakeSwapV3
PancakeSwapV3,0x14c9cf81a99bf795a1e7976b3cb80e316cc4abdc,ToyStory,WBNB,200,10000,0xa99823284103f48b085ebd2609c0ee36741f5c77,0xbb4cdb9cbd36b01bd1cbaebf2de08d9173bc095c,18,18,PancakeSwapV3
PancakeSwapV3,0x5d962956fdc0ffcb96af2f346972f113717ab43b,K,WBNB,200,10000,0x52d14c26bf30405d91ea0228781b4e422a69da26,0xbb4cdb9cbd36b01bd1cbaebf2de08d9173bc095c,18,18,PancakeSwapV3
PancakeSwapV3,0x8e0b7dcbcee451bd3092f47c6d06cfebd905c1c5,DEPLOY,WBNB,200,10000,0x5e7d93ad7ee7b81e001aa7ff0a4c25638681f3db,0xbb4cdb9cbd36b01bd1cbaebf2de08d9173bc095c,18,18,PancakeSwapV3
PancakeSwapV3,0x28b8146c01b3bbb4dc6c19d74220967e3664198b,YG,WBNB,200,10000,0x1512032d2293e33b9e3a24cb20c3b24b0656fb3a,0xbb4cdb9cbd36b01bd1cbaebf2de08d9173bc095c,18,18,PancakeSwapV3
PancakeSwapV3,0x5513f19d588b73bdf5fbbc372697e28fca82c3e7,YG,WBNB,200,10000,0x2772fa231defd52c723f97e7e6855673aa7f89d0,0xbb4cdb9cbd36b01bd1cbaebf2de08d9173bc095c,18,18,PancakeSwapV3
PancakeSwapV3,0xc842e7891c76f02280565e5a8407ad425080ca8c,CATGRK,WBNB,200,10000,0x3c7400478323a2939812728c741f68252cc00f0d,0xbb4cdb9cbd36b01bd1cbaebf2de08d9173bc095c,18,18,PancakeSwapV3
PancakeSwapV3,0x55117e62d393fdc9b63cf107868089097fd0e4ae,BURGER,WBNB,200,10000,0x6c312a3d907c05060cc44b0c59b677ca7e59c05d,0xbb4cdb9cbd36b01bd1cbaebf2de08d9173bc095c,18,18,PancakeSwapV3
PancakeSwapV3,0x9bc69f162ff5ea05c322b449c3c19a23c03c6de3,FUD,WBNB,200,10000,0x482bdb07f9cbaa8e3a2d256e841927583ca48d3d,0xbb4cdb9cbd36b01bd1cbaebf2de08d9173bc095c,18,18,PancakeSwapV3
PancakeSwapV3,0xe5664eecbbb8e45b2573cfb65077bfc51c4a5efa,EQU,WBNB,200,10000,0x6442c2c234fdd05a06205b14167b1a5a0a774cbc,0xbb4cdb9cbd36b01bd1cbaebf2de08d9173bc095c,18,18,PancakeSwapV3
PancakeSwapV3,0x1322f8a971a171a76f1276dc171dd80938c9ad40,TDOG,WBNB,200,10000,0x88985218f7989d791d674855c70656f464edc00b,0xbb4cdb9cbd36b01bd1cbaebf2de08d9173bc095c,18,18,PancakeSwapV3
PancakeSwapV3,0xc989f4db873b2bbceeda611cbb90adfba8e568f5,Pinksale,WBNB,200,10000,0x0496bd23180b27e71c314f5a965f84d482ce8192,0xbb4cdb9cbd36b01bd1cbaebf2de08d9173bc095c,18,18,PancakeSwapV3
PancakeSwapV3,0x98e7bf2825a149fdb21aa28479297fac19c2e623,2mil222,WBNB,200,10000,0x551fdb7e91c6a2cb815915a4276fe6a399087a02,0xbb4cdb9cbd36b01bd1cbaebf2de08d9173bc095c,18,18,PancakeSwapV3
PancakeSwapV3,0x1a67063f6f80279fc909924019e24be3d0651dec,TIRED,WBNB,200,10000,0x5fd4b83c3f039ea88b916cdef77ebed2cb115a82,0xbb4cdb9cbd36b01bd1cbaebf2de08d9173bc095c,18,18,PancakeSwapV3
PancakeSwapV3,0xa2f2f7a18e7519c420ce8ebaa52706467e6a6592,4MEME,WBNB,200,10000,0x302b6a9572317aebcd97db24e3469ad11b551266,0xbb4cdb9cbd36b01bd1cbaebf2de08d9173bc095c,18,18,PancakeSwapV3
PancakeSwapV3,0xef496de820666a925b19e7535c576427029675d1,QJ,WBNB,200,10000,0x85567f6329c9f3d5917c1a7ca46c3cef5c63c664,0xbb4cdb9cbd36b01bd1cbaebf2de08d9173bc095c,18,18,PancakeSwapV3
PancakeSwapV3,0x4ee067346cfc9d7069e3b1f0009985aa3db5217d,qf,WBNB,200,10000,0x2cb982ff4d4f35726a17bd4441ed26e98ea4e9ed,0xbb4cdb9cbd36b01bd1cbaebf2de08d9173bc095c,18,18,PancakeSwapV3
PancakeSwapV3,0x7951f2fe2dc9a7e7223347fad6b0bae9800fb9ba,MVB9,WBNB,200,10000,0xb59b4efba208e5b81d8ce546edba2c51df3cd776,0xbb4cdb9cbd36b01bd1cbaebf2de08d9173bc095c,18,18,PancakeSwapV3
PancakeSwapV3,0x7a7c9d8a20714b5d37f8db4405328e1294f79361,TOKEN2049,WBNB,200,10000,0x6a60a3bb0953976d046efce411dff8c671e3f359,0xbb4cdb9cbd36b01bd1cbaebf2de08d9173bc095c,18,18,PancakeSwapV3
PancakeSwapV3,0x9182fb3664bd47a41480f34c6dab57daae2e0fe2,CZOP,WBNB,200,10000,0x5b831bf3641282ea42a9f79cb81fcad32a2c5d8a,0xbb4cdb9cbd36b01bd1cbaebf2de08d9173bc095c,18,18,PancakeSwapV3
PancakeSwapV3,0x092285f1ac0ce8595ae3734eb3639a66a9af377b,CAPEPE,WBNB,200,10000,0xac1e8640e0c28ee1d330fff1a679dbb3a4ed3bf2,0xbb4cdb9cbd36b01bd1cbaebf2de08d9173bc095c,18,18,PancakeSwapV3
PancakeSwapV3,0xaab823f31dfd3c999d23dd00faa77f55b431e7a8,TRUMP,WBNB,200,10000,0x6e864b2213d51c0c8ae3d5643a72a2470d3b45e6,0xbb4cdb9cbd36b01bd1cbaebf2de08d9173bc095c,18,18,PancakeSwapV3
PancakeSwapV3,0xb1552d61febc653ebb2570b59f59d0baccf8c1aa,TJA,WBNB,200,10000,0x3b2322f3f90258973528d7a76fec92799ff300dd,0xbb4cdb9cbd36b01bd1cbaebf2de08d9173bc095c,18,18,PancakeSwapV3
PancakeSwapV3,0xe7aebf5aa71b71a8ca4cec80f63ab751c84379b4,TRWAR,WBNB,200,10000,0x8189eabb4b769c64f3f7f23ad20c24f01839a505,0xbb4cdb9cbd36b01bd1cbaebf2de08d9173bc095c,18,18,PancakeSwapV3
PancakeSwapV3,0x0072f03c20afda7ae06a4712f1fbea9e619140bd,TRUMP,WBNB,200,10000,0x12b457f827e59f61203b2bc79a7bbd8099001e62,0xbb4cdb9cbd36b01bd1cbaebf2de08d9173bc095c,18,18,PancakeSwapV3
PancakeSwapV3,0xd9681651a3a2320ce3d1251aa5ae7614f72e4a8d,BAOLI,WBNB,200,10000,0x360b42edba18902e48d9c73d50fada98b3b954c6,0xbb4cdb9cbd36b01bd1cbaebf2de08d9173bc095c,18,18,PancakeSwapV3
PancakeSwapV3,0xf28b2d0ee4b9e80ae8c6918ec5f0d7736898b334,BULL,WBNB,200,10000,0x28989b41169f00765ab4b43cae036bee5afbfe41,0xbb4cdb9cbd36b01bd1cbaebf2de08d9173bc095c,18,18,PancakeSwapV3
PancakeSwapV3,0x8bbe2738b33d5c0354a15571decbaf41bede839c,DOGE,WBNB,200,10000,0x1111a37c832f633f585839ab9cd702b249e99b3f,0xbb4cdb9cbd36b01bd1cbaebf2de08d9173bc095c,18,18,PancakeSwapV3
PancakeSwapV3,0x9d9a8d3c16e292738b0c81fe394ae7edf44b83e0,TRUMP,WBNB,200,10000,0x15244eaf4cf7d14fceb412f891827db8fab34f5e,0xbb4cdb9cbd36b01bd1cbaebf2de08d9173bc095c,18,18,PancakeSwapV3
PancakeSwapV3,0xa943f1b97d725e7ca3934f3de9b1dfa37422b28a,BULL,WBNB,200,10000,0x275eb91d7a8e1e2cc9fff66a4b48d33b555b1482,0xbb4cdb9cbd36b01bd1cbaebf2de08d9173bc095c,18,18,PancakeSwapV3
PancakeSwapV3,0x79b5961ea4d75f52030f35e40cee70df847f27a2,BULL,WBNB,200,10000,0x85bebb964251ffacba62ddfc85fccc36e1ec8bd1,0xbb4cdb9cbd36b01bd1cbaebf2de08d9173bc095c,18,18,PancakeSwapV3
PancakeSwapV3,0x92342bc6e9ac7391d81902cf6ad7d41ec4e0244f,GEOGODS,WBNB,200,10000,0x960fec4bc0e16792e72d8a5f0b326e3767633b6b,0xbb4cdb9cbd36b01bd1cbaebf2de08d9173bc095c,18,18,PancakeSwapV3
PancakeSwapV3,0x87040b32394f64dbbcd4f3f32259e9e87d4c4d7b,SIFTHY,WBNB,200,10000,0x46ab4e12291e13b0cb0ccc9b4f148643cc832fac,0xbb4cdb9cbd36b01bd1cbaebf2de08d9173bc095c,18,18,PancakeSwapV3
PancakeSwapV3,0xb65a0f3db515093759685735418d159793f2ee45,ASTRO,WBNB,200,10000,0xb8b5bbff8af49f38719df0c2939811c2a7157713,0xbb4cdb9cbd36b01bd1cbaebf2de08d9173bc095c,18,18,PancakeSwapV3
PancakeSwapV3,0x1a5bed28e13683369a300c5cb01b58eb97b4fbda,Earbuds,WBNB,200,10000,0x0699e700cb5c9794ea1fefe37a3229d1cedfa8d9,0xbb4cdb9cbd36b01bd1cbaebf2de08d9173bc095c,18,18,PancakeSwapV3
PancakeSwapV3,0x238fc95f7db267b4ea560846b3b7f02625270c43,ASTRO,WBNB,200,10000,0x15766a35e8f7986243f10041d4e8e25a578181d4,0xbb4cdb9cbd36b01bd1cbaebf2de08d9173bc095c,18,18,PancakeSwapV3
PancakeSwapV3,0x30c6e6816f5d1e1d2fc0f01bbde0af8b06760e14,BRO,WBNB,200,10000,0xb43963693f69233e3111ef1903c0ad1306c6bd8c,0xbb4cdb9cbd36b01bd1cbaebf2de08d9173bc095c,18,18,PancakeSwapV3
PancakeSwapV3,0xf46a7f71dbe9b3b5784bd725c8909c4ded2dbeba,SQU,WBNB,200,10000,0x54ffbaf9d04817cb75af6d29c3d9508d78910adc,0xbb4cdb9cbd36b01bd1cbaebf2de08d9173bc095c,18,18,PancakeSwapV3
PancakeSwapV3,0x635dbbac8bdf0642969ccef8a151b2b6b9897082,nanadek,WBNB,200,10000,0x62e7ea49633ff4f98d7717a6c3f28c67ea49c8da,0xbb4cdb9cbd36b01bd1cbaebf2de08d9173bc095c,18,18,PancakeSwapV3
PancakeSwapV3,0xcbff9003f5bd2fe3f8ad8aebea675866795b58d2,PETOL,WBNB,200,10000,0xb8a61e785948c869064a8a24b4635c733462cc8e,0xbb4cdb9cbd36b01bd1cbaebf2de08d9173bc095c,18,18,PancakeSwapV3
PancakeSwapV3,0x1b8126cca2694b3914a9ace862069d75e385b702,kuizi,WBNB,200,10000,0x03437bb277d46fc1079e5d2741c436d10c84a7e5,0xbb4cdb9cbd36b01bd1cbaebf2de08d9173bc095c,18,18,PancakeSwapV3
PancakeSwapV3,0x109e51acbc2e0d2050f74104f01886376040b38a,kuizi,WBNB,200,10000,0x76410d2fd762d0e7641f45871f51ed747c6a5550,0xbb4cdb9cbd36b01bd1cbaebf2de08d9173bc095c,18,18,PancakeSwapV3
PancakeSwapV3,0x46841c98c884d44e97998b4950bdd2c1a963bfef,MAGNOLIA,WBNB,200,10000,0x3186eed03b542fa9717c9eab9e91f5863b2c852d,0xbb4cdb9cbd36b01bd1cbaebf2de08d9173bc095c,18,18,PancakeSwapV3
PancakeSwapV3,0x85da00423425a25b3b8f0be7616079e0921cedc9,DEKCICIV1,WBNB,200,10000,0xb53e1b9a254603a7878cb025dc4b38ca65eb2e5e,0xbb4cdb9cbd36b01bd1cbaebf2de08d9173bc095c,18,18,PancakeSwapV3
PancakeSwapV3,0x5fada3c0017f3e64a55ba0223960986c705aa200,DEKCICIV1,WBNB,200,10000,0x5fd9040caa82c18220de02a75606bef2d2c89dc1,0xbb4cdb9cbd36b01bd1cbaebf2de08d9173bc095c,18,18,PancakeSwapV3
PancakeSwapV3,0xf985fa0f3b49442725d826dbcb1879e11b39cf07,nao nao,WBNB,200,10000,0x583f5dcd62d89990aaed4d53b5ac14f7ab029d16,0xbb4cdb9cbd36b01bd1cbaebf2de08d9173bc095c,18,18,PancakeSwapV3
PancakeSwapV3,0xe320dd498b69c34d648e1d3b74bec9eb6fa26d0b,TEOT,WBNB,200,10000,0x74dfe937ed0f895a90ec4ddbf11c2ca3cbbd0f00,0xbb4cdb9cbd36b01bd1cbaebf2de08d9173bc095c,18,18,PancakeSwapV3
PancakeSwapV3,0x49a3c94043db37c57959579d0bcc0889a0452e22,$TARIFF,WBNB,200,10000,0x48516f253c24ce136721a337c57b1152dace490a,0xbb4cdb9cbd36b01bd1cbaebf2de08d9173bc095c,18,18,PancakeSwapV3
PancakeSwapV3,0x4a162953ab21da327e85549d08bc38a257612fe4,FIRELINE,WBNB,200,10000,0xb9fb647d0bacbd8d0c9ac49630cf079726543402,0xbb4cdb9cbd36b01bd1cbaebf2de08d9173bc095c,18,18,PancakeSwapV3
PancakeSwapV3,0x23a884dbfce169be5a9168b093c4dbf66c1f0742,LOVE,WBNB,200,10000,0xa0076a8203e168136fc45ee764e7ee3d1f424703,0xbb4cdb9cbd36b01bd1cbaebf2de08d9173bc095c,18,18,PancakeSwapV3
PancakeSwapV3,0x99a1acbb5b0317f979b26ff1a0c5b225279338cb,taxwar,WBNB,200,10000,0x1279c968f259bdf30f7b517379aaafa102816a0d,0xbb4cdb9cbd36b01bd1cbaebf2de08d9173bc095c,18,18,PancakeSwapV3
PancakeSwapV3,0x908e743b69ef3a61ade0d3cfc001aa9988febffc,taxwar,WBNB,200,10000,0x383746eac23d53dfb707b48218a4ab699c1a4c11,0xbb4cdb9cbd36b01bd1cbaebf2de08d9173bc095c,18,18,PancakeSwapV3
PancakeSwapV3,0x70584a6e18b12eebdb1fec8a2eaa67e6248ca3e6,$Kowait,WBNB,200,10000,0x96d93391f2aa5e4d3284a7ddca9d72d45a6cc657,0xbb4cdb9cbd36b01bd1cbaebf2de08d9173bc095c,18,18,PancakeSwapV3
PancakeSwapV3,0x206618e60f6aced10f37433185a042f8648ac141,COM,WBNB,200,10000,0xab77182aec2c57664ed1acb7cbdcb61f051cd84c,0xbb4cdb9cbd36b01bd1cbaebf2de08d9173bc095c,18,18,PancakeSwapV3
PancakeSwapV3,0x6a9019a0d1829d0ebb59dbaadb059be3ce6e5c2a,CATOLYAI,WBNB,200,10000,0x6410c2e25d3fc44f7b1521bede55eaa36b70745e,0xbb4cdb9cbd36b01bd1cbaebf2de08d9173bc095c,18,18,PancakeSwapV3
PancakeSwapV3,0x949902c20f7d5f4d24257f9dcae9e5fd4914b04f,$rok,WBNB,200,10000,0x384ecbc7f430cd56cf0dddee24b1afc885bdad6c,0xbb4cdb9cbd36b01bd1cbaebf2de08d9173bc095c,18,18,PancakeSwapV3
PancakeSwapV3,0x3c398345f4f2658e2d64944b3407e1e11e678a87,DJT,WBNB,200,10000,0x4678c97e0540cb13205206098b1a28869a49f78f,0xbb4cdb9cbd36b01bd1cbaebf2de08d9173bc095c,18,18,PancakeSwapV3
PancakeSwapV3,0x04f2426cae6bc323dd529bf75782a428e8b5b3d1,trial,WBNB,200,10000,0x854f632ce7902c53dba3e4743d5642e22799398b,0xbb4cdb9cbd36b01bd1cbaebf2de08d9173bc095c,18,18,PancakeSwapV3
PancakeSwapV3,0xbe422eff44e4ceedf8806bb471c1c77994a2f860,$SAFU,WBNB,200,10000,0x683680275eba703ee1cf78ae009500eef9065d36,0xbb4cdb9cbd36b01bd1cbaebf2de08d9173bc095c,18,18,PancakeSwapV3
PancakeSwapV3,0x54b2d6780ba328e8b974c33db9da152fc6dea76a,$tarrif,WBNB,200,10000,0x531a37030575128df363a9aeb056b636c05bb8f2,0xbb4cdb9cbd36b01bd1cbaebf2de08d9173bc095c,18,18,PancakeSwapV3
PancakeSwapV3,0x2e13b9bb4aaa0c3b7e4d894f964fecece2a5f1d7,JAVI,WBNB,200,10000,0x56c3ced3aa36acc134892db6e08e254c21e752e0,0xbb4cdb9cbd36b01bd1cbaebf2de08d9173bc095c,18,18,PancakeSwapV3
PancakeSwapV3,0xc57e9f416b2dd7929675f7cd31fc4fe43c1dbf95,LOVE,WBNB,200,10000,0x31126ee93ba56e0f203e00e8acd633e47504fac6,0xbb4cdb9cbd36b01bd1cbaebf2de08d9173bc095c,18,18,PancakeSwapV3
PancakeSwapV3,0x42a1e478026f8e7f1c9d88f510cddb8e0bfbcf9e,LCT,WBNB,200,10000,0x473877db2632e8a69db90a6c4ab3722974e5176f,0xbb4cdb9cbd36b01bd1cbaebf2de08d9173bc095c,18,18,PancakeSwapV3
PancakeSwapV3,0xae6886f158e080cdefd96395c85beabe12c73927,Capt'n Trench,WBNB,200,10000,0x09ef08d8e7bb535a238c758094f86619c40b1b54,0xbb4cdb9cbd36b01bd1cbaebf2de08d9173bc095c,18,18,PancakeSwapV3
PancakeSwapV3,0x9c5113952e267cac4548cd669cd2f0af558f7a08,DARK,WBNB,200,10000,0x5343f76ea1c6d68b7cfb442c9e25a39f177e52aa,0xbb4cdb9cbd36b01bd1cbaebf2de08d9173bc095c,18,18,PancakeSwapV3
PancakeSwapV3,0xf1948df0a508a287a2ae7a2a26deba240c75eaad,BeachZilla,WBNB,200,10000,0xb654159d9a76e59a9868d74c994422621fb92fd5,0xbb4cdb9cbd36b01bd1cbaebf2de08d9173bc095c,18,18,PancakeSwapV3
PancakeSwapV3,0x3f2df3687aa25eccf04474ec56a46e081db38b86,OM,WBNB,200,10000,0x1729edc3eb209ea897e54c4c1a5e0a9370d8cc3c,0xbb4cdb9cbd36b01bd1cbaebf2de08d9173bc095c,18,18,PancakeSwapV3
PancakeSwapV3,0x1884b6694c3cb65f042e1cc05a3bdbeae13f8b81,3.5,WBNB,200,10000,0x8c2e6f29d63ac9ec9df779d2de828ccb6ef00f6a,0xbb4cdb9cbd36b01bd1cbaebf2de08d9173bc095c,18,18,PancakeSwapV3
PancakeSwapV3,0x2e58d1e8e1aaa1ba80f0b288f55777c575283df4,eidmubarak,WBNB,200,10000,0xa6a4116344b6d45d83c8f054e081c7074da28642,0xbb4cdb9cbd36b01bd1cbaebf2de08d9173bc095c,18,18,PancakeSwapV3
PancakeSwapV3,0x1ded5826560f52eb8a74c9f987de63b877064fc1,PinkFS,WBNB,200,10000,0xa8d8ad997c56529ac9739390955f543ec6f26421,0xbb4cdb9cbd36b01bd1cbaebf2de08d9173bc095c,18,18,PancakeSwapV3
PancakeSwapV3,0xa6e664acfee7b1cf1c0735998bf56286541866f0,BWLW,WBNB,200,10000,0x79dd1f1d1931effaeb058e066481b0e5b5002d68,0xbb4cdb9cbd36b01bd1cbaebf2de08d9173bc095c,18,18,PancakeSwapV3
PancakeSwapV3,0x4806fffc8bb061dbaa57205f6720b9c09585324e,MEME,WBNB,200,10000,0x746ea33f9c48cc95c04d36d25749f39b5baf756c,0xbb4cdb9cbd36b01bd1cbaebf2de08d9173bc095c,18,18,PancakeSwapV3
PancakeSwapV3,0x68c16712b8c50bfbac80ecbf3c82d2bb78ac0c3f,DEFAI,WBNB,200,10000,0x6f4aecf7a299aedf194ed54169b89f92dd14d448,0xbb4cdb9cbd36b01bd1cbaebf2de08d9173bc095c,18,18,PancakeSwapV3
PancakeSwapV3,0xff5c464e967534b4c18f704993a1b19cef9cfc69,FAMA,WBNB,200,10000,0x504cd486a338b89db7f74b26ba4abc5d41c74df7,0xbb4cdb9cbd36b01bd1cbaebf2de08d9173bc095c,18,18,PancakeSwapV3
PancakeSwapV3,0x65c39e9f7773224fac88f780cf733ea4800a5b09,ELGR,WBNB,200,10000,0xb3cc8cdc7f8587fdf1802fd4fb77f87b3008b8ab,0xbb4cdb9cbd36b01bd1cbaebf2de08d9173bc095c,18,18,PancakeSwapV3
PancakeSwapV3,0x1676388ae4e4bc31d8a172c470cf550b7bcf54e4,NOS,WBNB,200,10000,0x61961266fbed0e9915833083bd0ef6032e1bc67f,0xbb4cdb9cbd36b01bd1cbaebf2de08d9173bc095c,18,18,PancakeSwapV3
PancakeSwapV3,0x5a91969ae889464e7f8133d71b9864d067b85459,MEKI,WBNB,200,10000,0x55a094cc6a08fb8aab0a20dde1bdc4ea8fb1334d,0xbb4cdb9cbd36b01bd1cbaebf2de08d9173bc095c,18,18,PancakeSwapV3
PancakeSwapV3,0x1ad282231f188fded6e65d784e89b2c33f493742,LIBDAY,WBNB,200,10000,0x68518c0243d4d9df6b4390e397ad72ccdd3d4b26,0xbb4cdb9cbd36b01bd1cbaebf2de08d9173bc095c,18,18,PancakeSwapV3
PancakeSwapV3,0xd27832c0c88b0a4d8deb16826a630984a814a62d,GAMBA,WBNB,200,10000,0x802caced047700dbbd2d67bf701b4868dbd7faa7,0xbb4cdb9cbd36b01bd1cbaebf2de08d9173bc095c,18,18,PancakeSwapV3
PancakeSwapV3,0x2d09b62c027e5e131c37f34266819f58b5b68c84,DOPE,WBNB,200,10000,0x44deac9e4d42a3289b6182d36bbdccb7a06bf2b0,0xbb4cdb9cbd36b01bd1cbaebf2de08d9173bc095c,18,18,PancakeSwapV3
PancakeSwapV3,0x2459d8aec2b795d5f9c234093a4492f6319bb19b,DOPE,WBNB,200,10000,0x322f681dce8429abe2e4f8dc003f198602a38d0f,0xbb4cdb9cbd36b01bd1cbaebf2de08d9173bc095c,18,18,PancakeSwapV3
PancakeSwapV3,0xa034bef0003da1aa7243ed3f81fb120ca4c3c1d2,DarkWiz,WBNB,200,10000,0xa21a27f8b2f603d7e0793b7b4311c4cfeba0fd80,0xbb4cdb9cbd36b01bd1cbaebf2de08d9173bc095c,18,18,PancakeSwapV3
PancakeSwapV3,0x5faec921162e2dedf6f401a55a57932e0d03ba90,Auto,WBNB,200,10000,0x37fb4e2975f8063f3b9e54fd5e73d8e3cc840be4,0xbb4cdb9cbd36b01bd1cbaebf2de08d9173bc095c,18,18,PancakeSwapV3
PancakeSwapV3,0x73e9793833c815c4d1fb5915234e8b7aa4da8809,MYTHOS,WBNB,200,10000,0x0d713086c712978c325ae2731ce0be418ae8873a,0xbb4cdb9cbd36b01bd1cbaebf2de08d9173bc095c,18,18,PancakeSwapV3
PancakeSwapV3,0xc8d5f48b9ad856d4e1a1ad2616d47e89f7ca52e2,RDubai,WBNB,200,10000,0x3daa04e42ad7a62ba7ec2983ccbe57faf42e23f3,0xbb4cdb9cbd36b01bd1cbaebf2de08d9173bc095c,18,18,PancakeSwapV3
PancakeSwapV3,0x7774a02aedb0d7fbcd95e26c7f2ec2cc8ac8c7f9,MCT,WBNB,200,10000,0xaed35cad5058284650e1139a5c40cf6f97fd407c,0xbb4cdb9cbd36b01bd1cbaebf2de08d9173bc095c,18,18,PancakeSwapV3
PancakeSwapV3,0x8b773a362921724cf4d9d43e14e22a319ed95480,MTM,WBNB,200,10000,0x8c95a7b765a0609a7a346d9b3ea21723d6529286,0xbb4cdb9cbd36b01bd1cbaebf2de08d9173bc095c,18,18,PancakeSwapV3
PancakeSwapV3,0x1421771a8ae5d5298d9cbf1829fa04c5afbe660b,GMBNB,WBNB,200,10000,0x164808a5e927df3779bb0b1da85fdb786cd2f3d3,0xbb4cdb9cbd36b01bd1cbaebf2de08d9173bc095c,18,18,PancakeSwapV3
PancakeSwapV3,0xa43e5315d4a745a97c5cdce67acac776d02afa34,RING,WBNB,200,10000,0x13066b200ea2ceaf45d1320975107bf998d3bbec,0xbb4cdb9cbd36b01bd1cbaebf2de08d9173bc095c,18,18,PancakeSwapV3
PancakeSwapV3,0x4d736e21952f2dcd6dbef343a6f8058d1e46b580,OP,WBNB,200,10000,0x8f049a2f7037ebdb400d3371aae3ade964224e0e,0xbb4cdb9cbd36b01bd1cbaebf2de08d9173bc095c,18,18,PancakeSwapV3
PancakeSwapV3,0x24b7041336c3d7057278bf03d9d00c2736818757,EXP,WBNB,200,10000,0x1137e9a79b7aaf2adab67298d5914fe2e5d17554,0xbb4cdb9cbd36b01bd1cbaebf2de08d9173bc095c,18,18,PancakeSwapV3
PancakeSwapV3,0x124914464c0b299ef4f7d53955029cc9376c105d,EXOD,WBNB,200,10000,0x9817d296a701676f82af8573f27bb4c362a5a477,0xbb4cdb9cbd36b01bd1cbaebf2de08d9173bc095c,18,18,PancakeSwapV3
PancakeSwapV3,0xf4f21807ca8699344509ae32116108640b748660,RITZ,WBNB,200,10000,0x974f9bde3bb9f8bc8138edb148be14084e19d69d,0xbb4cdb9cbd36b01bd1cbaebf2de08d9173bc095c,18,18,PancakeSwapV3
PancakeSwapV3,0x51c79f463019ae7628e3772cac085056c9a97b04,EARTH,WBNB,200,10000,0x6bf0065e401cdc4d0c8f9a3baea7558c9513cb26,0xbb4cdb9cbd36b01bd1cbaebf2de08d9173bc095c,18,18,PancakeSwapV3
PancakeSwapV3,0xc218f9e46197dba43b5d5a23070dd99078aeea3e,N0B,WBNB,200,10000,0x567c570adbd3e4baa4eee841f7d3fc1bfa37a882,0xbb4cdb9cbd36b01bd1cbaebf2de08d9173bc095c,18,18,PancakeSwapV3
PancakeSwapV3,0x033bba0440ddc964e3588f9e412732fea92f7c87,$BANK,WBNB,200,10000,0x1848cc7462bd4f4acb5906c4ac004c53e2b550d9,0xbb4cdb9cbd36b01bd1cbaebf2de08d9173bc095c,18,18,PancakeSwapV3
PancakeSwapV3,0x56873d191913463b169d0a8e8cc848be8ca55541,$GM,WBNB,200,10000,0x097bc6c7b843e3d5166791ab8096b311736ee8c8,0xbb4cdb9cbd36b01bd1cbaebf2de08d9173bc095c,18,18,PancakeSwapV3
PancakeSwapV3,0x84295a39211c57db5fce188bab534d1d177b747c,$AI,WBNB,200,10000,0x8af5b69722cfdc7f8122c1d1d59af80c9f724153,0xbb4cdb9cbd36b01bd1cbaebf2de08d9173bc095c,18,18,PancakeSwapV3
PancakeSwapV3,0x1ca9e97e1632ab23ca858996038ff8429c9cbffc,$TrollAI,WBNB,200,10000,0x6537d9e419f6d8d663abe865395f438d97f934b2,0xbb4cdb9cbd36b01bd1cbaebf2de08d9173bc095c,18,18,PancakeSwapV3
PancakeSwapV3,0x575bfc5c02e85064426b5a2b4d8352a351a76c57,$QK,WBNB,200,10000,0x10512019b06b03980b12a4bcdd916c9a448c95a6,0xbb4cdb9cbd36b01bd1cbaebf2de08d9173bc095c,18,18,PancakeSwapV3
PancakeSwapV3,0xda7bcd78508a0b2aa43a590c04eab34f45f2e738,Arsenal,WBNB,200,10000,0x226c1691187a2b8adf8cee69fd14c7f4476f3738,0xbb4cdb9cbd36b01bd1cbaebf2de08d9173bc095c,18,18,PancakeSwapV3
PancakeSwapV3,0x41addc5d7415dffb726bd3b92bb8836cad15fa55,Quagmire,WBNB,200,10000,0x897e0caf400d63a9a56f2724135e0844be493378,0xbb4cdb9cbd36b01bd1cbaebf2de08d9173bc095c,18,18,PancakeSwapV3
PancakeSwapV3,0x35be58b323685b9d346e3b5d6eae6cfe90f3b357,T_T,WBNB,200,10000,0x1a21fa2f47e1b937c9c4e7d3c82df5eac9e5af59,0xbb4cdb9cbd36b01bd1cbaebf2de08d9173bc095c,18,18,PancakeSwapV3
PancakeSwapV3,0xcd42150390491f63dff619ce19037ce243f917f3,VDD,WBNB,200,10000,0x2c1eae024c8096927b40c1aec013168329a8eb07,0xbb4cdb9cbd36b01bd1cbaebf2de08d9173bc095c,18,18,PancakeSwapV3
PancakeSwapV3,0x21f95ab896a25da5afde92eeebfff074615ee3bc,dplra,WBNB,200,10000,0x6283b749658a7569319e2bd6e684c01cc691ec0b,0xbb4cdb9cbd36b01bd1cbaebf2de08d9173bc095c,18,18,PancakeSwapV3
PancakeSwapV3,0xe06edcf9262c1a018584edef025a23e1abae0bf1,MUSH,WBNB,200,10000,0x54279d70f873c1a6b13fd3a271e50096c67ac53a,0xbb4cdb9cbd36b01bd1cbaebf2de08d9173bc095c,18,18,PancakeSwapV3
PancakeSwapV3,0xae48251cd1136e7dc5ef87d684c9b107260ddde0,stvvvalx,WBNB,200,10000,0x6d56e4a4ddd600ffeb0302faf5e1ae96401eb4be,0xbb4cdb9cbd36b01bd1cbaebf2de08d9173bc095c,18,18,PancakeSwapV3
PancakeSwapV3,0x351b5773df1407cab207bb0514810aab974cf177,HBLD,WBNB,200,10000,0x80df705c6975f1a444e603414260de9c20e60d13,0xbb4cdb9cbd36b01bd1cbaebf2de08d9173bc095c,18,18,PancakeSwapV3
PancakeSwapV3,0x88de0a4f4a21fc40a9b7f199d19dd689ba3f5950,RIYA,WBNB,200,10000,0x5302c92eb34c7788003902d895c822d071d30cad,0xbb4cdb9cbd36b01bd1cbaebf2de08d9173bc095c,18,18,PancakeSwapV3
PancakeSwapV3,0xb48e491c92a01eb60d4a1f7901e31e7ee4910159,wof,WBNB,200,10000,0x99ed85133e3adf9a256b6a035f51b2abc6481170,0xbb4cdb9cbd36b01bd1cbaebf2de08d9173bc095c,18,18,PancakeSwapV3
PancakeSwapV3,0xf2bcf3c259ba9d0e942ca41f0e76fededdf70fb7,$PUR,WBNB,200,10000,0x88bdfed6f7c8bf5a31de25345fad662d2a7b84d5,0xbb4cdb9cbd36b01bd1cbaebf2de08d9173bc095c,18,18,PancakeSwapV3
PancakeSwapV3,0x655b3324c03000175b417a27b8055e745140de72,gmlz,WBNB,200,10000,0x74e80fe7e250eed83c442984a00a49c113aeb5bc,0xbb4cdb9cbd36b01bd1cbaebf2de08d9173bc095c,18,18,PancakeSwapV3
PancakeSwapV3,0x0fdeed8282499c623deba5aec35e2f330a311bd1,$CRAZZ,WBNB,200,10000,0x13fcb5892699a08ebb9f42425322e8ac48ebb673,0xbb4cdb9cbd36b01bd1cbaebf2de08d9173bc095c,18,18,PancakeSwapV3
PancakeSwapV3,0xa82c84d4e506e5cbc72c1f720b21d2a831728798,xvr,WBNB,200,10000,0x36090f6b624e9a7ef8929f2b395ade685161ff08,0xbb4cdb9cbd36b01bd1cbaebf2de08d9173bc095c,18,18,PancakeSwapV3
PancakeSwapV3,0x32d275be653404aeb569422b8dd1dbf991494ebe,$CRAZZ,WBNB,200,10000,0x383b65bc7055ea18a3c5907ee00d3e7cca48f355,0xbb4cdb9cbd36b01bd1cbaebf2de08d9173bc095c,18,18,PancakeSwapV3
PancakeSwapV3,0x17a41367208a35e908efabc991a9b0326c090272,OWB,WBNB,200,10000,0x22767b5b61967ff29fec38c88b113dd822ded445,0xbb4cdb9cbd36b01bd1cbaebf2de08d9173bc095c,18,18,PancakeSwapV3
PancakeSwapV3,0x21762b200a62c996aa28b5a7e03b0facf3a28ad3,PENGO,WBNB,200,10000,0x414223776c21de00ddbdfe1889f66e0f81b5726a,0xbb4cdb9cbd36b01bd1cbaebf2de08d9173bc095c,18,18,PancakeSwapV3
PancakeSwapV3,0xc38790eb15fc3afbcc5fc1ae89a6fd5f33917972,GROK,WBNB,200,10000,0x7be9f8e49491e52dd5a3e579ad918d8b777d9d80,0xbb4cdb9cbd36b01bd1cbaebf2de08d9173bc095c,18,18,PancakeSwapV3
PancakeSwapV3,0x5271f25fad96099f43353f6a6764879d09aaff27,MAN,WBNB,200,10000,0x2a28b9b4b3ea943374535c0812f7a6fa74766e65,0xbb4cdb9cbd36b01bd1cbaebf2de08d9173bc095c,18,18,PancakeSwapV3
PancakeSwapV3,0xee14b8baf103d22845c4fee4e96bca52aaee8fce,Pikachu,WBNB,200,10000,0x4487b7c2a68b66b9f5de220c55d4ed90352ae6ac,0xbb4cdb9cbd36b01bd1cbaebf2de08d9173bc095c,18,18,PancakeSwapV3
PancakeSwapV3,0x51a27a392955e92f9146fe7e9464c77ab84bf695,RAIN,WBNB,200,10000,0x0e8f80aafd154180bbaa814d7ef7913a74d2bcdf,0xbb4cdb9cbd36b01bd1cbaebf2de08d9173bc095c,18,18,PancakeSwapV3
PancakeSwapV3,0x1387c1bfb38a379ca7b1b448c3f79a8086d0c3ff,$BABY,WBNB,200,10000,0xadf1f966afc2cbde7db339b68af71325d8032c54,0xbb4cdb9cbd36b01bd1cbaebf2de08d9173bc095c,18,18,PancakeSwapV3
PancakeSwapV3,0x3dccdc0daf40bb9f2e211b0d03517a086d4006f6,$BABYLON,WBNB,200,10000,0x36381113c42867b0dd84d4a344d6d8da718f291a,0xbb4cdb9cbd36b01bd1cbaebf2de08d9173bc095c,18,18,PancakeSwapV3
PancakeSwapV3,0x34699d65e55bd2418927ee4b7fba45480b08aa2c,PVS,WBNB,200,10000,0xa5c9d5c4612cd0b46cf985172d0596794719d627,0xbb4cdb9cbd36b01bd1cbaebf2de08d9173bc095c,18,18,PancakeSwapV3
PancakeSwapV3,0x0b8176616193783347625ac3b519d237f08e65f0,NANAV2,WBNB,200,10000,0x3621b5dad582828bdc31f84644e47270cf3ac154,0xbb4cdb9cbd36b01bd1cbaebf2de08d9173bc095c,18,18,PancakeSwapV3
PancakeSwapV3,0x6a3d22eb348230fab5e47680f06900bb6f76eb43,WASUP,WBNB,200,10000,0x687fa2b5e84b0f9f6e1146ded57b502bc0ea6683,0xbb4cdb9cbd36b01bd1cbaebf2de08d9173bc095c,18,18,PancakeSwapV3
PancakeSwapV3,0x889fea6c8399a5af7d7fb6e37d3592b4d3e8f4c0,JSTR,WBNB,200,10000,0x577c4dfdca56580c53da2efc5bd56a71dda133aa,0xbb4cdb9cbd36b01bd1cbaebf2de08d9173bc095c,18,18,PancakeSwapV3
PancakeSwapV3,0xd06991aea8538f884e06b2f923d96bf1b20c9eb5,QR,WBNB,200,10000,0x066d4a211a78faf0be2360539deb1b717ec8c2d2,0xbb4cdb9cbd36b01bd1cbaebf2de08d9173bc095c,18,18,PancakeSwapV3
PancakeSwapV3,0x818f6e2216fa7121f31cc2b04bc848d71d5e5abb,BIFY,WBNB,200,10000,0x6703aeafc70dbc7278d758a1f11069d34e488aee,0xbb4cdb9cbd36b01bd1cbaebf2de08d9173bc095c,18,18,PancakeSwapV3
PancakeSwapV3,0xfea8479a3e9cc7189e1ba4863aedabea4b116809,JSTR,WBNB,200,10000,0x30694ed2caecaca40d50074594372f59231d8974,0xbb4cdb9cbd36b01bd1cbaebf2de08d9173bc095c,18,18,PancakeSwapV3
PancakeSwapV3,0x45b3b43e7c146e4a3edbbbd4f3114d909ec7910f,Aiii,WBNB,200,10000,0x08b3f58a80673962f1a899777c5bb31e0711982f,0xbb4cdb9cbd36b01bd1cbaebf2de08d9173bc095c,18,18,PancakeSwapV3
PancakeSwapV3,0x74ff28efbc6edbef99bc8599dcbc8a7614cef246,PIGG,WBNB,200,10000,0x0cbafbcd5f972e920af4d091fe2fd942fd6aaa41,0xbb4cdb9cbd36b01bd1cbaebf2de08d9173bc095c,18,18,PancakeSwapV3
PancakeSwapV3,0x4e7c8583ba0a0d4d7c8c3c82115b29a858940085,muweeekia,WBNB,200,10000,0x0a82c525d073be6642404f3d5d7f5df7dd1d2bd9,0xbb4cdb9cbd36b01bd1cbaebf2de08d9173bc095c,18,18,PancakeSwapV3
PancakeSwapV3,0x8879b37d4ec59015c0e607e20f97e1c115d59e73,yukito,WBNB,200,10000,0x9bc058b840f39aef5f14fd5bd3c4d08f4d23c9e1,0xbb4cdb9cbd36b01bd1cbaebf2de08d9173bc095c,18,18,PancakeSwapV3
PancakeSwapV3,0xd71efdff560f6e11aa9c50358dd9ee35f5a19236,FORKY,WBNB,200,10000,0x8a525aa3f88fcaf383d52c56270cb1419db65f0d,0xbb4cdb9cbd36b01bd1cbaebf2de08d9173bc095c,18,18,PancakeSwapV3
PancakeSwapV3,0x7ce3af705d3da4a7caaa3178392f1214fcca1c6f,FU,WBNB,200,10000,0x3fac48d31c18ec9d51011e6b2b5e78bc7416b876,0xbb4cdb9cbd36b01bd1cbaebf2de08d9173bc095c,18,18,PancakeSwapV3
PancakeSwapV3,0x1d0d7ff2fe1c93e5940ab66421b2adb201370894,STR,WBNB,200,10000,0x8f2fbf62f6a6a810235ddab52fa0e861f147a459,0xbb4cdb9cbd36b01bd1cbaebf2de08d9173bc095c,18,18,PancakeSwapV3
PancakeSwapV3,0x5ad1eb7da04a303c461d0ff5cd8becc564704d30,TTT,WBNB,200,10000,0xb52634a56a93c88275120b109b1417c249dfa4b1,0xbb4cdb9cbd36b01bd1cbaebf2de08d9173bc095c,18,18,PancakeSwapV3
PancakeSwapV3,0xf087a66b385cef03b091503c414d13de2e5ac06c,GROKJOKES,WBNB,200,10000,0x8a272ba81c83233f210e857aaecfc69888c5398a,0xbb4cdb9cbd36b01bd1cbaebf2de08d9173bc095c,18,18,PancakeSwapV3
PancakeSwapV3,0xa87704ad72f79a5b03f2fb12640f83933ab6aec3,KING,WBNB,200,10000,0x13d95f0bf1c7d76dc750317fcfd45e56ecc3fc60,0xbb4cdb9cbd36b01bd1cbaebf2de08d9173bc095c,18,18,PancakeSwapV3
PancakeSwapV3,0x1314f517878cc80021ef30676ba2f95847ee0338,HA,WBNB,200,10000,0x28bfb8f34b532d1d63e923b6a3c08a687713b8ba,0xbb4cdb9cbd36b01bd1cbaebf2de08d9173bc095c,18,18,PancakeSwapV3
PancakeSwapV3,0xa623e1d07ff890e06bc63dea363b992977848418,100x,WBNB,200,10000,0x54c10624fbf0505c1d7a25e997e3c8119936a618,0xbb4cdb9cbd36b01bd1cbaebf2de08d9173bc095c,18,18,PancakeSwapV3
PancakeSwapV3,0x85cef463cca2058f94855ff244b7ebabd85ea8e8,$Cat,WBNB,200,10000,0x44e4b0c4b7e49099b536792ca563404f86ddf628,0xbb4cdb9cbd36b01bd1cbaebf2de08d9173bc095c,18,18,PancakeSwapV3
PancakeSwapV3,0xdcf73deb0b1a090135972db778d2c8fc625c2683,Mons,WBNB,200,10000,0x2bb7d76f348e5086d0af5a5b396e15b1d500fe48,0xbb4cdb9cbd36b01bd1cbaebf2de08d9173bc095c,18,18,PancakeSwapV3
PancakeSwapV3,0x97b6f6d2eb2cf27d9824298fa28681a3e4453fc1,L3RV,WBNB,200,10000,0x2ab462e4e116b4f9768e4243b1384b822b1e25f9,0xbb4cdb9cbd36b01bd1cbaebf2de08d9173bc095c,18,18,PancakeSwapV3
PancakeSwapV3,0x08802ebcec61d9b2cab907eabe2b2ebbc2996ada,DCA,WBNB,200,10000,0x5f41bd5c69ebe2f6b77455be2e8d1d920c3c8b51,0xbb4cdb9cbd36b01bd1cbaebf2de08d9173bc095c,18,18,PancakeSwapV3
PancakeSwapV3,0xb214ec203528a1b305cb2903f3512ed38b4cb278,Monday,WBNB,200,10000,0x2c8cd2acef4adfb2611422d2a4a67b8f526e1ff4,0xbb4cdb9cbd36b01bd1cbaebf2de08d9173bc095c,18,18,PancakeSwapV3
PancakeSwapV3,0xd4293eb034a781b43c3f1ab587cab849e9168912,MT1,WBNB,200,10000,0xa9e06b0ea8133906bda188e367612b5d116649e0,0xbb4cdb9cbd36b01bd1cbaebf2de08d9173bc095c,18,18,PancakeSwapV3
PancakeSwapV3,0x3f8b501f80a7907bba855d7318215213c66c5df5,KAI,WBNB,200,10000,0x334e18026c9975e0f61ee4c2eb1939dc2e4ab728,0xbb4cdb9cbd36b01bd1cbaebf2de08d9173bc095c,18,18,PancakeSwapV3
PancakeSwapV3,0x4ccf34482ab3c762d1f756bae938863be9587a9f,Gemini,WBNB,200,10000,0x6d8edb2c6f2759a534e48b6db1d2e4bece8e9baa,0xbb4cdb9cbd36b01bd1cbaebf2de08d9173bc095c,18,18,PancakeSwapV3
PancakeSwapV3,0x2908004837834e82e867216ae695fad59f61f8e2,BENJI,WBNB,200,10000,0x67ec2bfe9819e1667acb86cba5e48b81c8471ec3,0xbb4cdb9cbd36b01bd1cbaebf2de08d9173bc095c,18,18,PancakeSwapV3
PancakeSwapV3,0x351a906240d9838483b4f5b90f9e3f80b9c7547d,BB,WBNB,200,10000,0x2c477903ecc691c7e523be1efba88f8198a654ad,0xbb4cdb9cbd36b01bd1cbaebf2de08d9173bc095c,18,18,PancakeSwapV3
PancakeSwapV3,0xd6aa04adbd727d4a24c154414948152e25261ea3,TERMSTAT,WBNB,200,10000,0x6dc119811eedd9b0a510fdfecab65388e1a1cc3c,0xbb4cdb9cbd36b01bd1cbaebf2de08d9173bc095c,18,18,PancakeSwapV3
PancakeSwapV3,0x159536e6a01738797ea8dd8d8d7831d4452c38cd,JUSTICE,WBNB,200,10000,0x5ec3922361b1447cbe27d0332c26bddf6e24ab73,0xbb4cdb9cbd36b01bd1cbaebf2de08d9173bc095c,18,18,PancakeSwapV3
PancakeSwapV3,0x51ebf2243f1a71d6a23dde3b82ef9247c60826a5,RABBIT,WBNB,200,10000,0x47622e03314781ffa0a002d77791ae81a258512a,0xbb4cdb9cbd36b01bd1cbaebf2de08d9173bc095c,18,18,PancakeSwapV3
PancakeSwapV3,0xae7cad939850b21c3ee9558c014b021c50d8e2a8,CREED,WBNB,200,10000,0x427df389237640afd5832e4f9962656753687101,0xbb4cdb9cbd36b01bd1cbaebf2de08d9173bc095c,18,18,PancakeSwapV3
PancakeSwapV3,0x420298f35c61641236f3cb12f91ae1ba6be0c252,APRILTROLL,WBNB,200,10000,0x48db5a37b2bb69a6cee18fc082d56e7b9f86677b,0xbb4cdb9cbd36b01bd1cbaebf2de08d9173bc095c,18,18,PancakeSwapV3
PancakeSwapV3,0x0a78bc8c990f63dd5c48ed4975326809db70d66f,Stupidai,WBNB,200,10000,0x51032e80c3b9df2ba7b9e06bcd6ab6b75cb82cfe,0xbb4cdb9cbd36b01bd1cbaebf2de08d9173bc095c,18,18,PancakeSwapV3
PancakeSwapV3,0x470670b04560674fe04c356d42b1231dbd89e922,SKEM,WBNB,200,10000,0x4dbc6a8a7025546ae4a79580653c8469792b94e1,0xbb4cdb9cbd36b01bd1cbaebf2de08d9173bc095c,18,18,PancakeSwapV3
PancakeSwapV3,0x4a43de79cdf3b2883dc888255340c1c85cd3c5e6,CBA,WBNB,200,10000,0x5a859e66ecb7e013583c6c6f2ba29f04f3e03481,0xbb4cdb9cbd36b01bd1cbaebf2de08d9173bc095c,18,18,PancakeSwapV3
PancakeSwapV3,0x8f5a42fdcb5602c1dbbd0ed4597a16d30e723c70,INTEL,WBNB,200,10000,0x02819526f6266c94b785f7a9171abb9e7f1c135d,0xbb4cdb9cbd36b01bd1cbaebf2de08d9173bc095c,18,18,PancakeSwapV3
PancakeSwapV3,0x47d8f8b3324cc59b8d930c90da159f82179cab3a,terminus,WBNB,200,10000,0x2a0254d734cbab9633b452ba1442995f7077431b,0xbb4cdb9cbd36b01bd1cbaebf2de08d9173bc095c,18,18,PancakeSwapV3
PancakeSwapV3,0xe398dd2f52e5543557f1ef4836db4d42340fcae4,PANLABS,WBNB,200,10000,0x1d8e967530be582a10aee4fe4bbadb08d28bd55e,0xbb4cdb9cbd36b01bd1cbaebf2de08d9173bc095c,18,18,PancakeSwapV3
PancakeSwapV3,0xb8cb032b8ad0b03e2274ac251b76775999101919,SEED,WBNB,200,10000,0xab033652af6f675b38bf66a399e1244fd8790b4e,0xbb4cdb9cbd36b01bd1cbaebf2de08d9173bc095c,18,18,PancakeSwapV3
PancakeSwapV3,0x41dc9ed1d29499fbc9e4aceea576ce900c598157,SEED,WBNB,200,10000,0x3d0f05d029b1621e2b4ba6f59f4bda5b925b755a,0xbb4cdb9cbd36b01bd1cbaebf2de08d9173bc095c,18,18,PancakeSwapV3
PancakeSwapV3,0x9541dfdd6bedc88c79aa1f2bb0917d2a78089b52,SEED,WBNB,200,10000,0x2e2f6c0010b98f165c1c30e38ec1f4417103a35f,0xbb4cdb9cbd36b01bd1cbaebf2de08d9173bc095c,18,18,PancakeSwapV3
PancakeSwapV3,0x1c8905eac79bdffa6a1a028ace02632580fac5d4,Carti,WBNB,200,10000,0x1f028033f2afa0a1a08931ec1fc11e180022ae88,0xbb4cdb9cbd36b01bd1cbaebf2de08d9173bc095c,18,18,PancakeSwapV3
PancakeSwapV3,0x5524220fdc958c1af61c41f550fc9a50bc8bfb0b,SPEPE,WBNB,200,10000,0x91eeabcdbfebc5c1aa6a0923b5e3eb72d89fb72e,0xbb4cdb9cbd36b01bd1cbaebf2de08d9173bc095c,18,18,PancakeSwapV3
PancakeSwapV3,0x68513e0d2dae14e5b6bce89d9e53d0273d37edb3,1527738,WBNB,200,10000,0x10c93930a95d0e4184cdd0de59a31c301a053e9c,0xbb4cdb9cbd36b01bd1cbaebf2de08d9173bc095c,18,18,PancakeSwapV3
PancakeSwapV3,0xa26a1c9f44f5b50c17ce2153aac003e26c2a3b19,EOT,WBNB,200,10000,0x786adbb3a1f3a717cab527801b51430ba4675c36,0xbb4cdb9cbd36b01bd1cbaebf2de08d9173bc095c,18,18,PancakeSwapV3
PancakeSwapV3,0x7a0ab15da922cf3189eb9d40774e2e68c00fd65a,TRPY,WBNB,200,10000,0x31a99fa403179d1f10d25eafefe3344eec3ca105,0xbb4cdb9cbd36b01bd1cbaebf2de08d9173bc095c,18,18,PancakeSwapV3
PancakeSwapV3,0x3bd166f0a392055ca35f597e527cd229b6b2eb65,ZB,WBNB,200,10000,0xaaec17033a2ad12e5029b8790aa34549d2a5ec00,0xbb4cdb9cbd36b01bd1cbaebf2de08d9173bc095c,18,18,PancakeSwapV3
PancakeSwapV3,0x7fcf6122dc07e49385f166db01e0edd47d72e7cc,$Cati,WBNB,200,10000,0x2d9b7b85760f3e68fff8ae0e7c4689958ad8f104,0xbb4cdb9cbd36b01bd1cbaebf2de08d9173bc095c,18,18,PancakeSwapV3
PancakeSwapV3,0x1067d0a9b3d3284478284804f68e09663e8c3f22,DM,WBNB,200,10000,0x9fa7d432d50544e6e71d5e146a58578cf5aec751,0xbb4cdb9cbd36b01bd1cbaebf2de08d9173bc095c,18,18,PancakeSwapV3
PancakeSwapV3,0x2d45f060cebb87f389ee472d479083f9182743b7,gfa,WBNB,200,10000,0x394e35d91bcbe88e393800f9579b82bde18ee1cd,0xbb4cdb9cbd36b01bd1cbaebf2de08d9173bc095c,18,18,PancakeSwapV3
PancakeSwapV3,0x10911433271086879f3898998c888f59b6adb166,TAKOL,WBNB,200,10000,0x6dae408e21ad7c3e5b13d537813f1449a1784b87,0xbb4cdb9cbd36b01bd1cbaebf2de08d9173bc095c,18,18,PancakeSwapV3
PancakeSwapV3,0x54e55de932a5f63fe5acccf03029375eb4ece49c,$BAR,WBNB,200,10000,0x8cd8e261b7d888a19a75e109fd3115207c417ae3,0xbb4cdb9cbd36b01bd1cbaebf2de08d9173bc095c,18,18,PancakeSwapV3
PancakeSwapV3,0x9d7c164230c600b694470eef91e775ee35b4a6e8,ISR,WBNB,200,10000,0x829348f399edabb3f6993d617ec42a0749f6ca3e,0xbb4cdb9cbd36b01bd1cbaebf2de08d9173bc095c,18,18,PancakeSwapV3
PancakeSwapV3,0xd8fe7b2eeaff3ff8c46744df955cc44b51a1fc34,$ELTUMP,WBNB,200,10000,0x95384b0de9da8186ff82fe3254b2d5c3045dd586,0xbb4cdb9cbd36b01bd1cbaebf2de08d9173bc095c,18,18,PancakeSwapV3
PancakeSwapV3,0xc3f43e1b77c5c9c75bdec1375aa39a3a52668e23,CB,WBNB,200,10000,0x00534bff8f051421342ab5fa900221306314a413,0xbb4cdb9cbd36b01bd1cbaebf2de08d9173bc095c,18,18,PancakeSwapV3
PancakeSwapV3,0x254aec1a1764f15639af236fb54a36c9ab9c2103,fly,WBNB,200,10000,0x954f413844b7776c56a50c24bef883b95d86ae1f,0xbb4cdb9cbd36b01bd1cbaebf2de08d9173bc095c,18,18,PancakeSwapV3
PancakeSwapV3,0x58a5557c5d7c008931809963639a5e1112eb13ef,BLD,WBNB,200,10000,0x67f8cbc27156291f8271d5ce205cc7ed03655e06,0xbb4cdb9cbd36b01bd1cbaebf2de08d9173bc095c,18,18,PancakeSwapV3
PancakeSwapV3,0x532b7d61719fc7ae2e5c5e682af5db3816bf64f1,OGD,WBNB,200,10000,0xa1750d710ef9373892d270aae83b4d1caf8b51b1,0xbb4cdb9cbd36b01bd1cbaebf2de08d9173bc095c,18,18,PancakeSwapV3
PancakeSwapV3,0xa756e7aeb2e3b018ee15799f38784727e1c476c4,$lmnyml,WBNB,200,10000,0xb54bfd0eb7b251d0b2ebe1f549d8e7ee1b8fbf3c,0xbb4cdb9cbd36b01bd1cbaebf2de08d9173bc095c,18,18,PancakeSwapV3
PancakeSwapV3,0xeb02c39435d0120b102bb888c2e27cd58dc86460,nwz,WBNB,200,10000,0x6f5d9e5dc761d19d1060aed5b25b2d8c08883318,0xbb4cdb9cbd36b01bd1cbaebf2de08d9173bc095c,18,18,PancakeSwapV3
PancakeSwapV3,0x3746e2f9e9ae78d41db362afee9437eea4c2e968,$rap,WBNB,200,10000,0x417291c05bff05e91cb61e6e906dc724039ba602,0xbb4cdb9cbd36b01bd1cbaebf2de08d9173bc095c,18,18,PancakeSwapV3
PancakeSwapV3,0x373b1dbcac56db0abd209044de4d3174954e806c,$bold,WBNB,200,10000,0x2aac1b3d1bdf8fe5cd270e3f606f0f7d6256de17,0xbb4cdb9cbd36b01bd1cbaebf2de08d9173bc095c,18,18,PancakeSwapV3
PancakeSwapV3,0xdb5d6c8e6de9139fa3ac3447e695ee017cbbda5b,hnk,WBNB,200,10000,0x2560ef9a68423c306a9b9f837f89ed3b70d8aa31,0xbb4cdb9cbd36b01bd1cbaebf2de08d9173bc095c,18,18,PancakeSwapV3
PancakeSwapV3,0xf558e6efb9e0b5ee646aa331f36e07e0ac5437d3,CZY,WBNB,200,10000,0x3da48eec096449de543dc9ce0756ba7b99c6edd5,0xbb4cdb9cbd36b01bd1cbaebf2de08d9173bc095c,18,18,PancakeSwapV3
PancakeSwapV3,0x3abf965765497475d9cc1773c3a42de723b8dbc5,$YISUNH,WBNB,200,10000,0x9e3e30a5f3926b1e9c2aef1abbbfccb7e721568a,0xbb4cdb9cbd36b01bd1cbaebf2de08d9173bc095c,18,18,PancakeSwapV3
PancakeSwapV3,0xe088b1b0331f8f65657cc5339e7013cd48c85007,MNSTR,WBNB,200,10000,0x267677fafa8d4226b47f0a5c241ae794361f7d0b,0xbb4cdb9cbd36b01bd1cbaebf2de08d9173bc095c,18,18,PancakeSwapV3
PancakeSwapV3,0x09234460d604d188dc39c4c1452a0af535cfc25e,$KTCH,WBNB,200,10000,0x6ab5cd4c83fa2bb321af7f9cd7704385ce2ebd93,0xbb4cdb9cbd36b01bd1cbaebf2de08d9173bc095c,18,18,PancakeSwapV3
PancakeSwapV3,0xf7cc32d0aec669a5a2d550db5413ad696b882af3,$KTCH,WBNB,200,10000,0xaec3b685f33d6577f8633045f82232c45215c35c,0xbb4cdb9cbd36b01bd1cbaebf2de08d9173bc095c,18,18,PancakeSwapV3
PancakeSwapV3,0x31dcce767a9c3dbfc04b172970c2d419099e22ba,UGN,WBNB,200,10000,0x4d3e74e021d2703b56452648b9ecd2e9573b7329,0xbb4cdb9cbd36b01bd1cbaebf2de08d9173bc095c,18,18,PancakeSwapV3
PancakeSwapV3,0xf55a9aacf6d8024aa7a3948c7ad5313f58467e4d,S2,WBNB,200,10000,0xb72a2a2bca3930eba58a809b600fd374cc4916f6,0xbb4cdb9cbd36b01bd1cbaebf2de08d9173bc095c,18,18,PancakeSwapV3
PancakeSwapV3,0x5d93fd81073845b8531f32ae898b8a24e6ce4546,NETEG,WBNB,200,10000,0x0ba8dfbce83900d3d617a8ea188b32434feb8a5e,0xbb4cdb9cbd36b01bd1cbaebf2de08d9173bc095c,18,18,PancakeSwapV3
PancakeSwapV3,0x56c9e9ece245a8626cd566039761564afa8517e0,S2,WBNB,200,10000,0xa21ac90169ee4b1bec1dbc6814e18685d0b1d851,0xbb4cdb9cbd36b01bd1cbaebf2de08d9173bc095c,18,18,PancakeSwapV3
PancakeSwapV3,0xc3a045bcf1b5611f99442167b00bde692f5d4563,$ETR,WBNB,200,10000,0x03bd4867ac69c26378c9b2b9fb89fe86152aef23,0xbb4cdb9cbd36b01bd1cbaebf2de08d9173bc095c,18,18,PancakeSwapV3
PancakeSwapV3,0xaadbb538b12eeff2089a8b5a583717a9068f65a8,CUNAI,WBNB,200,10000,0x815cada034aec357c3bb3816c8bc12f9e445832b,0xbb4cdb9cbd36b01bd1cbaebf2de08d9173bc095c,18,18,PancakeSwapV3
PancakeSwapV3,0xa16791ec025c17021fbf2cd1742ba5ea21cb09ed,CUNAI,WBNB,200,10000,0xab9bae4134dfbd61b7bbb1bd952dcdabd58b8db6,0xbb4cdb9cbd36b01bd1cbaebf2de08d9173bc095c,18,18,PancakeSwapV3
PancakeSwapV3,0xc2bd13afeecf6cd37d811b80d686be1a17643ace,GrokAi,WBNB,200,10000,0x248e71660b2ddf397b90bd3c0117ee33463114f0,0xbb4cdb9cbd36b01bd1cbaebf2de08d9173bc095c,18,18,PancakeSwapV3
PancakeSwapV3,0xed2ba18229d374257f06201a58b65cb4d88fbc42,$Vhyn,WBNB,200,10000,0x82998e8df122694766d2ef153866f1b8d951bc1e,0xbb4cdb9cbd36b01bd1cbaebf2de08d9173bc095c,18,18,PancakeSwapV3
PancakeSwapV3,0xc347312e3effc4df89e606bd1b2052b3b52b085a,KEKIUS,WBNB,200,10000,0x8324db011d580bcf434d03db50e00a6996ec158d,0xbb4cdb9cbd36b01bd1cbaebf2de08d9173bc095c,18,18,PancakeSwapV3
PancakeSwapV3,0xe726e53bdb832e4b422ed4e02d52e7138b398b4b,BG,WBNB,200,10000,0x5287b6f702dac0edcc9c37a9c49801eb36eed375,0xbb4cdb9cbd36b01bd1cbaebf2de08d9173bc095c,18,18,PancakeSwapV3
PancakeSwapV3,0xf0737f6c71031a21fa928feeb27072b96d4e23ea,ROZ,WBNB,200,10000,0x52244ba735f87d1d4168f2ba0d1a0a15ccc989d6,0xbb4cdb9cbd36b01bd1cbaebf2de08d9173bc095c,18,18,PancakeSwapV3
PancakeSwapV3,0x7ad5333e68771767587a9e378c5e80990d167e4b,$FUFA,WBNB,200,10000,0x664fd255136f04f413919e97d9ab10684b173c96,0xbb4cdb9cbd36b01bd1cbaebf2de08d9173bc095c,18,18,PancakeSwapV3
PancakeSwapV3,0x3ddf8ad385b9a67f3959db023c6d34cf0b6e115b,WHY,WBNB,200,10000,0xa8dbbf03aac291ddc66830ed155dabb89101abfb,0xbb4cdb9cbd36b01bd1cbaebf2de08d9173bc095c,18,18,PancakeSwapV3
PancakeSwapV3,0x996cf380e9e9a79d3e1bbb6dce1ec3fe2e8b974d,zeel,WBNB,200,10000,0x736953c9455369ed2c31fea06910bf8b6e9820ac,0xbb4cdb9cbd36b01bd1cbaebf2de08d9173bc095c,18,18,PancakeSwapV3
PancakeSwapV3,0x18a47a17d9b30327d951f725511282354b94883f,WFM,WBNB,200,10000,0x381a7ba8bc75ab63642932aa1f8114422972de93,0xbb4cdb9cbd36b01bd1cbaebf2de08d9173bc095c,18,18,PancakeSwapV3
PancakeSwapV3,0xbcf8a9aa9f7adcd4f0e296b3cf54958249b80c94,WBF,WBNB,200,10000,0x95cc45837711a7d4c334fb648a35127014090ca6,0xbb4cdb9cbd36b01bd1cbaebf2de08d9173bc095c,18,18,PancakeSwapV3
PancakeSwapV3,0x5861c6155ed68c6217f8aa3ee159206feb3cfe9f,DDD,WBNB,200,10000,0x512f4fc41139198cc122bd924c458e65665ab6e5,0xbb4cdb9cbd36b01bd1cbaebf2de08d9173bc095c,18,18,PancakeSwapV3
PancakeSwapV3,0xf8a6c4bb2511470978087b1d3f683e8bed45bc11,babi,WBNB,200,10000,0x54c231c890779f8bae409dacf3e339ce1aa4ace9,0xbb4cdb9cbd36b01bd1cbaebf2de08d9173bc095c,18,18,PancakeSwapV3
PancakeSwapV3,0x9ba59deff50d1a84c49de52752fb74ab4937bf69,CACA,WBNB,200,10000,0x2cc8a05efc5bec6e0b9f38ab5e58f0e904a718d5,0xbb4cdb9cbd36b01bd1cbaebf2de08d9173bc095c,18,18,PancakeSwapV3
PancakeSwapV3,0x2f2f13cb61999e7cf3f2589bfed2e4f175c60143,MP,WBNB,200,10000,0x0628bd381e3a21fdbc3faf7a7573d09ca5ffea59,0xbb4cdb9cbd36b01bd1cbaebf2de08d9173bc095c,18,18,PancakeSwapV3
PancakeSwapV3,0xea8e76c972159753e6f4b9e5b97e17147469404b,H20,WBNB,200,10000,0x933475bbecf3f036be412d743a16d14c58fcdae5,0xbb4cdb9cbd36b01bd1cbaebf2de08d9173bc095c,18,18,PancakeSwapV3
PancakeSwapV3,0xd7b0a678e36b6db5ab87da464341f20daeb99c67,Trump47,WBNB,200,10000,0x0d1dd60bea8d2ff88aa23d6f3b25433a6004c67f,0xbb4cdb9cbd36b01bd1cbaebf2de08d9173bc095c,18,18,PancakeSwapV3
PancakeSwapV3,0x1d0ab579865ff53f46fdd73ff30f64b75e48cef6,MMA,WBNB,200,10000,0x0dc514b0f7c6c9e5d3eca28fc0e4dcf06c4f3738,0xbb4cdb9cbd36b01bd1cbaebf2de08d9173bc095c,18,18,PancakeSwapV3
PancakeSwapV3,0x331d024cb7fbedbf28d6a22d30d3fdd7393522f4,TRADEAI,WBNB,200,10000,0x552186e9a0173a2f7ccdd4b7cd3bc9830702ee08,0xbb4cdb9cbd36b01bd1cbaebf2de08d9173bc095c,18,18,PancakeSwapV3
PancakeSwapV3,0x8616dccc13d85b75fb739da078ba2676878682ed,MAPR,WBNB,200,10000,0x242b5985087c34e5244c7acde777fbe462ce7e60,0xbb4cdb9cbd36b01bd1cbaebf2de08d9173bc095c,18,18,PancakeSwapV3
PancakeSwapV3,0x315401731dadbed9d21ed413278b6b104202b7e7,buenos das,WBNB,200,10000,0x9c1541df2a986e044737275fa5c82a1c0a45ffaf,0xbb4cdb9cbd36b01bd1cbaebf2de08d9173bc095c,18,18,PancakeSwapV3
PancakeSwapV3,0x361a54a1d6c8a6906346a8887a46d4ad06878aa6,MS,WBNB,200,10000,0x93f87438fd0146b21e35dc1f881f00f9762ac701,0xbb4cdb9cbd36b01bd1cbaebf2de08d9173bc095c,18,18,PancakeSwapV3
PancakeSwapV3,0xf86baad43d60cca20b98ae9e8fad68430310086c,$Grok,WBNB,200,10000,0x23c1ab57f0cd82525c137b31d999ed50132b3c5a,0xbb4cdb9cbd36b01bd1cbaebf2de08d9173bc095c,18,18,PancakeSwapV3
PancakeSwapV3,0x02d4f245c8732858ec36f073dce50cd850685863,Muskonomy,WBNB,200,10000,0x0b78f8b36aa42a71bd46ba0ea866ff1dd3dfb60d,0xbb4cdb9cbd36b01bd1cbaebf2de08d9173bc095c,18,18,PancakeSwapV3
PancakeSwapV3,0xf041a16938be64976198b699d2b569f9300a111c,BORDY,WBNB,200,10000,0x14e8c5ca47b108f28a14e90e56382e6f3991e19f,0xbb4cdb9cbd36b01bd1cbaebf2de08d9173bc095c,18,18,PancakeSwapV3
PancakeSwapV3,0x9a81ab3b73ff07091368a1108a1c9d2ab79693a9,HYPE,WBNB,200,10000,0x0dad3f40d3bd3a85cf2e418122a6056162dc7b02,0xbb4cdb9cbd36b01bd1cbaebf2de08d9173bc095c,18,18,PancakeSwapV3
PancakeSwapV3,0x489b211037d2ac2a35e5a36723e18571fe792598,$BULLRUG,WBNB,200,10000,0x2424f9537e4023cf9f557a5f367bf3af30a38355,0xbb4cdb9cbd36b01bd1cbaebf2de08d9173bc095c,18,18,PancakeSwapV3
PancakeSwapV3,0x5a54b664cea9c468f4d6f344e484429635469a92,UncleSam,WBNB,200,10000,0x6b685b9413fb2eb716599dd131ce5f29a1a145ba,0xbb4cdb9cbd36b01bd1cbaebf2de08d9173bc095c,18,18,PancakeSwapV3
PancakeSwapV3,0x8407e287faf32198bd4f360198bc4333e671bf1c,DOVE,WBNB,200,10000,0x0785436cca59a77a942c513dc10a1dfdd5088a22,0xbb4cdb9cbd36b01bd1cbaebf2de08d9173bc095c,18,18,PancakeSwapV3
PancakeSwapV3,0x8a8105705cb5bd18b63848fb4d4023acd0f8a57c,G,WBNB,200,10000,0x57f9d4ea1502112b499e6327a9d19df035a4313e,0xbb4cdb9cbd36b01bd1cbaebf2de08d9173bc095c,18,18,PancakeSwapV3
PancakeSwapV3,0xf4872d874f5c441acfa68bddcc0bed4978e07d29,Broccoli2.0,WBNB,200,10000,0x48a7d4a7fd31e37f014351dbba0077b07e05c5b8,0xbb4cdb9cbd36b01bd1cbaebf2de08d9173bc095c,18,18,PancakeSwapV3
PancakeSwapV3,0xc20f19f929ef8f22f84898c4cfe6e04004b7ef71,BNBT,WBNB,200,10000,0x80863a2e6c3de85cc9cdd989e8c6aaac7c146fee,0xbb4cdb9cbd36b01bd1cbaebf2de08d9173bc095c,18,18,PancakeSwapV3
PancakeSwapV3,0x47175460ca365d99bf0b50bfc278c7a0cd5316d4,BNBL,WBNB,200,10000,0x10ef7ab91ec56fd8a5d18b6cc789a0ac55d857bd,0xbb4cdb9cbd36b01bd1cbaebf2de08d9173bc095c,18,18,PancakeSwapV3
PancakeSwapV3,0xa6d91070f18166049a4711126f908d9eb02dfa91,TEST,WBNB,200,10000,0xb6e32048e9e20ece05f23ad1699378ba58b1d0df,0xbb4cdb9cbd36b01bd1cbaebf2de08d9173bc095c,18,18,PancakeSwapV3
PancakeSwapV3,0x6255dc3d64aa5e64bc7ac5066974bdbfb77851ee,AKA,WBNB,200,10000,0x34d7fc6cd8dc4af570a421a056854f93a11dce64,0xbb4cdb9cbd36b01bd1cbaebf2de08d9173bc095c,18,18,PancakeSwapV3
PancakeSwapV3,0x55f0af2cfc605f549480201fa5c9418f9812e9eb,EL,USDT,10,500,0x5357e9c3488c7680e710b46b744e706e484b4ad7,0x55d398326f99059ff775485246999027b3197955,18,18,PancakeSwapV3
PancakeSwapV3,0xcf084d9004c2fe328bf7819bdd37f3a5b179c0c6,WBTC,WBNB,10,500,0x0555e30da8f98308edb960aa94c0db47230d2b9c,0xbb4cdb9cbd36b01bd1cbaebf2de08d9173bc095c,8,18,PancakeSwapV3
PancakeSwapV3,0x5d7ec15af582cfd196bdfd8174f23426aecfcc79,nividia,WBNB,50,2500,0x2f2599a0ee153d95505bdc47e32c63dfb0f9dddd,0xbb4cdb9cbd36b01bd1cbaebf2de08d9173bc095c,18,18,PancakeSwapV3
PancakeSwapV3,0x0fa8c0efe0acfaaab726b483be2b29a4da170546,CRN,WBNB,1,100,0x66a31acbb070e6ec7e862a71a58c9201b51ec811,0xbb4cdb9cbd36b01bd1cbaebf2de08d9173bc095c,18,18,PancakeSwapV3
UniswapV3CL,0xced0faf7098ec3b73528c670dbf07c3ab5858099,USDT,RBL,10,500,0x55d398326f99059ff775485246999027b3197955,0xed14dc42ea63942d71a80aac6113d626e28ddd0e,18,18,UniswapV3CL
PancakeSwapV3,0x34ef15b3f761d2ff1185049a2447ada3828a8d89,FLX,WBNB,1,100,0x3f3a402bde5db709728641b55ac03a173a14e6a2,0xbb4cdb9cbd36b01bd1cbaebf2de08d9173bc095c,18,18,PancakeSwapV3
PancakeSwapV3,0x35cedbc37b96f357f7522ded2dec1adb6e912776,Unicorn,WBNB,1,100,0x1adc04bf47766eef8f24f85e0d82c2013e80d9c3,0xbb4cdb9cbd36b01bd1cbaebf2de08d9173bc095c,8,18,PancakeSwapV3
PancakeSwapV3,0xe9d3da1b04e4b0e6ba10464a39ebb846839588c4,HW,WBNB,1,100,0xa699bb23a169ded380a36516c656e807bc568a9e,0xbb4cdb9cbd36b01bd1cbaebf2de08d9173bc095c,18,18,PancakeSwapV3
PancakeSwapV3,0xcb49d508086ab33486cf74e24764c0e875d866b2,Flower,WBNB,1,100,0x833681909f98a281da477ee350d3e2239b4727de,0xbb4cdb9cbd36b01bd1cbaebf2de08d9173bc095c,18,18,PancakeSwapV3
PancakeSwapV3,0x4e5cd3d51b5e5995388a35441170d8e8c8e41b38,TRUMP,WBNB,1,100,0x10822c6552aa3899c4967babe4b01a8b818d758e,0xbb4cdb9cbd36b01bd1cbaebf2de08d9173bc095c,18,18,PancakeSwapV3
PancakeSwapV3,0x962baa14b274f9064a154890d7b45c0362859b91,WBNB,TULIPS,50,2500,0xbb4cdb9cbd36b01bd1cbaebf2de08d9173bc095c,0xc95550c52062cc729b50e72f560f5df3941a35dd,18,18,PancakeSwapV3
UniswapV3CL,0x2ca76c7e466e560e0cb11a91269bb953e41254bc,FFE,WBNB,200,10000,0x9e0335fb61958fe19bb120f3f8408b4297921820,0xbb4cdb9cbd36b01bd1cbaebf2de08d9173bc095c,18,18,UniswapV3CL
PancakeSwapV3,0xab8c6aba2e65342d636f05e2fb14763c300f4e01,BAS,USDT,200,10000,0x0f0df6cb17ee5e883eddfef9153fc6036bdb4e37,0x55d398326f99059ff775485246999027b3197955,18,18,PancakeSwapV3
PancakeSwapV3,0x336ba8c1bff23894a77ebf8e31e736ebbe3ba846,BINK,WBNB,200,10000,0x5fdfafd107fc267bd6d6b1c08fcafb8d31394ba1,0xbb4cdb9cbd36b01bd1cbaebf2de08d9173bc095c,18,18,PancakeSwapV3
PancakeSwapV3,0x66e7367d463b8cb6a98ca7e445432a546229c8d0,BNBSQ,WBNB,200,10000,0x781d09598ebeea8cd50ac09b485a8b081038c625,0xbb4cdb9cbd36b01bd1cbaebf2de08d9173bc095c,18,18,PancakeSwapV3
PancakeSwapV3,0x3aecf3931b220223a9ba391038ffc0361c79b7af,OOO,WBNB,50,2500,0xa9d6a594a97e1a71138eda92a375789dd65738c7,0xbb4cdb9cbd36b01bd1cbaebf2de08d9173bc095c,18,18,PancakeSwapV3
PancakeSwapV3,0xbd5f97a5434e03de6b1d50a4da77d73885daf54a,MARSCOIN,WBNB,200,10000,0x8fd1ac00ea9ce32563e4283e03bb404c0e9b5c38,0xbb4cdb9cbd36b01bd1cbaebf2de08d9173bc095c,18,18,PancakeSwapV3
PancakeSwapV3,0x95912906f1df8b24a96c2bf8f7c9c2e4d4ecc973,Chain,WBNB,200,10000,0x1c739ec0690c3399baaf4621cafd987c4b7e89e7,0xbb4cdb9cbd36b01bd1cbaebf2de08d9173bc095c,18,18,PancakeSwapV3
UniswapV3CL,0x126a48283752cf131ad8c43f5cd4622dd678a9d8,USDT,JOJO,200,10000,0x55d398326f99059ff775485246999027b3197955,0x953783617a71a888f8b04f397f2c9e1a7c37af7e,18,18,UniswapV3CL
UniswapV3CL,0x462aad58ceaf4b51d402628518036a4e0e21dadb,CCDAO,ETH,200,10000,0x200f73aba0d6f8919086f64035ef900669ea2de2,0x2170ed0880ac9a755fd29b2688956bd959f933f8,18,18,UniswapV3CL
PancakeSwapV3,0x4d40e0b96a71d264a4b6c75a1d4ec481f5b3b32e,tttt33333,WBNB,200,10000,0x130f1ae09c7160902a3b35c041d185d77d27c947,0xbb4cdb9cbd36b01bd1cbaebf2de08d9173bc095c,18,18,PancakeSwapV3
UniswapV3CL,0xad14735d8510f25c5a45b747a973aa2ad8a03305,DPEPE,WBNB,60,3000,0x1483da429fb6f2759747d05cc9e8575a0cecfaeb,0xbb4cdb9cbd36b01bd1cbaebf2de08d9173bc095c,18,18,UniswapV3CL
PancakeSwapV3,0x46530847fdf11cbd999a2b56aac487cb64564ca8,MOO DENG,USDT,1,100,0x1111111111cbdd6ee1ee4689368576c50094dcb5,0x55d398326f99059ff775485246999027b3197955,18,18,PancakeSwapV3
UniswapV3CL,0x023b6298e2f9ae728b324757599f2a36e002a55a,USDT,DOGE,200,10000,0x55d398326f99059ff775485246999027b3197955,0xba2ae424d960c26247dd6c32edc70b295c744c43,18,8,UniswapV3CL
PancakeSwapV3,0x5c875db266b39102abb99d97b2b506244dee3653,XSanta,WBNB,10,500,0x230fce0edba0cd69b13792b5adce75e2607106b0,0xbb4cdb9cbd36b01bd1cbaebf2de08d9173bc095c,18,18,PancakeSwapV3
PancakeSwapV3,0x1632640aac6baf93a03d3555fc8ce546c06fc289,Hlf,WBNB,1,100,0x2332aefb6c76a4004fb4085490dafdc2a902390c,0xbb4cdb9cbd36b01bd1cbaebf2de08d9173bc095c,18,18,PancakeSwapV3
PancakeSwapV3,0x5bd7fad01317a28ffc97d39a418394798f0a3039,pewpew,WBNB,200,10000,0x488e07f29e05bb94026872995d6bc41fe415dcb1,0xbb4cdb9cbd36b01bd1cbaebf2de08d9173bc095c,18,18,PancakeSwapV3
PancakeSwapV3,0x03a5a1f1c66c4c0d69aa5f992e76e4ac6b1a9241,TRC,WBNB,50,2500,0x34b08ccf9620aed6d158bae65e85bb3bbe2c384a,0xbb4cdb9cbd36b01bd1cbaebf2de08d9173bc095c,18,18,PancakeSwapV3
PancakeSwapV3,0x3e95c2226a1d1cd7f4bc667750dfd69fdca3d091,ZRO,WBNB,50,2500,0x6985884c4392d348587b19cb9eaaf157f13271cd,0xbb4cdb9cbd36b01bd1cbaebf2de08d9173bc095c,18,18,PancakeSwapV3
PancakeSwapV3,0x283b0d2c949d3a46980f97087e0f80c55fe2692b,Mlt,WBNB,1,100,0xaf3381e50b64b0636e8150fd3e8bd9e87c8e4cd7,0xbb4cdb9cbd36b01bd1cbaebf2de08d9173bc095c,18,18,PancakeSwapV3
PancakeSwapV3,0xf39978924d07710c741413a31ff89c7fcf2bdcc6,BABYBNB,WBNB,1,100,0x2d5f3b0722acd35fbb749cb936dfdd93247bbc95,0xbb4cdb9cbd36b01bd1cbaebf2de08d9173bc095c,18,18,PancakeSwapV3
PancakeSwapV3,0xa8459702cbb84abd6b586f284f03c64abf3d7686,KTX,USDT,10,500,0x3719ef3423f3b911f9d3cb02dc794b63216c3427,0x55d398326f99059ff775485246999027b3197955,18,18,PancakeSwapV3
PancakeSwapV3,0x2109b38cfb72ff83692124280bf6247e2c2c074c,FOURTARDIO,WBNB,200,10000,0x0a6692572c4b29585be3aa50f1b58dfd0236f101,0xbb4cdb9cbd36b01bd1cbaebf2de08d9173bc095c,18,18,PancakeSwapV3
PancakeSwapV3,0x6e992784e9dd6df1809c16f7408ad98c661241be,WBNB,SFM,200,10000,0xbb4cdb9cbd36b01bd1cbaebf2de08d9173bc095c,0xeb1505ea53f8f1e3e0d7b064508aa8eb65755e74,18,18,PancakeSwapV3
PancakeSwapV3,0x50e54536e66d61db7e22e40e4adb0850942135ce,USDT,WMTX,1,100,0x55d398326f99059ff775485246999027b3197955,0xdbb5cf12408a3ac17d668037ce289f9ea75439d7,18,6,PancakeSwapV3
PancakeSwapV3,0xc389191b5c82d739d2a6d1c8a35fb4a058cf418b,GolD Roger,WBNB,1,100,0x5aa3c7adcd395a6598f163cd147d851ef5f6e7db,0xbb4cdb9cbd36b01bd1cbaebf2de08d9173bc095c,18,18,PancakeSwapV3
PancakeSwapV3,0xb21b3d62433d2fcf8f2eed7d986e93ffee6e4e64,USDT,XLAB,1,100,0x55d398326f99059ff775485246999027b3197955,0x5ba9bfffb868859064c33d4f995a0828b2b1d2d3,18,6,PancakeSwapV3
UniswapV3CL,0x63598472f33429347022365c00f51703e0861fae,USDT,PI,60,3000,0x55d398326f99059ff775485246999027b3197955,0x943c6cba0ea31507c69bf12039b257a4f3f85c10,18,18,UniswapV3CL
PancakeSwapV3,0x4e14e0e803a75c41f273c363cf8c4debe837f316,?,USDT,1,100,0x5475c8c0428d3e95e47aef83777748365f35e782,0x55d398326f99059ff775485246999027b3197955,18,18,PancakeSwapV3
PancakeSwapV3,0x46c502dc93093f33beefdf860e0af263a1680685,USDT,USDT.T,1,100,0x55d398326f99059ff775485246999027b3197955,0x8bb0c464ca1b35b936ef4065c7d435e2f455ab02,18,18,PancakeSwapV3
PancakeSwapV3,0x7a819ecb84668074c8354b304acf371bb856e6bc,CTO,WBNB,10,500,0x54b3752e5649714ba327613672170b5ccab6d9a2,0xbb4cdb9cbd36b01bd1cbaebf2de08d9173bc095c,18,18,PancakeSwapV3
PancakeSwapV3,0xe7cb78efe9930e250baf9f64a6a17a79e12b3c5d,INJ,WBNB,200,10000,0xa2b726b1145a4773f68593cf171187d8ebe4d495,0xbb4cdb9cbd36b01bd1cbaebf2de08d9173bc095c,18,18,PancakeSwapV3
PancakeSwapV3,0x2baaf64f128cfa6baebec6585d3a1e4155437752,LMWR,USDT,50,2500,0x307bc76e3d59ed73886a9cf9360a9286f6281ba7,0x55d398326f99059ff775485246999027b3197955,18,18,PancakeSwapV3
PancakeSwapV3,0x380965732eb9111cb2975ff2c7413708c29ca54b,GHORSES,WBNB,50,2500,0x4ecc5c281990cb423bc954b93a43df6ef6734834,0xbb4cdb9cbd36b01bd1cbaebf2de08d9173bc095c,18,18,PancakeSwapV3
PancakeSwapV3,0x7034e45bf354f36e03db89c360592fc4c51c3b08,CRTS,WBNB,50,2500,0x678e840c640f619e17848045d23072844224dd37,0xbb4cdb9cbd36b01bd1cbaebf2de08d9173bc095c,18,18,PancakeSwapV3
PancakeSwapV3,0xdf732f8567e53990f30801602d654790758c8ddc,USDT,LINK,200,10000,0x55d398326f99059ff775485246999027b3197955,0xf8a0bf9cf54bb92f17374d9e9a321e6a111a51bd,18,18,PancakeSwapV3
UniswapV3CL,0x23ee883aec9929a0e85c3550798325f487e2f66c,?,WBNB,200,10000,0x134906f04395da049a29127220b417d52968669f,0xbb4cdb9cbd36b01bd1cbaebf2de08d9173bc095c,18,18,UniswapV3CL
UniswapV3CL,0x3b8a12a7e0f301124b6dc2c01f767414329b721f,Illumi,WBNB,1,100,0xaa03747d01112074927ffa174d0277b37a2fe3d6,0xbb4cdb9cbd36b01bd1cbaebf2de08d9173bc095c,18,18,UniswapV3CL
UniswapV3CL,0xba51d338a319f5e1b5da46065946576149874acf,WLFI,USDT,200,10000,0x47474747477b199288bf72a1d702f7fe0fb1deea,0x55d398326f99059ff775485246999027b3197955,18,18,UniswapV3CL
PancakeSwapV3,0x0627c1ae05eb4452be43e092983b230e1b6c1e3e,MEDAL,WBNB,50,2500,0x8abd4acff16b740a7ce90d4e714f6d2182e5e75d,0xbb4cdb9cbd36b01bd1cbaebf2de08d9173bc095c,18,18,PancakeSwapV3
PancakeSwapV3,0xdf0c1c30e8c1ae3f189f6e6ef248d71977f7be29,TUSD,BUSD,1,100,0x40af3827f39d0eacbf4a168f8d4ee67c121d11c9,0xe9e7cea3dedca5984780bafc599bd69add087d56,18,18,PancakeSwapV3
PancakeSwapV3,0x501fef55ac34982351aa4bb0b9d9ab8bb8856aa2,ANDY,WBNB,200,10000,0x01ca78a2b5f1a9152d8a3a625bd7df5765eee1d8,0xbb4cdb9cbd36b01bd1cbaebf2de08d9173bc095c,18,18,PancakeSwapV3
PancakeSwapV3,0x18ca6bdbaa051324df002be8440f3eef2d1b1866,USDT,XEP,50,2500,0x55d398326f99059ff775485246999027b3197955,0xb897d0a0f68800f8be7d69ffdd1c24b69f57bf3e,18,8,PancakeSwapV3
PancakeSwapV3,0x903105cfe6a1a5da9eaab16682d66892918323f4,USDT,BSI,1,100,0x55d398326f99059ff775485246999027b3197955,0x5b3f3ef9b0972ce89bf7c7477f0069554a546285,18,18,PancakeSwapV3
PancakeSwapV3,0xd8604865f6f062ed8afb62f66ba569547adc3c65,SDT,WBNB,1,100,0x049301ef96f2c87abb2b5457acdaae54d9f02b59,0xbb4cdb9cbd36b01bd1cbaebf2de08d9173bc095c,18,18,PancakeSwapV3
UniswapV3CL,0x6431c37b0fc3c8f4ac282154532226b1074332bc,TTD,USDT,200,10000,0x169ec30125728bc7912da2df76ab5f97f3bab9cb,0x55d398326f99059ff775485246999027b3197955,18,18,UniswapV3CL
PancakeSwapV3,0x0de855c62ae526221931ebf4865cf17c439eb77d,FIST4,WBNB,200,10000,0xb854c5c49fb8971bc1d4051c32eb9d6b053faa41,0xbb4cdb9cbd36b01bd1cbaebf2de08d9173bc095c,18,18,PancakeSwapV3
PancakeSwapV3,0x5e8ac49e350adecd576d35f9afdaf5b930fa1b8d,JAVI,WBNB,1,100,0x993ef3ea0cbc1c4fe47c8a0937141069a4071a27,0xbb4cdb9cbd36b01bd1cbaebf2de08d9173bc095c,18,18,PancakeSwapV3
PancakeSwapV3,0x40f1e18a133b9e9da07994769ec18dbce7b3ae95,WBNB,DOLY,200,10000,0xbb4cdb9cbd36b01bd1cbaebf2de08d9173bc095c,0xd1985836eb761613174914b80cd852cffada6a0a,18,18,PancakeSwapV3
PancakeSwapV3,0x7e704dde7eb7d9019429d8656bde76b75de3c8d3,Winamp,WBNB,200,10000,0x1cab96831f22f85369b6a27a7936c7026baba7de,0xbb4cdb9cbd36b01bd1cbaebf2de08d9173bc095c,18,18,PancakeSwapV3
PancakeSwapV3,0xeb9c4594bcbd91102aae84816b8eb3fee1422332,WBNB,MCU,10,500,0xbb4cdb9cbd36b01bd1cbaebf2de08d9173bc095c,0xdb26e1a59a76cd75568c25c7a42ba33863755c53,18,18,PancakeSwapV3
UniswapV3CL,0x08f4cc180941af728f0fcb3d2e9ee4877becce77,USDT,AT,60,3000,0x55d398326f99059ff775485246999027b3197955,0x9be61a38725b265bc3eb7bfdf17afdfc9d26c130,18,18,UniswapV3CL
PancakeSwapV3,0x53e7107992d9c262212c0baa55ab4e149df1ac90,WBNB,OTT,1,100,0xbb4cdb9cbd36b01bd1cbaebf2de08d9173bc095c,0xf799fd32aebc7bc494a6928df1d9be490f7683e0,18,18,PancakeSwapV3
PancakeSwapV3,0x37e5307611a5a0b1f578454fd0adc6d3cd72bdee,CHEVY,WBNB,1,100,0xa45f7937384e6123229b9c9e2fa8fb92645fe30f,0xbb4cdb9cbd36b01bd1cbaebf2de08d9173bc095c,18,18,PancakeSwapV3
PancakeSwapV3,0x4b2cc848eae4487a48fd363a107ddbcccb570b64,WBNB,EMYC,50,2500,0xbb4cdb9cbd36b01bd1cbaebf2de08d9173bc095c,0xe3f53c0d48360de764ddc2a1a82c3e6db5d4624d,18,18,PancakeSwapV3
PancakeSwapV3,0x194fb07e51eeb6fec9eae4edad6523f8dff2c7ed,PAL,WBNB,1,100,0xb7e548c4f133adbb910914d7529d5cb00c2e9051,0xbb4cdb9cbd36b01bd1cbaebf2de08d9173bc095c,6,18,PancakeSwapV3
PancakeSwapV3,0xcf08a4f148f7a81f94079d2929f514f1b9a80589,aaana2,USDT,10,500,0x260f4fda12ff51cd1602c4e9ceedfbcb16d9f541,0x55d398326f99059ff775485246999027b3197955,8,18,PancakeSwapV3
PancakeSwapV3,0xd52c6e04ec39f3cdeb68043549f3eda28982f96a,BDC,WBNB,10,500,0x57b9ec0dc68a50ac93809178bce91dbefa9a58c8,0xbb4cdb9cbd36b01bd1cbaebf2de08d9173bc095c,18,18,PancakeSwapV3
PancakeSwapV3,0xa03e131792443aef95db46d686ac8677076b0e4b,BSCAT,WBNB,1,100,0x9f9f093bbc604916e38247a32c14147e565990da,0xbb4cdb9cbd36b01bd1cbaebf2de08d9173bc095c,18,18,PancakeSwapV3
PancakeSwapV3,0xde5264b450aee9d5e7700634c5a1339d60424f4a,HWTH,WBNB,1,100,0x20828c18bfad08b6cb26ecd173a744c040051333,0xbb4cdb9cbd36b01bd1cbaebf2de08d9173bc095c,18,18,PancakeSwapV3
PancakeSwapV3,0xbc0e5a205d729299d93973d634e2507cd8b625a3,COAI,USDT,50,2500,0x0a8d6c86e1bce73fe4d0bd531e1a567306836ea5,0x55d398326f99059ff775485246999027b3197955,18,18,PancakeSwapV3
PancakeSwapV3,0x7fc78b3da88d1032bc670efb9901d3ea84757c31,USDT,XC,1,100,0x55d398326f99059ff775485246999027b3197955,0xdaa2338ce2aee9c221ff9817375d4a1f7a4a1846,18,18,PancakeSwapV3
PancakeSwapV3,0x59ac18923130c8f3770e9fe712398d2a7238096e,WBNB,NSK,200,10000,0xbb4cdb9cbd36b01bd1cbaebf2de08d9173bc095c,0xde1d5b06e03ddf2c8da3b6a8744d5e6786d4ed9f,18,18,PancakeSwapV3
PancakeSwapV3,0x87cb8eece9903f22be347b6a83f55cc7e16a0bb4,USDT,5SILA,50,2500,0x55d398326f99059ff775485246999027b3197955,0x7b77de238a01925186c74300256daba256ff4ead,18,18,PancakeSwapV3
PancakeSwapV3,0xbdbdd47f21e631185ce3d542ba4db4ab10d27f3e,SECT,USDT,10,500,0x0b64062dd282309ddec704fbb216ac01eaca848e,0x55d398326f99059ff775485246999027b3197955,18,18,PancakeSwapV3
PancakeSwapV3,0x134a34fd0b7d0bc0fbace10f75d0695804f8407f,MPI,USDT,50,2500,0x0917cab2f8aef5c56d3602e8d3a768b9f7f3d2d9,0x55d398326f99059ff775485246999027b3197955,18,18,PancakeSwapV3
PancakeSwapV3,0xf20ed8c324e203f28ac2cf8b640a172de934c1fc,WBNB,PI,200,10000,0xbb4cdb9cbd36b01bd1cbaebf2de08d9173bc095c,0xe316589ddc30e5d9dee0a7f16512b470a5608fe3,18,18,PancakeSwapV3
PancakeSwapV3,0x3220f54fff36faa7921288b35731ac4b744b83cd,KOGE,WBNB,200,10000,0x0214495a0ccd342274ee2abe7377d9656f25dc32,0xbb4cdb9cbd36b01bd1cbaebf2de08d9173bc095c,18,18,PancakeSwapV3
PancakeSwapV3,0x47af3c7af825dc5307d4c0165f27678e3328b248,SLTN,WBNB,50,2500,0x1e57f8074acfc2357836679cc69b5ed42e765e11,0xbb4cdb9cbd36b01bd1cbaebf2de08d9173bc095c,18,18,PancakeSwapV3
PancakeSwapV3,0x1742fe355c00aa9e6ebc79c6762f2dbd1d314a3f,WBNB,SUPMONK,50,2500,0xbb4cdb9cbd36b01bd1cbaebf2de08d9173bc095c,0xcce0385e33f408357ca9e59470361b5b74c61129,18,18,PancakeSwapV3
PancakeSwapV3,0x56f2feb3858095972047d8616edc1e07376a726b,WBNB,USDTtc,1,100,0xbb4cdb9cbd36b01bd1cbaebf2de08d9173bc095c,0xeecea6d6ac807685120ca8e85d6ee5ad7afd2865,18,18,PancakeSwapV3
PancakeSwapV3,0x7458c95ef1901790027c093ebf40c681fcf72a64,USDT,TRIA,200,10000,0x55d398326f99059ff775485246999027b3197955,0xb0b92de23baa85fb06208277e925ced53edab482,18,18,PancakeSwapV3
PancakeSwapV3,0xd6de55710af8f125d88a29600afe2e38fa34bae1,WBNB,TURTLE,10,500,0xbb4cdb9cbd36b01bd1cbaebf2de08d9173bc095c,0xda4ff7fd104063ea3588c4a3bffd74cc412a6061,18,18,PancakeSwapV3
UniswapV3CL,0x58ba8c00d17728c0f1f528ea84d4840e8463782e,SA7,WBNB,200,10000,0x5369556f1395e2e100a9455ebed615d405153ab5,0xbb4cdb9cbd36b01bd1cbaebf2de08d9173bc095c,18,18,UniswapV3CL
UniswapV3CL,0x33e59edd3214e97cb68450c6d3d6c167de072aba,INJ,WBNB,200,10000,0xa2b726b1145a4773f68593cf171187d8ebe4d495,0xbb4cdb9cbd36b01bd1cbaebf2de08d9173bc095c,18,18,UniswapV3CL
PancakeSwapV3,0x18dfa45e08e581beb1e50156a7a97e50d4d10549,$,WBNB,1,100,0x9dc943847e98bc62b572be548040b04a965812fa,0xbb4cdb9cbd36b01bd1cbaebf2de08d9173bc095c,18,18,PancakeSwapV3
PancakeSwapV3,0x7df7477dc4cb546d999b517d37195eda79b429f4,WBNB,dummy STC 3,1,100,0xbb4cdb9cbd36b01bd1cbaebf2de08d9173bc095c,0xc62c39dea698795df6c94f162f3471999a046d92,18,18,PancakeSwapV3
PancakeSwapV3,0x4edd9d3d47d19d54e9817fd6c7f6bf19e0c631e0,MONG,WBNB,50,2500,0x23ff099a20bf9d0b68f47ef92c4b44bc2330f02a,0xbb4cdb9cbd36b01bd1cbaebf2de08d9173bc095c,18,18,PancakeSwapV3
PancakeSwapV3,0x9210f9ca621ab4dbb39b0592389ee780bcdd15cb,WBNB,MORE,1,100,0xbb4cdb9cbd36b01bd1cbaebf2de08d9173bc095c,0xfe723495f73714426493384eb5e49aa5b827e1d5,18,18,PancakeSwapV3
PancakeSwapV3,0x26d5f08537a4f38c01b8010a741df74dfe56896c,PUTN,WBNB,1,100,0x768fbeecea7fb3aae7eb4317191b70f12b662fdd,0xbb4cdb9cbd36b01bd1cbaebf2de08d9173bc095c,18,18,PancakeSwapV3
PancakeSwapV3,0xec9c36034881b178e8ab1a92102235aafbdafedb,WBNB,NSY,1,100,0xbb4cdb9cbd36b01bd1cbaebf2de08d9173bc095c,0xe181010e70124047ca70be30128048f040242f8c,18,18,PancakeSwapV3
PancakeSwapV3,0x9a6536b4d235ec4a49979a904698a22c40a07b24,USDT,KBC,50,2500,0x55d398326f99059ff775485246999027b3197955,0xb1efa16818da8432add0cb0a82cc7fab98c78893,18,18,PancakeSwapV3
UniswapV3CL,0x5b532039e41c7ac069324b9ca6132bf9eb9f259d,FIL,WBNB,60,3000,0x0d8ce2a99bb6e3b7db580ed848240e4a0f9ae153,0xbb4cdb9cbd36b01bd1cbaebf2de08d9173bc095c,18,18,UniswapV3CL
PancakeSwapV3,0x42cf5d6d31d5e898b346ebcdbaefda87d20ff342,USDT,TBC,1,100,0x55d398326f99059ff775485246999027b3197955,0x565fc7d84e4dac459468cd0c78cef6d144b0446c,18,18,PancakeSwapV3
PancakeSwapV3,0xc758d404c755e1b335cdbc928617f871ee75bf72,WBNB,BINKY,200,10000,0xbb4cdb9cbd36b01bd1cbaebf2de08d9173bc095c,0xdfa5a1932094f48253339334ac5e3ecf56be14dc,18,18,PancakeSwapV3
PancakeSwapV3,0xd02aaf62d5a7d9cabc4e8f13210b175bf305d0c3,FET,ETH,200,10000,0x031b41e504677879370e9dbcf937283a8691fa7f,0x2170ed0880ac9a755fd29b2688956bd959f933f8,18,18,PancakeSwapV3
PancakeSwapV3,0x8c4abe59366d61edf25511b6484af6eac4e051ba,BEFE,WBNB,200,10000,0x57185189118c7e786cafd5c71f35b16012fa95ad,0xbb4cdb9cbd36b01bd1cbaebf2de08d9173bc095c,18,18,PancakeSwapV3
PancakeSwapV3,0x77b27c351b13dc6a8a16cc1d2e9d5e7f9873702e,BNBx,WBNB,10,500,0x1bdd3cf7f79cfb8edbb955f20ad99211551ba275,0xbb4cdb9cbd36b01bd1cbaebf2de08d9173bc095c,18,18,PancakeSwapV3
PancakeSwapV3,0xb534e9bd5d5c4dee3526552612aad54412364120,HMSTR,WBNB,1,100,0x278a06fe8f2b6d84d626b14119f315d0a3c74493,0xbb4cdb9cbd36b01bd1cbaebf2de08d9173bc095c,18,18,PancakeSwapV3
PancakeSwapV3,0x85a337f76dc8da0de03a05951ec8d73203bb3aae,3nezat,WBNB,1,100,0x9365f0300a7f9e1e080588e1da2fa90193ec32e2,0xbb4cdb9cbd36b01bd1cbaebf2de08d9173bc095c,18,18,PancakeSwapV3
PancakeSwapV3,0x369482c78bad380a036cab827fe677c1903d1523,BTCB,BUSD,10,500,0x7130d2a12b9bcbfae4f2634d864a1ee1ce3ead9c,0xe9e7cea3dedca5984780bafc599bd69add087d56,18,18,PancakeSwapV3
UniswapV3CL,0x9ac06399399cdf6ba328051ec1e3e220df51a0ff,Trust,WBNB,60,3000,0x1a422c21fbaa3372cd4b959c4a74c168cc8407b0,0xbb4cdb9cbd36b01bd1cbaebf2de08d9173bc095c,18,18,UniswapV3CL
PancakeSwapV3,0xbba06d6dca8fa2e2a9d4e3743c8c4468b81f1bda,MLT,WBNB,1,100,0x8854192a15109943d9b64df219cc7177b90fec50,0xbb4cdb9cbd36b01bd1cbaebf2de08d9173bc095c,18,18,PancakeSwapV3
PancakeSwapV3,0xf04928da4f3adf15d3895e53f5c6f7410f0e10b7,4Burn,WBNB,200,10000,0x2025e2d3aacb6b23ab82fb70631aeaced6b87344,0xbb4cdb9cbd36b01bd1cbaebf2de08d9173bc095c,18,18,PancakeSwapV3
PancakeSwapV3,0xce1c9c12e28bf621e3d3c004eab6e2fe8e84d7fa,PET,WBNB,200,10000,0x8c2da6144d48113969f9bff5cef085d0b5a1ddaa,0xbb4cdb9cbd36b01bd1cbaebf2de08d9173bc095c,18,18,PancakeSwapV3
PancakeSwapV3,0x9cd2eccfde23b7cf60afc8e49a75cffb1868272c,CZ,WBNB,200,10000,0x0878e55ed21c0702171f72803751008e11deb063,0xbb4cdb9cbd36b01bd1cbaebf2de08d9173bc095c,18,18,PancakeSwapV3
PancakeSwapV3,0x07e0f3d081b332feff8a38ff352e3c0454c2cf24,NDRN,WBNB,1,100,0x04490477c93d68036c46e3b776591cfeb59debee,0xbb4cdb9cbd36b01bd1cbaebf2de08d9173bc095c,18,18,PancakeSwapV3
PancakeSwapV3,0x1817937717b487638cf170055dabde8e1c3ca691,GASz,WBNB,200,10000,0x70431bbb3cd99dd4cfa37249877714b7f5d01b40,0xbb4cdb9cbd36b01bd1cbaebf2de08d9173bc095c,18,18,PancakeSwapV3
PancakeSwapV3,0x95dc52a80cff00cfb91a7c567c5519b030887e90,BTCDC,WBNB,1,100,0xab4a6eacd020770fd7edc18ffdeebbf450e547a8,0xbb4cdb9cbd36b01bd1cbaebf2de08d9173bc095c,8,18,PancakeSwapV3
PancakeSwapV3,0xbbd1335e307eaa772310b65496c7be0d4df23bc3,BDP,WBNB,1,100,0x736259ef71f117b2b3de3d04f1309196d06dfb91,0xbb4cdb9cbd36b01bd1cbaebf2de08d9173bc095c,18,18,PancakeSwapV3
PancakeSwapV3,0x94b72159be411a5eba69076fb9fa85b499050bea,BAO,WBNB,50,2500,0x8be97b72a7f5b5baa8d684609f567ae34bd58035,0xbb4cdb9cbd36b01bd1cbaebf2de08d9173bc095c,18,18,PancakeSwapV3
PancakeSwapV3,0xc7ca97c1ec678952a4bd68eee03459abf2517fa4,HAPPY,WBNB,1,100,0x2e72393a57287b1a09857db589b27bb0fd499922,0xbb4cdb9cbd36b01bd1cbaebf2de08d9173bc095c,18,18,PancakeSwapV3
PancakeSwapV3,0x83d910d0265e06c4eef707f4d8b0d7a05e5127d4,WBNB,Nst,1,100,0xbb4cdb9cbd36b01bd1cbaebf2de08d9173bc095c,0xc6b7ffb2aace2e86a79b5a3fdd9a81573d4c15c8,18,18,PancakeSwapV3
PancakeSwapV3,0x56d5e7f80fd2516e8acfe07ccc3180719ad5e224,WBNB,MTECH,200,10000,0xbb4cdb9cbd36b01bd1cbaebf2de08d9173bc095c,0xe8b35b029047cd09fd0a34b29c6636c6f4ab9a22,18,18,PancakeSwapV3
PancakeSwapV3,0xadae5d7f3f506e85b19b2237d6b3683e9e782c1c,USDT,SIREN,50,2500,0x55d398326f99059ff775485246999027b3197955,0x997a58129890bbda032231a52ed1ddc845fc18e1,18,18,PancakeSwapV3
PancakeSwapV3,0x38c3e8bfbf01a99f4173ce737f57fa9387aafab5,SIGXBT,WBNB,200,10000,0x3e5b72f8bdb885490ebca77d2f52f5e07874a88c,0xbb4cdb9cbd36b01bd1cbaebf2de08d9173bc095c,18,18,PancakeSwapV3
PancakeSwapV3,0x85488ec664bb7ee6204d1240224408a2f7c29bcd,WBNB,USDT,10,500,0xbb4cdb9cbd36b01bd1cbaebf2de08d9173bc095c,0xddc3a0a84cb92941af0bb82b19dec830d3afef14,18,18,PancakeSwapV3
PancakeSwapV3,0x37e608ae4ada08bc5d96b4ba2fb7b99365dde1f4,SAEED,WBNB,50,2500,0xb7fd54e523e8d389aa7cdfab592676381afa865a,0xbb4cdb9cbd36b01bd1cbaebf2de08d9173bc095c,18,18,PancakeSwapV3
PancakeSwapV3,0xd04f02751bafabd928a163cac80be13c5b3c8201,EPDOR,WBNB,1,100,0x35f3ab87b0deee23de715ce1f0d56122886f6fbe,0xbb4cdb9cbd36b01bd1cbaebf2de08d9173bc095c,18,18,PancakeSwapV3
PancakeSwapV3,0xa6f0fc9a35f389be2a796e838f9984b434605aa3,WBNB,BNBGPT,50,2500,0xbb4cdb9cbd36b01bd1cbaebf2de08d9173bc095c,0xdfa7e9c060dc5292c881eb48cfe26b27aef5f0d9,18,18,PancakeSwapV3
PancakeSwapV3,0xe15ae79224f22f9385fdfdefd53d57d9c91ec745,USDT,MLC,1,100,0x55d398326f99059ff775485246999027b3197955,0xe8db8733c5badf634f86d6ef894ffdbf0e85b7c2,18,18,PancakeSwapV3
PancakeSwapV3,0x3e558dc906034e5da24bb97d965b19aae5ba804d,WBNB,CBX,1,100,0xbb4cdb9cbd36b01bd1cbaebf2de08d9173bc095c,0xc73fc92488d546905763323e61b36e6d67f46cb5,18,18,PancakeSwapV3
PancakeSwapV3,0xfabc89f6fad37bd2ff24f0f179ee87d3a4481c9f,ROCK,WBNB,200,10000,0x3cf8f65eb5866e02f5cc542dd2fd1325dae4fd8c,0xbb4cdb9cbd36b01bd1cbaebf2de08d9173bc095c,18,18,PancakeSwapV3
PancakeSwapV3,0x81119998f7b40d2706607caf3fc18c9e2f30ddfc,QUIZ,WBNB,200,10000,0x6c4db8e82c8a57d3aa05da68ed3a5f353857a4a8,0xbb4cdb9cbd36b01bd1cbaebf2de08d9173bc095c,18,18,PancakeSwapV3
PancakeSwapV3,0x3d0a5b6faa954df3307b2fe2e1b243b1118ed587,social,WBNB,200,10000,0x5fe7d5f51e357c755f6b52ae5adaad48608acbdc,0xbb4cdb9cbd36b01bd1cbaebf2de08d9173bc095c,18,18,PancakeSwapV3
PancakeSwapV3,0xb966e783f4023ec751a06b1ac442ac80a3264ccb,USDT,RSK,10,500,0x55d398326f99059ff775485246999027b3197955,0xa1537518b774c1c34847ac42c924a943409037e7,18,18,PancakeSwapV3
PancakeSwapV3,0xe98fc882596c307ff26f8c570532ed0e93238e9a,WBNB,AAVE,200,10000,0xbb4cdb9cbd36b01bd1cbaebf2de08d9173bc095c,0xfb6115445bff7b52feb98650c87f44907e58f802,18,18,PancakeSwapV3
PancakeSwapV3,0x1e10db0a28d3fc8f6b46ee1b7850a91a1dee90c9,ATREE,WBNB,200,10000,0x24a962f43ee5002984bbe9fbcca87b32ee809cbb,0xbb4cdb9cbd36b01bd1cbaebf2de08d9173bc095c,18,18,PancakeSwapV3
PancakeSwapV3,0xd55adbd7709aa03937acda56d8fec764167ab776,WBNB,IMPR,200,10000,0xbb4cdb9cbd36b01bd1cbaebf2de08d9173bc095c,0xbfb502f5869e19eb1acec7ed4daf2c6c1bd37cf0,18,18,PancakeSwapV3
PancakeSwapV3,0xf55b55123f55b72923e35c0226d9ae88ac85ce47,TRUMP,WBNB,200,10000,0x3ff8634313c04d8c70c2805964e2c33ae1baf435,0xbb4cdb9cbd36b01bd1cbaebf2de08d9173bc095c,18,18,PancakeSwapV3
PancakeSwapV3,0x2eba69d35367fa602d4fc24f9a6da886df446ae6,TRUMP,WBNB,200,10000,0x5915bc2e849518011a55c23ceb905c02269e4907,0xbb4cdb9cbd36b01bd1cbaebf2de08d9173bc095c,18,18,PancakeSwapV3
PancakeSwapV3,0x2ecdaccf8b22609abfec3d9e397b318b9f4a7b89,POWER,USDT,1,100,0x0471b323a4d5f244b07cd86fb953ceadbf9ef10d,0x55d398326f99059ff775485246999027b3197955,18,18,PancakeSwapV3
PancakeSwapV3,0x7d48b64991cf02c9bd4398a15c9b08ba72855ebd,USDT,USDT,1,100,0x55d398326f99059ff775485246999027b3197955,0xdfa3cd9a2228d4bd713c99c29d52e7b65faf381c,18,18,PancakeSwapV3
PancakeSwapV3,0x81b38bd8a500cc5a1f321535b3d4691d3fefe620,DOT,BTCB,50,2500,0x7083609fce4d1d8dc0c979aab8c869ea2c873402,0x7130d2a12b9bcbfae4f2634d864a1ee1ce3ead9c,18,18,PancakeSwapV3
PancakeSwapV3,0xa052cb1589f43277a0866d0818a05be3efbad27a,USDT,COP,200,10000,0x55d398326f99059ff775485246999027b3197955,0x8789337a176e6e7223ff115f1cd85c993d42c25c,18,18,PancakeSwapV3
PancakeSwapV3,0x5fb5aa150b5f58f62d4eee432cbe5be47c231f0f,WBNB,LGTB,1,100,0xbb4cdb9cbd36b01bd1cbaebf2de08d9173bc095c,0xd24b49f693ed3eba24209ec082dfc8d5b4184cd4,18,18,PancakeSwapV3
PancakeSwapV3,0xe6bfb6351b89149dcf4d984060eca9b47f9fbe8a,DEMI,WBNB,200,10000,0xa116b54387d071b51568211a1850e387177ca6a5,0xbb4cdb9cbd36b01bd1cbaebf2de08d9173bc095c,18,18,PancakeSwapV3
PancakeSwapV3,0xb81d82b3f6117af71d4011998163734d569d78c2,FINETUKIN,WBNB,200,10000,0x9bedc95a180d425e60867b4fd88d09dfafd9457e,0xbb4cdb9cbd36b01bd1cbaebf2de08d9173bc095c,18,18,PancakeSwapV3
PancakeSwapV3,0x97e225954e90c0f722d9350ab86854f76f5172b5,USDT,USDT,1,100,0x416e4df03d03d53a25aa3dfd705fd495f0fb7777,0x55d398326f99059ff775485246999027b3197955,18,18,PancakeSwapV3
PancakeSwapV3,0x234a1a1c549bc0eb914f14ede77d0f33d21fb7fd,USDT,MELANIA,1,100,0x55d398326f99059ff775485246999027b3197955,0x9c88821135b5c0477bdad0dd535f49eb550c7c6a,18,18,PancakeSwapV3
PancakeSwapV3,0x4670cc9a2cbd5ddfb9bf7f84bf7f5a51b53b0d70,WBNB,BROWNIE,50,2500,0xbb4cdb9cbd36b01bd1cbaebf2de08d9173bc095c,0xf0e952832f5c413ce7f90e55e5f19fa1d4951546,18,18,PancakeSwapV3
PancakeSwapV3,0x05313c6dbe0fae584904092a62445eedaa498556,WBNB,FINETUKIN,200,10000,0xbb4cdb9cbd36b01bd1cbaebf2de08d9173bc095c,0xda21e8534cbbda372bce1015cd10b8fd8dd804dc,18,18,PancakeSwapV3
PancakeSwapV3,0x391b071fadd694550a4522860bd541df6a2324af,bnbUSD,USDC,50,2500,0x5519a479da8ce3af7f373c16f14870bbeafda265,0x8ac76a51cc950d9822d68b83fe1ad97b32cd580d,18,18,PancakeSwapV3
PancakeSwapV3,0x7550a7813d2b59181887e996e0305e7625aea879,ETHM,WBNB,50,2500,0xbb38f4b6e289aa900505c92bd9743bd4d3c8d2de,0xbb4cdb9cbd36b01bd1cbaebf2de08d9173bc095c,18,18,PancakeSwapV3
PancakeSwapV3,0xe08ae994283829a3e55abb450ec4ded4f762d1ea,SDM,USDT,50,2500,0x516f8a1fb458ebdcfd0f544ff85c69c1c0ebc31d,0x55d398326f99059ff775485246999027b3197955,18,18,PancakeSwapV3
PancakeSwapV3,0x2e1f2393939c621c793a045ab9bb671744c7b0c9,PKC,WBNB,10,500,0x27694c3dd6d529a8a5f9bcfbcbd9075b4435a305,0xbb4cdb9cbd36b01bd1cbaebf2de08d9173bc095c,18,18,PancakeSwapV3
PancakeSwapV3,0x117a2a1c925451843b7c0a5e54dff42f2a0c7648,TPP,WBNB,10,500,0x53c9bdea50e33ff792bdeb8f04808c8f2cfb3528,0xbb4cdb9cbd36b01bd1cbaebf2de08d9173bc095c,18,18,PancakeSwapV3
PancakeSwapV3,0x9a5ee02f87199b1a8e8d6b5b60a2c0edc4be28ee,ETH,MX,200,10000,0x2170ed0880ac9a755fd29b2688956bd959f933f8,0x9f882567a62a5560d147d64871776eea72df41d3,18,18,PancakeSwapV3
PancakeSwapV3,0xb7aa585bceb8fbc7b60e013067777789258d98a7,FLAME,WBNB,200,10000,0x178f5fa6f67358b92425537864c2b03b391c8d73,0xbb4cdb9cbd36b01bd1cbaebf2de08d9173bc095c,18,18,PancakeSwapV3
PancakeSwapV3,0x3780a0f877f448fc6fbfd53695ec50d6e12a6be2,WBNB,FF,200,10000,0xbb4cdb9cbd36b01bd1cbaebf2de08d9173bc095c,0xfa817208db21ee578f124d87637d147c118a015d,18,18,PancakeSwapV3
PancakeSwapV3,0xa18f8d5c94a1d1e55a9e961bfc11f55054e4f9a7,USDT,KHT,1,100,0x55d398326f99059ff775485246999027b3197955,0xc8557904635d08597879dd0f7b3227458410c332,18,18,PancakeSwapV3
PancakeSwapV3,0x022a78e0a2f8b2a53f7b5f6f3603384ba5145cb0,RUN,WBNB,200,10000,0xa8bde4fb54264a46c079475e58563ab9b855e780,0xbb4cdb9cbd36b01bd1cbaebf2de08d9173bc095c,18,18,PancakeSwapV3
PancakeSwapV3,0xdca693422fac1e15341c3cede40a1798ee7af4b3,DARK,USDT,50,2500,0x12fc07081fab7de60987cad8e8dc407b606fb2f8,0x55d398326f99059ff775485246999027b3197955,8,18,PancakeSwapV3
UniswapV3CL,0x7ad593839d28e3f7f36990248c137d21f94e3094,TESTERS15,WBNB,200,10000,0xb3c954ae02822ee9be12676b2b6a41a57de4d73d,0xbb4cdb9cbd36b01bd1cbaebf2de08d9173bc095c,18,18,UniswapV3CL
UniswapV3CL,0x1ca7c26b0abcf530d2cf8089ab0e055e59f327d1,USDT,HANA,200,10000,0x55d398326f99059ff775485246999027b3197955,0x6261963ebe9ff014aad10ecc3b0238d4d04e8353,18,18,UniswapV3CL
PancakeSwapV3,0xf4705d807a99a3120cea775edfbd342bd77808e4,BabyFour,WBNB,200,10000,0x47d4108a1cc270a113b4a75f34a07f3d1c2ae02b,0xbb4cdb9cbd36b01bd1cbaebf2de08d9173bc095c,18,18,PancakeSwapV3
PancakeSwapV3,0x6a04c8b5eab555c7590c5dcf619ccde558ae35e4,WBNB,USDFI,200,10000,0xbb4cdb9cbd36b01bd1cbaebf2de08d9173bc095c,0xc9f5955f6da20e44a068f3d58fb2404f56f9a6f2,18,18,PancakeSwapV3
PancakeSwapV3,0x932661ce8670b63a7dc7d8ed60677b01535a15cf,TCC,WBNB,200,10000,0x08e8ac8c4bca64503f774d2c40c911e8a3ffcc12,0xbb4cdb9cbd36b01bd1cbaebf2de08d9173bc095c,18,18,PancakeSwapV3
PancakeSwapV3,0x895af6c0aba23db511dde87ac24f0d49607d1a62,TEN,WBNB,50,2500,0xa141064f855c06f44e98cf06766b1680750391e3,0xbb4cdb9cbd36b01bd1cbaebf2de08d9173bc095c,18,18,PancakeSwapV3
PancakeSwapV3,0xf9b4d7e096d18ef2bf5a3e223e8785c2f8fd1f10,USDT,SNACK,1,100,0x55d398326f99059ff775485246999027b3197955,0x94a1a356d4e67a3803bdfaa85c8cba5bc57fd988,18,18,PancakeSwapV3
PancakeSwapV3,0x463d0947a870d0134a62fc37651db5cc34728ab9,FRIES,WBNB,200,10000,0x067634a1da6a257bfb494e86a9144ac3c86b425c,0xbb4cdb9cbd36b01bd1cbaebf2de08d9173bc095c,18,18,PancakeSwapV3
PancakeSwapV3,0xa24642263e0bdf660fce6056a903314087bc874d,Rkt,WBNB,1,100,0xa2284ad9f9181dc5fd22516a3782ce039c6c2174,0xbb4cdb9cbd36b01bd1cbaebf2de08d9173bc095c,18,18,PancakeSwapV3
PancakeSwapV3,0xfc92e5fbdcf2237189d4ec5fca2bd15528610b0a,GRG,WBNB,200,10000,0xb3c33b5128f27b089c5407273e9f6b03ba3693a0,0xbb4cdb9cbd36b01bd1cbaebf2de08d9173bc095c,18,18,PancakeSwapV3
PancakeSwapV3,0xcdcc8dc1f3f5132d9d7e46a5436ce2f693826004,USDT,MHORSE,1,100,0x55d398326f99059ff775485246999027b3197955,0x9daf1a070f882d870a8d58d7a27041c752f3b88d,18,18,PancakeSwapV3
PancakeSwapV3,0x49f3363c9fdbeb37dfaf378490e5eb8b90734f41,WBNB,CHIK,200,10000,0xbb4cdb9cbd36b01bd1cbaebf2de08d9173bc095c,0xdf64f71a4669e4a6fea4228b7b92d27dcd15654b,18,18,PancakeSwapV3
PancakeSwapV3,0x02987fc2f75d9af6e48e96ce37ebc8e07077ec1a,AIRA,USDT,50,2500,0x395834bb0c2af8fae8bae1f58821da05f61a5a42,0x55d398326f99059ff775485246999027b3197955,18,18,PancakeSwapV3
PancakeSwapV3,0x33e07b0b7c1f8159fba93ca8b2243050affa1cc3,CZ9K,WBNB,50,2500,0x5f5d42a894cc2146ca9f5a49e92b7e702bd799a4,0xbb4cdb9cbd36b01bd1cbaebf2de08d9173bc095c,18,18,PancakeSwapV3
UniswapV3CL,0xa6953cc6045512acbc3c653b021997c3a010f3a2,BDN,WBNB,200,10000,0x69cffbd0a9b3ac6fbe2f4bcc9d5954955d019b8b,0xbb4cdb9cbd36b01bd1cbaebf2de08d9173bc095c,18,18,UniswapV3CL
PancakeSwapV3,0x1344d55ade628f1952084a17987bdad7b8378693,WBNB,ElonX,1,100,0xbb4cdb9cbd36b01bd1cbaebf2de08d9173bc095c,0xf7bd37740bc2960e9e59157fa0180b0c920beeb5,18,18,PancakeSwapV3
PancakeSwapV3,0x8357c75b2dc87c1b4427488fd9687bdd281815e4,3:1,WBNB,1,100,0x4222fd3041c69f98f88d30352b19741c8e07ac87,0xbb4cdb9cbd36b01bd1cbaebf2de08d9173bc095c,18,18,PancakeSwapV3
PancakeSwapV3,0xc8a55a06e1acb8cc4d5a762539bb6ad8a5baad0a,KURD,WBNB,1,100,0x36a2761b16a2f0bf0af9e5959afb8614ef8c80b8,0xbb4cdb9cbd36b01bd1cbaebf2de08d9173bc095c,18,18,PancakeSwapV3
PancakeSwapV3,0x6016a06f4f4a1d1dd165a719cf4d3763cb5464d6,THR,WBNB,1,100,0x26c458c33d6c1cafe1a6df2b7535829178be6120,0xbb4cdb9cbd36b01bd1cbaebf2de08d9173bc095c,18,18,PancakeSwapV3
PancakeSwapV3,0x8adb4a210e37246f5192c108ddbfe967ca35ebfa,NRSE,WBNB,200,10000,0x028bac9f0106287569a39851efab62e2bc3fac2b,0xbb4cdb9cbd36b01bd1cbaebf2de08d9173bc095c,18,18,PancakeSwapV3
PancakeSwapV3,0x0549642231f9de72285967ee66a1dc53f22b46e1,ONE,USDT,1,100,0x5348973a2a34d63d395a81909774633d6e56e425,0x55d398326f99059ff775485246999027b3197955,18,18,PancakeSwapV3
PancakeSwapV3,0x43a166dfe1b5a8b3321d3b2b5d38123d0d75e8b5,WBNB,UNCP,1,100,0xbb4cdb9cbd36b01bd1cbaebf2de08d9173bc095c,0xf2589a732807ceb8536238521b875c742f42bc20,18,18,PancakeSwapV3
PancakeSwapV3,0x4031f11342321dcdd2b6537c3cf3938c7ab3c88b,WBNB,BNBM,200,10000,0xbb4cdb9cbd36b01bd1cbaebf2de08d9173bc095c,0xfe4ad1dbb4c97631bc83f21b43b82ba1526d1db7,18,18,PancakeSwapV3
PancakeSwapV3,0x87db7c1df562e276b2ec7cd123e3981bfcd33c40,WBNB,$HANK,200,10000,0xbb4cdb9cbd36b01bd1cbaebf2de08d9173bc095c,0xcc207924e331629976929e3b9a91e380bdac5717,18,18,PancakeSwapV3
UniswapV3CL,0x5289a8dbf7029ee0b0498a84777ed3941d9acfec,USDC,WBNB,10,500,0x8ac76a51cc950d9822d68b83fe1ad97b32cd580d,0xbb4cdb9cbd36b01bd1cbaebf2de08d9173bc095c,18,18,UniswapV3CL
PancakeSwapV3,0x72c510a0494221b83cd95de3d03bafcf83ef61a7,USDTZ,WBNB,1,100,0x85db3a311cc8f2d417cbadd1ed2a26ba7bf7a5d6,0xbb4cdb9cbd36b01bd1cbaebf2de08d9173bc095c,18,18,PancakeSwapV3
PancakeSwapV3,0xe97a32680217f25498e4431de3aa79e39ac210c1,WBNB,NanoAi,200,10000,0xbb4cdb9cbd36b01bd1cbaebf2de08d9173bc095c,0xf19807bbedc878c2934735741648d77d9aad027a,18,18,PancakeSwapV3
PancakeSwapV3,0x7db4399a87d9e17ab3bcfeb2c00c6947b8eb20b1,$BRNK,WBNB,10,500,0x69ce1dc93e54e8e62b41221ef1e09b28bf256c36,0xbb4cdb9cbd36b01bd1cbaebf2de08d9173bc095c,18,18,PancakeSwapV3
PancakeSwapV3,0xe41ef44bb392641b40e2a92cb89764f5c4649747,WBNB,CARROT,200,10000,0xbb4cdb9cbd36b01bd1cbaebf2de08d9173bc095c,0xeca060fba74e331802538973979d814273cc11b7,18,18,PancakeSwapV3
PancakeSwapV3,0x3afcd0146ff10f341167445d14af75c2e8416363,Myawaddy,WBNB,50,2500,0x889c13d56417976424c69fec8dce298b692a105d,0xbb4cdb9cbd36b01bd1cbaebf2de08d9173bc095c,18,18,PancakeSwapV3
PancakeSwapV3,0xf0372fbc061f879236faf1472fb537d515f51ce4,FirstApe,WBNB,200,10000,0x3ba5eff5898d1d239b71521028efa90ec1c6451c,0xbb4cdb9cbd36b01bd1cbaebf2de08d9173bc095c,18,18,PancakeSwapV3
PancakeSwapV3,0x8ad1239f8cf880eb92532651fbb79aaf4aa348a7,ZLP,WBNB,1,100,0x10a26f0fd34f7d5ae7073e73b7d848d92498af60,0xbb4cdb9cbd36b01bd1cbaebf2de08d9173bc095c,18,18,PancakeSwapV3
PancakeSwapV3,0x6724e2577693e2d5a2c16e0556d23ab0e2125055,AIDEFI,USDC,1,100,0x21e62f1e4a5db2221682601839a00c6b3657a586,0x8ac76a51cc950d9822d68b83fe1ad97b32cd580d,18,18,PancakeSwapV3
PancakeSwapV3,0x26c1e484b2479ec56a037cccdc2128800d2b3616,WBNB,NEZHA2,200,10000,0xbb4cdb9cbd36b01bd1cbaebf2de08d9173bc095c,0xcc4825ac45306f5a306939918306c263d89e145b,18,18,PancakeSwapV3
PancakeSwapV3,0xbae486ea23606cc689d8977279acc3e0a86453bd,WBNB,0XZX,200,10000,0xbb4cdb9cbd36b01bd1cbaebf2de08d9173bc095c,0xe18bde10a13b168418c534bab79eb9664bdc9ca2,18,18,PancakeSwapV3
PancakeSwapV3,0x5b66e4dc363888ab720f580ea6401e098ca3e033,GOLD,USDT,50,2500,0x0cfeeca70a5f888fd7804e8e1e4d2342e487d55a,0x55d398326f99059ff775485246999027b3197955,18,18,PancakeSwapV3
UniswapV3CL,0x8b1908886b3e8b5a516ff6addfdd41b992245bcf,USDT,EURI,60,3000,0x55d398326f99059ff775485246999027b3197955,0x9d1a7a3191102e9f900faa10540837ba84dcbae7,18,18,UniswapV3CL
PancakeSwapV3,0x30e286ac0d501316abf4a54b57b457da9b120685,LOVE,WBNB,200,10000,0x05f00661c5de083c15f1137e9fa53f34ad11fd65,0xbb4cdb9cbd36b01bd1cbaebf2de08d9173bc095c,18,18,PancakeSwapV3
PancakeSwapV3,0xc627896d1eb6aed6349d9e59001712995677ecec,Ghibli911,WBNB,50,2500,0x1bb285a2c4bda5c0be58e8e281c976f76201096b,0xbb4cdb9cbd36b01bd1cbaebf2de08d9173bc095c,18,18,PancakeSwapV3
PancakeSwapV3,0x667d805408a2bd9cc84eeab1e480240a4e3cc92b,FTPXBT,WBNB,200,10000,0xac3c6176511771129568ea308dd151073498dc7d,0xbb4cdb9cbd36b01bd1cbaebf2de08d9173bc095c,18,18,PancakeSwapV3
PancakeSwapV3,0x2b506fb216810323e7fe654673d72cd092b709c1,WSK,WBNB,1,100,0x3fbbe68a1a0ee11295884710ed8ec3385ff780b8,0xbb4cdb9cbd36b01bd1cbaebf2de08d9173bc095c,18,18,PancakeSwapV3
PancakeSwapV3,0xf500a9d1fb3a6b74bd07aad97e3feba0074e6589,SCAI,BUSD,1,100,0x5e23100fe5edf625247456852a9cf516d531ec5b,0xe9e7cea3dedca5984780bafc599bd69add087d56,18,18,PancakeSwapV3
PancakeSwapV3,0x41181a74a74770d99c00069c37fcb478e5bc90c6,NANO,USDT,1,100,0x292b79ee4f5904625ef33a9e43b698cf33e439c5,0x55d398326f99059ff775485246999027b3197955,18,18,PancakeSwapV3
PancakeSwapV3,0xe69a0ea53f7464349122b5c9848a27166f0eee2f,BNBChain,WBNB,200,10000,0x8f7d08dd8d54143dde1bcadebee15af2193b877e,0xbb4cdb9cbd36b01bd1cbaebf2de08d9173bc095c,18,18,PancakeSwapV3
PancakeSwapV3,0x1c67a1cf31e75213b33d7ee467182a8a4280de22,SKYAI,WBNB,200,10000,0x92aa03137385f18539301349dcfc9ebc923ffb10,0xbb4cdb9cbd36b01bd1cbaebf2de08d9173bc095c,18,18,PancakeSwapV3
PancakeSwapV3,0x5e72f958ea4666d2cea39cb7336d74308f8fddd5,WBNB,MATA,1,100,0xbb4cdb9cbd36b01bd1cbaebf2de08d9173bc095c,0xde0fb2c9eb00f56a637d56420f796765f042f51b,18,18,PancakeSwapV3
UniswapV3CL,0xc3b423339da62f48f75a1ac9a528c0c4a2e5783d,OVL,USDT,200,10000,0x1f34c87ded863fe3a3cd76fac8ada9608137c8c3,0x55d398326f99059ff775485246999027b3197955,18,18,UniswapV3CL
PancakeSwapV3,0xc206af86fc6c38119351fe3e720e95a9554983b4,BTCB,vBTC,200,10000,0x7130d2a12b9bcbfae4f2634d864a1ee1ce3ead9c,0x882c173bc7ff3b7786ca16dfed3dfffb9ee7847b,18,8,PancakeSwapV3
PancakeSwapV3,0x38d82a79e8759a251a79920b40f29875d8ec6e44,GTA,WBNB,1,100,0x2c84a38dfbb54d3fad6f422441e1e2903595a373,0xbb4cdb9cbd36b01bd1cbaebf2de08d9173bc095c,18,18,PancakeSwapV3
PancakeSwapV3,0xdb2fd2dd342fc38f9beca7488f7a31fbf42442ac,WBNB,BT,10,500,0xbb4cdb9cbd36b01bd1cbaebf2de08d9173bc095c,0xd3035d4c3bff2f4ff500c433ad7bcbdaa48ce5c2,18,18,PancakeSwapV3
PancakeSwapV3,0x88e8777ef0748c802dc9800644ff48c2c6f58444,EXC,WBNB,1,100,0xa3ac8562be6b7ca33720659b3a1d9faea9f0b29b,0xbb4cdb9cbd36b01bd1cbaebf2de08d9173bc095c,18,18,PancakeSwapV3
PancakeSwapV3,0x4d76e748c7f02f2c1277d5d9358b1ce1610aaee0,USDT,AEP,10,500,0x55d398326f99059ff775485246999027b3197955,0x90a6ce8ff41b7797a2cfd36d5247295850c6ab83,18,18,PancakeSwapV3
UniswapV3CL,0x410a3f8927fefc26950a31a61bbd9de2576e438a,USDT,ZAMA,200,10000,0x55d398326f99059ff775485246999027b3197955,0x6907a5986c4950bdaf2f81828ec0737ce787519f,18,18,UniswapV3CL
PancakeSwapV3,0x3af8af8db4b8bd206097d7c1c09c91d7e5102d30,XLB,WBNB,1,100,0x2080933880e1764a094ac1704a533d988f7a6756,0xbb4cdb9cbd36b01bd1cbaebf2de08d9173bc095c,18,18,PancakeSwapV3
PancakeSwapV3,0xbdea7a7763f057f95bb050ff8baf0e08c1ec52c9,hulezhi,WBNB,200,10000,0x1d564843bd969814803c3a34a6f84437b9e48a25,0xbb4cdb9cbd36b01bd1cbaebf2de08d9173bc095c,18,18,PancakeSwapV3
PancakeSwapV3,0xb53d4a7415d7d77785c04016de4d34ca0067be01,GFS,WBNB,200,10000,0xb99c3fa16fc1603d7ff6b9ea258768575f3b5256,0xbb4cdb9cbd36b01bd1cbaebf2de08d9173bc095c,18,18,PancakeSwapV3
PancakeSwapV3,0xf8c4baa9336eb497beb2f291b01ab9e5132007aa,BLUP,WBNB,10,500,0x6dfa5cfb15a439f78b118a14780e7c07a14148af,0xbb4cdb9cbd36b01bd1cbaebf2de08d9173bc095c,18,18,PancakeSwapV3
UniswapV3CL,0x9f9e715da30c092d0c7a3c548c899e30def1cfb8,GSPN,ETH,200,10000,0x071faa03cedf867133c26e1c1a00d1ccc5d8c4b9,0x2170ed0880ac9a755fd29b2688956bd959f933f8,18,18,UniswapV3CL
PancakeSwapV3,0xca176c70c39d925caed3e9ef5d80d53b097c377f,WBNB,FOMO,200,10000,0xbb4cdb9cbd36b01bd1cbaebf2de08d9173bc095c,0xff7c77a6877d96aa8ab6274adf286690414988f7,18,18,PancakeSwapV3
PancakeSwapV3,0x99f83e77a22cbfd9e941bc442d3e0208f2a25244,GIGS,WBNB,1,100,0x0f34810810dd05d2bcaef091d54497ad40801ff2,0xbb4cdb9cbd36b01bd1cbaebf2de08d9173bc095c,18,18,PancakeSwapV3
PancakeSwapV3,0x5dfc8ba578009099feee5ec615a86005ec2a0ee5,USDX,USDC,1,100,0x7ab6dffbab3c45ece4d615fa7a65f68ee15f5d93,0x8ac76a51cc950d9822d68b83fe1ad97b32cd580d,18,18,PancakeSwapV3
PancakeSwapV3,0xbf16c26ef8c99f3008f14140ab971da60e6077ec,SOLR,WBNB,200,10000,0x9e614be4a57393bf9d18ae55f288c40a95b1c550,0xbb4cdb9cbd36b01bd1cbaebf2de08d9173bc095c,6,18,PancakeSwapV3
PancakeSwapV3,0x23a6ba653127aa017cb02b18fd648da562ad0069,WBNB,USDT,1,100,0xbb4cdb9cbd36b01bd1cbaebf2de08d9173bc095c,0xc01033da27d2cca68e5253ac3e99e6ce6f9a32f0,18,18,PancakeSwapV3
UniswapV3CL,0xdf981badb118d2f2dea12a1a584cccfbf595987a,USDT,DOT,200,10000,0x55d398326f99059ff775485246999027b3197955,0x7083609fce4d1d8dc0c979aab8c869ea2c873402,18,18,UniswapV3CL
PancakeSwapV3,0x289a8abc1e57855879f010e7066ba3a2174784f8,USDX,USDT,1,100,0x01e4a7ba918a1317218e562581c51bdff08b7ce7,0x55d398326f99059ff775485246999027b3197955,18,18,PancakeSwapV3
PancakeSwapV3,0x62961dcc2856c7082184a021e0f26ec30d5d30ff,LXSGG,WBNB,1,100,0x1f90570ca52300aa7fa745999950d6aaedb14f42,0xbb4cdb9cbd36b01bd1cbaebf2de08d9173bc095c,18,18,PancakeSwapV3
PancakeSwapV3,0xb514367aabfa7592e18a07375f860c594d4e8434,BIAO,WBNB,200,10000,0x5d6b11549927bc7905d2fca2cb6d96cbdb0bd725,0xbb4cdb9cbd36b01bd1cbaebf2de08d9173bc095c,18,18,PancakeSwapV3
PancakeSwapV3,0xd64b9170e18c5d27e3a3b44ebc1aae2d101e1f8d,WBNB,Springles,200,10000,0xbb4cdb9cbd36b01bd1cbaebf2de08d9173bc095c,0xf7219a6aa409ee2b19b92283d354fff97e438697,18,18,PancakeSwapV3
PancakeSwapV3,0xb360ba13b7e1fb2094c6f689014060c072aa9313,SPACEX,WBNB,1,100,0x099069302020c6905580589bc48be617eca989eb,0xbb4cdb9cbd36b01bd1cbaebf2de08d9173bc095c,18,18,PancakeSwapV3
PancakeSwapV3,0xcda0e1b608619908bebfba12398739a001a14699,APE,WBNB,1,100,0x84fb6e8324da75f614966241964d411f28836434,0xbb4cdb9cbd36b01bd1cbaebf2de08d9173bc095c,18,18,PancakeSwapV3
PancakeSwapV3,0x7c2ed8cd2f34b5d76b6baaad73e3413b6e7e2dd1,GROK,WBNB,200,10000,0x7bced2b93b2c816f9c7e18dc086b4a4f5ae86503,0xbb4cdb9cbd36b01bd1cbaebf2de08d9173bc095c,18,18,PancakeSwapV3
PancakeSwapV3,0xa601258fa027c454244f53362de61ff3580c23df,WBNB,BOBA,10,500,0xbb4cdb9cbd36b01bd1cbaebf2de08d9173bc095c,0xe0db679377a0f5ae2bae485de475c9e1d8a4607d,18,18,PancakeSwapV3
PancakeSwapV3,0x909fd79b328534a8160d8af5916d4c8a63f229e9,BWC,USDT,200,10000,0x23689d802adae1a572566357dbb9a7b2a0051692,0x55d398326f99059ff775485246999027b3197955,18,18,PancakeSwapV3
PancakeSwapV3,0x8621d2e527d9101aeaca48eff123c52fc621e27f,DIN,WBNB,200,10000,0x620cc92f0caf83cd51c5c662c27bec661a93a60c,0xbb4cdb9cbd36b01bd1cbaebf2de08d9173bc095c,18,18,PancakeSwapV3
PancakeSwapV3,0xf13732e17c263b150adc4e419ca574b46bf6889f,SFCP,WBNB,200,10000,0x5ce8e55e256e4bd58cea94963d4cb280de6b8bb2,0xbb4cdb9cbd36b01bd1cbaebf2de08d9173bc095c,18,18,PancakeSwapV3
PancakeSwapV3,0xfe8d6645bc35fa02279b8e60a319b4434d5bedd9,NUGGETS,WBNB,1,100,0x854051c09c8a558b279bb8bdb57802261d1ec209,0xbb4cdb9cbd36b01bd1cbaebf2de08d9173bc095c,18,18,PancakeSwapV3
PancakeSwapV3,0xfb8c673121e7fa0a190f46dea6705d4d144c03b1,Trump,WBNB,200,10000,0xa081b0dbf90962a35fab842526f2c4695476df2f,0xbb4cdb9cbd36b01bd1cbaebf2de08d9173bc095c,18,18,PancakeSwapV3
PancakeSwapV3,0xb470f34ddcbba0b26a683c55bd04d6915e2ffaa9,USDT,wDASH,1,100,0x55d398326f99059ff775485246999027b3197955,0xcbfb0d98151d03ef8bb71fa668f57df5e3fb4673,18,8,PancakeSwapV3
PancakeSwapV3,0x244136210444e3d44c07234155eb52a57eb1cebe,WBNB,ask,1,100,0xbb4cdb9cbd36b01bd1cbaebf2de08d9173bc095c,0xe7d2e8cdf539d9d3ed87caad2cec47a7a824387d,18,18,PancakeSwapV3
PancakeSwapV3,0xe54e374d9f17a96a47c93a6d01dd0d9c149dd58c,MDIN,WBNB,1,100,0x6b844dcdafbc59afd77c4f0f1a5b2b6963c5f327,0xbb4cdb9cbd36b01bd1cbaebf2de08d9173bc095c,18,18,PancakeSwapV3
PancakeSwapV3,0x5cc254976162f55de95d9b6eaedc94f173d19003,BMINU,WBNB,200,10000,0x3f63cd8c3efae35df54a17d7b777ac5166c5f17b,0xbb4cdb9cbd36b01bd1cbaebf2de08d9173bc095c,18,18,PancakeSwapV3
PancakeSwapV3,0xfba7ba3d7faac45b46a93c70ac40c5a1c4f3adb3,MBGA,WBNB,200,10000,0x94ca0bd1bd3901575426adf44ba8ba9bd5a7c614,0xbb4cdb9cbd36b01bd1cbaebf2de08d9173bc095c,18,18,PancakeSwapV3
UniswapV3CL,0x9950c1f3754fb8a3ebbaf24b8573cafc7474c00f,USDT,BULLA,60,3000,0x55d398326f99059ff775485246999027b3197955,0x595e21b20e78674f8a64c1566a20b2b316bc3511,18,18,UniswapV3CL
UniswapV3CL,0x49f57f0b6b68360e24263d8b74a399f3c381ac1a,SKAM,USDT,60,3000,0x336df44f4704dba579ec729881c4fc92942dbb5c,0x55d398326f99059ff775485246999027b3197955,18,18,UniswapV3CL
PancakeSwapV3,0x5d617ea764bc1e6ebb77731c548cef1f1641d8d6,CHBR,BUSD,1,100,0x58ea321f73fd815c44f05fe9e449c6d3025a8839,0xe9e7cea3dedca5984780bafc599bd69add087d56,18,18,PancakeSwapV3
PancakeSwapV3,0xd37256b2b4766adbcb57281f163e2dffc5751c6e,ANT,USDT,200,10000,0x05d730f0bbffeca02e11463a35736bb20d370b64,0x55d398326f99059ff775485246999027b3197955,8,18,PancakeSwapV3
PancakeSwapV3,0x773909128ae87d747831dd0b1ac914b561a99d58,GTL,WBNB,1,100,0x9e8c6bef6bc45db6652fb394a345edd10a7ec8f1,0xbb4cdb9cbd36b01bd1cbaebf2de08d9173bc095c,18,18,PancakeSwapV3
PancakeSwapV3,0x1b2eb11fcbc0047851ea1eccff7a225959778235,SCORP,WBNB,200,10000,0xa910a46e2f2002fa9b5aa85f35b9440f6dac4b10,0xbb4cdb9cbd36b01bd1cbaebf2de08d9173bc095c,18,18,PancakeSwapV3
PancakeSwapV3,0x04e20256471235c11bb9c023dc7702d2997a939c,WBNB,XXY,50,2500,0xbb4cdb9cbd36b01bd1cbaebf2de08d9173bc095c,0xd431fb9ad3f46b521ceea52f4599e8b87d914cec,18,18,PancakeSwapV3
PancakeSwapV3,0xb3867f025f8bc5a83d9e3829573754815bc6cebd,SEO,WBNB,10,500,0xbb2a874e5b17be4c0c0304618ad1e9b35cbd8056,0xbb4cdb9cbd36b01bd1cbaebf2de08d9173bc095c,18,18,PancakeSwapV3
PancakeSwapV3,0x225b633404a1d6fcd240eca23f9e6d83dd26ee21,GEMS,WBNB,1,100,0x676055b69a8167ff5e9d84640ed1ab6b4ca43e7c,0xbb4cdb9cbd36b01bd1cbaebf2de08d9173bc095c,18,18,PancakeSwapV3
PancakeSwapV3,0x75445164b8969f0c1156020cf3f7007e4845517d,BabyTST,WBNB,200,10000,0x400eccd8a25ad7dcaf3be7c51fd99f2eaab21567,0xbb4cdb9cbd36b01bd1cbaebf2de08d9173bc095c,18,18,PancakeSwapV3
PancakeSwapV3,0xfddea92bca26f439f02fd9d37de3f88c6671aa58,ETH,LOVE,1,100,0x2170ed0880ac9a755fd29b2688956bd959f933f8,0xace3d31ebac0c3ddfc1d2aa5c5ecc8c67509d15c,18,18,PancakeSwapV3
UniswapV3CL,0x104117126438e5d9ede2dfca0bf31bad80de5097,TUK,WBNB,1,100,0x838d5d311d0bda22d7fa2f687a63514966d68c3f,0xbb4cdb9cbd36b01bd1cbaebf2de08d9173bc095c,18,18,UniswapV3CL
PancakeSwapV3,0xcc64c6ee125a80b1792c6d8737b16738aed12942,USDT,?,1,100,0x55d398326f99059ff775485246999027b3197955,0x9343cd6ab4e2e69517b1e1a23c95b78b96371408,18,18,PancakeSwapV3
PancakeSwapV3,0x3defc53ac44dd2fa1c1799733a6613776cec2865,MIYAKO,WBNB,200,10000,0xb060209be540a3202cbc177a1d73ec1eaf21ca4f,0xbb4cdb9cbd36b01bd1cbaebf2de08d9173bc095c,18,18,PancakeSwapV3
UniswapV3CL,0x44d23658a5d5ce0e7e12007b67748f07c4fad4f9,CCDAO,WBNB,60,3000,0x200f73aba0d6f8919086f64035ef900669ea2de2,0xbb4cdb9cbd36b01bd1cbaebf2de08d9173bc095c,18,18,UniswapV3CL
PancakeSwapV3,0x6ea9789f71f9571b6ad1be41b97824f6883ce0f6,K,USDT,1,100,0x0a73d885cdd66adf69c6d64c0609e55c527db2be,0x55d398326f99059ff775485246999027b3197955,18,18,PancakeSwapV3
PancakeSwapV3,0x9098849bdef8e1e2d9d3bfbfccd7dfc8016260af,YHSC,WBNB,1,100,0x9d74a2d0d2f1ca6b84d5345a19c74683cd826462,0xbb4cdb9cbd36b01bd1cbaebf2de08d9173bc095c,18,18,PancakeSwapV3
PancakeSwapV3,0x275cacad30139fb23e59fde8e03914831035b6d6,PNT,WBNB,1,100,0x1dfb9818e2d152f2073fd1accce30bf42c1541b8,0xbb4cdb9cbd36b01bd1cbaebf2de08d9173bc095c,18,18,PancakeSwapV3
UniswapV3CL,0x81965714e2a1ec25fb8bcb3de60a11fe6bca929a,USDT,KGEN,60,3000,0x55d398326f99059ff775485246999027b3197955,0xf3d5b4c34ed623478cc5141861776e6cf7ae3a1e,18,8,UniswapV3CL
PancakeSwapV3,0x07fed7f326ab26377d5a4bf4af2d0e9402ec2639,USDT,EGL1,1,100,0x55d398326f99059ff775485246999027b3197955,0xf4b385849f2e817e92bffbfb9aeb48f950ff4444,18,18,PancakeSwapV3
PancakeSwapV3,0x6e979fc63a1748b42b4f15353e7726b5fb9d599d,$SEER,WBNB,1,100,0x10cfeb859524a4f2bc10e9be0cc1b461bd1c390a,0xbb4cdb9cbd36b01bd1cbaebf2de08d9173bc095c,18,18,PancakeSwapV3
UniswapV3CL,0xbf9f1226783ad75adfde4f8463e9eec410ae6c3c,RTX,USDT,60,3000,0x4829a1d1fb6ded1f81d26868ab8976648baf9893,0x55d398326f99059ff775485246999027b3197955,18,18,UniswapV3CL
PancakeSwapV3,0x9c56d383159ec6ddc59ffa4d1ac56aed05a01de2,WBNB,MATIC,50,2500,0xbb4cdb9cbd36b01bd1cbaebf2de08d9173bc095c,0xcc42724c6683b7e57334c4e856f4c9965ed682bd,18,18,PancakeSwapV3
PancakeSwapV3,0x7806d2365af3fb1871ec7ac94af0755dc2539ea4,USDT,PIRATE,10,500,0x55d398326f99059ff775485246999027b3197955,0xafcc12e4040615e7afe9fb4330eb3d9120acac05,18,8,PancakeSwapV3
PancakeSwapV3,0xe06ebaa42803638d1ff2dfc04e1c5f2fd93e0f21,USDT,USDT,10,500,0x55d398326f99059ff775485246999027b3197955,0x5eeca9cfd470894dabc6cb9e657a3024493a19de,18,18,PancakeSwapV3
UniswapV3CL,0xa43c65a450431a2ab762bd090fa8565a9b8b552a,USDT,USDT,10,500,0x55d398326f99059ff775485246999027b3197955,0x5eeca9cfd470894dabc6cb9e657a3024493a19de,18,18,UniswapV3CL
PancakeSwapV3,0x23f8618f1e453d30ac836179d24d3bb6e6cd50a2,BAI,WBNB,200,10000,0xb38ee7378095b8b820c15d773d4c6347ece3985c,0xbb4cdb9cbd36b01bd1cbaebf2de08d9173bc095c,18,18,PancakeSwapV3
PancakeSwapV3,0x20f2232e11d2da7536bdda07885b1505bfaf4aeb,USDT,USDT,1,100,0x55d398326f99059ff775485246999027b3197955,0xb5d0e52534c4402e157b4b1e9eeab1688e87e114,18,18,PancakeSwapV3
PancakeSwapV3,0xb3a40f6fda08a531e722e32ac01b2b34eb6f368f,Broccoli,WBNB,200,10000,0x55a5d7d75c8a8067e6e8c8d06c4dac708f7a7235,0xbb4cdb9cbd36b01bd1cbaebf2de08d9173bc095c,18,18,PancakeSwapV3
PancakeSwapV3,0x33dcd5381c0fd234867d5d7a49a19c009f82af4e,ATOM,WBNB,50,2500,0x0eb3a705fc54725037cc9e008bdede697f62f335,0xbb4cdb9cbd36b01bd1cbaebf2de08d9173bc095c,18,18,PancakeSwapV3
PancakeSwapV3,0xa0b149bf04ddd1042619cf911a18210509ddd871,DESU,WBNB,10,500,0x32f1518baace69e85b9e5ff844ebd617c52573ac,0xbb4cdb9cbd36b01bd1cbaebf2de08d9173bc095c,18,18,PancakeSwapV3
PancakeSwapV3,0xf41cfa6fa3643afb19138dbcbd718dd112c15c81,BLC,WBNB,1,100,0x24ac2b0c8cb1172e5855a67969a740993b6dfe0b,0xbb4cdb9cbd36b01bd1cbaebf2de08d9173bc095c,18,18,PancakeSwapV3
PancakeSwapV3,0x86230eaf3bf423948c385d146d3f7e21dc1d9231,Enheng,WBNB,200,10000,0x4418f71f8ec996b69a882f7f46cd8abd3fa54215,0xbb4cdb9cbd36b01bd1cbaebf2de08d9173bc095c,18,18,PancakeSwapV3
PancakeSwapV3,0xfa4ac363c455ff9cc3348616a26f1eae258ac665,CARIB,WBNB,50,2500,0x9f8b8fe01b26957cf3dcd6fbd3675053ba2c02c8,0xbb4cdb9cbd36b01bd1cbaebf2de08d9173bc095c,8,18,PancakeSwapV3
PancakeSwapV3,0xe675e641734db6db248129a1094cd5a6c70d0e8a,COFFEE,WBNB,1,100,0xac3044ecdd34b06a7e391a6ec5bd1e60b7bf4b0c,0xbb4cdb9cbd36b01bd1cbaebf2de08d9173bc095c,18,18,PancakeSwapV3
PancakeSwapV3,0xf672147ab04efd569a37ec8d654327d9cf656263,RF,WBNB,1,100,0x58b6541e0a0d7f68c8b853a81c818271fa389a60,0xbb4cdb9cbd36b01bd1cbaebf2de08d9173bc095c,18,18,PancakeSwapV3
PancakeSwapV3,0x6ddecb7ac2e49e73e28798fbf1f7bf2821b419ad,TCLUB,USDC,200,10000,0x14b0089bc450064cfa7971baa1b8701c46379fee,0x8ac76a51cc950d9822d68b83fe1ad97b32cd580d,18,18,PancakeSwapV3
PancakeSwapV3,0x97d034836797f2d003f396b9f79b384eb2a8c13e,USDT,VENT,50,2500,0x55d398326f99059ff775485246999027b3197955,0x872d068c25511be88c1f5990c53eeffcdf46c9b4,18,18,PancakeSwapV3
PancakeSwapV3,0x43c725bf0cde6438d4a1d191fc3008d4b5b427eb,Hurricane,WBNB,200,10000,0xa501cb70cb2becffeb5ac491f91e2f7916e5a3fc,0xbb4cdb9cbd36b01bd1cbaebf2de08d9173bc095c,18,18,PancakeSwapV3
PancakeSwapV3,0xfb6aece432b4071b8852b763ba18c9fa3db50ee8,USDT,Froggie ,1,100,0x55d398326f99059ff775485246999027b3197955,0xa45f5eb48cecd034751651aeeda6271bd5df8888,18,18,PancakeSwapV3
UniswapV3CL,0xcc760df583ec6dd2e84dd68fa50c93c5663ed75d,USDT,REAL,60,3000,0x55d398326f99059ff775485246999027b3197955,0x65e7a112db1142eae919201b1232f7aa488ed83c,18,6,UniswapV3CL
PancakeSwapV3,0x43b448e17b3f072e7ec2a3d4f3dd7aa202f0c048,BSCD,WBNB,200,10000,0xaef08a2b3aef9052cdaf1bcb11787a17c25c4956,0xbb4cdb9cbd36b01bd1cbaebf2de08d9173bc095c,18,18,PancakeSwapV3
PancakeSwapV3,0x92f1324bad012ddfc239d0d01d6421a2e052866b,ATA,WBNB,50,2500,0x28c01abb96badce8a0f79ec3c017c925579e1b77,0xbb4cdb9cbd36b01bd1cbaebf2de08d9173bc095c,18,18,PancakeSwapV3
PancakeSwapV3,0x440166f244b81d9df5378400504743f5a217033f,EidMubarak,WBNB,50,2500,0x342f7334e4c1732ea753a597722e9c3d04bdcce7,0xbb4cdb9cbd36b01bd1cbaebf2de08d9173bc095c,18,18,PancakeSwapV3
PancakeSwapV3,0x63d85c8580d9d5e676f7efd4d95a6a55326f174f,MWG,WBNB,50,2500,0x9c04995284e6015ff45068dc78f6dd8263581df9,0xbb4cdb9cbd36b01bd1cbaebf2de08d9173bc095c,18,18,PancakeSwapV3
PancakeSwapV3,0x2c3a3c130b88c7600785fcaffc09947e93561a4a,XOR,USDT,1,100,0x0a400f719b4ba637d5632649cb73684171348054,0x55d398326f99059ff775485246999027b3197955,18,18,PancakeSwapV3
PancakeSwapV3,0xeea678aac3276d64d8c47a4d29d13fb0261cfdf7,GoDump,WBNB,50,2500,0xb487113c3da8663132f4519f094953fb8eebf739,0xbb4cdb9cbd36b01bd1cbaebf2de08d9173bc095c,18,18,PancakeSwapV3
PancakeSwapV3,0xbf2e4dadcee84bb0992abd4aea51ab9051949314,BUP,WBNB,1,100,0x369dc90dcd3699b01dfc846e5a973adb71c53f18,0xbb4cdb9cbd36b01bd1cbaebf2de08d9173bc095c,18,18,PancakeSwapV3
PancakeSwapV3,0xe4343e00fcbd9df3ddbb3cfa609cfb4b40c7f3b5,USDT,ETX,10,500,0x55d398326f99059ff775485246999027b3197955,0xb664cae05d6443fafe88449545e568e72be1c1f7,18,18,PancakeSwapV3
PancakeSwapV3,0x95ffb3a4b6764fb4549464c2677daed3c0e78b4e,USDT,PZP,50,2500,0x55d398326f99059ff775485246999027b3197955,0xdce40c14d5956f8b8ba912402ba73b4d4d599612,18,18,PancakeSwapV3
UniswapV3CL,0x9ccc09b461da20c53e9cdc1afbb2d073334dafa9,KIT,WBNB,200,10000,0x314593fa9a2fa16432913dbccc96104541d32d11,0xbb4cdb9cbd36b01bd1cbaebf2de08d9173bc095c,18,18,UniswapV3CL
PancakeSwapV3,0x8a38eb545a7dec0a3d53d548492fbfa0ca7ac32e,NER,WBNB,1,100,0x050952d50b1a3c6533e602fb19206e56bb7ff893,0xbb4cdb9cbd36b01bd1cbaebf2de08d9173bc095c,18,18,PancakeSwapV3
PancakeSwapV3,0x9b865f8c910a75be0ce6bb6d2ea59f64dfe1ab30,WBNB,JETAI,200,10000,0xbb4cdb9cbd36b01bd1cbaebf2de08d9173bc095c,0xe1ad4db1305f191506ba3f8ca1d74219380e8b04,18,18,PancakeSwapV3
PancakeSwapV3,0xb73ffb1af36e11458d4e28ae52a5f348e1b87dd4,BELL,WBNB,1,100,0xa95b470315b214a8a8dccc07bb6dd02572ceaeaf,0xbb4cdb9cbd36b01bd1cbaebf2de08d9173bc095c,8,18,PancakeSwapV3
PancakeSwapV3,0x4e5ec0060115e2cf5cb6b653ce8b59878a23c36b,WBNB,DShell,50,2500,0xbb4cdb9cbd36b01bd1cbaebf2de08d9173bc095c,0xeb28314c894e8bbed76b4ee8dd872b387a0d67fa,18,18,PancakeSwapV3
PancakeSwapV3,0x6c3dcf10600c951d5aa343503ae7159ca5b3902f,USDT,MC,200,10000,0x55d398326f99059ff775485246999027b3197955,0x59c49b54d4425c7ff1e49f40958a14d48cc87c26,18,18,PancakeSwapV3
PancakeSwapV3,0xb24cd29e32facddf9e73831d5cd1ffcd1e535423,GTAI,USDT,50,2500,0x003d87d02a2a01e9e8a20f507c83e15dd83a33d1,0x55d398326f99059ff775485246999027b3197955,18,18,PancakeSwapV3
PancakeSwapV3,0xf9ad0dc18eff0a043b3a3bf32a16a8e10d07b785,WBNB,DOG,200,10000,0xbb4cdb9cbd36b01bd1cbaebf2de08d9173bc095c,0xf68f16e1fae7bb248ad66c258e481eb4a9df0297,18,18,PancakeSwapV3
PancakeSwapV3,0x5d64fb9c09f58a6ae11fdeb467a96792204fc774,BUFFALOINU,WBNB,1,100,0x588aa25c581f9587847afec0ae831f45f52f864a,0xbb4cdb9cbd36b01bd1cbaebf2de08d9173bc095c,18,18,PancakeSwapV3
PancakeSwapV3,0xd0724541309f2c55defe3129a2720096ff923d96,WBNB,NTH,1,100,0xbb4cdb9cbd36b01bd1cbaebf2de08d9173bc095c,0xed990e55e6f735b919992fbeb6ae6efe2e6f3afd,18,18,PancakeSwapV3
PancakeSwapV3,0xc8fa25a029905f1dfa75c971a9e5a59cc808f99e,3B,WBNB,1,100,0x198938b54af27a020267b467ce61cd5e18e76d2d,0xbb4cdb9cbd36b01bd1cbaebf2de08d9173bc095c,18,18,PancakeSwapV3
PancakeSwapV3,0xfc19d87d9d527232990ebbcfa58d19df075d45e9,WBNB,BNBCAI,200,10000,0xbb4cdb9cbd36b01bd1cbaebf2de08d9173bc095c,0xf5a66f2be89e0e545ea917c2a8b25465cd7ce190,18,18,PancakeSwapV3
PancakeSwapV3,0xdcb59e273b49e89380bb27d79c30e1d273ca0763,USDC,USDT,1,100,0x238055fdb23d8f764c25597e3cf2c7733cdedf06,0x55d398326f99059ff775485246999027b3197955,18,18,PancakeSwapV3
PancakeSwapV3,0x5bbf5ce11531c16929fac62e0391caae1cce4674,CTD,WBNB,50,2500,0x7f890a4a575558307826c82e4cb6e671f3178bfc,0xbb4cdb9cbd36b01bd1cbaebf2de08d9173bc095c,18,18,PancakeSwapV3
PancakeSwapV3,0xe26feb81ef54821f240db4b8e4673263ae113aae,SVT,WBNB,1,100,0x9a546216c10e87654615a8b938efd00ae8bbedf5,0xbb4cdb9cbd36b01bd1cbaebf2de08d9173bc095c,18,18,PancakeSwapV3
PancakeSwapV3,0xf2e1eb5b1a421897a1cedb62a297808bc6c960d4,ETH,LINK,200,10000,0x2170ed0880ac9a755fd29b2688956bd959f933f8,0xf8a0bf9cf54bb92f17374d9e9a321e6a111a51bd,18,18,PancakeSwapV3
PancakeSwapV3,0x648d50e830a8076c056a22332592975b0b350aca,JetAIcat,WBNB,200,10000,0x37fd5fc1916960f0786b825794b80317e6714edb,0xbb4cdb9cbd36b01bd1cbaebf2de08d9173bc095c,18,18,PancakeSwapV3
PancakeSwapV3,0x18ebccdf88119f577833bc739b741088e7bd2a03,AI,WBNB,200,10000,0xb4a1e76a2e60eecafeb10244828e1b0f2e84e393,0xbb4cdb9cbd36b01bd1cbaebf2de08d9173bc095c,18,18,PancakeSwapV3
PancakeSwapV3,0x6cfdad8bdadef83e5463b2c27e18ef91f269ef11,JAC,WBNB,200,10000,0x5f8c0c63b5e75a745265c4fe42f97e1db4cdfea0,0xbb4cdb9cbd36b01bd1cbaebf2de08d9173bc095c,18,18,PancakeSwapV3
PancakeSwapV3,0x2865297c0a6395f5f64028b24c53895abba59a3b,BAB,WBNB,200,10000,0x2ae93a727546b872d1ab91b3ef02b2f8fbec2b7f,0xbb4cdb9cbd36b01bd1cbaebf2de08d9173bc095c,18,18,PancakeSwapV3
PancakeSwapV3,0x1a19638cf284e2fc4b873f661ad51a658bf4631a,BNBp,WBNB,200,10000,0x0822cd2a24c42b38f010a06d4025a8a1f2004283,0xbb4cdb9cbd36b01bd1cbaebf2de08d9173bc095c,18,18,PancakeSwapV3
PancakeSwapV3,0x45739d695ace6a5648f69fbb1aceaad706301b17,GG,WBNB,200,10000,0x0c7ecdb459111cd806e54adc9da1f4a03b43b64a,0xbb4cdb9cbd36b01bd1cbaebf2de08d9173bc095c,18,18,PancakeSwapV3
PancakeSwapV3,0x1b43944632813a436ef1fd3ca2159c51b7525cc6,prob,WBNB,200,10000,0x63e5746547989579a2df9483cc755e102a0ec2a9,0xbb4cdb9cbd36b01bd1cbaebf2de08d9173bc095c,18,18,PancakeSwapV3
PancakeSwapV3,0xec6dd94089fca1bafb0611e5a2aff095207fbff5,WBNB,YEE,200,10000,0xbb4cdb9cbd36b01bd1cbaebf2de08d9173bc095c,0xbe099f664a700ad27b71853ec495a969e0d2c7b2,18,18,PancakeSwapV3
PancakeSwapV3,0xd3fdb1da09655233b7b42cfc9a30a3aa7ee71f27,RANDOM9,WBNB,200,10000,0xb4c0e91491cd933e1a117e7a43aa53d877de134b,0xbb4cdb9cbd36b01bd1cbaebf2de08d9173bc095c,18,18,PancakeSwapV3
PancakeSwapV3,0x6f443c87c4e4cbb09ee83a9957ef84f819fcb314,WBNB,BA,200,10000,0xbb4cdb9cbd36b01bd1cbaebf2de08d9173bc095c,0xd3fcc8688fa33b55e893698772a231bc29ff81ac,18,18,PancakeSwapV3
PancakeSwapV3,0x1719dc16df79acb332fafb68c24f948b593dc72a,BeLessDumb,WBNB,200,10000,0x8193aaa6365565662537b345e8eb57c719065eb4,0xbb4cdb9cbd36b01bd1cbaebf2de08d9173bc095c,18,18,PancakeSwapV3
PancakeSwapV3,0xb9ec5c9deeddb693b839a1eb92f5429265893190,CLIZABNB,WBNB,200,10000,0x4e4b74ec8760b394b77b7da98f746f94614741b7,0xbb4cdb9cbd36b01bd1cbaebf2de08d9173bc095c,18,18,PancakeSwapV3
PancakeSwapV3,0x2393d8ccd89e01f89e9a8964458cd5e4cfc1de23,WIN,WBNB,10,500,0xb10cb07ca2cdac77fbb5707f6690301f9d036f45,0xbb4cdb9cbd36b01bd1cbaebf2de08d9173bc095c,8,18,PancakeSwapV3
PancakeSwapV3,0x1f2c4983a689703667873295584a06f8c20c9249,BNB,WBNB,200,10000,0x92a0887c7fafb6ec765836e547a8a81e4dac41d5,0xbb4cdb9cbd36b01bd1cbaebf2de08d9173bc095c,18,18,PancakeSwapV3
PancakeSwapV3,0x3a72bef775c472566ff28916cf0d88eec15d620d,PSA,WBNB,200,10000,0x1c5c6aad235865e75da023fd1d292043ecb1f906,0xbb4cdb9cbd36b01bd1cbaebf2de08d9173bc095c,18,18,PancakeSwapV3
PancakeSwapV3,0xbe21513111fc32f2e00f6d93a81a699a8a693b52,NAILSHORT,WBNB,200,10000,0x5f7dbad044129b79feac0d4fb5bac1074a78a150,0xbb4cdb9cbd36b01bd1cbaebf2de08d9173bc095c,18,18,PancakeSwapV3
PancakeSwapV3,0x8a56269739ea83522269b8a192961dd004e2d246,WBNB,LBNBC,200,10000,0xbb4cdb9cbd36b01bd1cbaebf2de08d9173bc095c,0xf7565a38f9e5989e7c15d3250a7ef2e3b8e0882d,18,18,PancakeSwapV3
PancakeSwapV3,0xc66006bf231c5b0ebb2369592d5251202645c6c2,BOS,WBNB,200,10000,0xb1a9890360cf4b506e682fac5bb82eaab54adf19,0xbb4cdb9cbd36b01bd1cbaebf2de08d9173bc095c,18,18,PancakeSwapV3
PancakeSwapV3,0xe6a025c9c5cc5ff63b693563036b8fcb983cdd2b,CZ,WBNB,200,10000,0x7f869815b0335d8ac4e60add2f66740749fb3022,0xbb4cdb9cbd36b01bd1cbaebf2de08d9173bc095c,18,18,PancakeSwapV3
PancakeSwapV3,0x79f7b03100333149b7851188dbea83fb1357477e,WBNB,BNBAIHACK,200,10000,0xbb4cdb9cbd36b01bd1cbaebf2de08d9173bc095c,0xca74eec28e4fe7d69501bf420156167dbeeff08a,18,18,PancakeSwapV3
PancakeSwapV3,0xcc7dcfe618452f6d0b48bc928738f878d10c982f,JETA,WBNB,200,10000,0x4d1236cc336c6b259e2e25e9e35b18ea2b477118,0xbb4cdb9cbd36b01bd1cbaebf2de08d9173bc095c,18,18,PancakeSwapV3
PancakeSwapV3,0x164dbe428b386c74308290bc60b9717768bf581b,MUSIC,WBNB,200,10000,0xac99dc7957166cbd20195d884ba3dbcdcfb3c49a,0xbb4cdb9cbd36b01bd1cbaebf2de08d9173bc095c,18,18,PancakeSwapV3
PancakeSwapV3,0xc33a8ae8cc5ee6496fb16a0062be97b18b0fa68e,elonmusk,WBNB,200,10000,0x152d983c16355e3ad17ba0bc4d197e228bbc6829,0xbb4cdb9cbd36b01bd1cbaebf2de08d9173bc095c,18,18,PancakeSwapV3
PancakeSwapV3,0x062d0e8e605a31ecfd98c8c7eee76818ab0c9ec7,BOL,WBNB,200,10000,0x6959bd061fa40f7424d2fa509e0406bf4b7487af,0xbb4cdb9cbd36b01bd1cbaebf2de08d9173bc095c,18,18,PancakeSwapV3
PancakeSwapV3,0x4f5f61413158b5623a145efd89f1407a22739a66,GROKBNB,WBNB,200,10000,0x949b35b0759a269d3a892468f5049632e706341e,0xbb4cdb9cbd36b01bd1cbaebf2de08d9173bc095c,18,18,PancakeSwapV3
PancakeSwapV3,0x430ce773eece865ee250cda03ebade63d4e0a05b,WBNB,test,200,10000,0xbb4cdb9cbd36b01bd1cbaebf2de08d9173bc095c,0xcaedf4f11f7cd5167b33c5a7fc0921ea690d4718,18,18,PancakeSwapV3
PancakeSwapV3,0x69d8cd0bdd27ed35e871a375851b0a50701302d4,Fatalismftw,WBNB,200,10000,0xaa7645402cea0ad80e6833099195caeba595a4d5,0xbb4cdb9cbd36b01bd1cbaebf2de08d9173bc095c,18,18,PancakeSwapV3
PancakeSwapV3,0xdee43d184a2f0f3f3262521abd704ba09a0e585f,GM,WBNB,200,10000,0xa3cc6fe47efd3b2e908e674c005c8d3caa1fd94e,0xbb4cdb9cbd36b01bd1cbaebf2de08d9173bc095c,18,18,PancakeSwapV3
PancakeSwapV3,0x82fbfb84300d6886750765d06994052927747326,WBNB,JetAIFun,200,10000,0xbb4cdb9cbd36b01bd1cbaebf2de08d9173bc095c,0xc99900214e28de248e63661dc0e2cecd9d7dc26f,18,18,PancakeSwapV3
PancakeSwapV3,0x028700d615ad5942b6a1d1ea67c6eed52d2d8662,WBNB,bs,200,10000,0xbb4cdb9cbd36b01bd1cbaebf2de08d9173bc095c,0xde47a56552ca02784d7fcb2c1503c4c25127120f,18,18,PancakeSwapV3
PancakeSwapV3,0x2596d0d249cbb582869d20c79ce1060c216d5459,test,WBNB,200,10000,0x5e9fc60fb94074d403651c559087a5a8f1d33f3c,0xbb4cdb9cbd36b01bd1cbaebf2de08d9173bc095c,18,18,PancakeSwapV3
PancakeSwapV3,0x89917922b2488de1d1ab1c09065906184cbea53c,WBNB,BROCCOLIV2,200,10000,0xbb4cdb9cbd36b01bd1cbaebf2de08d9173bc095c,0xc0761d3384192f428fa88ca1b32e61f764f388d8,18,18,PancakeSwapV3
PancakeSwapV3,0xfae47ad22657be9f8ace151f45fa639158e1d3b2,test,WBNB,200,10000,0x5f824b3a27835a584315db00e0fc38413d868bc4,0xbb4cdb9cbd36b01bd1cbaebf2de08d9173bc095c,18,18,PancakeSwapV3
UniswapV3CL,0x2ffa87154569940493d55aeb63915496f76b34fe,test,WBNB,200,10000,0x03fe6b3013a41afe3d19a2426f4cdba95bea546d,0xbb4cdb9cbd36b01bd1cbaebf2de08d9173bc095c,18,18,UniswapV3CL
UniswapV3CL,0xbdc8222a404d2811f5545a5e54cbe9f19c73adff,Test,WBNB,200,10000,0x3c3e91ebe3c4b3dd1ad945eae9b4245e4be58c58,0xbb4cdb9cbd36b01bd1cbaebf2de08d9173bc095c,18,18,UniswapV3CL
PancakeSwapV3,0xf797ee5ab144ae9b068b7902a541ea92cc5d81ba,NOS,USDT,50,2500,0x3cb283e5cbcb383b22ced8fd9ab5831fa5724573,0x55d398326f99059ff775485246999027b3197955,18,18,PancakeSwapV3
PancakeSwapV3,0xa3933b2b983ee72272e329700fd1c45031f79741,DYOR,WBNB,200,10000,0x3b8d0322f03cb6d28c557511dd97a7f82a05f8f1,0xbb4cdb9cbd36b01bd1cbaebf2de08d9173bc095c,18,18,PancakeSwapV3
UniswapV3CL,0x57889572964a848b6870422455f4d17ce734d808,BAS,USDT,60,3000,0x0f0df6cb17ee5e883eddfef9153fc6036bdb4e37,0x55d398326f99059ff775485246999027b3197955,18,18,UniswapV3CL
UniswapV3CL,0x3a97f913c1b534612374d3bcb7b71c7735e43d3f,USDT,?,200,10000,0x55d398326f99059ff775485246999027b3197955,0x82ec31d69b3c289e541b50e30681fd1acad24444,18,18,UniswapV3CL
UniswapV3CL,0x05af9d1aca046c8aaddccd8850280f48b375a133,USDT,EVAA,200,10000,0x55d398326f99059ff775485246999027b3197955,0xaa036928c9c0df07d525b55ea8ee690bb5a628c1,18,18,UniswapV3CL
PancakeSwapV3,0x0f009514b34108da9ca55c8b51ad7dbca61561ef,DEF,WBNB,1,100,0x1469564e62665a0d0f5646cf43d9b0c967718a05,0xbb4cdb9cbd36b01bd1cbaebf2de08d9173bc095c,6,18,PancakeSwapV3
PancakeSwapV3,0x7e53c1a2b3509624194ed25b9a64148d6572a7b1,UGL,WBNB,1,100,0x9faf9fb084e6118dd553243d874adfa50bf61606,0xbb4cdb9cbd36b01bd1cbaebf2de08d9173bc095c,18,18,PancakeSwapV3
PancakeSwapV3,0xf6fc71da56bd090389af51175b3eee67dd77cd44,WBNB,ME,1,100,0xbb4cdb9cbd36b01bd1cbaebf2de08d9173bc095c,0xdc7f5d97e6a82c435b3cf3e573c807aa410de68d,18,18,PancakeSwapV3
PancakeSwapV3,0xc9a1b36672ed4c1a941a574b7312edaf53c9f267,KAT,WBNB,1,100,0xae613efd86891ea7dfeb2f6d4fa5688cfded3e9a,0xbb4cdb9cbd36b01bd1cbaebf2de08d9173bc095c,18,18,PancakeSwapV3
PancakeSwapV3,0x3ccb31b1bbcc1d655abd547c37808359555c1765,WBNB,PNB,1,100,0xbb4cdb9cbd36b01bd1cbaebf2de08d9173bc095c,0xd9b578145b0b2b602cb9006656ffe71c36cf7777,18,18,PancakeSwapV3
PancakeSwapV3,0xc06cf7dfef2bc4e6f5950ba252183845d225285e,DAKS,WBNB,1,100,0x11e6bb73a200abd09616e597808d284edb9d57ca,0xbb4cdb9cbd36b01bd1cbaebf2de08d9173bc095c,18,18,PancakeSwapV3
PancakeSwapV3,0x425ba48dc0d8482f7a8bd7d93c89dc1e76c5a1bf,WBNB,BTC,1,100,0xbb4cdb9cbd36b01bd1cbaebf2de08d9173bc095c,0xf980f4ea95fbbbc7d80239efefb97eae7c5c32e3,18,18,PancakeSwapV3
PancakeSwapV3,0x8c7f6ec3802440529f5d99f7afcc6578ee991031,CSESoc,WBNB,1,100,0xa2bc3b6306bbafe57199f131e8c9c464f46938f8,0xbb4cdb9cbd36b01bd1cbaebf2de08d9173bc095c,18,18,PancakeSwapV3
PancakeSwapV3,0xd11ebd7f9a78ea032939590cf8d2ddf68958c7b7,777,WBNB,1,100,0x71ae0cc67f43957d79959b65fb7f2fc4d510f9a9,0xbb4cdb9cbd36b01bd1cbaebf2de08d9173bc095c,18,18,PancakeSwapV3
PancakeSwapV3,0x29e23699794647e8da0dc3e6779498bef2542960,BTCSA,WBNB,1,100,0x9e23e10803a9e826ec924f0323b101ae0c30755c,0xbb4cdb9cbd36b01bd1cbaebf2de08d9173bc095c,18,18,PancakeSwapV3
PancakeSwapV3,0x041a995d7400bce74b7dc203aa2abce314c0254b,PEMON,WBNB,1,100,0x7535ddc3fb9b2a12f1697c64640989300139ffa1,0xbb4cdb9cbd36b01bd1cbaebf2de08d9173bc095c,18,18,PancakeSwapV3
PancakeSwapV3,0x40236b24975d023e48e150a73f1d99cce80a3818,TONN,WBNB,1,100,0xaaf6588465644022727cfc66ae47ff04a5e59b08,0xbb4cdb9cbd36b01bd1cbaebf2de08d9173bc095c,18,18,PancakeSwapV3
PancakeSwapV3,0xb7bcb5cd62cb786a4dcc59d5fc8d8412d6174c24,TPAD,WBNB,1,100,0x296edd61978c827947d83caf44108eb891b7a005,0xbb4cdb9cbd36b01bd1cbaebf2de08d9173bc095c,18,18,PancakeSwapV3
PancakeSwapV3,0x96724a12c3478156178c83eaf96ba11a4bb4e1ef,VITA,WBNB,1,100,0x3ea642e4946f04b7b2762697a017e95b33fae4ce,0xbb4cdb9cbd36b01bd1cbaebf2de08d9173bc095c,18,18,PancakeSwapV3
PancakeSwapV3,0x371d7decb192fb1c471e0c7bca3880e56f85e728,ORBS,WBNB,1,100,0xb9a659c0d0e2bb2815b61bac6f8837b1dbcff73a,0xbb4cdb9cbd36b01bd1cbaebf2de08d9173bc095c,18,18,PancakeSwapV3
PancakeSwapV3,0x8d09d6ab8161a40754315cbca82be5bcb6076e76,WBNB,CHICHA,10,500,0xbb4cdb9cbd36b01bd1cbaebf2de08d9173bc095c,0xcfb4c87c535bc00100b815ab0ed1e256f83971cf,18,18,PancakeSwapV3
PancakeSwapV3,0x182f033911e6bcf9a17480c257b4c43e07b139ef,WBNB,KAT,1,100,0xbb4cdb9cbd36b01bd1cbaebf2de08d9173bc095c,0xdd959dc168701ff94f2332130441c0d81c5853c0,18,18,PancakeSwapV3
PancakeSwapV3,0xbeeac22f9d29dc5024ebc5c4969b8fac77846c49,WBNB,CWJ,1,100,0xbb4cdb9cbd36b01bd1cbaebf2de08d9173bc095c,0xfcb4ec8c08a4888ac5566ca434eae82024ff9119,18,18,PancakeSwapV3
PancakeSwapV3,0xde5207e0a2ddbe11544ed2cfebbfea7accb8c5a0,HILARYDUFF,WBNB,1,100,0x29ad8509d57627a181b19b58030dad555fda922e,0xbb4cdb9cbd36b01bd1cbaebf2de08d9173bc095c,18,18,PancakeSwapV3
PancakeSwapV3,0x6c156124d17e26ab82001e60eb3e25b10e9e61e3,GRANDPA,WBNB,1,100,0x0c2bd605770100c4625f3e6c812208d4396380e4,0xbb4cdb9cbd36b01bd1cbaebf2de08d9173bc095c,18,18,PancakeSwapV3
PancakeSwapV3,0x51c3d02ca99dd12154b7f7f1b84b51c0ecace6c0,WBNB,HBR,1,100,0xbb4cdb9cbd36b01bd1cbaebf2de08d9173bc095c,0xca6048ec2826a7b1c3314ee19c596b7d287b24cd,18,18,PancakeSwapV3
PancakeSwapV3,0xe33b718237015dd376b672e62392eb52434ae2fa,pepesmith,WBNB,1,100,0x35c8f9f29d8514e379d113409a5393f33ffcbe93,0xbb4cdb9cbd36b01bd1cbaebf2de08d9173bc095c,18,18,PancakeSwapV3
PancakeSwapV3,0x4fb882b0b1e5057496c4d5c2ab21295f860e2711,MNT,WBNB,1,100,0x82d65b6499d9ca9f343bd888b0ae261d330e663f,0xbb4cdb9cbd36b01bd1cbaebf2de08d9173bc095c,18,18,PancakeSwapV3
PancakeSwapV3,0x58f5eb3f03630dcdeb36f9d67368c4830d666ec4,WBNB,IZT,1,100,0xbb4cdb9cbd36b01bd1cbaebf2de08d9173bc095c,0xe05210eec11f3c69dc4c834c466daeed459b99e8,18,18,PancakeSwapV3
PancakeSwapV3,0x7d61ca1d1ee59c2c755e3e787da9343a00568962,SOLC,WBNB,1,100,0x5b63c45e6106b9aba38474afa26e34656edaee56,0xbb4cdb9cbd36b01bd1cbaebf2de08d9173bc095c,18,18,PancakeSwapV3
PancakeSwapV3,0x357dc4a562da685ab8fac003a248c37d3c5ce54b,ORO,WBNB,1,100,0x5242da25e70f820c3e7092eb46073307ae55ab16,0xbb4cdb9cbd36b01bd1cbaebf2de08d9173bc095c,18,18,PancakeSwapV3
PancakeSwapV3,0xb0bdaf5cf773f644f726fe2912582cb9cd613d82,DOGS,WBNB,1,100,0x95ea73c0f294b71bf79ed45804685cde5524cc07,0xbb4cdb9cbd36b01bd1cbaebf2de08d9173bc095c,18,18,PancakeSwapV3
PancakeSwapV3,0x76c675d2ebf284d50807073ec46cf6af42815393,USDT,WBNB,1,100,0x94bae58e487007c7aaa2f310f773c9e8d236deb8,0xbb4cdb9cbd36b01bd1cbaebf2de08d9173bc095c,18,18,PancakeSwapV3
PancakeSwapV3,0x0ff4978488e8e42f0286bdd121a990000b13b405,WEY,WBNB,1,100,0x0333a6f6b21b9b5eeff9c6b5a68addb3df67ff6b,0xbb4cdb9cbd36b01bd1cbaebf2de08d9173bc095c,18,18,PancakeSwapV3
PancakeSwapV3,0x2a6be6e402753ce1125b3b8148511d84d51a6d82,B5,WBNB,1,100,0x5aef8918ee2a5d234ff3d2113efa6bc47b2c1a98,0xbb4cdb9cbd36b01bd1cbaebf2de08d9173bc095c,18,18,PancakeSwapV3
PancakeSwapV3,0x145499da907405b23a7dc8bbc2378920abded430,LLAMA,WBNB,1,100,0x3810d7bdc3823115728e76df39093ee90cbbfb3a,0xbb4cdb9cbd36b01bd1cbaebf2de08d9173bc095c,18,18,PancakeSwapV3
PancakeSwapV3,0xcfc688513231abc0b6e5de4231dd2f09679e03b4,BLC,WBNB,1,100,0x697b05abd9a15c65cccf09a6ed2e63a82e53e637,0xbb4cdb9cbd36b01bd1cbaebf2de08d9173bc095c,18,18,PancakeSwapV3
PancakeSwapV3,0x7e5c953a9ee42c34a006212044cfe65da401be68,USDT,WBNB,1,100,0x800fa2f66e054290d079a15f650b3ae885ef042f,0xbb4cdb9cbd36b01bd1cbaebf2de08d9173bc095c,18,18,PancakeSwapV3
UniswapV3CL,0xe08aa2eb11f5becdeb58865f836536023ff79398,WBNB,T,60,3000,0xbb4cdb9cbd36b01bd1cbaebf2de08d9173bc095c,0xf5391c0f750c471109adc109527760bf9d7acf13,18,18,UniswapV3CL
PancakeSwapV3,0xa4376625ac10d36afff63b892ce8cba4ef8e5301,NIL,WBNB,10,500,0x16cff4ebd9a3588c959875171da52861398185dd,0xbb4cdb9cbd36b01bd1cbaebf2de08d9173bc095c,18,18,PancakeSwapV3
PancakeSwapV3,0x5ec8708f86548e4433debcc1e9ba9eda5d5583fb,PI Layer Network ,WBNB,1,100,0x5568e0c62ec064df566d5b58c26cfc12ee37f6c6,0xbb4cdb9cbd36b01bd1cbaebf2de08d9173bc095c,18,18,PancakeSwapV3
PancakeSwapV3,0xd19ff7107350d273ce7d8395df8ecf354b063816,WALEZI,WBNB,1,100,0x9817469a08b0d312e9958d3ed51b10b39e000982,0xbb4cdb9cbd36b01bd1cbaebf2de08d9173bc095c,18,18,PancakeSwapV3
PancakeSwapV3,0x5abb6d57dfc707f6233284e217676acc53f682e7,V$,WBNB,1,100,0x07f0fc211905c124b18fae7f741113e8362403d8,0xbb4cdb9cbd36b01bd1cbaebf2de08d9173bc095c,18,18,PancakeSwapV3
PancakeSwapV3,0xe304d483e43234846c27c275e2babf5ef1b62058,ASTA,WBNB,1,100,0x55f40863746e1e362504e3074cd96c7d196f3e53,0xbb4cdb9cbd36b01bd1cbaebf2de08d9173bc095c,18,18,PancakeSwapV3
PancakeSwapV3,0x9bc637cf0639c315e5e9f6cb128e720ab42d4975,BNK,WBNB,10,500,0x0e858e3843dc0770627336ccc3cf22f170d14cfa,0xbb4cdb9cbd36b01bd1cbaebf2de08d9173bc095c,18,18,PancakeSwapV3
PancakeSwapV3,0x09be1df1cba563be76b35b7023c80b1be6cd22e7,NFTT,WBNB,1,100,0x4094f4366129d6bb30a0a021e027ae45f90be133,0xbb4cdb9cbd36b01bd1cbaebf2de08d9173bc095c,18,18,PancakeSwapV3
PancakeSwapV3,0xeb3011a3c70e80bf8ba007e646768cac3d69d9ef,ALN,WBNB,1,100,0x39a3e34bf3a60718e57da3339741aba84743f7ef,0xbb4cdb9cbd36b01bd1cbaebf2de08d9173bc095c,18,18,PancakeSwapV3
PancakeSwapV3,0xbaebf1865b24e03552855afcb11b78e28b412ebe,DONGE NXG,WBNB,1,100,0x4c7c251c9e47df6c273a0adc6e690c773833b60f,0xbb4cdb9cbd36b01bd1cbaebf2de08d9173bc095c,18,18,PancakeSwapV3
PancakeSwapV3,0xbd203ca2d97b93fe0dd4a39892df6bb684af7448,USDC,WBNB,1,100,0x97c2a196bc0aa285c4128f1bd6b9467de688382e,0xbb4cdb9cbd36b01bd1cbaebf2de08d9173bc095c,18,18,PancakeSwapV3
PancakeSwapV3,0xd48a83dd394189f40b71cbf72cf078926e0e65dd,VGTA,WBNB,1,100,0x4e442dc0ef42d03ac32aef7420f75190647e1a7a,0xbb4cdb9cbd36b01bd1cbaebf2de08d9173bc095c,18,18,PancakeSwapV3
PancakeSwapV3,0x185296f8d69b534b99614bb2457da4b8f0dd8def,MZ,WBNB,1,100,0xaf5330992afb0f7470260024b71a4c1689f891de,0xbb4cdb9cbd36b01bd1cbaebf2de08d9173bc095c,18,18,PancakeSwapV3
PancakeSwapV3,0x0ab086755dc240993f95f326fb4af95a480fa681,KEK,WBNB,1,100,0x8463de23a8fd88663d81d6d42a8915c03d8bb0eb,0xbb4cdb9cbd36b01bd1cbaebf2de08d9173bc095c,18,18,PancakeSwapV3
PancakeSwapV3,0xaee43c5ce5456faec9052a74148ee809150e5e14,THD,WBNB,1,100,0x76d65d538ae26b2a7fdaeaa44c231a102edf8820,0xbb4cdb9cbd36b01bd1cbaebf2de08d9173bc095c,18,18,PancakeSwapV3
PancakeSwapV3,0x9c5d84a2880b5f71252561bc0fb70606c6994df2,WBNB,SATOSHI,50,2500,0xbb4cdb9cbd36b01bd1cbaebf2de08d9173bc095c,0xe3df611d980375d7a7081e30f0e23487c889a85d,18,18,PancakeSwapV3
PancakeSwapV3,0x195e966e1627cb9c1e804cec26254314cc995b9a,BNBRO,WBNB,200,10000,0x9a37aeadf23bc20ea9a209cd5526aa3878a4ecaf,0xbb4cdb9cbd36b01bd1cbaebf2de08d9173bc095c,18,18,PancakeSwapV3
PancakeSwapV3,0xba1a4d2817ef0898ad23305faf202c8a6898f169,SDS,WBNB,1,100,0x542e65781871a804c43715a31d205f5b4b8bc7ed,0xbb4cdb9cbd36b01bd1cbaebf2de08d9173bc095c,18,18,PancakeSwapV3
UniswapV3CL,0xe97f772f6246c709b45ed7b982a15baee1c50da3,TRUMP,WBNB,60,3000,0x8782bf468c2d7fb30c7fc6f3c2e7ffaf2ade177f,0xbb4cdb9cbd36b01bd1cbaebf2de08d9173bc095c,18,18,UniswapV3CL
PancakeSwapV3,0x11755a0acb787cf5d27462935fed4492eefeb266,BXR,WBNB,200,10000,0x91e7cb8824980c952b0b04e991e2a587c29e2968,0xbb4cdb9cbd36b01bd1cbaebf2de08d9173bc095c,18,18,PancakeSwapV3
PancakeSwapV3,0x2a359eabfe1897aa34ddf5e7240bb86c1c3028e6,BXR,WBNB,200,10000,0x73dde9382d17841cb6668e97b81b25be6f5e9f75,0xbb4cdb9cbd36b01bd1cbaebf2de08d9173bc095c,18,18,PancakeSwapV3
PancakeSwapV3,0x1272d11cd22299815aa588121983fcec6389be24,BXR,WBNB,200,10000,0x404a118d0f16f6ddd2a0d8075e8be07c06c1f165,0xbb4cdb9cbd36b01bd1cbaebf2de08d9173bc095c,18,18,PancakeSwapV3
PancakeSwapV3,0x0b8f20618e88441de02da376054b0ad809aa3c06,SERO,WBNB,200,10000,0x59920d7432bb5fdca6f433c526da33eef9978c24,0xbb4cdb9cbd36b01bd1cbaebf2de08d9173bc095c,18,18,PancakeSwapV3
PancakeSwapV3,0xae1ad3bb6cbe71a4f87c68bb4e0e6493ac0ceb57,KITO,WBNB,1,100,0x68a5b46561c2c883152cefab120443aff9b2b4be,0xbb4cdb9cbd36b01bd1cbaebf2de08d9173bc095c,18,18,PancakeSwapV3
UniswapV3CL,0xa0e1a1ffc8212a5abbbaf1c9e9397ba43befe737,USDT,USDT,10,500,0x55d398326f99059ff775485246999027b3197955,0xb5d0e52534c4402e157b4b1e9eeab1688e87e114,18,18,UniswapV3CL
PancakeSwapV3,0x0e5b2264605b9ee933428d5eebf7430b98665967,PEP,WBNB,1,100,0xb30e70ccb9fc9e193ea654d05ebcb9e321d590fa,0xbb4cdb9cbd36b01bd1cbaebf2de08d9173bc095c,18,18,PancakeSwapV3
PancakeSwapV3,0x35bcee3cde32ad19c673f2d7c45dec52135774cb,USDc,WBNB,200,10000,0x667d9da8f320d7abe27292b5ceb55781b9cfa45c,0xbb4cdb9cbd36b01bd1cbaebf2de08d9173bc095c,18,18,PancakeSwapV3
PancakeSwapV3,0x482e7bd893dad43038126592d7bc35a603f8bc2e,USDT,WBNB,200,10000,0x10f136adac7e55c5312a0445e6e8a996e0ccf85e,0xbb4cdb9cbd36b01bd1cbaebf2de08d9173bc095c,18,18,PancakeSwapV3
PancakeSwapV3,0x20d37687a0cb5a98f897f452a524adbd56ecaf7b,$VULP,WBNB,200,10000,0x28dd78337821b1f1016602ca9e727623866ba85a,0xbb4cdb9cbd36b01bd1cbaebf2de08d9173bc095c,18,18,PancakeSwapV3
PancakeSwapV3,0x04e09d4d6deb7c5c8a25fc743b96111ac575152a,BabyDogeBNB,WBNB,200,10000,0x7a28e7336b77bae74b4214639bac20ffaee71fc8,0xbb4cdb9cbd36b01bd1cbaebf2de08d9173bc095c,18,18,PancakeSwapV3
PancakeSwapV3,0x7a85df36dd5d93b98bf61be1ef0e7280ab4105b5,PEP,WBNB,1,100,0x7f05c1da0d12f23f4dc2ae1df899101d8c537e77,0xbb4cdb9cbd36b01bd1cbaebf2de08d9173bc095c,18,18,PancakeSwapV3
PancakeSwapV3,0x191326e89d053df489b058080ed17be7fa954b0e,MaxiPepe,WBNB,200,10000,0x90299cd35404858b63c4ae4518b2b4af37c9b6b5,0xbb4cdb9cbd36b01bd1cbaebf2de08d9173bc095c,18,18,PancakeSwapV3
PancakeSwapV3,0xe8810e54f878303db0dba2240497d827146f07ae,BtT,WBNB,200,10000,0xac32f819f7d16e4335170b662173b47e5c5daf0f,0xbb4cdb9cbd36b01bd1cbaebf2de08d9173bc095c,18,18,PancakeSwapV3
PancakeSwapV3,0xee9eb78caeacd1bf8801cf3d46892bb1956d1b5f,420,WBNB,200,10000,0x13e47cf6cb374c134fa850d22722384c0339137b,0xbb4cdb9cbd36b01bd1cbaebf2de08d9173bc095c,18,18,PancakeSwapV3
PancakeSwapV3,0xcedc8a1b01cf21b031340d638056e1ab517a7088,TROLL,WBNB,200,10000,0x90d9f445625a2f1baa4ace41a4d86674e2ea8605,0xbb4cdb9cbd36b01bd1cbaebf2de08d9173bc095c,18,18,PancakeSwapV3
PancakeSwapV3,0x2f26c591d84a4572e09ab7e85365f761f14d7630,USDT.z,WBNB,200,10000,0x1e035027e23c90bbd0a62ae360f102a46936546b,0xbb4cdb9cbd36b01bd1cbaebf2de08d9173bc095c,18,18,PancakeSwapV3
PancakeSwapV3,0x508f9cbaa16429514830f1118e4016b4d5bb0ac1,BITCARD,WBNB,200,10000,0x1d944cbb9b53f1ed1f9f2464bd40ecf6f70f2cd3,0xbb4cdb9cbd36b01bd1cbaebf2de08d9173bc095c,18,18,PancakeSwapV3
PancakeSwapV3,0x7ad58eb8fbde24523ca0871012f7ed1759d25673,EUSDT,WBNB,200,10000,0x71b358f13b5566ef5753bae760d09c9367a43a8a,0xbb4cdb9cbd36b01bd1cbaebf2de08d9173bc095c,18,18,PancakeSwapV3
PancakeSwapV3,0x14c8edf167b3de3fa63e6e2253d77a192ef6607a,?,WBNB,200,10000,0x67bdc1d1a5c5c3a8aeb8694be23b8d9e62af31a3,0xbb4cdb9cbd36b01bd1cbaebf2de08d9173bc095c,18,18,PancakeSwapV3
PancakeSwapV3,0x7e319e02e6da63a4de094fea606de4dc8b05f68d,ndp3,WBNB,200,10000,0x2fdc7783427d83faa31128affca5ebc51cbe9e0b,0xbb4cdb9cbd36b01bd1cbaebf2de08d9173bc095c,18,18,PancakeSwapV3
PancakeSwapV3,0x0e6068b06be34515f5bcd89a72b188675d9188c2,TROLL,WBNB,200,10000,0x000406053e1d81efa85f0ce1ccddad1645e7ccd3,0xbb4cdb9cbd36b01bd1cbaebf2de08d9173bc095c,18,18,PancakeSwapV3
PancakeSwapV3,0x45aa0be5c698b6c158845096319539a3ce390496,LLC,WBNB,200,10000,0x7ef102843d028451a1bba78516fa060227bdf0c3,0xbb4cdb9cbd36b01bd1cbaebf2de08d9173bc095c,18,18,PancakeSwapV3
PancakeSwapV3,0x91f9fc2e498f3ffe2d4f90577f75f0bd1d7ea0d2,BabyDogeAlpha,WBNB,200,10000,0x706e40f53e789ab08286bd38cf627eb4972cba4f,0xbb4cdb9cbd36b01bd1cbaebf2de08d9173bc095c,18,18,PancakeSwapV3
PancakeSwapV3,0xd2a96e99766ca7fa363d3f355283779212a3968b,MarsCoin,WBNB,200,10000,0x18eb6cec1817fd76dcce07788cd0edc2c9657e9b,0xbb4cdb9cbd36b01bd1cbaebf2de08d9173bc095c,18,18,PancakeSwapV3
PancakeSwapV3,0x1007bf60790f9779896b864f94e82fbac957c206,BSC,WBNB,200,10000,0x1199990d570728cbdda5fc05cabba9efa51432ae,0xbb4cdb9cbd36b01bd1cbaebf2de08d9173bc095c,18,18,PancakeSwapV3
PancakeSwapV3,0x5df8dd111128ce524856b885ad1323571346745b,BITCARD,WBNB,200,10000,0x9540d60f5e03e2af77cdfca2ab1b566c15b10334,0xbb4cdb9cbd36b01bd1cbaebf2de08d9173bc095c,18,18,PancakeSwapV3
PancakeSwapV3,0xde7cfb4733b7bfb1ded2f3b03724e0e112000197,TRMP,WBNB,200,10000,0x9f80ab9b7e1d26934f3c42a23e048445b2280c2f,0xbb4cdb9cbd36b01bd1cbaebf2de08d9173bc095c,18,18,PancakeSwapV3
PancakeSwapV3,0xc7d6051fa54ee12eef0d86fbf8a48b5ad4cd0019,USDT,EARN,10,500,0x55d398326f99059ff775485246999027b3197955,0xc3411f3ae696db58f0ecdb86328d35aa6c83f4cb,18,18,PancakeSwapV3
UniswapV3CL,0xaeed9a1a9859bc30dc76dc367825fde54274fed6,USDT,GUA,200,10000,0x55d398326f99059ff775485246999027b3197955,0xa5c8e1513b6a08334b479fe4d71f1253259469be,18,18,UniswapV3CL
PancakeSwapV3,0x3b1d2747a7315204984535b434994709b18eda0e,USDT,BABYM,1,100,0x55d398326f99059ff775485246999027b3197955,0xb44c7f1f3f9cfa2ae7e41604fa0adb7d0da11156,18,18,PancakeSwapV3
PancakeSwapV3,0xbad27bd6b33b009cbca81b00a8e304c253e645e6,KPT804,WBNB,200,10000,0x4da77cd56fb3ae8c4d4998a52c1393c1bb870f71,0xbb4cdb9cbd36b01bd1cbaebf2de08d9173bc095c,18,18,PancakeSwapV3
PancakeSwapV3,0x38434f4a3ca797d997165b00cc479f65cfa41278,BRoil3,WBNB,200,10000,0x0bd0483a1088a7f2b0b749a65f1676a9e4bec082,0xbb4cdb9cbd36b01bd1cbaebf2de08d9173bc095c,18,18,PancakeSwapV3
PancakeSwapV3,0xf6e04423c2d954ebde67e6ff8a7aaa8b383cebc5,TBZ,WBNB,200,10000,0x39f11267da6f829e8cc1bdd66f45f90e0c6f91f7,0xbb4cdb9cbd36b01bd1cbaebf2de08d9173bc095c,18,18,PancakeSwapV3
PancakeSwapV3,0x09c36bac517714daddba073b2b0cb7424804ef9d,MoX,WBNB,200,10000,0xae3d631ee587f9dd9bc907c462a69e1dfb67aeb2,0xbb4cdb9cbd36b01bd1cbaebf2de08d9173bc095c,18,18,PancakeSwapV3
PancakeSwapV3,0xbd630b82f2717467395c752e0386a384f2a40417,?,WBNB,200,10000,0x6249869648f73e46c9d4ec0e28a96cbe9ed11dd1,0xbb4cdb9cbd36b01bd1cbaebf2de08d9173bc095c,18,18,PancakeSwapV3
PancakeSwapV3,0x37a57b60c3f535755d94ae3b5012002bb90cd6d9,EXCAL,WBNB,200,10000,0x6765da2e7d2f26aebc79840773dbef98ac2de96b,0xbb4cdb9cbd36b01bd1cbaebf2de08d9173bc095c,18,18,PancakeSwapV3
PancakeSwapV3,0x4a812d16c67c4fd1f1c79388eb5e58ac382745ce,GKHN,WBNB,200,10000,0x22e68d442cef75eea9b545a63ea085eb9cc748ec,0xbb4cdb9cbd36b01bd1cbaebf2de08d9173bc095c,18,18,PancakeSwapV3
PancakeSwapV3,0x90292b99b10732a3cb98976250dd658b92d27990,BRoil3,WBNB,200,10000,0x2a12b8adab61df577cf04a2bca0bcbde89d318a8,0xbb4cdb9cbd36b01bd1cbaebf2de08d9173bc095c,18,18,PancakeSwapV3
PancakeSwapV3,0xf18304890ab40778d010ca47938fae7b746a6436,USD,WBNB,200,10000,0x4ed337bd352dd4dfab784317cc6572a2f512415d,0xbb4cdb9cbd36b01bd1cbaebf2de08d9173bc095c,18,18,PancakeSwapV3
PancakeSwapV3,0x7246b7968941e7047e6dc21f8e7e1343322aa024,WBNB,USDCC,1,100,0xbb4cdb9cbd36b01bd1cbaebf2de08d9173bc095c,0xe86a01574823cad52d663a36f2fadff6947cc298,18,6,PancakeSwapV3
PancakeSwapV3,0x1621b8a0bf1bfe399754921cc016b66edff075c0,USDT.z,WBNB,200,10000,0x15db7637a1c250d5ff1ce5885c6999ef4789f258,0xbb4cdb9cbd36b01bd1cbaebf2de08d9173bc095c,18,18,PancakeSwapV3
PancakeSwapV3,0xb61ff1a9b9352ad0e51a52c8f2d041afb66e1bc4,WBNB,EAGLE,1,100,0xbb4cdb9cbd36b01bd1cbaebf2de08d9173bc095c,0xfe120519fa772a3b77a28f166c81fdf6ecf1413b,18,18,PancakeSwapV3
PancakeSwapV3,0x9bdbe6dae9cc164e2b897c279f85c8fdfd05633e,Grabo,WBNB,200,10000,0x484df80a1288e25b0a61ac2c3628f494f47e516a,0xbb4cdb9cbd36b01bd1cbaebf2de08d9173bc095c,18,18,PancakeSwapV3
PancakeSwapV3,0x21a2f0f0d0ec55dc6f4da984e16993c96ceb2c7e,AIE,WBNB,50,2500,0x14624cb88f132b87dd7e0a96ef00687d7e5b29e4,0xbb4cdb9cbd36b01bd1cbaebf2de08d9173bc095c,18,18,PancakeSwapV3
PancakeSwapV3,0xb8cb1dcce2d2c21e8822565acb75fc0581873c7c,MASX,WBNB,200,10000,0x15bcbbd248f17dccb110b541e177c3bae56126a0,0xbb4cdb9cbd36b01bd1cbaebf2de08d9173bc095c,18,18,PancakeSwapV3
PancakeSwapV3,0xd2f1cd199ce3f69c2e00bdca8e5c8c0404069028,ATF,WBNB,200,10000,0x90403fc83b5cc17058580713afa216c552782a3d,0xbb4cdb9cbd36b01bd1cbaebf2de08d9173bc095c,18,18,PancakeSwapV3
PancakeSwapV3,0x78f0ef690f4067fd27098324102e7aabe1bc1c56,Tby,WBNB,200,10000,0x25797dbcdded8570563cb7bee7c4c26f91406f32,0xbb4cdb9cbd36b01bd1cbaebf2de08d9173bc095c,18,18,PancakeSwapV3
PancakeSwapV3,0x4c87676fdde372eb25936d80b20b696fd14c68eb,USDT,WBNB,200,10000,0x3879f64a7f00d7f2687cbd202cab9af051c9b940,0xbb4cdb9cbd36b01bd1cbaebf2de08d9173bc095c,18,18,PancakeSwapV3
PancakeSwapV3,0x140780fc7ecd6ebab9092910f5bde4c2cc64f6a1,LIL,WBNB,200,10000,0x5532e43f3e9fcb53330a4bbdc3bf34529d5a02c3,0xbb4cdb9cbd36b01bd1cbaebf2de08d9173bc095c,18,18,PancakeSwapV3
PancakeSwapV3,0x5602d480b3a7001ae84b7635e27d1061292dedf7,GCN,WBNB,200,10000,0x39bf7c2e36a6349ed768d324eff5a70f56cf4d4c,0xbb4cdb9cbd36b01bd1cbaebf2de08d9173bc095c,18,18,PancakeSwapV3
PancakeSwapV3,0xb89016c8ca390f41a3db3351973be0155d383039,FML,WBNB,200,10000,0x294312dbd5c02864135453bb1b02c4dea53e97ed,0xbb4cdb9cbd36b01bd1cbaebf2de08d9173bc095c,18,18,PancakeSwapV3
PancakeSwapV3,0x964d2479a72155fb53079a1300a5e83755453483,GRAND,WBNB,1,100,0x1b5489678e08e654661f8e8a8eb58877fa2a2a71,0xbb4cdb9cbd36b01bd1cbaebf2de08d9173bc095c,18,18,PancakeSwapV3
PancakeSwapV3,0x2570978d1e0b960db4bc2ecba636635e0bae3fe6,QORPO,WBNB,50,2500,0x22514ffb0d7232a56f0c24090e7b68f179faa940,0xbb4cdb9cbd36b01bd1cbaebf2de08d9173bc095c,18,18,PancakeSwapV3
PancakeSwapV3,0x0f3160d0e93abb843708dcfdd27c784451a914f0,USDT,EYG,10,500,0x55d398326f99059ff775485246999027b3197955,0x8af6925631865d3f327b14ba529db2586cc2c16d,18,18,PancakeSwapV3
UniswapV3CL,0xcc630802c847766bf386fb7f4403ee5990f13e0a,USDT,BOX,60,3000,0x55d398326f99059ff775485246999027b3197955,0x6386adc4bc9c21984e34fd916bb349dd861742af,18,18,UniswapV3CL
PancakeSwapV3,0x16fd0c5afcc0e07d9c0696aabb6755e7ff45b26e,Bitcoin G,WBNB,200,10000,0xaa78991213d92a7b2dc450489b954e6dee1fd7cf,0xbb4cdb9cbd36b01bd1cbaebf2de08d9173bc095c,18,18,PancakeSwapV3
PancakeSwapV3,0xb78df61ca0a855ac70e392e0635f91de95ab19e7,DBDT,WBNB,1,100,0x02210ccf0ed27a26977e85528312e5bd53ce9960,0xbb4cdb9cbd36b01bd1cbaebf2de08d9173bc095c,18,18,PancakeSwapV3
PancakeSwapV3,0xbef37cd07714ad05d67884e1642459d1b1069acd,BEEHIVES,WBNB,200,10000,0x159f96eeaf9cf9c0bfaeea85f708865a8fb4242a,0xbb4cdb9cbd36b01bd1cbaebf2de08d9173bc095c,18,18,PancakeSwapV3
PancakeSwapV3,0x5cb5bafc88468937d76d85133c2f146592e9825d,BOB,WBNB,200,10000,0x1ab8ddaed54476653476df1b4753fc4611fb03a7,0xbb4cdb9cbd36b01bd1cbaebf2de08d9173bc095c,18,18,PancakeSwapV3
PancakeSwapV3,0x1b369a908c7edf3fdc10591f28fac7787a9a400d,DRAP,WBNB,200,10000,0x940f714e9f30d7d3f74372140cd21c81c07bd12b,0xbb4cdb9cbd36b01bd1cbaebf2de08d9173bc095c,18,18,PancakeSwapV3
PancakeSwapV3,0x147ee04c524fb94360643690309cdde68c1a81aa,INR,WBNB,200,10000,0x33037b32ccc964ef136222dd43a45861223f06d3,0xbb4cdb9cbd36b01bd1cbaebf2de08d9173bc095c,18,18,PancakeSwapV3
PancakeSwapV3,0x1ae8ea1727a3567ecb89c9e2e8a4bf290204b5ab,KMT.s,WBNB,200,10000,0x58fb04918d549fed47280142a6bc03b112ad75a1,0xbb4cdb9cbd36b01bd1cbaebf2de08d9173bc095c,18,18,PancakeSwapV3
PancakeSwapV3,0x2a8dabdcb6e7df2bc6e48d7d601d3f9c27c00357,wJTBIT,WBNB,200,10000,0x77b5371914e3361e093c2d9cea4f29397b687c86,0xbb4cdb9cbd36b01bd1cbaebf2de08d9173bc095c,18,18,PancakeSwapV3
UniswapV3CL,0x12713f7410dbe0e1d6286adb259df34cd144e7a0,USDT,BALDOR,60,3000,0x55d398326f99059ff775485246999027b3197955,0xd6752d1c7fcec58bffe3898eb31453b9e35d47e6,18,18,UniswapV3CL
PancakeSwapV3,0x6f82e22ee5c0f41b03561278f148fd1f4e1e24e0,USDT,WBNB,200,10000,0x8cfae53c8986c10c94bcd88b4cde9840f2dcbcb9,0xbb4cdb9cbd36b01bd1cbaebf2de08d9173bc095c,18,18,PancakeSwapV3
PancakeSwapV3,0x416b9cb142a6916763bfbfed6ebca8a44924d875,BYR,WBNB,200,10000,0x7da730adbf77cd5e9456ff08cadf4cfada5efc78,0xbb4cdb9cbd36b01bd1cbaebf2de08d9173bc095c,18,18,PancakeSwapV3
PancakeSwapV3,0xe09781c3723c4e1328b63719bbb596976ef8de43,WBNB,Enheng,200,10000,0xbb4cdb9cbd36b01bd1cbaebf2de08d9173bc095c,0xfda170591a121431bced1777caf1df5ad6ab4a35,18,18,PancakeSwapV3
PancakeSwapV3,0xf8b5df35f6ef1f9ab70d1d76b32d254983af55e3,USDT,XCN,1,100,0x55d398326f99059ff775485246999027b3197955,0x7324c7c0d95cebc73eea7e85cbaac0dbdf88a05b,18,18,PancakeSwapV3
PancakeSwapV3,0x0b8082a7c56c881cec2d4fb5bc629a3e7d20fea6,BSAM,WBNB,1,100,0x0f35cd80768e2fd29918b81d4a61322937ad5abc,0xbb4cdb9cbd36b01bd1cbaebf2de08d9173bc095c,18,18,PancakeSwapV3
PancakeSwapV3,0x211f7a41cf8b50f31c1cd7d573cf7ac24441d18e,FRX,WBNB,10,500,0x14b92d621a608bec3e208da5b2eb25760470868d,0xbb4cdb9cbd36b01bd1cbaebf2de08d9173bc095c,18,18,PancakeSwapV3
PancakeSwapV3,0xfda7df7e301ef4eae6b5666eb909af46b9b3b439,Flc,WBNB,200,10000,0x13720c86e8d169a90da178397fb639393a0fddeb,0xbb4cdb9cbd36b01bd1cbaebf2de08d9173bc095c,18,18,PancakeSwapV3
PancakeSwapV3,0x5cc72aa61228ad59a9d03ffc1efb978db3053b1d,WGNRC,WBNB,50,2500,0x4c80cb6ae04fde3a821bf67302c825e4f0627287,0xbb4cdb9cbd36b01bd1cbaebf2de08d9173bc095c,18,18,PancakeSwapV3
PancakeSwapV3,0x8d81a73ac2477335bbd29c1b9f18b809050adeb7,CZDRAGON,WBNB,200,10000,0x7c8f96c6816f1d9afd9625574de80791fb9cae4b,0xbb4cdb9cbd36b01bd1cbaebf2de08d9173bc095c,18,18,PancakeSwapV3
PancakeSwapV3,0x91d25f6a3cc59c5cd37a6e7d6271200dea8b8a4b,USDT,POC,1,100,0x55d398326f99059ff775485246999027b3197955,0x79ca0a65bbd833994dbd4ab80868f1fb766657d0,18,18,PancakeSwapV3
PancakeSwapV3,0x3023ff06abe496ded21c5bbbdfbfe766e6615d63,WBNB,MWR,1,100,0xbb4cdb9cbd36b01bd1cbaebf2de08d9173bc095c,0xcfba3f15b0c49497c31e43fd483e60f803b9864a,18,18,PancakeSwapV3
PancakeSwapV3,0x9b52b901e3c80639e217d0e864f45254f0d1cfa6,WBNB,BOYZCLUB,200,10000,0xbb4cdb9cbd36b01bd1cbaebf2de08d9173bc095c,0xcf2adb160d78528127df3ba471cb3ede0f06b99e,18,18,PancakeSwapV3
PancakeSwapV3,0x33abd748dd003f3a456c3971bee902ac079dfd9d,BB,WBNB,50,2500,0x06c84db1f9899e1203ef3c9f05b2300ba47e4023,0xbb4cdb9cbd36b01bd1cbaebf2de08d9173bc095c,18,18,PancakeSwapV3
PancakeSwapV3,0xd5e879c9d128b9b06ed9b10f35293f1115835369,BABYTCC,WBNB,200,10000,0x6be225564c3d77d7b1f5084a65978f5718d3f4d5,0xbb4cdb9cbd36b01bd1cbaebf2de08d9173bc095c,18,18,PancakeSwapV3
PancakeSwapV3,0x59e9ee761c26d0f2ab7afe410458c656fb49d52b,Wizard,WBNB,1,100,0x989e1552fcb656f65bdabaeee788e087773650c0,0xbb4cdb9cbd36b01bd1cbaebf2de08d9173bc095c,18,18,PancakeSwapV3
PancakeSwapV3,0x1a46fb43ef96b80b5b8ecf9c2fa80965bc582cd1,EXU,WBNB,50,2500,0x92bcc0a575e2d918595e47142e53f2f872869266,0xbb4cdb9cbd36b01bd1cbaebf2de08d9173bc095c,18,18,PancakeSwapV3
UniswapV3CL,0x93465e7eaf20b874e0986c6cd56150a53b232dd8,ADDCLAS,USDT,1,100,0x4edff5eb8731b6d4eeaa662804b7282d1c22103a,0x55d398326f99059ff775485246999027b3197955,18,18,UniswapV3CL
PancakeSwapV3,0xb5e99e22f5f9e7a2cebf009fbcf4e014f2f9c6e6,USDT,GFC,200,10000,0x55d398326f99059ff775485246999027b3197955,0x9de138b79890bf64b34c3c03dd672c9fd1c5f5d9,18,18,PancakeSwapV3
PancakeSwapV3,0x99ece25eba9f64f2ee8a129f04aa9784607c385e,BNBAURA,WBNB,200,10000,0x69f18aa0724bf3a1ba5b21a3dbdbb63f49a13dd5,0xbb4cdb9cbd36b01bd1cbaebf2de08d9173bc095c,18,18,PancakeSwapV3
PancakeSwapV3,0x72031a411681e91a58f51d38dc7bf1c5569a5af4,WBNB,Mock1,1,100,0xbb4cdb9cbd36b01bd1cbaebf2de08d9173bc095c,0xc8af67977e438ed4f421adbc7502af5af3952d9f,18,18,PancakeSwapV3
PancakeSwapV3,0x7e4da9ab7e6aaddec89c3e0f5af0bef554472d50,PHIL,WBNB,200,10000,0x005e13c67f1d9d341194d902ec6f9e3c4b8b4444,0xbb4cdb9cbd36b01bd1cbaebf2de08d9173bc095c,18,18,PancakeSwapV3
PancakeSwapV3,0xdbbf752e001e4632023ee385a61dcd1ee0c713cb,PROS,WBNB,50,2500,0x915424ac489433130d92b04096f3b96c82e92a9d,0xbb4cdb9cbd36b01bd1cbaebf2de08d9173bc095c,18,18,PancakeSwapV3
PancakeSwapV3,0x9a6b9461290cf989979d9d870f3d0bbe6667c537,USDT,DMD,1,100,0x55d398326f99059ff775485246999027b3197955,0xd1d2d37ea20415bc26e732d42194166594aa6834,18,18,PancakeSwapV3
PancakeSwapV3,0x0360ded5e47234280371e133c456e54f4b81978b,USD Pro,USDT,1,100,0x1591d78bdf17e623ae0a5bf1d536ea29e04446d6,0x55d398326f99059ff775485246999027b3197955,18,18,PancakeSwapV3
UniswapV3CL,0x2b11a34f52e354ef197f0a2397008699b875ae7e,SISX10,USDC,200,10000,0x6742d616f8c9a750f0eb3f2a900185a1dac343b7,0x8ac76a51cc950d9822d68b83fe1ad97b32cd580d,18,18,UniswapV3CL
PancakeSwapV3,0x8af34db97739da3ed0b32289d4b6a2fc07b47689,WBNB,MiniDoge,200,10000,0xbb4cdb9cbd36b01bd1cbaebf2de08d9173bc095c,0xeb9c1df5ffac7fe36502c50ae569d2f1681779f0,18,18,PancakeSwapV3
PancakeSwapV3,0xe8590013c3d72bd6415d52305b4d159d25a47e38,bno,WBNB,1,100,0xb506ff95e3307db4caf42e7c1bf96c79bfeeb302,0xbb4cdb9cbd36b01bd1cbaebf2de08d9173bc095c,18,18,PancakeSwapV3
PancakeSwapV3,0xabf9b3faf4ca2e20d1d657e28813591f94f1c4b0,ynRWAx,USDT,1,100,0x185716beb4ccbfa547b00ead24ac6705bd47b8f0,0x55d398326f99059ff775485246999027b3197955,18,18,PancakeSwapV3
PancakeSwapV3,0x8b1ca3290ef1f6e22856c5db4725bb4e09e20f39,USDT,ABI,1,100,0x55d398326f99059ff775485246999027b3197955,0xec9c1f35545db657cf4259c8835e1e0bfb669730,18,18,PancakeSwapV3
PancakeSwapV3,0x38e831dead058ee54401da14ede6c33b79535bb6,USDT,SCT,1,100,0x55d398326f99059ff775485246999027b3197955,0x6d3a76c9a60d5b8fd050ea4a9892c718d1c28310,18,18,PancakeSwapV3
PancakeSwapV3,0xf7647d3b14ca6b54a6ecbbdd105fd416fa2f83bc,JAEM-P,WBNB,200,10000,0xa48c80a82e3d632c55b3dad1ce19544d9e49c9ef,0xbb4cdb9cbd36b01bd1cbaebf2de08d9173bc095c,18,18,PancakeSwapV3
PancakeSwapV3,0x9baa293b24bd29f249e01c17941f506b1e496a6b,USDT,TFZ,200,10000,0x55d398326f99059ff775485246999027b3197955,0x79f87fc467c3ea396a8a3e92a950d3f3e013dffc,18,18,PancakeSwapV3
UniswapV3CL,0xfafcea23c556eb104098f5bb3baec828af1b353b,USDC,xUSD,1,100,0x8ac76a51cc950d9822d68b83fe1ad97b32cd580d,0xd27fd655e3a5ed292b350ad711540bce225b55be,18,18,UniswapV3CL
PancakeSwapV3,0xf11c361f189385010b61b5f13aba4cbbf33d5b01,CHOW,WBNB,200,10000,0x05dc4a3b3254992f9e10ed9bbe1d1d8b7e122c38,0xbb4cdb9cbd36b01bd1cbaebf2de08d9173bc095c,18,18,PancakeSwapV3
PancakeSwapV3,0xc5a13052825dce97306ae44fb3da7a638cc35165,USDT,ATV,50,2500,0x55d398326f99059ff775485246999027b3197955,0xfae89a419c6fb4052d1c90802ea1b0c46fc8cd70,18,18,PancakeSwapV3
PancakeSwapV3,0x45c56ce416c319891580d06bcd1fc0cdbf9bbe68,HVD,WBNB,200,10000,0x2d67ddc34a124a7917d540d7a5dcacf86d14f462,0xbb4cdb9cbd36b01bd1cbaebf2de08d9173bc095c,18,18,PancakeSwapV3
UniswapV3CL,0xf9856c86498e6baf25c8ff34836a17f984e1600c,PINGPONG,USDT,200,10000,0x3ecb529752dec6c6ab08fd83e425497874e21d49,0x55d398326f99059ff775485246999027b3197955,18,18,UniswapV3CL
PancakeSwapV3,0x3c3c8d3645ce8324d8e26fdd34934873ee42313e,WETH,USDT,1,100,0x3fbd8f9663b69df0da3a74d2f8582736b584dd31,0x55d398326f99059ff775485246999027b3197955,8,18,PancakeSwapV3
PancakeSwapV3,0xda62255b234f063e919f3755491c448d35adbec3,Miss Kaka,WBNB,200,10000,0xbabc4e2efd56b93e948c376b9fb4a2086f9a0b0a,0xbb4cdb9cbd36b01bd1cbaebf2de08d9173bc095c,18,18,PancakeSwapV3
PancakeSwapV3,0xd8c419da39ef7434e651c0d2e4a021209e57da00,WBNB,EVII,50,2500,0xbb4cdb9cbd36b01bd1cbaebf2de08d9173bc095c,0xe8305b98ab9d41682451e50e4b19ee850fb9fa9a,18,18,PancakeSwapV3
PancakeSwapV3,0xc0d05c35875ec95aed06db6cbb36bf32730fe67d,USDT,TOSHI,1,100,0x55d398326f99059ff775485246999027b3197955,0x6a2608dabe09bc1128eec7275b92dfb939d5db3f,18,18,PancakeSwapV3
PancakeSwapV3,0x3ed5e94dfd38443548bb56819f2c4e7cb003ecc1,Broccori,WBNB,200,10000,0x84aea4e999d9a6b471c22dc3be203a91b856deae,0xbb4cdb9cbd36b01bd1cbaebf2de08d9173bc095c,18,18,PancakeSwapV3
PancakeSwapV3,0x199a8c623e4af71c9adb8782d13f716dd29c8286,MCCA,WBNB,50,2500,0xac88e62e90f483f31c8ea02a4634f6cd12a41111,0xbb4cdb9cbd36b01bd1cbaebf2de08d9173bc095c,18,18,PancakeSwapV3
PancakeSwapV3,0x20976dfce9fafb39fd99a507cd9add4756bedc8c,MCA,WBNB,50,2500,0x060f5c945343e896bfaa8589dba02dc4c0d61111,0xbb4cdb9cbd36b01bd1cbaebf2de08d9173bc095c,18,18,PancakeSwapV3
PancakeSwapV3,0x0793f8195df86085e04c1acde1c864b34b2c88ae,Xtellar,WBNB,1,100,0x14030cb1cfe9656c36740fb8002d853b6d068550,0xbb4cdb9cbd36b01bd1cbaebf2de08d9173bc095c,18,18,PancakeSwapV3
PancakeSwapV3,0x8ba9eb2fabc90461e1002e988025d07d94c0955f,USDT,WBNB,10,500,0x6e7618f38574e63a00daff2bf4c23afe482f448d,0xbb4cdb9cbd36b01bd1cbaebf2de08d9173bc095c,18,18,PancakeSwapV3
UniswapV3CL,0x08e559f2fb1ea3235787bc1a30beeafe5e033994,USDT,PORT3,200,10000,0x55d398326f99059ff775485246999027b3197955,0xf6402bec11bd945bbd46be77e1fa5d477883f6c2,18,18,UniswapV3CL
PancakeSwapV3,0x9f6288e1099bd586126adff04561a47186176d73,DEWAE,WBNB,50,2500,0x6c13a45101bd70561daf6186da86d7bdb018754f,0xbb4cdb9cbd36b01bd1cbaebf2de08d9173bc095c,18,18,PancakeSwapV3
PancakeSwapV3,0xac963f2d88bb89054b4195a85a2a11fd67f09131,WBNB,MCCA,50,2500,0xbb4cdb9cbd36b01bd1cbaebf2de08d9173bc095c,0xe26084bb80379ff66b39428289fb1f1f07bd1111,18,18,PancakeSwapV3
PancakeSwapV3,0xa10cb8b3ebd53679351855f85f567b8b4a344b40,WBNB,inu,200,10000,0xbb4cdb9cbd36b01bd1cbaebf2de08d9173bc095c,0xf95ce31ab2e5fb2434880251882574922c20a9b4,18,18,PancakeSwapV3
PancakeSwapV3,0x8e7a9f774a6b1dfa203644a63a687703d3c2b6e3,WBNB,testnet,200,10000,0xbb4cdb9cbd36b01bd1cbaebf2de08d9173bc095c,0xcf64feb411538b16cf584010e37a97eac546d3ac,18,18,PancakeSwapV3
PancakeSwapV3,0x9751fc7820a2a4ed8492c89098cfded7f6084ea2,USDT,EICOIN,1,100,0x55d398326f99059ff775485246999027b3197955,0xe0f1466eedfa7dd1aea2e8448526f58a4c487ee0,18,18,PancakeSwapV3
PancakeSwapV3,0xbf967038092dd7af17c6f1f4b8da8949b7943741,FI,WBNB,200,10000,0x1294f4183763743c7c9519bec51773fb3acd78fd,0xbb4cdb9cbd36b01bd1cbaebf2de08d9173bc095c,18,18,PancakeSwapV3
PancakeSwapV3,0x8098203478790fec682e299bb6db5101ecde1d12,ETH,HCC,50,2500,0x2170ed0880ac9a755fd29b2688956bd959f933f8,0xe6433c57a5265129ec3f8af839c5ffadf1b107ab,18,18,PancakeSwapV3
PancakeSwapV3,0xac0b91656420e9b38c876ddbd478245b771a6cb1,WBNB,Pi,200,10000,0xbb4cdb9cbd36b01bd1cbaebf2de08d9173bc095c,0xdaa52a3a1b1c76d52d80b8933202c83da9b786e4,18,18,PancakeSwapV3
PancakeSwapV3,0xd33506885a11a3aafba6e2338613e3748ee5587d,USDT,HHW,200,10000,0x55d398326f99059ff775485246999027b3197955,0x5af7e16aaf80ff4122f6964b09be5f4b5507b415,18,18,PancakeSwapV3
PancakeSwapV3,0xadd0cc44c25e2fa7e11d6d6e982d7be76a7c9171,GLDM,WBNB,1,100,0x5996d2dced47cd72598b7b8ccfa0ef9f19d8bb5f,0xbb4cdb9cbd36b01bd1cbaebf2de08d9173bc095c,18,18,PancakeSwapV3
PancakeSwapV3,0xe5c990fb60efa071ca09ad8173f23044a4f6dcff,USDT,WRUB,200,10000,0x55d398326f99059ff775485246999027b3197955,0x72f74fb5382a7a49b5c6e8437a04d65bf2ff5736,18,18,PancakeSwapV3
PancakeSwapV3,0x840a5c6e1748ef1629aed1ad9e999b7a917ddec6,USDT,LMAI,10,500,0x55d398326f99059ff775485246999027b3197955,0xd189baeab7bc087298c4d8adce91233a8256edeb,18,18,PancakeSwapV3
UniswapV3CL,0x489feafb0988912f62887f459e37524e1a4f17f1,USDT,ELDE,200,10000,0x55d398326f99059ff775485246999027b3197955,0x799a290f9cc4085a0ce5b42b5f2c30193a7a872b,18,18,UniswapV3CL
UniswapV3CL,0xe3597a35fbed45c51d1623c1991dab9ed171cf34,USDT,COA,200,10000,0x55d398326f99059ff775485246999027b3197955,0xa992ffb0c9b753307b9704079c61db4e405deffd,18,18,UniswapV3CL
PancakeSwapV3,0x241a70fda30bd00416f9451a5091a65d4b6bceda,SWEAT,WBNB,50,2500,0x510ad22d8c956dcc20f68932861f54a591001283,0xbb4cdb9cbd36b01bd1cbaebf2de08d9173bc095c,18,18,PancakeSwapV3
PancakeSwapV3,0x75ddd3a842bd8bb17657e55d27f85b7ed7366de2,WBNB,MCCB,50,2500,0xbb4cdb9cbd36b01bd1cbaebf2de08d9173bc095c,0xc98aac353b3ee637ff2e2c28048c9c20bd621111,18,18,PancakeSwapV3
PancakeSwapV3,0xcc8801609a6be104e3f77c25c33dc6efa142ea8b,PEPE,WBNB,200,10000,0x4e8596c7d559d18f187da224b277d9ddbaa3a629,0xbb4cdb9cbd36b01bd1cbaebf2de08d9173bc095c,18,18,PancakeSwapV3
PancakeSwapV3,0x74259ea650e182d9dd0c29059de35dd27914284e,AD,WBNB,1,100,0x854ca8b4cce39677bde296e0a5dc978c33950da1,0xbb4cdb9cbd36b01bd1cbaebf2de08d9173bc095c,18,18,PancakeSwapV3
PancakeSwapV3,0xb4655800b4f2740e39314a2f3b432cdbd073e514,USDT,USDT.us,1,100,0x55d398326f99059ff775485246999027b3197955,0xc54c5b9d245cbbbf1e961143c148b026d6f74815,18,18,PancakeSwapV3
PancakeSwapV3,0x11827b46892e97b0a0955665bfaed2b5e9da02e5,ASF,WBNB,1,100,0x1257ac87964b7b2b126b08bf9d47ee76925de775,0xbb4cdb9cbd36b01bd1cbaebf2de08d9173bc095c,18,18,PancakeSwapV3
PancakeSwapV3,0x891e8c83dbe8ce27d2b2a45a22d40891e64cf8c1,WBNB,FEY,50,2500,0xbb4cdb9cbd36b01bd1cbaebf2de08d9173bc095c,0xfcfdf8396b93db7862441b035b104a7974a7fc50,18,18,PancakeSwapV3
PancakeSwapV3,0x5483cc864b01cac3ceb69a74cdf8aa745ceb6794,token,WBNB,200,10000,0x6f82bf292bb59d1886a28f0d23ddfcae39e72bad,0xbb4cdb9cbd36b01bd1cbaebf2de08d9173bc095c,18,18,PancakeSwapV3
UniswapV3CL,0x65718f687d3d5b86623d4ddc444fa5f3d30cec16,BTCB,?,60,3000,0x7130d2a12b9bcbfae4f2634d864a1ee1ce3ead9c,0x884d57e98015084c0ba4f21f89344341515fc74d,18,18,UniswapV3CL
PancakeSwapV3,0x0148c6b1e176574e08301865f18e32db91aa782a,puppet,WBNB,50,2500,0x2955534ef7cfe7baf0ddb356ac698088c4498e9a,0xbb4cdb9cbd36b01bd1cbaebf2de08d9173bc095c,18,18,PancakeSwapV3
UniswapV3CL,0x515e94dc736b9d8b7d28ecf1cece0aba3d75da97,USDT,SOL,200,10000,0x55d398326f99059ff775485246999027b3197955,0x570a5d26f7765ecb712c0924e4de545b89fd43df,18,18,UniswapV3CL
PancakeSwapV3,0x69dbd4b9cf287752f4fce1991c2c25ebbd66af11,MBIC,WBNB,200,10000,0x7a06f9c3fc1fbba85d6fc373cf0f89bef07d5a66,0xbb4cdb9cbd36b01bd1cbaebf2de08d9173bc095c,18,18,PancakeSwapV3
PancakeSwapV3,0x2500dbbf36c05e655cae71d917769cbbf61cbab8,BCT,USDT,1,100,0x154388ae0aec0de7a8cf9a082966df48040e1ba3,0x55d398326f99059ff775485246999027b3197955,18,18,PancakeSwapV3
PancakeSwapV3,0xa286c2cc64f49726d664316409475a74751dbe99,ZAMA,WBNB,200,10000,0x6907a5986c4950bdaf2f81828ec0737ce787519f,0xbb4cdb9cbd36b01bd1cbaebf2de08d9173bc095c,18,18,PancakeSwapV3
UniswapV3CL,0x057759b866c2a1a7c615e8546aa1177a1c0c7140,USDT,ENSO,200,10000,0x55d398326f99059ff775485246999027b3197955,0xfeb339236d25d3e415f280189bc7c2fbab6ae9ef,18,18,UniswapV3CL
PancakeSwapV3,0xdd1042a0404357e544f700c50313c6336a1c9444,USDT,COFFEE,1,100,0x55d398326f99059ff775485246999027b3197955,0xac3044ecdd34b06a7e391a6ec5bd1e60b7bf4b0c,18,18,PancakeSwapV3
PancakeSwapV3,0x9042d880e0b3986334017f975e7e29eec8e4b5f8,AITECH,USDT,1,100,0x2d060ef4d6bf7f9e5edde373ab735513c0e4f944,0x55d398326f99059ff775485246999027b3197955,18,18,PancakeSwapV3
PancakeSwapV3,0x192f7289cfb0e4e62cb0030c18d61f9b5de5302c,WBNB,SALAH,1,100,0xbb4cdb9cbd36b01bd1cbaebf2de08d9173bc095c,0xbe655f7b58d5482e09aa426e54a4d20c6f80a122,18,18,PancakeSwapV3
PancakeSwapV3,0xdc7d753a7ec726af2dc66da9a29f312d087fd300,ATH,WBNB,1,100,0x3c3a250ae2edcfaa71e403660f33c3f1040519ca,0xbb4cdb9cbd36b01bd1cbaebf2de08d9173bc095c,8,18,PancakeSwapV3
PancakeSwapV3,0xdc5d56bbd998aaf4dd321f6ae468faf6b491d8e8,ORC,WBNB,1,100,0x9d46770d0490871bde1d245ca072d7329a8adaed,0xbb4cdb9cbd36b01bd1cbaebf2de08d9173bc095c,18,18,PancakeSwapV3
PancakeSwapV3,0xc13a2b84643d4ef4557230fe587c463951aa157c,USDT,DSC,50,2500,0x55d398326f99059ff775485246999027b3197955,0xa86a86b8acdc55812bec2971a2fc8a989455858c,18,18,PancakeSwapV3
PancakeSwapV3,0xa55ff4fd5f5e5510e3486bc698b8610b9bd2f058,WBNB,Etheron,200,10000,0xbb4cdb9cbd36b01bd1cbaebf2de08d9173bc095c,0xe841cdb1a7178b5995fce683d2e34c3d49d4f89a,18,18,PancakeSwapV3
PancakeSwapV3,0x9d5c46aaa82fe6166fd20bfbceef22cca04447d4,BOME,WBNB,200,10000,0x7b47280c3b7f95b752c9d1ffccc19ec0c37dabc7,0xbb4cdb9cbd36b01bd1cbaebf2de08d9173bc095c,8,18,PancakeSwapV3
PancakeSwapV3,0x3cd90114102606d9c89ada6666cb17f486751f38,ITHACA,USDT,50,2500,0x49f1d4db3ea1a64390e990c6debeac88eac007ca,0x55d398326f99059ff775485246999027b3197955,18,18,PancakeSwapV3
PancakeSwapV3,0x98c780a0d6abe20a033d7244ca70fcc93ea7df79,BROCCOLI,WBNB,200,10000,0x80d3593dec1804cceea3b36e631a640314c87e41,0xbb4cdb9cbd36b01bd1cbaebf2de08d9173bc095c,18,18,PancakeSwapV3
PancakeSwapV3,0xef43ca90609c7248e05e3e4869f189fd16ddb0e0,USDT,SHARK,200,10000,0x55d398326f99059ff775485246999027b3197955,0x8f2eeab15fc1d33f8c1bc262b9895c1da268f8f8,18,18,PancakeSwapV3
PancakeSwapV3,0x1776c74dc7e19acb2919713a24473e45616262f5,OSMC,USDT,50,2500,0x3295d5585b11d0316d125e870e29a1f2ffa6a9e6,0x55d398326f99059ff775485246999027b3197955,18,18,PancakeSwapV3
PancakeSwapV3,0xd67b56f685c811faef05a7c1647e9164ef1c8c50,BST,WBNB,1,100,0xb69a7f6ae00c9f755bd440fe46f450713f10c883,0xbb4cdb9cbd36b01bd1cbaebf2de08d9173bc095c,18,18,PancakeSwapV3
PancakeSwapV3,0x89540d39d3b4a48d64ffeedd28dc2bb078f5f1ad,WBNB,ABC,200,10000,0xbb4cdb9cbd36b01bd1cbaebf2de08d9173bc095c,0xe819c2ae87f6bb322f1571f41c2fbd2c15fec40b,18,18,PancakeSwapV3
PancakeSwapV3,0xb6bf78211bec35385dc663d37ea41118205c1303,USDT,?,200,10000,0x55d398326f99059ff775485246999027b3197955,0xc51a9250795c0186a6fb4a7d20a90330651e4444,18,18,PancakeSwapV3
PancakeSwapV3,0x812ba1784323beb7fe810d503ccb4b59021600d3,WBNB,0702,1,100,0xbb4cdb9cbd36b01bd1cbaebf2de08d9173bc095c,0xe60e22f312040f4bcd6ddbe6cf39a727abbcfbd3,18,8,PancakeSwapV3
PancakeSwapV3,0xcdfe5db17c92a8baf896d1736b042c644fc62b10,?,WBNB,200,10000,0x82ec31d69b3c289e541b50e30681fd1acad24444,0xbb4cdb9cbd36b01bd1cbaebf2de08d9173bc095c,18,18,PancakeSwapV3
PancakeSwapV3,0x557c4818cd11f38c90616f747500712589634b65,BilgisamLtd,USDT,1,100,0x5500628b21d76ed3f55cd71e6fccb11065c02f49,0x55d398326f99059ff775485246999027b3197955,18,18,PancakeSwapV3
PancakeSwapV3,0x18cade88fa916c0376416a311f5649950fe4e9a5,CA,WBNB,50,2500,0x74da4c5f8c254dd4fb39f9804c0924f52a808318,0xbb4cdb9cbd36b01bd1cbaebf2de08d9173bc095c,18,18,PancakeSwapV3
PancakeSwapV3,0x6a509024796ed5f9fec776422f58a2f5fc104c3e,AIP,WBNB,1,100,0x1c1bec6cf03ca85b11d18746ab9e778e3291a385,0xbb4cdb9cbd36b01bd1cbaebf2de08d9173bc095c,18,18,PancakeSwapV3
PancakeSwapV3,0x1f2b0c3ae3dcbd8fb4621b3249260550e10d2f4c,XTZ,ETH,200,10000,0x16939ef78684453bfdfb47825f8a5f714f12623a,0x2170ed0880ac9a755fd29b2688956bd959f933f8,18,18,PancakeSwapV3
PancakeSwapV3,0xbee63bc241268485ab4767a9b630cd7a46e882a4,test,WBNB,200,10000,0x6aea5e22d23c04b1555132b4c388c22b6876f005,0xbb4cdb9cbd36b01bd1cbaebf2de08d9173bc095c,18,18,PancakeSwapV3
PancakeSwapV3,0xcb5b2f38f90ac3e1eb5c8acd50f3111d1435c5c6,IVY,WBNB,50,2500,0xb00052f9b6df3c88c56451d54799c0848e0e3778,0xbb4cdb9cbd36b01bd1cbaebf2de08d9173bc095c,6,18,PancakeSwapV3
PancakeSwapV3,0x6982fffe9b4450117ccd82a9b821f82b964fcca8,MINT,USDT,200,10000,0x43409d85c1aac3d13afdc382ca3ab2b298dd57ff,0x55d398326f99059ff775485246999027b3197955,18,18,PancakeSwapV3
PancakeSwapV3,0xc36a3838c44d397ab3e9d88e5997a0eb942a2714,PLANCK,USDT,1,100,0x004d50b3fc784b580531d8e8615aa96cf7fbb919,0x55d398326f99059ff775485246999027b3197955,18,18,PancakeSwapV3
PancakeSwapV3,0x94acfc643d58f2aba30de527add01bc7bed34684,BTCB,PIRATE,10,500,0x7130d2a12b9bcbfae4f2634d864a1ee1ce3ead9c,0xafcc12e4040615e7afe9fb4330eb3d9120acac05,18,8,PancakeSwapV3
UniswapV3CL,0x8cde4220fa404d50f2c194226b65c4ecbc3558cf,RAINBOW,WBNB,200,10000,0x3f28169b8ff234c31aec7cc45b19d6308ec41b80,0xbb4cdb9cbd36b01bd1cbaebf2de08d9173bc095c,18,18,UniswapV3CL
PancakeSwapV3,0x7f1edc998359ef9b0a2e53dc11d132a7e1a6663a,TSTD,WBNB,200,10000,0x9b1fbea44c51296ff67eff4b588bd37950655115,0xbb4cdb9cbd36b01bd1cbaebf2de08d9173bc095c,18,18,PancakeSwapV3
PancakeSwapV3,0x831f347c3a35a6941d235d38b9dbeb337f93ad34,ALE,WBNB,1,100,0x9dce13e71b11eb5df66ca269bd657696587fd4e2,0xbb4cdb9cbd36b01bd1cbaebf2de08d9173bc095c,18,18,PancakeSwapV3
PancakeSwapV3,0xe1396d07bf31d4bf81788664972b080bb94140d7,BNC,WBNB,10,500,0xaa6792c5df02f2a9cf0865638928deb422a91bce,0xbb4cdb9cbd36b01bd1cbaebf2de08d9173bc095c,18,18,PancakeSwapV3
PancakeSwapV3,0x9087bbc31db380f3a2f5f82b7c8852ed6ff62f84,KITTEN,WBNB,200,10000,0x4d2776307c56b44431744221c09c59cc4c371779,0xbb4cdb9cbd36b01bd1cbaebf2de08d9173bc095c,18,18,PancakeSwapV3
UniswapV3CL,0xc97c1eb70d9015a685a311d38542ca148a7bf467,USDT,5USDT,10,500,0x55d398326f99059ff775485246999027b3197955,0xf8eac0b75b976eb34c75b9ffb94282af1213094d,18,8,UniswapV3CL
PancakeSwapV3,0x4707b8c9c36c159cb9477ae1e40f36ab7adbd2d9,SWAG,WBNB,200,10000,0x6e4f03e350b955072d9604b78e75f54823634990,0xbb4cdb9cbd36b01bd1cbaebf2de08d9173bc095c,18,18,PancakeSwapV3
UniswapV3CL,0x009257d4b58c3a183368b62bd2be54502b930baf,USDT,SPACE,10,500,0x55d398326f99059ff775485246999027b3197955,0x87acfa3fd7a6e0d48677d070644d76905c2bdc00,18,18,UniswapV3CL
PancakeSwapV3,0x51bda12a6ccb395fba89118785043262e09999f3,KAKA,WBNB,200,10000,0xb3c9661c8310c29095f39137156b03863c070622,0xbb4cdb9cbd36b01bd1cbaebf2de08d9173bc095c,18,18,PancakeSwapV3
PancakeSwapV3,0x29b305d97d3628f29145fcddc4853ba9fbd12638,CAKEDOG,WBNB,200,10000,0x96a3b63701dbc6d40a1c4153734778443b0175ad,0xbb4cdb9cbd36b01bd1cbaebf2de08d9173bc095c,18,18,PancakeSwapV3
PancakeSwapV3,0x5b477e8cf48b9b42e5ccdaa71fd2907b56d28fda,NVXT,WBNB,50,2500,0x0be46850fdd0fd61ddc60f30842bdc6eadef6f72,0xbb4cdb9cbd36b01bd1cbaebf2de08d9173bc095c,18,18,PancakeSwapV3
UniswapV3CL,0x63687c2912f95a4397aca10ee181fbaca035cc96,WBNB,realmadrid,200,10000,0xbb4cdb9cbd36b01bd1cbaebf2de08d9173bc095c,0xbdd1518908ba35ab59541b77076af5c111ed2ed5,18,18,UniswapV3CL
PancakeSwapV3,0x33e2421b7ca9a6bac89c073eeabbf4c6a07d3e60,MUMU,WBNB,200,10000,0x5b4f9204add86d6331da1bc2e8809fc345d77730,0xbb4cdb9cbd36b01bd1cbaebf2de08d9173bc095c,18,18,PancakeSwapV3
PancakeSwapV3,0x2c533e2c2b4fd1172b5a0a0178805be1526a15a7,USDT,LISTA,50,2500,0x55d398326f99059ff775485246999027b3197955,0xfceb31a79f71ac9cbdcf853519c1b12d379edc46,18,18,PancakeSwapV3
PancakeSwapV3,0xc2820378334305bbc6da9e8f362ff3db70face9c,TSD,WBNB,200,10000,0x01146f8e7af8c6dd702dff60fae876f538c5b183,0xbb4cdb9cbd36b01bd1cbaebf2de08d9173bc095c,18,18,PancakeSwapV3
PancakeSwapV3,0xa0e8a1f61462e46009f148ff87c8e22e91b30fd1,NIG,WBNB,200,10000,0x910256a1da32f2649e5a1b1095c435d05b36587c,0xbb4cdb9cbd36b01bd1cbaebf2de08d9173bc095c,18,18,PancakeSwapV3
PancakeSwapV3,0xc6faf89f23cbe4bd39e9d16e2685d74545ba7659,USDT,LINK,50,2500,0x55d398326f99059ff775485246999027b3197955,0xf8a0bf9cf54bb92f17374d9e9a321e6a111a51bd,18,18,PancakeSwapV3
PancakeSwapV3,0x52bb7e928ee229d46a8ba1e08141db6d84558124,TDC,WBNB,1,100,0x6ce7e2030874d6e8d942bbe6ad2c2d04a5899959,0xbb4cdb9cbd36b01bd1cbaebf2de08d9173bc095c,18,18,PancakeSwapV3
PancakeSwapV3,0xd5b0dccde5cc99f12cb2d3139c0c1f8889dbbf64,LUSD,USDT,1,100,0x1a594a74e4c766d411d111b25b3d2b1928ca0866,0x55d398326f99059ff775485246999027b3197955,18,18,PancakeSwapV3
PancakeSwapV3,0x10ca4434c9069ce6514219cc48bb3f5a05624feb,WBNB,DHK,1,100,0xbb4cdb9cbd36b01bd1cbaebf2de08d9173bc095c,0xd1e0665fdcfd11939c34b979e9e15d548bc75d47,18,18,PancakeSwapV3
PancakeSwapV3,0xee8279e154d7eb200108c6d83df7265832b18cd9,ABOO,USDT,200,10000,0x4b175dfb329eaad7e207737ee8342ac10b8438f4,0x55d398326f99059ff775485246999027b3197955,18,18,PancakeSwapV3
PancakeSwapV3,0x661e1f8d54bfc1211c79684f9164a340548e49d0,CHAPO,WBNB,1,100,0x760627563b9e48f51ca248e95f87c98112ae55d6,0xbb4cdb9cbd36b01bd1cbaebf2de08d9173bc095c,18,18,PancakeSwapV3
PancakeSwapV3,0xc35885d9c9e36ca12db0672b22d243b82e00e55d,SMT,WBNB,1,100,0x469b106169e004659235dbf953bc4c7f19ed5b48,0xbb4cdb9cbd36b01bd1cbaebf2de08d9173bc095c,18,18,PancakeSwapV3
PancakeSwapV3,0xf461a80a922e55eec6c5a47bae2a231206575b71,BOX,WBNB,200,10000,0x6386adc4bc9c21984e34fd916bb349dd861742af,0xbb4cdb9cbd36b01bd1cbaebf2de08d9173bc095c,18,18,PancakeSwapV3
PancakeSwapV3,0x464f658c0295a363f862f8a923e04abf4b10da6d,MGD,WBNB,1,100,0x5429f1ee40b1e30360dea033637425d51fc1d20d,0xbb4cdb9cbd36b01bd1cbaebf2de08d9173bc095c,18,18,PancakeSwapV3
PancakeSwapV3,0xc1feb3e2e411f82bc5892328c17b36b45a1a64c1,AMC,USDT,200,10000,0x299142a6370e1912156e53fbd4f25d7ba49ddcc5,0x55d398326f99059ff775485246999027b3197955,18,18,PancakeSwapV3
PancakeSwapV3,0x8f971706d752d8c56cb4d2ab181ac22aa17a818f,BSOL,WBNB,50,2500,0x3e86c5b83c38e053e07fe533306032f40e0022db,0xbb4cdb9cbd36b01bd1cbaebf2de08d9173bc095c,18,18,PancakeSwapV3
PancakeSwapV3,0x77aca8e74cc96bb1ade3f8d54cf186e9b7479f79,YZiLabs,WBNB,200,10000,0x29e7c033280777caac2e63baa388031d730b9928,0xbb4cdb9cbd36b01bd1cbaebf2de08d9173bc095c,18,18,PancakeSwapV3
PancakeSwapV3,0xf89068b387771c706f5451c25204f9f2d42e371d,USDT,NUM,200,10000,0x55d398326f99059ff775485246999027b3197955,0xeceb87cf00dcbf2d4e2880223743ff087a995ad9,18,18,PancakeSwapV3
UniswapV3CL,0xc8e141df7bc06ddb1040295aca64530c27ae8ade,WBNB,diditprotocol,200,10000,0xbb4cdb9cbd36b01bd1cbaebf2de08d9173bc095c,0xfe01e7a86435deb989cbbab723392b8292ef9361,18,18,UniswapV3CL
PancakeSwapV3,0xc3a1c387a1b2feccae8485e0de111e664569b981,BELL,WBNB,1,100,0x372739028b2f7bfd0e1a3ce5bb8998708fb7463c,0xbb4cdb9cbd36b01bd1cbaebf2de08d9173bc095c,18,18,PancakeSwapV3
PancakeSwapV3,0xc000bbb2b7a40710daf1d4bc5bbd4c8719e786d4,USDT,FRT,1,100,0x55d398326f99059ff775485246999027b3197955,0xcbf177959c21b3e597c20f07c361eca689ce4da1,18,18,PancakeSwapV3
UniswapV3CL,0xf78fce617908339944c5ebea87ab9470bd18dd3a,WBNB,?,60,3000,0xbb4cdb9cbd36b01bd1cbaebf2de08d9173bc095c,0xdd933f3b13df99647daf813bcc65e1c2cc3b4444,18,18,UniswapV3CL
PancakeSwapV3,0x878d130df907241a9289825cc1474b7c5d5db7b4,BTCB,WRC,1,100,0x7130d2a12b9bcbfae4f2634d864a1ee1ce3ead9c,0xb1a85d9dc49498727b6905443c8ecf82b413849f,18,18,PancakeSwapV3
UniswapV3CL,0x5c6c74cbc5bab5854d7ca05431f53a123999f232,WLFI,USDC,10,500,0x47474747477b199288bf72a1d702f7fe0fb1deea,0x8ac76a51cc950d9822d68b83fe1ad97b32cd580d,18,18,UniswapV3CL
PancakeSwapV3,0x5fa7a0bc23efa9ba9be91927ff70d5d265204df0,GOOSE,WBNB,1,100,0x1224549cc713dee45f79bdda0d0d915249113bff,0xbb4cdb9cbd36b01bd1cbaebf2de08d9173bc095c,18,18,PancakeSwapV3
PancakeSwapV3,0x929835f5f00dd70f3889303b9d6f45e4b4dd070e,SAIYAN,WBNB,200,10000,0x96282643e9a5900b4e9e9e55f84829014a803102,0xbb4cdb9cbd36b01bd1cbaebf2de08d9173bc095c,18,18,PancakeSwapV3
UniswapV3CL,0x877c9c4f891b5f19dca325b4f4201ce51d97deb4,USDT,XLAB,200,10000,0x55d398326f99059ff775485246999027b3197955,0x5ba9bfffb868859064c33d4f995a0828b2b1d2d3,18,6,UniswapV3CL
PancakeSwapV3,0x845c5c2835359af01c931290636c2fcbc5f52977,CYBRO,WBNB,1,100,0xa9972b1fac35fdd8cbdbaa315a002b2ad91d2ad6,0xbb4cdb9cbd36b01bd1cbaebf2de08d9173bc095c,18,18,PancakeSwapV3
PancakeSwapV3,0xbb5a9a06f6b8242b2bc740a9419c25246eee4498,X,WBNB,200,10000,0x4b0e00e81b37bf804009e2163f7901b82f9ab63f,0xbb4cdb9cbd36b01bd1cbaebf2de08d9173bc095c,18,18,PancakeSwapV3
PancakeSwapV3,0x04c4e5314811fa2d801810fc063e1ca0457517c6,USDT,GOOSE,200,10000,0x55d398326f99059ff775485246999027b3197955,0x8f2f5af6da618023af152d3245288202ab9c7d14,18,18,PancakeSwapV3
PancakeSwapV3,0xd741e051815f4cd350ffd1f4bba800f1df62b828,NODE,WBNB,50,2500,0x2f714d7b9a035d4ce24af8d9b6091c07e37f43fb,0xbb4cdb9cbd36b01bd1cbaebf2de08d9173bc095c,18,18,PancakeSwapV3
PancakeSwapV3,0x9ffbce40af3582b834388ed8981c030362ecbd18,CATS,WBNB,200,10000,0x30db304dbeae0fa9129a3f8969d2da1cfb3c11c9,0xbb4cdb9cbd36b01bd1cbaebf2de08d9173bc095c,18,18,PancakeSwapV3
PancakeSwapV3,0x24d66a6b4ead2f95677c1ffb4ce44e5680e3cffc,ASTER,USDC,50,2500,0x000ae314e2a2172a039b26378814c252734f556a,0x8ac76a51cc950d9822d68b83fe1ad97b32cd580d,18,18,PancakeSwapV3
PancakeSwapV3,0x59616dfbcb4df208eec9ab3ae9a75667fdebf867,UNLEASH,WBNB,200,10000,0x86472463c4804b0176469faae9abcb28c21e3539,0xbb4cdb9cbd36b01bd1cbaebf2de08d9173bc095c,18,18,PancakeSwapV3
PancakeSwapV3,0x247259b410c98ae51ecbddea75b39abde5b70cfe,BJAM,WBNB,200,10000,0x0b18b56c9c1c2c243c99474392e979f7aaf58b67,0xbb4cdb9cbd36b01bd1cbaebf2de08d9173bc095c,18,18,PancakeSwapV3
PancakeSwapV3,0x9a2458f642b056e657896c6007d19681bc546511,ttt,WBNB,200,10000,0x5a65f64b91160f32490326d1f2c9ed9ce8414897,0xbb4cdb9cbd36b01bd1cbaebf2de08d9173bc095c,18,18,PancakeSwapV3
PancakeSwapV3,0x9b6e7198208e8649efbfa2b3cfed63bb2c4da990,9ce,WBNB,200,10000,0x8191eeaaadb7951e0212842853e2734de8bcbca6,0xbb4cdb9cbd36b01bd1cbaebf2de08d9173bc095c,18,18,PancakeSwapV3
PancakeSwapV3,0x5098064b5ba4a25aa9666554d223d2125800a522,X,WBNB,200,10000,0x3d0d96d4f79ccdbf7287a13953961befcf4894f2,0xbb4cdb9cbd36b01bd1cbaebf2de08d9173bc095c,18,18,PancakeSwapV3
PancakeSwapV3,0x1dd7b253972ecc6801a74da92654fab94774b0e9,WBNB,VAU,1,100,0xbb4cdb9cbd36b01bd1cbaebf2de08d9173bc095c,0xf4bc52cefa82f961c86317474986172c596412aa,18,18,PancakeSwapV3
UniswapV3CL,0x0be8b8bb0e318f5f6081015118855ef623cbc797,MR. T,USDT,60,3000,0x4169f70a899f828d54fbc9b193265d84af486a15,0x55d398326f99059ff775485246999027b3197955,18,18,UniswapV3CL
PancakeSwapV3,0x3f88e2418878362f0c6336d677c313a52ca73087,BNT,WBNB,50,2500,0x8220d9d239454dbba610c9171f210d1227e98fb7,0xbb4cdb9cbd36b01bd1cbaebf2de08d9173bc095c,18,18,PancakeSwapV3
PancakeSwapV3,0xad1ea1543aa3b6fe8db4e621d31bd8cd09777fe6,Sight,USDT,200,10000,0x107c9c954b19f69dec6ddeffff9a5745a05e86a3,0x55d398326f99059ff775485246999027b3197955,18,18,PancakeSwapV3
UniswapV3CL,0x9f4eb2b8469034ab8c4076efdb46aa8ddf6d6152,WBNB,soluparatodosok,200,10000,0xbb4cdb9cbd36b01bd1cbaebf2de08d9173bc095c,0xe4cda64fd767b0ff7f3e55becb4bf460580c93b3,18,18,UniswapV3CL
PancakeSwapV3,0x6ba666f8da1c59e2fec41c896333dd07dc14a506,MAVIA,WBNB,50,2500,0x24fcfc492c1393274b6bcd568ac9e225bec93584,0xbb4cdb9cbd36b01bd1cbaebf2de08d9173bc095c,18,18,PancakeSwapV3
UniswapV3CL,0xe026b97208851440f985a6ad3769918aa8db9599,WBNB,realdonaldtrump,200,10000,0xbb4cdb9cbd36b01bd1cbaebf2de08d9173bc095c,0xe86b14ff2a01046913a6ffe6d2539f976f9362d8,18,18,UniswapV3CL
UniswapV3CL,0xd8f4ae3c1bc2ef35cf80b09354ac71be249d7c88,Broccoli,WBNB,200,10000,0x31a6088030cd12a931cec8f24626d9498e584e77,0xbb4cdb9cbd36b01bd1cbaebf2de08d9173bc095c,18,18,UniswapV3CL
PancakeSwapV3,0x7c738e629eff10ae08a485e97c2315c382b315f4,PMD,USDT,1,100,0x3556c6f3e6f555cb9e58ab0cdf3046245c378888,0x55d398326f99059ff775485246999027b3197955,18,18,PancakeSwapV3
UniswapV3CL,0x3e4979289ce2c5612414df715e1f0dee315c5e03,AIOT,USDT,200,10000,0x55ad16bd573b3365f43a9daeb0cc66a73821b4a5,0x55d398326f99059ff775485246999027b3197955,18,18,UniswapV3CL
UniswapV3CL,0x096671ac04fb54da0cf8ce6dc12a8c26655771a8,ATOM,USDT,60,3000,0x0eb3a705fc54725037cc9e008bdede697f62f335,0x55d398326f99059ff775485246999027b3197955,18,18,UniswapV3CL
PancakeSwapV3,0xd52ed638dde3622c7d85e8cc4e135a4b9297a5ad,GCR,WBNB,1,100,0x63436d8a6ae90943cf09eb589cc815f645c14bb4,0xbb4cdb9cbd36b01bd1cbaebf2de08d9173bc095c,18,18,PancakeSwapV3
UniswapV3CL,0x2e91790d503045e5ad29a9a67675f4e5abb67909,?,WBNB,60,3000,0x00fdb2da267c03687b48e4e09bb80eb1e88fda29,0xbb4cdb9cbd36b01bd1cbaebf2de08d9173bc095c,18,18,UniswapV3CL
PancakeSwapV3,0xba0aa85c33f3badaf7947ce93c612677127bb8d6,ETH,DOT,200,10000,0x2170ed0880ac9a755fd29b2688956bd959f933f8,0x7083609fce4d1d8dc0c979aab8c869ea2c873402,18,18,PancakeSwapV3
PancakeSwapV3,0xf4f3d8822ebb23b685c3e878f1f94d5f3de9005f,USDT,USDT,1,100,0x06ef59aedc16b2b003b39a6358aa2ca9753093e8,0x55d398326f99059ff775485246999027b3197955,18,18,PancakeSwapV3
UniswapV3CL,0x224ad55c5a8cd3d96a22fe8df9dcd08edfe0b2c4,WBNB,maese_corneta,200,10000,0xbb4cdb9cbd36b01bd1cbaebf2de08d9173bc095c,0xff5eaf4ec9f09711b52911990e007476d180f48b,18,18,UniswapV3CL
PancakeSwapV3,0xe626429a7d92c8e5dc6abec97e9ca5f92657631d,USDT,GBC,200,10000,0x55d398326f99059ff775485246999027b3197955,0xa4e15fad680c0b747bdf7727f121de426fd23d65,18,18,PancakeSwapV3
UniswapV3CL,0xd962e3d1aaa6887e592d1a91d0964a505cf2ee21,USDT,SSS,200,10000,0x55d398326f99059ff775485246999027b3197955,0xcc442a4c0b9c35578aa285f0d39f2bcc0e152acd,18,18,UniswapV3CL
PancakeSwapV3,0xda992cd0308e28ab7b4751e3624230abdc3644fd,WBNB,MARSHALL,200,10000,0xbb4cdb9cbd36b01bd1cbaebf2de08d9173bc095c,0xd5452aa0116325ff973bcba1100e92194764ef1c,18,18,PancakeSwapV3
UniswapV3CL,0x34eba4cef812b2494b8f28f955ff488931482cca,USDT,SAX,200,10000,0x55d398326f99059ff775485246999027b3197955,0xdadbbe54bced2fab7c0e2723494acbb7e426e69f,18,18,UniswapV3CL
PancakeSwapV3,0xdbbdddddc53c22b684b89933427915197a813001,TPCC,USDC,1,100,0x25e8e6d938c2543cf91277bf82d56be223d7c0c2,0x8ac76a51cc950d9822d68b83fe1ad97b32cd580d,18,18,PancakeSwapV3
PancakeSwapV3,0x4b81936591f94ff7703e605f5c6737aedeed4e12,debridge,WBNB,200,10000,0x7c9af7eecbc82d3281522e5e748ad56acb0cef96,0xbb4cdb9cbd36b01bd1cbaebf2de08d9173bc095c,18,18,PancakeSwapV3
PancakeSwapV3,0x097cecc56da7ec78c9d27504417a209366331e1a,USDT,1LIKE,50,2500,0x55d398326f99059ff775485246999027b3197955,0x794fa3e5275f5e29f0079de54fd7e110dff5e454,18,18,PancakeSwapV3
PancakeSwapV3,0xf4e39b22ad281009ddb7c0b5b124ce23db718e49,USDT,?,1,100,0x55d398326f99059ff775485246999027b3197955,0x646c95f93ee84760ac6d235035c0646a515b4444,18,18,PancakeSwapV3
PancakeSwapV3,0x08f8f4dff1e9a011cb4664def5f5ed9c6142d2c5,MEVT,WBNB,10,500,0x6264c32df6986fe05e36e804e6663f188291efe1,0xbb4cdb9cbd36b01bd1cbaebf2de08d9173bc095c,18,18,PancakeSwapV3
PancakeSwapV3,0x65d4588873c7cbc862a8778d9bbf9d40ffd7d973,RWT,WBNB,200,10000,0x133091c7522393863833efbb52d22a56625a2ebc,0xbb4cdb9cbd36b01bd1cbaebf2de08d9173bc095c,18,18,PancakeSwapV3
PancakeSwapV3,0xeda1fdddd1b11f4db0bf2e4198df7e5acb47ae28,OS,USDT,1,100,0x2af5f4aabd0767b6580457476fb4195846e3bec7,0x55d398326f99059ff775485246999027b3197955,18,18,PancakeSwapV3
PancakeSwapV3,0x3a781c000f323448e7d03903bbe9143946ad70de,BGA,WBNB,200,10000,0x8ef1f73094620840c5e09e17b1401835d628fb8e,0xbb4cdb9cbd36b01bd1cbaebf2de08d9173bc095c,18,18,PancakeSwapV3
PancakeSwapV3,0x2652ccc6cc5fec40cd96345e0cda51ab559c7c6d,AOBING,WBNB,200,10000,0x2aa8b890bcb8475b23d55e2e3a605ff47b106aaa,0xbb4cdb9cbd36b01bd1cbaebf2de08d9173bc095c,18,18,PancakeSwapV3
PancakeSwapV3,0xa69e1ebe0d8145ae5e10e05be9d2f3409df639fa,PEOPLE,USDT,200,10000,0x2c44b726adf1963ca47af88b284c06f30380fc78,0x55d398326f99059ff775485246999027b3197955,18,18,PancakeSwapV3
PancakeSwapV3,0xab022861a0c9e2306b96c957daa12c67d697d161,JUSTCUZ,WBNB,200,10000,0xb6aff51b8c88ce81e139e066ce93479e0202b375,0xbb4cdb9cbd36b01bd1cbaebf2de08d9173bc095c,18,18,PancakeSwapV3
PancakeSwapV3,0xfdc51dc3cea82ba774b31f173e81efbb79f604ea,NDMT,WBNB,1,100,0xb64e9e033dd706a057f21fdda318067edca4b636,0xbb4cdb9cbd36b01bd1cbaebf2de08d9173bc095c,18,18,PancakeSwapV3
UniswapV3CL,0x90a646b06e95943a1f23b108556b8ead8c744ccc,USDT,WISE,200,10000,0x55d398326f99059ff775485246999027b3197955,0xd6bf2014b677d4b32ed76b7bde079c409bd2c6b1,18,18,UniswapV3CL
PancakeSwapV3,0x4783c7d37a25ef6c01d649919404e676cc393bff,AIB,WBNB,200,10000,0x81ae82e1c2c00693bcea7c8a37f8130c3765c6b1,0xbb4cdb9cbd36b01bd1cbaebf2de08d9173bc095c,18,18,PancakeSwapV3
PancakeSwapV3,0x0925aa408d7ca210a914aa002ec667a673b4aab9,WBNB,KONN,50,2500,0xbb4cdb9cbd36b01bd1cbaebf2de08d9173bc095c,0xcbe85589ac839b497c8daecbff79d1a552e27ff2,18,18,PancakeSwapV3
PancakeSwapV3,0x3fe794555dc96320456add6c0685de677b7cc92b,MANA,WBNB,50,2500,0x26433c8127d9b4e9b71eaa15111df99ea2eeb2f8,0xbb4cdb9cbd36b01bd1cbaebf2de08d9173bc095c,18,18,PancakeSwapV3
PancakeSwapV3,0x27e1dd27879fe868371d35a0d4823c463d814b36,ZZZ,WBNB,200,10000,0x81a26c54c50524f57ceca0ab2f56001c62a99853,0xbb4cdb9cbd36b01bd1cbaebf2de08d9173bc095c,18,18,PancakeSwapV3
PancakeSwapV3,0x9033e1263b5d08d8c8fb13e366ad2016acebebb0,TDEF880,WBNB,200,10000,0x88db1aac51f022ddb4cbd9a6b25ff171f2943834,0xbb4cdb9cbd36b01bd1cbaebf2de08d9173bc095c,18,18,PancakeSwapV3
PancakeSwapV3,0xf4262c4dbf524f53851a5176bdc7d6c1e0fa82d8,USDT,AIN,1,100,0x55d398326f99059ff775485246999027b3197955,0x9558a9254890b2a8b057a789f413631b9084f4a3,18,18,PancakeSwapV3
PancakeSwapV3,0x72b7d76984cbaeaf7f2b7b9256f8c3af3c56f0f7,WBNB,ONC,200,10000,0xbb4cdb9cbd36b01bd1cbaebf2de08d9173bc095c,0xd82109718fff521387bfed5424ead7e8a1cb9780,18,18,PancakeSwapV3
PancakeSwapV3,0x20e206cd5b3f1739830519e3ef53e8acc7a81d9a,scam,WBNB,50,2500,0x9d4da23d7acc6285c8614783bfd38c0b0af5f4c1,0xbb4cdb9cbd36b01bd1cbaebf2de08d9173bc095c,18,18,PancakeSwapV3
UniswapV3CL,0xf9f53fb63efc1bde710b6728f703c27902536e53,WBNB,openai,200,10000,0xbb4cdb9cbd36b01bd1cbaebf2de08d9173bc095c,0xfd394943824d34cfe937c991bcc7afa579118109,18,18,UniswapV3CL
UniswapV3CL,0xab167cf7ee5726ea1d2b53fc16282d8155c33197,WBNB,blknoiz06,200,10000,0xbb4cdb9cbd36b01bd1cbaebf2de08d9173bc095c,0xea3aa1479ca0bba2b3dd12e772c244d3e2d22866,18,18,UniswapV3CL
UniswapV3CL,0xd80767d6d9af1ea1fb24f2a01d6ee246467b8916,WBNB,bullrun_gravano,200,10000,0xbb4cdb9cbd36b01bd1cbaebf2de08d9173bc095c,0xe65ea8da246f7c04bae037a7647064af24525695,18,18,UniswapV3CL
PancakeSwapV3,0xd93208155ba37ea280efceb792954d300c79e630,EUR,USDT,1,100,0x0428d4bd1c02802fdba179a8805ba3c36daba46c,0x55d398326f99059ff775485246999027b3197955,18,18,PancakeSwapV3
UniswapV3CL,0x32aeb548f111171838921906f9ceb729e85ef81a,WBNB,healthy_pockets,200,10000,0xbb4cdb9cbd36b01bd1cbaebf2de08d9173bc095c,0xe5d8ed61c7c67a43d574118f00bba00c16859acf,18,18,UniswapV3CL
UniswapV3CL,0x16277340f82ef950e27c2be539893a548bf03ff6,WBNB,gainzy222,200,10000,0xbb4cdb9cbd36b01bd1cbaebf2de08d9173bc095c,0xe81c448110f61365331866ca1c79f085f5cf7b63,18,18,UniswapV3CL
PancakeSwapV3,0xaa251535d7cc793e131ce7e0dbf4f8ca5edf1ad0,USDT,OPUL,50,2500,0x55d398326f99059ff775485246999027b3197955,0x686318000d982bc8dcc1cdcf8ffd22322f0960ed,18,18,PancakeSwapV3
PancakeSwapV3,0x2ea5c4494f524be65d328edb68bdcb414c5f90d7,WBNB,BINANTS,50,2500,0xbb4cdb9cbd36b01bd1cbaebf2de08d9173bc095c,0xe00e6919895929090c2d5342ae8375c169cf8888,18,18,PancakeSwapV3
UniswapV3CL,0x60a4786faafa7bee47c08396e3299a43ad215500,OGRK,USDT,200,10000,0x3ba3658dc83c03fa03e65db0a33cacc27f0616ac,0x55d398326f99059ff775485246999027b3197955,18,18,UniswapV3CL
PancakeSwapV3,0x95e4246083e9e3787dc873c95df1729d526ca132,USDC,RUSX,1,100,0x8ac76a51cc950d9822d68b83fe1ad97b32cd580d,0xac72de4cb88a464b53562e34f2f41698107a7e48,18,18,PancakeSwapV3
PancakeSwapV3,0xfc185e4bc9d0e12b7835f0e31b7d032c6579f894,ASTER,WBNB,10,500,0x000ae314e2a2172a039b26378814c252734f556a,0xbb4cdb9cbd36b01bd1cbaebf2de08d9173bc095c,18,18,PancakeSwapV3
PancakeSwapV3,0x53e6a178dc1790783620c8eb4b9d75969eb1675f,DGC,WBNB,1,100,0x300b2fa3147ef549fc511a8c8ca3892ac6c2abc3,0xbb4cdb9cbd36b01bd1cbaebf2de08d9173bc095c,18,18,PancakeSwapV3
PancakeSwapV3,0xb4ca6035e813b0cc7392973cc5e271c2fe180e61,USDT,WBNB,1,100,0x55d398326f99059ff775485246999027b3197955,0x97c891fe7ad5e15b8ccfcedfba48a96ba7a09b76,18,18,PancakeSwapV3
PancakeSwapV3,0x0e681c6e0d00d0888eb19462cafe98adaf8e846b,RICE,WBNB,200,10000,0xb5761f36fdfe2892f1b54bc8ee8babb2a1b698d3,0xbb4cdb9cbd36b01bd1cbaebf2de08d9173bc095c,18,18,PancakeSwapV3
PancakeSwapV3,0xbe8437e459ff8f100910671dafd1930b85e2fa4d,MkGF,WBNB,50,2500,0xb32d44e3dcb3efb365ce9eeb613beb3baa97a0df,0xbb4cdb9cbd36b01bd1cbaebf2de08d9173bc095c,18,18,PancakeSwapV3
PancakeSwapV3,0x773aff12d199134678a2387e41e0a3b7a5781b7e,BBAMBI,WBNB,50,2500,0x69df47196420854e41ec781d17fde444b3d3ec21,0xbb4cdb9cbd36b01bd1cbaebf2de08d9173bc095c,18,18,PancakeSwapV3
PancakeSwapV3,0x855887e96c3c8c497a50164c6a57370c1fa5c080,BBAMBI,WBNB,50,2500,0x6e19252e2b7132b522d9d046e409aaec94443464,0xbb4cdb9cbd36b01bd1cbaebf2de08d9173bc095c,18,18,PancakeSwapV3
PancakeSwapV3,0xb481c6cf8dcf7517f6f9e23049c1ca0b0eb3c447,money,WBNB,50,2500,0xb689ecb62c082a06b6d8a2aeeaa9b035584af08a,0xbb4cdb9cbd36b01bd1cbaebf2de08d9173bc095c,18,18,PancakeSwapV3
PancakeSwapV3,0x8e414d7e64f2c69e0560e17c080c8f461496ce84,UP,WBNB,50,2500,0x40c213e0c4b95d6a858984e18446e764379cd96c,0xbb4cdb9cbd36b01bd1cbaebf2de08d9173bc095c,18,18,PancakeSwapV3
PancakeSwapV3,0xac8c1e661d1007b47140d080d1aaf67f86afd7c8,LLCL,WBNB,50,2500,0x785aaa20c7c9899b7745b8f1992f3870834ad989,0xbb4cdb9cbd36b01bd1cbaebf2de08d9173bc095c,18,18,PancakeSwapV3
PancakeSwapV3,0xb43ca5915a184d852dc75ee0036a00754c31165b,GLR,WBNB,50,2500,0x1560f656d20b97ff0ea9b9e000f3e6ccc9ecc2b4,0xbb4cdb9cbd36b01bd1cbaebf2de08d9173bc095c,18,18,PancakeSwapV3
PancakeSwapV3,0x51315f7162436800086063dd3b19f5823829ce68,MNA,WBNB,50,2500,0xba62f4bf154e724fbe46b47a1cbc061513cfe818,0xbb4cdb9cbd36b01bd1cbaebf2de08d9173bc095c,18,18,PancakeSwapV3
PancakeSwapV3,0x3f9117c4cabbd88fc8f5687cb53c125d5eda4e70,BNBF,WBNB,50,2500,0x63de4f14805df286a1ab1dd33fa8cd14f42e8ed4,0xbb4cdb9cbd36b01bd1cbaebf2de08d9173bc095c,18,18,PancakeSwapV3
PancakeSwapV3,0xf0515d27fa856975746a4214402db842e899fc73,BNBF,WBNB,50,2500,0x825f406d882d8d9ce4c2f5a49277f69c82c39183,0xbb4cdb9cbd36b01bd1cbaebf2de08d9173bc095c,18,18,PancakeSwapV3
PancakeSwapV3,0x5a07214c101e73f548e63374ed78461e94500a92,money,WBNB,50,2500,0x4d1fedec255603dba48ae562ae710f86cb496947,0xbb4cdb9cbd36b01bd1cbaebf2de08d9173bc095c,18,18,PancakeSwapV3
PancakeSwapV3,0x97757fbfbe3d91e262914dfe4009e2288c9b7fe2,Nmza,WBNB,50,2500,0x39540d12b949c8612a78687b9204889f28571d8c,0xbb4cdb9cbd36b01bd1cbaebf2de08d9173bc095c,18,18,PancakeSwapV3
PancakeSwapV3,0xfb0be38e8830cb1057514b5ea0e1c8a34836c2bc,Nmza,WBNB,50,2500,0x0e2b160b4bb3640299b8a8f0cd85386178039408,0xbb4cdb9cbd36b01bd1cbaebf2de08d9173bc095c,18,18,PancakeSwapV3
PancakeSwapV3,0x6b303072b7a52de7cf9b6eb2999ad9a52d3fe13c,Mzz,WBNB,50,2500,0x3bd8b0e539b54a076fec30386c3f3ae62b02098e,0xbb4cdb9cbd36b01bd1cbaebf2de08d9173bc095c,18,18,PancakeSwapV3
PancakeSwapV3,0x534dba75ef1f1c378c5a311d5406b7b2f8541d44,cnc,WBNB,50,2500,0x28bab71c000f77891e988cdfbb59950fd6b9ce99,0xbb4cdb9cbd36b01bd1cbaebf2de08d9173bc095c,18,18,PancakeSwapV3
PancakeSwapV3,0x23b339f62163c5928819a9921909f7d183a82d34,Mozww,WBNB,50,2500,0x06aa86cda25cb922f3a12fc047a7fb69ef9859ab,0xbb4cdb9cbd36b01bd1cbaebf2de08d9173bc095c,18,18,PancakeSwapV3
PancakeSwapV3,0xa1893d2431ce665a94f2e77c7b56313c24a09008,LFGG,WBNB,50,2500,0x03956cb8f854957ed2841c26eb227afab646f048,0xbb4cdb9cbd36b01bd1cbaebf2de08d9173bc095c,18,18,PancakeSwapV3
PancakeSwapV3,0x6cfc5ada75cc401e92ce51461e5e789943688179,Loser Coin,WBNB,200,10000,0x86ad66851a3513997a0b8de09deeea3b82b2537b,0xbb4cdb9cbd36b01bd1cbaebf2de08d9173bc095c,18,18,PancakeSwapV3
UniswapV3CL,0x980350b593de1a18896168890e6405266feb63dd,WBNB,realdragon88,200,10000,0xbb4cdb9cbd36b01bd1cbaebf2de08d9173bc095c,0xbbf92e31d1eec69c4679df53e3d9477ff439c610,18,18,UniswapV3CL
PancakeSwapV3,0x0f93494e70b2b5844a64c1ccc313cfb8dc2ee989,WBNB,Hlf ,1,100,0xbb4cdb9cbd36b01bd1cbaebf2de08d9173bc095c,0xcede9b9fab668215ba9384a8a64ae616a4abc950,18,18,PancakeSwapV3
PancakeSwapV3,0x0201e098e9103126ea79f3204ac87cd1df529e42,THC,WBNB,1,100,0x630dcb83eba54fa5586948d8281e6fd2699520a0,0xbb4cdb9cbd36b01bd1cbaebf2de08d9173bc095c,18,18,PancakeSwapV3
PancakeSwapV3,0x3be7c2c9ff003c28b3feeaa5a005a3d1b75b0e2e,VERN,WBNB,1,100,0x50340d2bbb676f18586274a60afcb5a5a86460f7,0xbb4cdb9cbd36b01bd1cbaebf2de08d9173bc095c,18,18,PancakeSwapV3
PancakeSwapV3,0xca955e7b5793a47d554c0dc13888f5eda4e349df,BBC,WBNB,1,100,0x1a7755638ffe29494329a27d976518cb85dd8280,0xbb4cdb9cbd36b01bd1cbaebf2de08d9173bc095c,18,18,PancakeSwapV3
PancakeSwapV3,0xdd0ff848e84ce90b216cd423241402f9d47ba3c1,FIG,USDT,50,2500,0x2f3e415f56ba07b444bc68ed037377de1a668d6b,0x55d398326f99059ff775485246999027b3197955,18,18,PancakeSwapV3
UniswapV3CL,0x341bb2815e0df42790ee00e90707daecefa8f98a,magic,WBNB,60,3000,0x281126c1a0549809aa6cb6ea29514b81e5a6b673,0xbb4cdb9cbd36b01bd1cbaebf2de08d9173bc095c,18,18,UniswapV3CL
UniswapV3CL,0x7e4ee649f80e2f69499f616e55da70c9d17429fc,WBNB,x,200,10000,0xbb4cdb9cbd36b01bd1cbaebf2de08d9173bc095c,0xfa7a5f549d9815053c054ed2dea53a7ae8c39503,18,18,UniswapV3CL
PancakeSwapV3,0xd5defa9dcc3e1b508e9e9dc7efe604a4883410ef,ETH,INJ,200,10000,0x2170ed0880ac9a755fd29b2688956bd959f933f8,0xa2b726b1145a4773f68593cf171187d8ebe4d495,18,18,PancakeSwapV3
PancakeSwapV3,0x150f3117791f2878471e38d4b0304a59c7ea9661,USDT,WBNB,1,100,0x4200957de9ded0aa77fb268a37b7e7f28ba694e0,0xbb4cdb9cbd36b01bd1cbaebf2de08d9173bc095c,18,18,PancakeSwapV3
PancakeSwapV3,0xf4ecd280b83e37e6ea6a1be85b8ae21d241500fb,ABMT,USDT,10,500,0x035720a5ecb5949d129c4dd8f83525f2b6ace941,0x55d398326f99059ff775485246999027b3197955,18,18,PancakeSwapV3
PancakeSwapV3,0x6e65862e070f976a646d3c08263e25b791004f43,MUSD,USDT,10,500,0x45735c2d1aa3173bd3d8aed6120a34f7237de0ef,0x55d398326f99059ff775485246999027b3197955,18,18,PancakeSwapV3
PancakeSwapV3,0x7729986b2c699138e8071d51a41aded3264e62df,USDT,USDC,1,100,0x55d398326f99059ff775485246999027b3197955,0xa65f0b986879fd1ebbe454279deae9f6b61c59f0,18,18,PancakeSwapV3
UniswapV3CL,0xe840748c9998e44a5f7aac33f3b403d38213cc00,WBNB,robertodearq,200,10000,0xbb4cdb9cbd36b01bd1cbaebf2de08d9173bc095c,0xe85e614e6e7fa004ecebad991db66ddd8b073f6d,18,18,UniswapV3CL
PancakeSwapV3,0xf8d9ee9d005d000a1dd45d7524e65f4ba3c4dcf5,USDT,BEUSDT,1,100,0x55d398326f99059ff775485246999027b3197955,0xc5ecbb2b65c6cf3daf7387ef621eeb0ab1c9c045,18,18,PancakeSwapV3
PancakeSwapV3,0x12911faf97816664fc5d3fef8f967c2e5170b913,USDT,USDT,1,100,0x55d398326f99059ff775485246999027b3197955,0x96f8fc007219a1480353227915d615d568f28f73,18,8,PancakeSwapV3
PancakeSwapV3,0x857fa3f21478a4c514f3a36a03e611f267130f4b,USDT,?,1,100,0x55d398326f99059ff775485246999027b3197955,0x9d12bd6bd7e5a11a0bd80278d69148f0379bf75c,18,18,PancakeSwapV3
PancakeSwapV3,0x2c948c6549b3da639221941522fe1ba9891476e4,Ely,USDT,1,100,0x10cbabc2d2b1e2da52b606bcefc40da462c94efb,0x55d398326f99059ff775485246999027b3197955,18,18,PancakeSwapV3
UniswapV3CL,0xe6df0162a8bf330616d94d8e7cb0154eda1485d4,USDC,SD,1,100,0x8ac76a51cc950d9822d68b83fe1ad97b32cd580d,0x9b8e53b57b458ad844334c56fb889b154578e833,18,18,UniswapV3CL
